{"type": "FeatureCollection", "features": [{"type": "Feature", "properties": {"objectid": 17205, "anp_gid": 188, "acp_codi": "ACP111", "acp_nomb": "Sumac Pacha", "acp_suleg": 30.0, "acp_balec": "R.M. N° 334-2016-MINAM", "acp_felec": 1478062800000, "acp_balem": " ", "acp_felem": null, "acp_fecad": "2026-11-02", "acp_ubpo": "LORETO", "acp_titu": "Rayleigh Cordova Ruiz y Elsa Modesta Pinedo de Cordova", "acp_tipro": "Privado", "acp_tirec": "10", "acp_pareg": " ", "acp_obs": null, "met_link": null, "acp_orden": 111, "acp_id": 20}, "geometry": {"type": "Polygon", "coordinates": [[[-73.47257381999998, -4.089406227999973], [-73.47886954099994, -4.1014082609999605], [-73.48046329999994, -4.1005656929999645], [-73.47416751099996, -4.088562972999966], [-73.47257381999998, -4.089406227999973]]]}}, {"type": "Feature", "properties": {"objectid": 17226, "anp_gid": 173, "acp_codi": "ACP107", "acp_nomb": "Tambopata Eco Lodge", "acp_suleg": 22.583, "acp_balec": "R.M. N° 310-2016-MINAM", "acp_felec": 1476939600000, "acp_balem": " ", "acp_felem": null, "acp_fecad": "2026-10-20", "acp_ubpo": "MADRE DE DIOS", "acp_titu": "Inversiones Maldonado SAC", "acp_tipro": "Privado", "acp_tirec": "10", "acp_pareg": " ", "acp_obs": null, "met_link": null, "acp_orden": 107, "acp_id": 16}, "geometry": {"type": "Polygon", "coordinates": [[[-69.40921339899995, -12.851145408999969], [-69.41184667799996, -12.84998150399997], [-69.41388871699996, -12.849114690999954], [-69.41604372199998, -12.848325346999957], [-69.41511164799994, -12.845786373999942], [-69.41226821499998, -12.84680399399997], [-69.40913430599994, -12.848292985999933], [-69.40912572199994, -12.849938562999967], [-69.40921339899995, -12.851145408999969]]]}}, {"type": "Feature", "properties": {"objectid": 17227, "anp_gid": 198, "acp_codi": "ACP120", "acp_nomb": "Páramos y Bosques Montanos de la Comunidad Campesina San Juan de Sallique", "acp_suleg": 3547.19, "acp_balec": "R.M. N° 239-2017-MINAM", "acp_felec": 1503464400000, "acp_balem": " ", "acp_felem": null, "acp_fecad": "Perpetuo", "acp_ubpo": "CAJAMARCA", "acp_titu": "CC San Juan de Sallique", "acp_tipro": "Comunidad Campesina", "acp_tirec": "Perpetuo", "acp_pareg": " ", "acp_obs": null, "met_link": null, "acp_orden": 120, "acp_id": 29}, "geometry": {"type": "Polygon", "coordinates": [[[-79.28227725199997, -5.626218312999981], [-79.28062068999998, -5.624445818999959], [-79.27880252699998, -5.623764446999928], [-79.27760477999999, -5.622847718999935], [-79.27714993999996, -5.6219358969999575], [-79.27623518499996, -5.621930573999975], [-79.27506717299997, -5.621278601999961], [-79.27330993499999, -5.62094082699997], [-79.27071866199998, -5.62141638099996], [-79.26907883999996, -5.622703040999966], [-79.26631384599995, -5.6225270969999315], [-79.26467555399995, -5.621923352999943], [-79.26213662699996, -5.622339160999957], [-79.26089755599997, -5.6213999499999545], [-79.26009364399994, -5.621486620999974], [-79.25887846499995, -5.6224713229999566], [-79.25738075399994, -5.622947631999978], [-79.25334831599997, -5.623550360999957], [-79.24998116299997, -5.622221363999927], [-79.24850541099994, -5.622085371999958], [-79.24506042899998, -5.621166095999968], [-79.24366128199995, -5.620287682999958], [-79.24232052399998, -5.622541675999969], [-79.24060790699997, -5.628094139999973], [-79.23447688899995, -5.631650257999979], [-79.22925710899995, -5.636469898999962], [-79.22290111699994, -5.641094573999965], [-79.21973754699997, -5.643371290999937], [-79.21961007999994, -5.650827758999981], [-79.22293843399996, -5.65032445199995], [-79.22526499899999, -5.651832472999956], [-79.22649169899995, -5.653326096999933], [-79.23021924499994, -5.656850087999942], [-79.23204270999997, -5.659674275999976], [-79.23451958099997, -5.6649135449999335], [-79.23450673499997, -5.6664088129999755], [-79.23344769499994, -5.669696846999955], [-79.23344149599995, -5.674788932999945], [-79.23152766599998, -5.68359088099993], [-79.22974692799994, -5.684851326999933], [-79.22691786899998, -5.685038224999971], [-79.22205889199995, -5.691609199999959], [-79.22026112399999, -5.699296591999939], [-79.21981563099996, -5.700679832999981], [-79.21936794899995, -5.702069756999947], [-79.21831377399997, -5.703188528999931], [-79.22201297299995, -5.703073019999977], [-79.22534544999996, -5.701918770999953], [-79.22872736599999, -5.701977473999932], [-79.23005517499996, -5.701138106999963], [-79.23151589699995, -5.701641271999961], [-79.23235739599994, -5.700929524999935], [-79.23466772799998, -5.700754957999948], [-79.23573441599996, -5.7003476229999706], [-79.23685090499998, -5.700303752999957], [-79.23899808199997, -5.699846640999965], [-79.23960207399995, -5.701089620999937], [-79.23972681499998, -5.703314202999934], [-79.24039999799999, -5.7038036369999645], [-79.24124745699999, -5.70388995899998], [-79.24266156799996, -5.7046193759999255], [-79.24424472199996, -5.702363291999973], [-79.24403099199998, -5.701967946999957], [-79.24449734299998, -5.701753983999936], [-79.24503480299995, -5.70175562299994], [-79.24600072399994, -5.702189248999957], [-79.24811511199994, -5.701980392999928], [-79.24919358999995, -5.701525413999946], [-79.25119771199996, -5.701451482999971], [-79.25234532199994, -5.701060182999981], [-79.25313615499994, -5.700201307999976], [-79.25313290499997, -5.699664096999925], [-79.25339297899995, -5.698198409999975], [-79.25329462899998, -5.697228147999965], [-79.25339863699998, -5.696326315999954], [-79.25395119899997, -5.695600720999948], [-79.25523318899997, -5.6950059149999674], [-79.25666257199998, -5.695044330999963], [-79.26005935099994, -5.697279546999937], [-79.26202380099994, -5.699259232999964], [-79.26287239799996, -5.6989990239999315], [-79.26345049599996, -5.697373963999951], [-79.26460007199995, -5.696324721999929], [-79.26541657999996, -5.694843876999926], [-79.26508911499997, -5.6925461399999335], [-79.26380620299994, -5.690293361999977], [-79.26235857399996, -5.6891181129999495], [-79.26179629199999, -5.685479961999931], [-79.26210627799998, -5.683732925999948], [-79.26306458299996, -5.682730935999928], [-79.26321185099994, -5.681391668999936], [-79.26474457599994, -5.680008639999926], [-79.26350962499998, -5.677660344999936], [-79.26175730599994, -5.676989110999955], [-79.25837080699995, -5.67376347499993], [-79.25369126499999, -5.670549120999965], [-79.25134439799996, -5.668352900999935], [-79.25117179499995, -5.666199234999965], [-79.25243960599994, -5.663841038999976], [-79.25458882699996, -5.6616040359999715], [-79.26015450299997, -5.657254598999941], [-79.26427415199998, -5.6563069179999275], [-79.26605421899995, -5.655221372999961], [-79.27025536399998, -5.653696077999939], [-79.27199156899997, -5.652086372999975], [-79.27259539099998, -5.649815277999949], [-79.27203981599996, -5.6468943859999285], [-79.27108010699999, -5.6373101459999475], [-79.27153748099994, -5.635868521999953], [-79.27276056199997, -5.634324548999928], [-79.27802082899996, -5.632186949999948], [-79.28089869899998, -5.628068398999972], [-79.28179442399994, -5.6280112689999555], [-79.28227725199997, -5.626218312999981]]]}}, {"type": "Feature", "properties": {"objectid": 17249, "anp_gid": 318, "acp_codi": "ACP80", "acp_nomb": "Bosque de Nogal y Bosque de Puentecilla", "acp_suleg": 416.48, "acp_balec": "R.M. N° 134-2015-MINAM", "acp_felec": 1432616400000, "acp_balem": " ", "acp_felem": null, "acp_fecad": "2025-05-26", "acp_ubpo": "PIURA", "acp_titu": "Comunidad Campesina de Cujaca", "acp_tipro": "Comunidad Campesina", "acp_tirec": "10", "acp_pareg": " ", "acp_obs": null, "met_link": null, "acp_orden": 80, "acp_id": 122}, "geometry": {"type": "Polygon", "coordinates": [[[-79.67136486399994, -4.682350130999964], [-79.67048543499999, -4.683214136999936], [-79.66897132799994, -4.684212421999973], [-79.66818468699995, -4.68516552799997], [-79.66758491799999, -4.686289156999976], [-79.66563440899995, -4.688419382999939], [-79.66542385599996, -4.688966887999925], [-79.66541605999998, -4.689591424999946], [-79.66587505299998, -4.690931942999953], [-79.66671592599994, -4.692228370999942], [-79.66837084899998, -4.693861249999941], [-79.66991957199997, -4.696008190999976], [-79.67030712499997, -4.69681696899994], [-79.67098130799997, -4.698193939999953], [-79.67138734599996, -4.699376708999978], [-79.67207757699998, -4.699482739999951], [-79.67389242699994, -4.699084599999935], [-79.67568836999999, -4.698679560999949], [-79.67646826999999, -4.699460612999928], [-79.67761122599995, -4.700060923999956], [-79.67852979899999, -4.700233088999937], [-79.68110413299996, -4.700043992999952], [-79.68125391699994, -4.700735499999951], [-79.68343782199997, -4.702044752999939], [-79.68599933199994, -4.703018981999946], [-79.68833251799998, -4.702843212999937], [-79.68916819499998, -4.702240219999965], [-79.69055605399996, -4.700829214999942], [-79.69112629999995, -4.699621979999961], [-79.69112109499997, -4.698770545999935], [-79.69084098999997, -4.697893185999931], [-79.69072996999995, -4.696859865999954], [-79.69034274999996, -4.695468059999939], [-79.68945695099995, -4.695181566999963], [-79.68775330499994, -4.694342447999929], [-79.68763547799995, -4.693576469999925], [-79.68729129599996, -4.692432614999973], [-79.68639874499996, -4.692025783999952], [-79.68597068399998, -4.691354943999954], [-79.68617339699995, -4.689967894999938], [-79.68598802599996, -4.689174750999939], [-79.68453110799999, -4.688176533999979], [-79.68415123399996, -4.687829134999959], [-79.68413788699996, -4.687203160999957], [-79.68451266199997, -4.686642013999972], [-79.68423924999996, -4.685863298999948], [-79.68365908099997, -4.684800508999956], [-79.68305275799997, -4.68389960899998], [-79.68221624399996, -4.683104166999954], [-79.68083641499999, -4.682634193999945], [-79.67920683199998, -4.683170883999935], [-79.67834883299997, -4.68262606299993], [-79.67734170399996, -4.682869869999934], [-79.67677231399995, -4.682640386999935], [-79.67487084599998, -4.682529921999958], [-79.67400860099997, -4.68246051999995], [-79.67315263999996, -4.681743615999949], [-79.67231495299995, -4.681962969999972], [-79.67136486399994, -4.682350130999964]]]}}, {"type": "Feature", "properties": {"objectid": 17250, "anp_gid": 242, "acp_codi": "ACP145", "acp_nomb": "Buen Retiro", "acp_suleg": 4.998, "acp_balec": "R.M. N° 032-2020-MINAM", "acp_felec": 1580706000000, "acp_balem": " ", "acp_felem": null, "acp_fecad": "03/02/2040", "acp_ubpo": "LORETO", "acp_titu": "Marcela Kasparova", "acp_tipro": "Privado", "acp_tirec": "20", "acp_pareg": "P.E. N° 04008437", "acp_obs": null, "met_link": null, "acp_orden": 145, "acp_id": 56}, "geometry": {"type": "Polygon", "coordinates": [[[-73.57612956499997, -4.479807909999977], [-73.57268367399996, -4.476894511999944], [-73.57210309899995, -4.4775861859999395], [-73.57554898899997, -4.48049958699994], [-73.57612956499997, -4.479807909999977]]]}}, {"type": "Feature", "properties": {"objectid": 17255, "anp_gid": 326, "acp_codi": "ACP88", "acp_nomb": "Aurora", "acp_suleg": 38.962, "acp_balec": "R.M. N° 024-2016-MINAM", "acp_felec": 1454994000000, "acp_balem": " ", "acp_felem": null, "acp_fecad": "2036-02-09", "acp_ubpo": "LORETO", "acp_titu": "Jorge Leonidas López Tello y Albertina Silva Mondoñedo de López", "acp_tipro": "Privado", "acp_tirec": "20", "acp_pareg": " ", "acp_obs": null, "met_link": null, "acp_orden": 88, "acp_id": 130}, "geometry": {"type": "Polygon", "coordinates": [[[-73.48595825799998, -4.278475392999951], [-73.48673912099997, -4.279942609999978], [-73.49299858899997, -4.277341799999931], [-73.50274964699997, -4.273290079999981], [-73.50258742599993, -4.273120049999932], [-73.50237491899998, -4.272593472999972], [-73.50281630699999, -4.272205062999944], [-73.50217488199996, -4.271409829999925], [-73.49240886399997, -4.275664936999931], [-73.48595825799998, -4.278475392999951]]]}}, {"type": "Feature", "properties": {"objectid": 17259, "anp_gid": 295, "acp_codi": "ACP58", "acp_nomb": "Larga Vista I", "acp_suleg": 22.32, "acp_balec": "R.M. N° 020-2013-MINAM", "acp_felec": 1358744400000, "acp_balem": "R.M. Nº 025-2023-MINAM", "acp_felem": 1674363600000, "acp_fecad": "25/01/2033", "acp_ubpo": "SAN MARTIN", "acp_titu": "Teofisto Delgado Ríos", "acp_tipro": "Privado", "acp_tirec": "10", "acp_pareg": " ", "acp_obs": null, "met_link": null, "acp_orden": 58, "acp_id": 100}, "geometry": {"type": "Polygon", "coordinates": [[[-76.84341499699997, -7.373388962999968], [-76.84317700299994, -7.373750487999928], [-76.84270290299997, -7.374311157999955], [-76.84251960699999, -7.374582959999941], [-76.84250933399994, -7.37488601299998], [-76.84259514899998, -7.375197618999948], [-76.84299286299995, -7.37567542499994], [-76.84348147899993, -7.37614646399993], [-76.84405179599997, -7.376862640999946], [-76.84445806499997, -7.377550087999964], [-76.84472913799993, -7.378062934999946], [-76.84476538899997, -7.378335948999961], [-76.84475999599994, -7.378595845999939], [-76.84528883999997, -7.3786382749999575], [-76.84655822699995, -7.378042572999959], [-76.84676930799998, -7.37775608499993], [-76.84690736099998, -7.377570079999941], [-76.84742197799994, -7.3771245709999675], [-76.84802563099998, -7.3762989949999564], [-76.84820291199998, -7.375949443999957], [-76.84942956199995, -7.374554115999956], [-76.84925187999994, -7.3745581249999645], [-76.84901520599993, -7.374567612999954], [-76.84885645799994, -7.374551904999976], [-76.84864023899996, -7.374434315999963], [-76.84841244199998, -7.374212693999937], [-76.84820461299995, -7.373963699999933], [-76.84805664599997, -7.373798103999945], [-76.84795386899998, -7.373720538999976], [-76.84777687699994, -7.373658622999926], [-76.84758853299996, -7.373638944999925], [-76.84746310199995, -7.37365736299995], [-76.84723041199999, -7.37375293499997], [-76.84705797199996, -7.3738623219999795], [-76.84689706299997, -7.373972938999941], [-76.84672077499994, -7.374081062999949], [-76.84661854899997, -7.374136461999967], [-76.84646617599998, -7.374143483999944], [-76.84634819499996, -7.374105615999952], [-76.84618501399996, -7.373977158999935], [-76.84606149199999, -7.37383830999994], [-76.84589418399997, -7.3736408299999425], [-76.84575271099999, -7.373496940999928], [-76.84564124499997, -7.373485894999931], [-76.84557343299997, -7.373501516999966], [-76.84541774699994, -7.3736364049999565], [-76.84528517199999, -7.373785260999966], [-76.84510719599996, -7.374104346999957], [-76.84501352699994, -7.374370666999937], [-76.84490154799994, -7.374545007999927], [-76.84482658699994, -7.374689789999934], [-76.84469040099998, -7.37489491599996], [-76.84459886499997, -7.375057665999975], [-76.84444079199994, -7.375234754999951], [-76.84430671799998, -7.37533119699998], [-76.84414043599998, -7.3753817459999595], [-76.84395978599997, -7.375364591999926], [-76.84379554199995, -7.375288557999966], [-76.84379681699994, -7.375287273999959], [-76.84360909199995, -7.375107776999926], [-76.84348138899998, -7.374887118999936], [-76.84338132199997, -7.374535937999951], [-76.84334967599995, -7.374316161999957], [-76.84333661099998, -7.373944164999955], [-76.84336514099994, -7.373720305999939], [-76.84339894599998, -7.37353350199993], [-76.84341499699997, -7.373388962999968]]]}}, {"type": "Feature", "properties": {"objectid": 17260, "anp_gid": 269, "acp_codi": "ACP32", "acp_nomb": "Hierba Buena - Allpayacu", "acp_suleg": 2282.12, "acp_balec": "R.M. N° 123-2011-MINAM", "acp_felec": 1307422800000, "acp_balem": " ", "acp_felem": null, "acp_fecad": "Perpetuo", "acp_ubpo": "AMAZONAS", "acp_titu": "Comunidad Campesina de Corosha", "acp_tipro": "Comunidad Campesina", "acp_tirec": "Perpetuo", "acp_pareg": " ", "acp_obs": null, "met_link": null, "acp_orden": 32, "acp_id": 74}, "geometry": {"type": "Polygon", "coordinates": [[[-77.77189641499996, -5.833660065999936], [-77.77392790599998, -5.8387985419999495], [-77.80271891499996, -5.803590037999925], [-77.81014668299997, -5.800177278999968], [-77.81418947499998, -5.788548013999957], [-77.80033728499996, -5.78711502799996], [-77.79119557699994, -5.7810803059999785], [-77.79035907999997, -5.774985833999949], [-77.78970183299998, -5.763693135999972], [-77.78671434699999, -5.758614408999961], [-77.78217336799997, -5.758136410999953], [-77.77673614299994, -5.761123896999948], [-77.77470465199997, -5.76626237399995], [-77.77464490199998, -5.773611589999973], [-77.77422665399996, -5.778391567999961], [-77.77237441299997, -5.791835256999946], [-77.76944667599997, -5.798407726999926], [-77.76741518499995, -5.8054581949999715], [-77.76394970099994, -5.819439630999966], [-77.76723593599996, -5.829597083999943], [-77.77189641499996, -5.833660065999936]]]}}, {"type": "Feature", "properties": {"objectid": 17266, "anp_gid": 154, "acp_codi": "ACP107", "acp_nomb": "Tambopata Eco Lodge", "acp_suleg": 20.935, "acp_balec": "R.M. N° 310-2016-MINAM", "acp_felec": 1476939600000, "acp_balem": " ", "acp_felem": null, "acp_fecad": "2026-10-20", "acp_ubpo": "MADRE DE DIOS", "acp_titu": "Inversiones Maldonado SAC", "acp_tipro": "Privado", "acp_tirec": "10", "acp_pareg": " ", "acp_obs": null, "met_link": null, "acp_orden": 107, "acp_id": 16}, "geometry": {"type": "Polygon", "coordinates": [[[-69.38303965999995, -12.830819834999943], [-69.38258164999996, -12.829099437999957], [-69.38311287399995, -12.826473217999933], [-69.38383840599994, -12.82285399999995], [-69.38401545699998, -12.822051072999955], [-69.38155508599993, -12.821019444999934], [-69.38133533599995, -12.823547657999939], [-69.38071681899999, -12.827913870999964], [-69.38122051799996, -12.828646014999947], [-69.38303965999995, -12.830819834999943]]]}}, {"type": "Feature", "properties": {"objectid": 17268, "anp_gid": 138, "acp_codi": "ACP01", "acp_nomb": "Chaparrí", "acp_suleg": 34412.0, "acp_balec": "R.M. N° 1324-2001-AG", "acp_felec": 1008738000000, "acp_balem": "R.M. Nº 153-2011-MINAM", "acp_felem": 1311051600000, "acp_fecad": "Perpetuo", "acp_ubpo": "LAMBAYEQUE y CAJAMARCA", "acp_titu": "Comunidad Campesina Muchick Santa Catalina de Chongoyape", "acp_tipro": "Comunidad Campesina", "acp_tirec": "Perpetuo", "acp_pareg": " ", "acp_obs": null, "met_link": null, "acp_orden": 1, "acp_id": 1}, "geometry": {"type": "Polygon", "coordinates": [[[-79.35555658499999, -6.59130989099998], [-79.39271716599995, -6.613214315999926], [-79.39994423099995, -6.605813677999947], [-79.47377945199997, -6.546045934999938], [-79.40224847299999, -6.624638617999949], [-79.34553190699995, -6.579901545999974], [-79.33938382099996, -6.587729870999965], [-79.42077290499998, -6.599722103999966], [-79.33860696599999, -6.581885974999977], [-79.36909162499995, -6.574951344999931], [-79.32940983399999, -6.577876742999933], [-79.30111889299997, -6.574318339999934], [-79.29544906999996, -6.5695157999999765], [-79.36995015599996, -6.583074235999959], [-79.32647758899998, -6.574946302999933], [-79.30099241699997, -6.570122370999968], [-79.29449955299998, -6.571049721999941], [-79.34105569299999, -6.581885063999948], [-79.33159395299998, -6.581971128999953], [-79.29627768199998, -6.628355449999958], [-79.44737172099997, -6.658348307999972], [-79.41206941999997, -6.6060423669999295], [-79.41093065999996, -6.609737154999948], [-79.38119139399998, -6.587803805999954]]]}}, {"type": "Feature", "properties": {"objectid": 17269, "anp_gid": 297, "acp_codi": "ACP60", "acp_nomb": "Pucunucho", "acp_suleg": 23.5, "acp_balec": "R.M. N° 040-2013-MINAM", "acp_felec": 1360904400000, "acp_balem": " ", "acp_felem": null, "acp_fecad": "2023-02-15", "acp_ubpo": "SAN MARTIN", "acp_titu": "Rosa Karina Pinasco Vela", "acp_tipro": "Privado", "acp_tirec": "10", "acp_pareg": " ", "acp_obs": null, "met_link": null, "acp_orden": 60, "acp_id": 102}, "geometry": {"type": "Polygon", "coordinates": [[[-76.75233914499995, -7.220779138999944], [-76.75218693799997, -7.220890487999952], [-76.75204757799997, -7.221008670999936], [-76.75195854699996, -7.221085289999962], [-76.75191849499998, -7.221106128999963], [-76.75186933599997, -7.221115367999971], [-76.75179685499995, -7.22111952399996], [-76.75173857999994, -7.22111457699998], [-76.75166862899994, -7.221103209999967], [-76.75153263999994, -7.221088217999977], [-76.75142648999997, -7.2210899179999615], [-76.75133327099996, -7.2210876899999334], [-76.75125688199995, -7.221085397999957], [-76.75118959899999, -7.221094705999974], [-76.75111324499994, -7.221101462999968], [-76.75104206399999, -7.2211069079999675], [-76.75095023899996, -7.221130530999972], [-76.75086362699994, -7.221163183999977], [-76.75078365799999, -7.221239768999965], [-76.75074626399999, -7.221278696999946], [-76.75070109899997, -7.221316362999971], [-76.75065070499994, -7.221341119999977], [-76.75058994499994, -7.221363330999964], [-76.75052659599999, -7.221385552999948], [-76.75045416499995, -7.221402636999926], [-76.75038302799999, -7.221419716999947], [-76.75033266399998, -7.221452230999944], [-76.75026950899996, -7.221524871999975], [-76.75023344999994, -7.221574137999937], [-76.75018886599997, -7.221626762999961], [-76.75011741499998, -7.221680418999938], [-76.75003882499993, -7.221797252999977], [-76.74999891299996, -7.221854290999943], [-76.74996015299996, -7.221914470999934], [-76.74992287799995, -7.221987934999959], [-76.74987460999995, -7.222013395999966], [-76.74979193099995, -7.222049059999961], [-76.74971776199999, -7.222056761999966], [-76.74965498999995, -7.222065554999972], [-76.74957903699999, -7.222079561999976], [-76.74952677699997, -7.222131618999981], [-76.74946989999995, -7.222188855999946], [-76.74942727599995, -7.22224033699996], [-76.74936190099999, -7.222314711999957], [-76.74930450199997, -7.222394773999952], [-76.74927688299994, -7.222477542999968], [-76.74925150799999, -7.222560317999978], [-76.74920610499998, -7.2226317659999495], [-76.74916573199994, -7.222666801999935], [-76.74910882999995, -7.222682534999933], [-76.74904672599996, -7.222691822999934], [-76.74898965899996, -7.222697498999935], [-76.74893668999994, -7.222703715999955], [-76.74887410499997, -7.222714780999979], [-76.74872190699995, -7.222724095999979], [-76.74864296299995, -7.222730862999981], [-76.74857704899995, -7.22275955799995], [-76.74852024699999, -7.222801145999938], [-76.74846471499995, -7.222836265999945], [-76.74841816999998, -7.2228773989999695], [-76.74838270999999, -7.222923349999974], [-76.74834347999996, -7.222947634999969], [-76.74829841499997, -7.223009133999938], [-76.74824690499997, -7.223078904999966], [-76.74821227099994, -7.223126488999981], [-76.74817922699998, -7.223161794999953], [-76.74813804199994, -7.223210221999977], [-76.74810011799997, -7.223254545999964], [-76.74805813699999, -7.223309111999981], [-76.74803747799996, -7.223369322999929], [-76.74804300399995, -7.223421661999964], [-76.74805385199994, -7.223473161999948], [-76.74806025999999, -7.223541859999955], [-76.74805810799995, -7.2236212259999775], [-76.74806084699998, -7.223694437999939], [-76.74805620499995, -7.223765632999971], [-76.74804254999998, -7.223836452999933], [-76.74804518799994, -7.2238884659999485], [-76.74811009299998, -7.223889836999945], [-76.74813935399999, -7.2239043079999306], [-76.74817679599994, -7.223936569999978], [-76.74831830999995, -7.224007465999932], [-76.74842854799994, -7.224020942999971], [-76.74852613499996, -7.224062266999965], [-76.74863649399998, -7.2241070169999375], [-76.74870859599997, -7.22415654699995], [-76.74879113099996, -7.224204877999966], [-76.74889567299994, -7.22424501699993], [-76.74899792999997, -7.224294430999976], [-76.74913035299994, -7.224346045999937], [-76.74922229199996, -7.224380072999963], [-76.74929081199997, -7.224409671999979], [-76.74937167099995, -7.224452312999972], [-76.74943658799998, -7.224503605999928], [-76.74948842799995, -7.224551383999938], [-76.74954555399995, -7.224593827999968], [-76.74961560999998, -7.224632344999975], [-76.74966491899994, -7.224661890999926], [-76.74971042299995, -7.224712136999926], [-76.74974938499997, -7.22474430799997], [-76.74977669999998, -7.224777816999961], [-76.74979879199998, -7.224799710999946], [-76.74983908299998, -7.224840926999946], [-76.74985991099999, -7.224870581999937], [-76.74989108499994, -7.22489761199995], [-76.74990804899994, -7.224932453999941], [-76.74993278499994, -7.224968557999944], [-76.74997184199998, -7.225025292999931], [-76.74999537299993, -7.225084672999969], [-76.75004723599994, -7.225105159999941], [-76.75015087699995, -7.225124153999957], [-76.75022991599997, -7.225141950999955], [-76.75030764499996, -7.225155873999938], [-76.75039444599997, -7.225172346999955], [-76.75047440899993, -7.225193384999955], [-76.75054985299994, -7.225206994999951], [-76.75065365599994, -7.225247629999956], [-76.75074180599995, -7.225278319999973], [-76.75081831599994, -7.225311639999973], [-76.75088962699994, -7.225339807999944], [-76.75095049299995, -7.225334025999928], [-76.75101174799994, -7.225315910999939], [-76.75106531199998, -7.225298093999982], [-76.75113344099998, -7.225317063999967], [-76.75118861699997, -7.225320092999937], [-76.75128958699997, -7.225321464999979], [-76.75135946499995, -7.225313439999979], [-76.75142027999993, -7.225305449999951], [-76.75149923399994, -7.225301267999953], [-76.75157558999996, -7.225294509999969], [-76.75166101199994, -7.225289010999973], [-76.75177104599999, -7.22528729499993], [-76.75187977099995, -7.225281705999976], [-76.75198203699995, -7.225280020999946], [-76.75209466999996, -7.2252808809999465], [-76.75215655499994, -7.225284220999981], [-76.75221120199996, -7.225285603999964], [-76.75226047099994, -7.225304807999976], [-76.75231486799998, -7.2253110629999355], [-76.75238091699998, -7.225317272999973], [-76.75244050699996, -7.225327386999936], [-76.75252473899997, -7.225349040999959], [-76.75257267299997, -7.225357906999932], [-76.75268669599996, -7.225383324999939], [-76.75273851399999, -7.225392175999957], [-76.75280071799995, -7.225408743999935], [-76.75285772999996, -7.225421452999967], [-76.75291804499994, -7.225445769999965], [-76.75298072499999, -7.225458269999933], [-76.75304174399997, -7.225468580999973], [-76.75310839299993, -7.2254797869999265], [-76.75317457999995, -7.225499222999929], [-76.75329762099994, -7.225524231999941], [-76.75340450999994, -7.225540877999947], [-76.75348486299998, -7.22556383999995], [-76.75358590999997, -7.225581550999948], [-76.75366882799995, -7.225598038999976], [-76.75377117899995, -7.225618329999975], [-76.75383855699994, -7.225633584999969], [-76.75391108799994, -7.22564235599998], [-76.75404085399998, -7.2256633999999735], [-76.75418648199997, -7.2256713929999705], [-76.75428642199995, -7.225676709999959], [-76.75436638899998, -7.225684955999952], [-76.75443772499995, -7.225676127999975], [-76.75449493899998, -7.225613447999933], [-76.75452938099994, -7.225521810999965], [-76.75453957399998, -7.225458066999977], [-76.75453926099993, -7.225376987999937], [-76.75452383499999, -7.2252867019999485], [-76.75450156499994, -7.225226556999928], [-76.75446880399994, -7.22515255299993], [-76.75443841999999, -7.225093597999944], [-76.75440985699998, -7.225060050999957], [-76.75438430499997, -7.225019651999958], [-76.75435417099999, -7.224959635999937], [-76.75432849699996, -7.224887739999929], [-76.75430750299995, -7.224860822999972], [-76.75427693499995, -7.224794262999978], [-76.75425872899996, -7.224746881999977], [-76.75424423899995, -7.224707258999956], [-76.75422933099998, -7.224665182999956], [-76.75420782599997, -7.224612087999958], [-76.75417424499994, -7.224507906999975], [-76.75413870899996, -7.224369097999954], [-76.75412513699996, -7.2242974469999695], [-76.75405606699996, -7.2242685419999475], [-76.75396373599995, -7.224200473999929], [-76.75389022299998, -7.22414835099994], [-76.75382010199996, -7.22409302899996], [-76.75373133499994, -7.224053506999951], [-76.75367576899998, -7.223970829999928], [-76.75364872499995, -7.223909738999964], [-76.75360778699996, -7.223821163999958], [-76.75356676599995, -7.22371117199998], [-76.75354043999994, -7.2236378389999345], [-76.75351251499995, -7.223546919999933], [-76.75348848699997, -7.2234735779999255], [-76.75345831399994, -7.223395670999935], [-76.75343584099994, -7.223328443999947], [-76.75342790599996, -7.223248468999941], [-76.75341335699994, -7.223177250999981], [-76.75339024399995, -7.2231060669999465], [-76.75336960299995, -7.2230349639999645], [-76.75333716699998, -7.222966244999952], [-76.75329396099994, -7.222885327999961], [-76.75326463899995, -7.2228295999999546], [-76.75323683799996, -7.222770806999961], [-76.75320981999994, -7.222716600999945], [-76.75317431499997, -7.2226463639999565], [-76.75313955499996, -7.222570768999958], [-76.75312430199995, -7.222503821999965], [-76.75312626999994, -7.222458911999979], [-76.75312737799999, -7.222392585999955], [-76.75314774699996, -7.22231142499993], [-76.75317730099994, -7.22222869899997], [-76.75320997799997, -7.222161258999961], [-76.75323820699998, -7.222058635999929], [-76.75326359699994, -7.221962935999954], [-76.75329466599999, -7.221875613999941], [-76.75331659799997, -7.221802860999958], [-76.75333090999999, -7.22174008099995], [-76.75335572099993, -7.22161912699994], [-76.75339101899993, -7.2214369369999645], [-76.75341750899997, -7.221354221999945], [-76.75343869999995, -7.221287591999953], [-76.75346212899996, -7.221205653999959], [-76.75348026399996, -7.221141329999966], [-76.75349919199994, -7.221083886999963], [-76.75349899799994, -7.221033401999932], [-76.75346110699996, -7.221005778999938], [-76.75341821099994, -7.220986699999969], [-76.75337943699998, -7.220938912999941], [-76.75335596499997, -7.220895046999942], [-76.75332348599994, -7.220865436999929], [-76.75327425799998, -7.22085657599996], [-76.75323931999998, -7.220860588999926], [-76.75320956499996, -7.220865873999969], [-76.75317198699997, -7.2208569689999536], [-76.75313298099996, -7.220813161999956], [-76.75310269099998, -7.220784781999953], [-76.75304686699997, -7.220744370999967], [-76.75299149999995, -7.220716742999969], [-76.75288516699999, -7.2206706099999565], [-76.75273880099996, -7.220650485999954], [-76.75262225599994, -7.220641883999974], [-76.75252389899998, -7.220650018999947], [-76.75248352799997, -7.220689366999977], [-76.75244077699995, -7.220723433999979], [-76.75233914499995, -7.220779138999944]]]}}, {"type": "Feature", "properties": {"objectid": 17270, "anp_gid": 244, "acp_codi": "ACP146", "acp_nomb": "Bosque Cachil", "acp_suleg": 210.4, "acp_balec": "R.M. N° 037-2020-MINAM", "acp_felec": 1581051600000, "acp_balem": " ", "acp_felem": null, "acp_fecad": "07/02/2030", "acp_ubpo": "CAJAMARCA", "acp_titu": "Marco Antonio Corcuera García", "acp_tipro": "Privado", "acp_tirec": "10", "acp_pareg": "P.E. N° 02280362", "acp_obs": null, "met_link": null, "acp_orden": 146, "acp_id": 57}, "geometry": {"type": "Polygon", "coordinates": [[[-78.76244459599997, -7.38606602599998], [-78.76267330499996, -7.38641470999994], [-78.76299610299998, -7.386543919999951], [-78.76330683599997, -7.3866017429999715], [-78.76327640999995, -7.386801718999948], [-78.76356514199995, -7.387707143999933], [-78.76376447599995, -7.387991308999972], [-78.76418769699995, -7.388186404999942], [-78.76695727099997, -7.390648325999962], [-78.76831728599996, -7.390803412999958], [-78.77104439099998, -7.392098924999971], [-78.77329813999995, -7.395720122999933], [-78.77647262899995, -7.398867655999936], [-78.77830292599998, -7.400191267999958], [-78.78073312599997, -7.396862303999967], [-78.78312773099998, -7.392417888999944], [-78.78346088099994, -7.3873485409999375], [-78.78174397299995, -7.386643988999936], [-78.77883109899994, -7.386087145999966], [-78.77591367099996, -7.386443220999979], [-78.77354907099993, -7.386702603999936], [-78.77328042199997, -7.3861046789999705], [-78.77192445899993, -7.385654991999957], [-78.76954511299994, -7.385245382999926], [-78.76820699599995, -7.384850010999969], [-78.76686580599994, -7.384720429999959], [-78.76360279699998, -7.3837419609999415], [-78.76146078599999, -7.384747423999954], [-78.76143908999995, -7.385299618999966], [-78.76244459599997, -7.38606602599998]]]}}, {"type": "Feature", "properties": {"objectid": 17271, "anp_gid": 161, "acp_codi": "ACP107", "acp_nomb": "Tambopata Eco Lodge", "acp_suleg": 19.81, "acp_balec": "R.M. N° 310-2016-MINAM", "acp_felec": 1476939600000, "acp_balem": " ", "acp_felem": null, "acp_fecad": "2026-10-20", "acp_ubpo": "MADRE DE DIOS", "acp_titu": "Inversiones Maldonado SAC", "acp_tipro": "Privado", "acp_tirec": "10", "acp_pareg": " ", "acp_obs": null, "met_link": null, "acp_orden": 107, "acp_id": 16}, "geometry": {"type": "Polygon", "coordinates": [[[-69.42861601899995, -12.864579445999937], [-69.43138051299997, -12.865726107999933], [-69.43411808399998, -12.867157305999967], [-69.43671726699995, -12.868576949999976], [-69.43735633899996, -12.866984575999936], [-69.43524574899993, -12.86598932499993], [-69.43207611499997, -12.864020095999933], [-69.42979346099997, -12.862284260999957], [-69.42861601899995, -12.864579445999937]]]}}, {"type": "Feature", "properties": {"objectid": 17272, "anp_gid": 252, "acp_codi": "ACP150", "acp_nomb": "Bosque Urum", "acp_suleg": 20.0, "acp_balec": "R.M. Nº 029-2021-MINAM", "acp_felec": 1613624400000, "acp_balem": " ", "acp_felem": null, "acp_fecad": "Perpetuo", "acp_ubpo": "LAMBAYEQUE", "acp_titu": "Empresa EWS TINAJONES SAC", "acp_tipro": "Privado", "acp_tirec": "Perpetuo", "acp_pareg": "P.E- Nº 11295061", "acp_obs": null, "met_link": null, "acp_orden": 150, "acp_id": 144}, "geometry": {"type": "Polygon", "coordinates": [[[-79.46234453799997, -6.611267707999957], [-79.45991992399996, -6.610136334999936], [-79.45753747699996, -6.615535764999947], [-79.45981181499997, -6.617039190999947], [-79.46234453799997, -6.611267707999957]]]}}, {"type": "Feature", "properties": {"objectid": 17278, "anp_gid": 176, "acp_codi": "ACP107", "acp_nomb": "Tambopata Eco Lodge", "acp_suleg": 23.86, "acp_balec": "R.M. N° 310-2016-MINAM", "acp_felec": 1476939600000, "acp_balem": " ", "acp_felem": null, "acp_fecad": "2026-10-20", "acp_ubpo": "MADRE DE DIOS", "acp_titu": "Inversiones Maldonado SAC", "acp_tipro": "Privado", "acp_tirec": "10", "acp_pareg": " ", "acp_obs": null, "met_link": null, "acp_orden": 107, "acp_id": 16}, "geometry": {"type": "Polygon", "coordinates": [[[-69.42247499499996, -12.851464345999943], [-69.42305872999998, -12.85155978399996], [-69.42542886599995, -12.851535068999965], [-69.42885964999994, -12.85153735199998], [-69.42870726699994, -12.85121763899997], [-69.42864207999997, -12.851093612999932], [-69.42853826799995, -12.850914045999957], [-69.42829289999997, -12.850523692999957], [-69.42802892399999, -12.85014051099995], [-69.42784748299994, -12.84989299199998], [-69.42746232999997, -12.849395096999956], [-69.42732870399993, -12.849245502999963], [-69.42725212899995, -12.849172395999972], [-69.42698926799994, -12.848951498999952], [-69.42668822599995, -12.848712761999934], [-69.42646273899999, -12.848708335999959], [-69.42500463999994, -12.84867941899995], [-69.42192569799994, -12.848144089999948], [-69.42007508799998, -12.847979436999935], [-69.42148310799996, -12.849880863999942], [-69.42247499499996, -12.851464345999943]]]}}, {"type": "Feature", "properties": {"objectid": 17279, "anp_gid": 333, "acp_codi": "ACP94", "acp_nomb": "Sabalillo", "acp_suleg": 22.686, "acp_balec": "R.M. N° 158-2016-MINAM", "acp_felec": 1466485200000, "acp_balem": " ", "acp_felem": null, "acp_fecad": "2036-06-21", "acp_ubpo": "LORETO", "acp_titu": "Jorge Leónidas López Tello y María Albertina Silva Mondoñedo", "acp_tipro": "Privado", "acp_tirec": "20", "acp_pareg": " ", "acp_obs": null, "met_link": null, "acp_orden": 94, "acp_id": 136}, "geometry": {"type": "Polygon", "coordinates": [[[-73.50266443299995, -4.273070018999931], [-73.50283897499997, -4.273252961999958], [-73.51158564199994, -4.269622267999978], [-73.51032193699996, -4.26784947699997], [-73.50248386099997, -4.271274804999962], [-73.50229568799995, -4.271420549999959], [-73.50294346799996, -4.27221342699994], [-73.50248245999995, -4.272619101999965], [-73.50266443299995, -4.273070018999931]]]}}, {"type": "Feature", "properties": {"objectid": 17284, "anp_gid": 158, "acp_codi": "ACP107", "acp_nomb": "Tambopata Eco Lodge", "acp_suleg": 10.888, "acp_balec": "R.M. N° 310-2016-MINAM", "acp_felec": 1476939600000, "acp_balem": " ", "acp_felem": null, "acp_fecad": "2026-10-20", "acp_ubpo": "MADRE DE DIOS", "acp_titu": "Inversiones Maldonado SAC", "acp_tipro": "Privado", "acp_tirec": "10", "acp_pareg": " ", "acp_obs": null, "met_link": null, "acp_orden": 107, "acp_id": 16}, "geometry": {"type": "Polygon", "coordinates": [[[-69.42168474499994, -12.852716445999931], [-69.42322360799994, -12.85276450899994], [-69.42493055199998, -12.852843029999974], [-69.42629520399998, -12.852874630999963], [-69.42815074499998, -12.852921427999945], [-69.42912749299995, -12.852943338999978], [-69.42885964999994, -12.85153735199998], [-69.42542886599995, -12.851535068999965], [-69.42305872999998, -12.85155978399996], [-69.42247499499996, -12.851464345999943], [-69.42168474499994, -12.852716445999931]]]}}, {"type": "Feature", "properties": {"objectid": 17285, "anp_gid": 341, "acp_codi": "ACP151", "acp_nomb": "Potsom Posho'll", "acp_suleg": 20.3, "acp_balec": "R.M. Nº 060-2021-MINAM", "acp_felec": 1617166800000, "acp_balem": " ", "acp_felem": null, "acp_fecad": "31/03/2031", "acp_ubpo": "PASCO", "acp_titu": "Rodrigo Francisco Carbajal Mas", "acp_tipro": "Privado", "acp_tirec": "10", "acp_pareg": "", "acp_obs": null, "met_link": null, "acp_orden": 151, "acp_id": 145}, "geometry": {"type": "Polygon", "coordinates": [[[-75.24412042299997, -10.27343243599995], [-75.24632894599995, -10.274801940999964], [-75.24815116599996, -10.271259249999957], [-75.24806256399995, -10.27119192999993], [-75.24801593699993, -10.271071855999935], [-75.24801208399998, -10.270912831999965], [-75.24805786899998, -10.270753059999947], [-75.24811762799999, -10.270619029999978], [-75.24819398999995, -10.27036091399998], [-75.24826621099999, -10.27015016599995], [-75.24838953099999, -10.269862934999935], [-75.24848754999994, -10.269646486999932], [-75.24860357399996, -10.269311217999928], [-75.24866522799994, -10.269012181999926], [-75.24869156299997, -10.268893458999969], [-75.24872987599997, -10.268685024999968], [-75.24877918599998, -10.26850621099993], [-75.24880928399995, -10.268333531999929], [-75.24885226999999, -10.268094370999961], [-75.24885449499999, -10.26790952999994], [-75.24885476699995, -10.267681607999975], [-75.24884472399998, -10.267451071999972], [-75.24883605499997, -10.267319258999976], [-75.24879924899994, -10.267189692999978], [-75.24877254499995, -10.267072878999954], [-75.24870780899994, -10.266882665999958], [-75.24862257099994, -10.266737314999943], [-75.24851174999998, -10.266594998999949], [-75.24842872299996, -10.266500952999934], [-75.24834778199994, -10.266417802999968], [-75.24823215599997, -10.266379313999948], [-75.24812901199994, -10.26639565499994], [-75.24805624399994, -10.266441551999947], [-75.24801499099993, -10.266519091999953], [-75.24798321599997, -10.266644821999932], [-75.24794545299994, -10.266842567999959], [-75.24787520399997, -10.267155736999939], [-75.24781962399999, -10.267421837999962], [-75.24774954699996, -10.267675090999944], [-75.24767271899998, -10.26784268199998], [-75.24759093599994, -10.268018664999943], [-75.24746686299994, -10.268239163999965], [-75.24731889699996, -10.268474370999968], [-75.24709764599999, -10.268818582999927], [-75.24669207199997, -10.269307050999942], [-75.24615710299997, -10.26987232199997], [-75.24591697399995, -10.270111243999963], [-75.24571575799996, -10.270373132999964], [-75.24550435299994, -10.27063712499995], [-75.24519403399995, -10.271107945999972], [-75.24491791799994, -10.271574767999937], [-75.24477647899994, -10.271792346999973], [-75.24467876199998, -10.27196822999997], [-75.24460569099995, -10.272127723999972], [-75.24447904999994, -10.27248506199993], [-75.24431001299996, -10.272941049999929], [-75.24419297899993, -10.27324565799995], [-75.24412042299997, -10.27343243599995]]]}}, {"type": "Feature", "properties": {"objectid": 17286, "anp_gid": 199, "acp_codi": "ACP121", "acp_nomb": "Zoo Perú", "acp_suleg": 40.313, "acp_balec": "R.M. N° 261-2017-MINAM\r\n\r\n\r\n\r\n\r\n\r\n", "acp_felec": 1505451600000, "acp_balem": " ", "acp_felem": null, "acp_fecad": "2027-09-15", "acp_ubpo": "LORETO", "acp_titu": "Antony James Taggart", "acp_tipro": "Privado", "acp_tirec": "10", "acp_pareg": " ", "acp_obs": null, "met_link": null, "acp_orden": 121, "acp_id": 30}, "geometry": {"type": "Polygon", "coordinates": [[[-73.49962657999998, -4.116532673999927], [-73.49642984099995, -4.117627378999941], [-73.49956763899996, -4.126824705999979], [-73.50276440999994, -4.125730002999944], [-73.49962657999998, -4.116532673999927]]]}}, {"type": "Feature", "properties": {"objectid": 17287, "anp_gid": 187, "acp_codi": "ACP110", "acp_nomb": "Lakshmi Amazónica", "acp_suleg": 39.082, "acp_balec": "R.M. N° 333-2016-MINAM", "acp_felec": 1478062800000, "acp_balem": " ", "acp_felem": null, "acp_fecad": "2026-11-02", "acp_ubpo": "LORETO", "acp_titu": "Nancy Lupe Rosadio Valladares", "acp_tipro": "Privado", "acp_tirec": "10", "acp_pareg": " ", "acp_obs": null, "met_link": null, "acp_orden": 110, "acp_id": 19}, "geometry": {"type": "Polygon", "coordinates": [[[-73.69313274999996, -4.572494778999953], [-73.69616054299996, -4.573162402999969], [-73.69671975799997, -4.562417713999935], [-73.69385393899995, -4.561879473999966], [-73.69352816899993, -4.566674662999958], [-73.69313274999996, -4.572494778999953]]]}}, {"type": "Feature", "properties": {"objectid": 17291, "anp_gid": 305, "acp_codi": "ACP68", "acp_nomb": "Las Panguanas 4", "acp_suleg": 5.123, "acp_balec": "R.M. N° 386-2013-MINAM", "acp_felec": 1386565200000, "acp_balem": " ", "acp_felem": null, "acp_fecad": "2033-12-09", "acp_ubpo": "LORETO", "acp_titu": "Nanci Adela Dantas Sibina de Tanner", "acp_tipro": "Privado", "acp_tirec": "20", "acp_pareg": " ", "acp_obs": null, "met_link": null, "acp_orden": 68, "acp_id": 110}, "geometry": {"type": "Polygon", "coordinates": [[[-73.51362902199998, -4.34161209399997], [-73.51412305999997, -4.342879665999931], [-73.51688490299995, -4.34202771799994], [-73.51690612099998, -4.341641976999938], [-73.51677836699997, -4.341214327999978], [-73.51683382199997, -4.340647357999956], [-73.51362902199998, -4.34161209399997]]]}}, {"type": "Feature", "properties": {"objectid": 17293, "anp_gid": 309, "acp_codi": "ACP72", "acp_nomb": "Espíritu del Monte", "acp_suleg": 40.004, "acp_balec": "R.M. N° 146-2014-MINAM", "acp_felec": 1401080400000, "acp_balem": " ", "acp_felem": null, "acp_fecad": "2024-05-26", "acp_ubpo": "MADRE DE DIOS", "acp_titu": "Martin Hans Schmidt Hennig", "acp_tipro": "Privado", "acp_tirec": "10", "acp_pareg": " ", "acp_obs": null, "met_link": null, "acp_orden": 72, "acp_id": 114}, "geometry": {"type": "Polygon", "coordinates": [[[-69.36498974399996, -12.831860738999978], [-69.36742571799994, -12.83255520199998], [-69.36900043399999, -12.830127682999944], [-69.36924276099995, -12.828011577999973], [-69.36879562199994, -12.82769564299997], [-69.36821171499997, -12.827283067999929], [-69.36762914499997, -12.826870259999964], [-69.36762846599999, -12.826869778999935], [-69.36762542799994, -12.826867625999967], [-69.36591234799994, -12.82565372299996], [-69.36377136499993, -12.824179643999969], [-69.36339341999997, -12.826261070999976], [-69.36328381499999, -12.827212525999926], [-69.36339463699994, -12.830694061999964], [-69.36341730599997, -12.831406195999932], [-69.36498974399996, -12.831860738999978]]]}}, {"type": "Feature", "properties": {"objectid": 17297, "anp_gid": 177, "acp_codi": "ACP107", "acp_nomb": "Tambopata Eco Lodge", "acp_suleg": 17.047, "acp_balec": "R.M. N° 310-2016-MINAM", "acp_felec": 1476939600000, "acp_balem": " ", "acp_felem": null, "acp_fecad": "2026-10-20", "acp_ubpo": "MADRE DE DIOS", "acp_titu": "Inversiones Maldonado SAC", "acp_tipro": "Privado", "acp_tirec": "10", "acp_pareg": " ", "acp_obs": null, "met_link": null, "acp_orden": 107, "acp_id": 16}, "geometry": {"type": "Polygon", "coordinates": [[[-69.42729427299997, -12.844025440999928], [-69.43090936499993, -12.843075016999933], [-69.43382840299995, -12.842345572999932], [-69.43366551699995, -12.841795331999947], [-69.43327373999995, -12.840268132999938], [-69.43193345199995, -12.840802766999957], [-69.42860199399996, -12.841657538999982], [-69.42660218999998, -12.841950377999979], [-69.42609225699994, -12.842031128999963], [-69.42729427299997, -12.844025440999928]]]}}, {"type": "Feature", "properties": {"objectid": 17299, "anp_gid": 224, "acp_codi": "ACP139", "acp_nomb": "Hakim & Cumorah", "acp_suleg": 1.554, "acp_balec": "R.M. N° 124-2019-MINAM", "acp_felec": 1557032400000, "acp_balem": " ", "acp_felem": null, "acp_fecad": "05/05/2019", "acp_ubpo": "LORETO", "acp_titu": "Carlos Daniel Lozano Escudero y Gabriela Hurtado Hidalgo", "acp_tipro": "Privado", "acp_tirec": "10", "acp_pareg": "PE N° 11052649, 11052650, 11052651, 11052652 y 11052653", "acp_obs": null, "met_link": null, "acp_orden": 139, "acp_id": 49}, "geometry": {"type": "Polygon", "coordinates": [[[-73.50403089999998, -4.283606498999973], [-73.50376753299997, -4.283848786999954], [-73.50381924299995, -4.284179263999931], [-73.50366478799998, -4.284417119999944], [-73.50593107799995, -4.283613131999971], [-73.50545223299997, -4.283543626999972], [-73.50520647199994, -4.28336012799997], [-73.50397615099996, -4.283173225999974], [-73.50403089999998, -4.283606498999973]]]}}, {"type": "Feature", "properties": {"objectid": 17302, "anp_gid": 157, "acp_codi": "ACP107", "acp_nomb": "Tambopata Eco Lodge", "acp_suleg": 11.801, "acp_balec": "R.M. N° 310-2016-MINAM", "acp_felec": 1476939600000, "acp_balem": " ", "acp_felem": null, "acp_fecad": "2026-10-20", "acp_ubpo": "MADRE DE DIOS", "acp_titu": "Inversiones Maldonado SAC", "acp_tipro": "Privado", "acp_tirec": "10", "acp_pareg": " ", "acp_obs": null, "met_link": null, "acp_orden": 107, "acp_id": 16}, "geometry": {"type": "Polygon", "coordinates": [[[-69.37382217599998, -12.820329949999973], [-69.37352450199995, -12.821346701999971], [-69.37542228499996, -12.82234194299997], [-69.37725087199993, -12.823347585999954], [-69.37744053899996, -12.82139706099997], [-69.37761636099998, -12.819603592999954], [-69.37582422799994, -12.819568999999944], [-69.37382217599998, -12.820329949999973]]]}}, {"type": "Feature", "properties": {"objectid": 17304, "anp_gid": 180, "acp_codi": "ACP107", "acp_nomb": "Tambopata Eco Lodge", "acp_suleg": 34.92, "acp_balec": "R.M. N° 310-2016-MINAM", "acp_felec": 1476939600000, "acp_balem": " ", "acp_felem": null, "acp_fecad": "2026-10-20", "acp_ubpo": "MADRE DE DIOS", "acp_titu": "Inversiones Maldonado SAC", "acp_tipro": "Privado", "acp_tirec": "10", "acp_pareg": " ", "acp_obs": null, "met_link": null, "acp_orden": 107, "acp_id": 16}, "geometry": {"type": "Polygon", "coordinates": [[[-69.39971385199993, -12.84918158599993], [-69.40229688999995, -12.84804379999997], [-69.40635097199998, -12.846639898999967], [-69.40645229799998, -12.84448109699997], [-69.40661075099996, -12.842356742999982], [-69.40292763099995, -12.84478732499997], [-69.39796990799994, -12.847402600999942], [-69.39642571999997, -12.84829936999995], [-69.39691073399996, -12.85009645499997], [-69.39971385199993, -12.84918158599993]]]}}, {"type": "Feature", "properties": {"objectid": 17311, "anp_gid": 237, "acp_codi": "ACP145", "acp_nomb": "Buen Retiro", "acp_suleg": 14.175, "acp_balec": "R.M. N° 032-2020-MINAM", "acp_felec": 1580706000000, "acp_balem": " ", "acp_felem": null, "acp_fecad": "03/02/2040", "acp_ubpo": "LORETO", "acp_titu": "Marcela Kasparova", "acp_tipro": "Privado", "acp_tirec": "20", "acp_pareg": "P.E. N° 04008507", "acp_obs": null, "met_link": null, "acp_orden": 145, "acp_id": 56}, "geometry": {"type": "Polygon", "coordinates": [[[-73.58018328599996, -4.474957095999969], [-73.57961359299998, -4.475657827999953], [-73.57903302399995, -4.476349510999967], [-73.57845245399994, -4.477041192999934], [-73.57787188199995, -4.4777328729999795], [-73.57729130999996, -4.478424552999968], [-73.57671073599994, -4.479116231999967], [-73.57613016099998, -4.479807910999966], [-73.57554958499998, -4.48049958799993], [-73.57496900799998, -4.48119126499995], [-73.57716244799997, -4.483000788999959], [-73.58018328599996, -4.474957095999969]]]}}, {"type": "Feature", "properties": {"objectid": 17316, "anp_gid": 182, "acp_codi": "ACP107", "acp_nomb": "Tambopata Eco Lodge", "acp_suleg": 22.558, "acp_balec": "R.M. N° 310-2016-MINAM", "acp_felec": 1476939600000, "acp_balem": " ", "acp_felem": null, "acp_fecad": "2026-10-20", "acp_ubpo": "MADRE DE DIOS", "acp_titu": "Inversiones Maldonado SAC", "acp_tipro": "Privado", "acp_tirec": "10", "acp_pareg": " ", "acp_obs": null, "met_link": null, "acp_orden": 107, "acp_id": 16}, "geometry": {"type": "Polygon", "coordinates": [[[-69.40928329799993, -12.838644669999951], [-69.40940216299998, -12.841986063999968], [-69.40981464699996, -12.841755473999967], [-69.41081929799998, -12.841193841999939], [-69.41268800599994, -12.840140341999927], [-69.41468404399996, -12.838659527999937], [-69.41420233499997, -12.835229655999967], [-69.41255662799995, -12.836421325999936], [-69.41056756199998, -12.837746876999972], [-69.40958362899994, -12.838434717999974], [-69.40928329799993, -12.838644669999951]]]}}, {"type": "Feature", "properties": {"objectid": 17317, "anp_gid": 184, "acp_codi": "ACP108", "acp_nomb": "Fundo Las Neblinas", "acp_suleg": 0.697, "acp_balec": "R.M. N° 311-2016-MINAM", "acp_felec": 1476939600000, "acp_balem": " ", "acp_felem": null, "acp_fecad": "2026-10-20", "acp_ubpo": "PASCO", "acp_titu": "Umberto Luigi Roncoroni y Veronica Natalie Crousse de Vallongue Rastelli de Roncoron", "acp_tipro": null, "acp_tirec": "10", "acp_pareg": " ", "acp_obs": null, "met_link": null, "acp_orden": 108, "acp_id": 17}, "geometry": {"type": "Polygon", "coordinates": [[[-75.47141928399998, -10.653516440999965], [-75.47141456199995, -10.653535075999969], [-75.47141015299997, -10.65356103399995], [-75.47140170099993, -10.653604721999955], [-75.47139752999993, -10.65363782199995], [-75.47139554499995, -10.653670920999957], [-75.47139243999999, -10.653711344999977], [-75.47139674099998, -10.653761975999942], [-75.47140933299994, -10.653811598999937], [-75.47141777399997, -10.65385914899997], [-75.47143147299994, -10.653892675999941], [-75.47144925799995, -10.653936142999953], [-75.47146923199995, -10.653981595999937], [-75.47148814299999, -10.65402189699995], [-75.47150606499997, -10.654056320999928], [-75.47152708999994, -10.654098697999927], [-75.47154283599997, -10.654140088999952], [-75.47156641099997, -10.654173238999931], [-75.47159535899993, -10.654219762999958], [-75.47161529499994, -10.654240439999967], [-75.47163541999998, -10.65428589399994], [-75.47167438699995, -10.654326977999972], [-75.47172302099995, -10.654378354999949], [-75.47177322199997, -10.654418969999938], [-75.47179275899998, -10.65442563199997], [-75.47180572999997, -10.654426697999952], [-75.47188029199998, -10.654374682999958], [-75.47195262599996, -10.65429626699995], [-75.47214240599999, -10.654204290999928], [-75.47241115699995, -10.65403506499996], [-75.47246754699995, -10.654030729999931], [-75.47251948899998, -10.654027395999947], [-75.47257232799996, -10.65401899799997], [-75.47261287199996, -10.654006366999965], [-75.47260318299999, -10.653981605999945], [-75.47259499899997, -10.653954942999974], [-75.47258515599998, -10.653927920999934], [-75.47257486999996, -10.653906777999964], [-75.47256458599998, -10.653887804999954], [-75.47254887099996, -10.653866216999972], [-75.47253376499998, -10.653849329999957], [-75.47252001999993, -10.653833797999937], [-75.47250288099997, -10.653818270999977], [-75.47248235499995, -10.653806094999936], [-75.47243228199994, -10.653799568999943], [-75.47239646299994, -10.653795553999942], [-75.47236343399999, -10.653791534999925], [-75.47233861999996, -10.653786146999948], [-75.47229729299994, -10.65377942699996], [-75.47224910899996, -10.653775340999971], [-75.47220363699995, -10.65376998399995], [-75.47216351999998, -10.65376579499997], [-75.47211525599994, -10.653758994999976], [-75.47207528599995, -10.653752273999942], [-75.47202980199995, -10.653738687999976], [-75.47198024199997, -10.653722485999936], [-75.47191431399995, -10.65370106499995], [-75.47187462499994, -10.653681502999973], [-75.47182838399993, -10.653666380999937], [-75.47178206099994, -10.653646828999968], [-75.47172034399995, -10.653618618999928], [-75.47166525799997, -10.653588229999968], [-75.47161456299995, -10.653568682999946], [-75.47155277999997, -10.653546984999934], [-75.47151317799995, -10.653534022999963], [-75.47146686199994, -10.65351881099997], [-75.47143224899997, -10.653515155999969], [-75.47141928399998, -10.653516440999965]]]}}, {"type": "Feature", "properties": {"objectid": 17318, "anp_gid": 166, "acp_codi": "ACP107", "acp_nomb": "Tambopata Eco Lodge", "acp_suleg": 32.207, "acp_balec": "R.M. N° 310-2016-MINAM", "acp_felec": 1476939600000, "acp_balem": " ", "acp_felem": null, "acp_fecad": "2026-10-20", "acp_ubpo": "MADRE DE DIOS", "acp_titu": "Inversiones Maldonado SAC", "acp_tipro": "Privado", "acp_tirec": "10", "acp_pareg": " ", "acp_obs": null, "met_link": null, "acp_orden": 107, "acp_id": 16}, "geometry": {"type": "Polygon", "coordinates": [[[-69.40172169899995, -12.859386248999954], [-69.40515467399996, -12.858408241999939], [-69.40778749799995, -12.85746850399994], [-69.40685989799994, -12.85626332399994], [-69.40643034699997, -12.854745453999953], [-69.40645901999994, -12.853246671999955], [-69.40360304299998, -12.85409894999998], [-69.40030307699993, -12.85490992399997], [-69.40135783499994, -12.857150136999962], [-69.40172169899995, -12.859386248999954]]]}}, {"type": "Feature", "properties": {"objectid": 17320, "anp_gid": 214, "acp_codi": "ACP134", "acp_nomb": "Masheke", "acp_suleg": 366.43, "acp_balec": "R.M. N° 021-2019-MINAM", "acp_felec": 1549515600000, "acp_balem": " ", "acp_felem": null, "acp_fecad": "2029-02-07", "acp_ubpo": "MADRE DE DIOS", "acp_titu": "Comunidad Nativa Sonene", "acp_tipro": "Comunidad Campesina", "acp_tirec": "10", "acp_pareg": "PE N° 11129856", "acp_obs": null, "met_link": null, "acp_orden": 134, "acp_id": 44}, "geometry": {"type": "Polygon", "coordinates": [[[-68.72344098799994, -12.600499085999957], [-68.72373371099997, -12.600296741999955], [-68.72831590399994, -12.59712922999995], [-68.71243725599999, -12.574665047999929], [-68.70392575799997, -12.579255782999951], [-68.70394739599993, -12.579306612999972], [-68.70395247099998, -12.579318533999981], [-68.70396539799998, -12.579350603999956], [-68.70397099199994, -12.57936570299995], [-68.70410171699996, -12.579728533999969], [-68.70412152299997, -12.57979049499994], [-68.70422976299994, -12.580177190999962], [-68.70424807299997, -12.580256386999963], [-68.70425408099999, -12.580293517999962], [-68.70431815799998, -12.580750679999937], [-68.70432135399994, -12.580776149999963], [-68.70435685799998, -12.581096503999959], [-68.70436121699998, -12.581151210999963], [-68.70436218899994, -12.581206076999933], [-68.70435977099999, -12.581260899999961], [-68.70432862499996, -12.58167558499997], [-68.70432761099994, -12.581687938999949], [-68.70426685599995, -12.58236941499996], [-68.70428400599997, -12.582823433999977], [-68.70432644399995, -12.58337413299995], [-68.70433469299996, -12.58343298699998], [-68.70455044699997, -12.58386967399997], [-68.70456280799993, -12.583895881999979], [-68.70475157599998, -12.584313535999968], [-68.70501105499994, -12.584778981999932], [-68.70530422599995, -12.585193913999944], [-68.70574868099999, -12.585547970999926], [-68.70638461999994, -12.585965606999935], [-68.70694191199993, -12.586282324999956], [-68.70735067499999, -12.586436921999962], [-68.70777811799996, -12.58657403999996], [-68.70784040499996, -12.586596490999966], [-68.70790088399997, -12.586623289999977], [-68.70795923999998, -12.586654297999928], [-68.70853274499996, -12.586985803999937], [-68.70914587599998, -12.587291501999971], [-68.71007018899996, -12.587737427999969], [-68.71012653499997, -12.58776703899997], [-68.71018065399994, -12.587800416999926], [-68.71023228499996, -12.587837401999934], [-68.71085905499996, -12.588319977999959], [-68.71086589099997, -12.588325292999968], [-68.71088445299995, -12.58834025899995], [-68.71141600099998, -12.58878035899994], [-68.71143491099997, -12.58879645299993], [-68.71204004799995, -12.589325765999945], [-68.71209174799998, -12.589374666999959], [-68.71213941199994, -12.589427375999946], [-68.71218275099994, -12.58948357199995], [-68.71222150199998, -12.589542912999946], [-68.71257127499996, -12.590127494999933], [-68.71260579999995, -12.590190829999926], [-68.71288541699994, -12.59075671599993], [-68.71291863199997, -12.590833051999937], [-68.71292422699997, -12.590848148999953], [-68.71317378099997, -12.591540684999927], [-68.71345022099996, -12.59215224299993], [-68.71363268399995, -12.592479503999982], [-68.71365510099997, -12.592522384999938], [-68.71368220199997, -12.592583488999935], [-68.71386316399997, -12.59303638199998], [-68.71386844799997, -12.593049924999946], [-68.71388810999997, -12.593107344999964], [-68.71407466199997, -12.593719257999965], [-68.71420752399996, -12.594149332999962], [-68.71421427599995, -12.594172273999959], [-68.71421894299993, -12.594189627999981], [-68.71437437099996, -12.594791660999931], [-68.71451233499994, -12.595188894999978], [-68.71475513299998, -12.595785362999948], [-68.71495246599994, -12.596221903999947], [-68.71497844799995, -12.596285837999972], [-68.71499940399997, -12.596351528999946], [-68.71501520999993, -12.596418595999978], [-68.71502577699994, -12.596486648999928], [-68.71503104299995, -12.596555293999927], [-68.71505620299996, -12.59722064899995], [-68.71505683699996, -12.597255192999967], [-68.71505599599993, -12.59729286299995], [-68.71503093899997, -12.597868149999954], [-68.71502798299997, -12.59791153599997], [-68.71501896899997, -12.59797982899994], [-68.71491301799995, -12.598597100999939], [-68.71486567999995, -12.599568447999957], [-68.71490618099995, -12.600083205999965], [-68.71494546699995, -12.60056088999994], [-68.71501758499994, -12.600937095999939], [-68.71514468199996, -12.601404961999947], [-68.71515856099995, -12.601463904999946], [-68.71531625499995, -12.602252968999949], [-68.71555827199995, -12.602868714999943], [-68.71573385799996, -12.603224030999968], [-68.71597496799995, -12.603421624999953], [-68.71641437899996, -12.603625919999956], [-68.71701717799994, -12.603823047999981], [-68.71739869599998, -12.603855775999932], [-68.71786957999996, -12.60382141599996], [-68.71847292799998, -12.60366433799993], [-68.71860714699994, -12.603618825999945], [-68.71897253999998, -12.60349492499995], [-68.71898749399998, -12.603489994999961], [-68.71922629999995, -12.603413488999934], [-68.71963163699996, -12.603283631999943], [-68.71996149099994, -12.603175172999954], [-68.72025427899996, -12.603032772999939], [-68.72051411099994, -12.602806322999982], [-68.72091147699996, -12.60238616199996], [-68.72095050199994, -12.602347317999943], [-68.72096744999993, -12.602331831999948], [-68.72136849799995, -12.60197450499993], [-68.72170178999994, -12.601622091999957], [-68.72174081299994, -12.601583249999976], [-68.72179176799995, -12.60153891799996], [-68.72214738399998, -12.601251848999937], [-68.72226872999994, -12.601153892999946], [-68.72232766099995, -12.601110091999942], [-68.72238997999995, -12.601071073999947], [-68.72245528499997, -12.601037089999977], [-68.72298420299995, -12.600788016999957], [-68.72302128699994, -12.600771533999932], [-68.72307774699993, -12.600750174999973], [-68.72344098799994, -12.600499085999957]]]}}, {"type": "Feature", "properties": {"objectid": 17321, "anp_gid": 226, "acp_codi": "ACP140", "acp_nomb": "Comunidad Nativa Tibi Playa I Zona Rio Ucayali", "acp_suleg": 1122.47, "acp_balec": "R.M. N° 342-2019-MINAM", "acp_felec": 1573448400000, "acp_balem": " ", "acp_felem": null, "acp_fecad": "11/11/2029", "acp_ubpo": "LORETO", "acp_titu": "Comunidad Nativa Tibi Playa I Zona Río Ucayali", "acp_tipro": "Comunal", "acp_tirec": "10", "acp_pareg": "PE N° 11089609", "acp_obs": null, "met_link": null, "acp_orden": 140, "acp_id": 51}, "geometry": {"type": "Polygon", "coordinates": [[[-73.50439487899996, -4.653798937999966], [-73.50442633599994, -4.6542879979999725], [-73.50442687499998, -4.654316964999964], [-73.50441374099995, -4.654802939999968], [-73.50440858899998, -4.6549935359999495], [-73.50440740199997, -4.655555604999961], [-73.50454572199999, -4.656021814999974], [-73.50455465199997, -4.6560607519999735], [-73.50463531399998, -4.656552788999932], [-73.50473927299998, -4.656913256999928], [-73.50492755399995, -4.657277228999931], [-73.50493370899994, -4.657289799999944], [-73.50505186699996, -4.6575452579999705], [-73.50505593799994, -4.657554436999931], [-73.50520779199996, -4.657912048999947], [-73.50522040499999, -4.657947448999948], [-73.50527366499995, -4.658130577999941], [-73.50529586799996, -4.658206917999962], [-73.50546429199994, -4.658531209999978], [-73.50571451099995, -4.658968518999927], [-73.50573039999995, -4.659000299999946], [-73.50574263699997, -4.659033668999939], [-73.50586240499996, -4.659427187999938], [-73.50600179999998, -4.659623880999959], [-73.50600755899995, -4.65963229099998], [-73.50627800299998, -4.660041195999952], [-73.50630108899998, -4.660082509999938], [-73.50631777199999, -4.660126816999934], [-73.50632767899998, -4.660173125999961], [-73.50633058899996, -4.660220399999957], [-73.50632643499995, -4.660267579999925], [-73.50631531099998, -4.660313609999946], [-73.50629746699997, -4.660357458999954], [-73.50627330099996, -4.660398145999977], [-73.50624335499998, -4.660434758999941], [-73.50620829899998, -4.660466478999979], [-73.50574971499998, -4.660822793999955], [-73.50571610099996, -4.660845599999959], [-73.50567984699995, -4.660863887999938], [-73.50564155299998, -4.660877354999968], [-73.50560185299997, -4.660885779999944], [-73.50556140399993, -4.660889020999946], [-73.50555589799995, -4.660889056999963], [-73.50526763499994, -4.660888443999966], [-73.50522715199997, -4.660885739999969], [-73.50522045699995, -4.6608847819999255], [-73.50518734999997, -4.660877844999959], [-73.50517434999995, -4.660874077999949], [-73.50514888699996, -4.66086489099996], [-73.50513034899996, -4.660856571999943], [-73.50676846199997, -4.663722770999925], [-73.50800159499994, -4.6676790109999615], [-73.50832463699999, -4.67015893699994], [-73.50896661299998, -4.670889100999943], [-73.50923856799994, -4.671198414999935], [-73.50994207099995, -4.6717744139999695], [-73.51022900199996, -4.671975894999946], [-73.51047825299997, -4.672150917999943], [-73.51058214399995, -4.6722238709999715], [-73.51102737099995, -4.672536506999961], [-73.51103942299994, -4.672545404999937], [-73.51178581699997, -4.673124302999952], [-73.51199217699997, -4.6732436769999595], [-73.51280284599994, -4.67371262599994], [-73.51282837399998, -4.673729082999955], [-73.51285220799997, -4.67374792399994], [-73.51347171799995, -4.674288089999948], [-73.51362023499996, -4.674417585999947], [-73.51364902999995, -4.674446146999969], [-73.51367394199997, -4.6744781729999545], [-73.51412520099996, -4.675142122999944], [-73.51414816099998, -4.675181807999934], [-73.51416516099994, -4.675224405999927], [-73.51431227899997, -4.675687918999927], [-73.51432412799994, -4.675725248999925], [-73.51471239499995, -4.676474778999932], [-73.51555670699997, -4.677702415999931], [-73.52617832799996, -4.678793510999981], [-73.53849689099997, -4.659408912999936], [-73.52955534499995, -4.654706527999963], [-73.52734875999994, -4.6506642509999665], [-73.52281006299995, -4.647365909999962], [-73.52243345099998, -4.638331072999961], [-73.51402082099997, -4.6330637119999665], [-73.51349267999996, -4.6336358539999765], [-73.51349153099994, -4.633637090999969], [-73.51349096399997, -4.633637697999973], [-73.51334475399995, -4.633793539999942], [-73.51334232799996, -4.6337960969999585], [-73.51319443799997, -4.633950249999941], [-73.51319363199997, -4.633951086999957], [-73.51319130999997, -4.633953464999934], [-73.51311629599996, -4.634029465999959], [-73.51311475099999, -4.634031019999952], [-73.51311227099995, -4.634033470999952], [-73.51295903399995, -4.634183242999939], [-73.51295757899999, -4.634184655999945], [-73.51295455599995, -4.634187534999967], [-73.51264214699995, -4.634481111999946], [-73.51264116799996, -4.634482027999979], [-73.51264032299997, -4.634482811999931], [-73.51185494599997, -4.635209257999975], [-73.51162621199995, -4.635426898999981], [-73.51148188399998, -4.6355705449999505], [-73.51127033899996, -4.635790665999934], [-73.51105941799995, -4.636015314999952], [-73.51077920199998, -4.636317213999973], [-73.51057338899994, -4.636543457999949], [-73.51044163099994, -4.636694146999957], [-73.51037991399994, -4.63676800099995], [-73.51032043599997, -4.636842508999962], [-73.51026124699996, -4.636920993999979], [-73.51020333099996, -4.637001562999956], [-73.51008671499994, -4.637171767999973], [-73.51007233599995, -4.637193654999976], [-73.50991349499998, -4.637435444999937], [-73.50910524699998, -4.6386905779999665], [-73.50910452299996, -4.638691696999956], [-73.50877431799995, -4.639199762999965], [-73.50875555799996, -4.639228627999955], [-73.50875322199994, -4.639232166999932], [-73.50851832299998, -4.639583137999978], [-73.50851759299997, -4.639584224999965], [-73.50851644899996, -4.639585907999958], [-73.50804564499998, -4.640273524999941], [-73.50793312799993, -4.640442822999944], [-73.50782514099996, -4.6406129339999325], [-73.50777317699993, -4.640699366999968], [-73.50766856699994, -4.640881337999929], [-73.50751402499998, -4.641161284999953], [-73.50628259799998, -4.643438248999928], [-73.50618501399998, -4.64362474099994], [-73.50609211499994, -4.643811280999955], [-73.50604983399995, -4.643901946999961], [-73.50601027499994, -4.643992125999944], [-73.50593280499999, -4.644181723999964], [-73.50582083199998, -4.644474701999968], [-73.50567412799995, -4.644872088999932], [-73.50544383799996, -4.645503034999933], [-73.50538793999993, -4.645656186999929], [-73.50516768899996, -4.646545658999969], [-73.50515354999999, -4.646589087999928], [-73.50505617499994, -4.646828141999947], [-73.50502042599999, -4.647012563999965], [-73.50498711099993, -4.647202394999965], [-73.50498423399995, -4.647216819999926], [-73.50493366199998, -4.64744289999993], [-73.50493173899997, -4.647450997999954], [-73.50488334399995, -4.647643505999952], [-73.50484279599993, -4.647852679999971], [-73.50483541199998, -4.647882808999952], [-73.50476833099998, -4.648108225999977], [-73.50470965899996, -4.6483084919999555], [-73.50465630899998, -4.648490589999938], [-73.50461717299999, -4.648730818999979], [-73.50461504799995, -4.648742487999925], [-73.50455923299995, -4.649019460999966], [-73.50452145999998, -4.649413954999943], [-73.50450435199997, -4.6497904359999325], [-73.50450328999995, -4.650293963999957], [-73.50450214499995, -4.650320247999957], [-73.50446762299998, -4.650725545999933], [-73.50443346899993, -4.651239775999954], [-73.50443256999995, -4.651665625999954], [-73.50449606899997, -4.652102064999951], [-73.50449935199998, -4.652143715999955], [-73.50449713899997, -4.652185437999947], [-73.50445810099995, -4.652512409999929], [-73.50443029099995, -4.652745338999978], [-73.50442910999993, -4.653305245999945], [-73.50442831599997, -4.653327021999928], [-73.50439487899996, -4.653798937999966]]]}}, {"type": "Feature", "properties": {"objectid": 17322, "anp_gid": 148, "acp_codi": "ACP102", "acp_nomb": "Bosque Seco de Chililique Alto", "acp_suleg": 200.0, "acp_balec": "R.M. N° 202-2016-MINAM", "acp_felec": 1469509200000, "acp_balem": " ", "acp_felem": null, "acp_fecad": "Perpetuo", "acp_ubpo": "PIURA", "acp_titu": "Juan Velazco Alvarado de Chililique Alto", "acp_tipro": "Comunidad Campesina", "acp_tirec": "Perpetuo", "acp_pareg": " ", "acp_obs": null, "met_link": null, "acp_orden": 102, "acp_id": 11}, "geometry": {"type": "Polygon", "coordinates": [[[-80.03991417399999, -5.017442206999931], [-80.03925510999994, -5.017937902999961], [-80.03757706799996, -5.019199984999943], [-80.03665859099993, -5.019518375999951], [-80.03618145599995, -5.019997821999937], [-80.03474622899995, -5.0214423269999315], [-80.03462151599996, -5.023869941999976], [-80.03512465699998, -5.026364271999967], [-80.03615746099996, -5.0265246029999275], [-80.03715231399997, -5.0268221539999445], [-80.03937021999997, -5.028019154999981], [-80.04336321199997, -5.030536225999981], [-80.04692222599994, -5.032028699999955], [-80.04883615199998, -5.032835986999942], [-80.05075030799998, -5.0339728459999264], [-80.05308331199996, -5.03576342599996], [-80.05312251099997, -5.0356115869999485], [-80.05317362999995, -5.035436820999962], [-80.05322766199998, -5.035298197999964], [-80.05337968799995, -5.034937854999953], [-80.05363937199996, -5.034454740999934], [-80.05393028899994, -5.033747787999971], [-80.05420819999995, -5.0331281969999395], [-80.05341923399999, -5.03355025299993], [-80.05280790299997, -5.0334384899999804], [-80.05216456999995, -5.033033499999931], [-80.05067046699997, -5.032536532999927], [-80.05122682499996, -5.031662389999951], [-80.05098925599998, -5.030798126999969], [-80.04974618399996, -5.030746597999951], [-80.04960563599997, -5.030247770999949], [-80.05031127699993, -5.029906687999926], [-80.05119373099996, -5.029731764999951], [-80.05165272299996, -5.030447866999964], [-80.05246493599998, -5.03013399799994], [-80.05257328599998, -5.029329790999952], [-80.05172519999996, -5.028403714999968], [-80.05442346299998, -5.026317537999944], [-80.05452879599994, -5.024378716999934], [-80.05340245199994, -5.023116624999943], [-80.05214601799997, -5.0227153849999695], [-80.05083122399998, -5.022752032999961], [-80.04941448899996, -5.024392224999929], [-80.04931059899997, -5.026035868999941], [-80.04828026099995, -5.026086866999947], [-80.04801625699997, -5.025224927999943], [-80.04699347399998, -5.024715674999925], [-80.04557281899997, -5.025030411999978], [-80.04296826999996, -5.024716657999932], [-80.04190758999994, -5.0231598779999445], [-80.04197158599999, -5.022329122999963], [-80.04289488599994, -5.020897012999967], [-80.04366630099997, -5.020632082999953], [-80.04487130399997, -5.020684182999958], [-80.04570806099997, -5.020289463999973], [-80.04585812399995, -5.019145499999979], [-80.04567780299999, -5.018463330999964], [-80.04526905799997, -5.017960520999964], [-80.04512749099996, -5.018017056999952], [-80.04498036599995, -5.018166721999933], [-80.04480819299994, -5.0182065049999665], [-80.04475613299996, -5.018052272999967], [-80.04484916499996, -5.0178855739999335], [-80.04483671099996, -5.01772320699996], [-80.04473634499999, -5.0175737029999254], [-80.04443010899996, -5.017601444999968], [-80.04422571799995, -5.017685951999965], [-80.04408782999997, -5.017612056999951], [-80.04390116199994, -5.017519221999976], [-80.04382231099999, -5.017607884999961], [-80.04368395299997, -5.017688199999952], [-80.04355788599997, -5.0175914419999685], [-80.04340663399995, -5.017596468999955], [-80.04326957199999, -5.017589684999962], [-80.04322511099997, -5.017369318999954], [-80.04292272599997, -5.017334308999978], [-80.04256040599995, -5.017218545999981], [-80.04125105999998, -5.017071100999942], [-80.03991417399999, -5.017442206999931]]]}}, {"type": "Feature", "properties": {"objectid": 17324, "anp_gid": 329, "acp_codi": "ACP90", "acp_nomb": "Los Bosques de Dotor, Hualtacal, Pueblo Libre, La Jardina y Chorro Blanco", "acp_suleg": 9098.38, "acp_balec": "R.M. N° 084-2016-MINAM", "acp_felec": 1459746000000, "acp_balem": " ", "acp_felem": null, "acp_fecad": "Perpetuo", "acp_ubpo": "PIURA", "acp_titu": "C.C Andanjo. PE 11052166", "acp_tipro": "Comunidad Campesina", "acp_tirec": "Perpetuo", "acp_pareg": " ", "acp_obs": null, "met_link": null, "acp_orden": 90, "acp_id": 132}, "geometry": {"type": "Polygon", "coordinates": [[[-79.77124103199998, -5.326379260999943], [-79.76527831299995, -5.332838228999947], [-79.75898824499995, -5.33923856499996], [-79.75506678999994, -5.340213265999978], [-79.75358181799999, -5.34046671699997], [-79.75184883199995, -5.340537343999927], [-79.74784890899997, -5.34203221599995], [-79.74606168999998, -5.34203210499993], [-79.74383987599998, -5.342354125999975], [-79.74135207899997, -5.342049521999968], [-79.74122521299995, -5.341399582999941], [-79.74101965499995, -5.340909116999967], [-79.74103180399999, -5.340499985999941], [-79.74102997899996, -5.3399428639999655], [-79.74107637699996, -5.339289598999926], [-79.74115504799994, -5.338791220999951], [-79.74102421499998, -5.337961862999975], [-79.74080433999995, -5.3375656619999745], [-79.74021003699994, -5.3373377469999355], [-79.73837333599994, -5.336458879999952], [-79.73735253499996, -5.333168993999948], [-79.73597038999998, -5.33265119999993], [-79.73561779099998, -5.331145223999954], [-79.73621399099994, -5.329482748999965], [-79.73584402099993, -5.328443103999973], [-79.73436091799994, -5.331277893999925], [-79.73354432099995, -5.334852644999955], [-79.73153971199997, -5.338523807999934], [-79.73213717299996, -5.3394523389999335], [-79.73196139599997, -5.34068422799993], [-79.72907639799996, -5.340262776999964], [-79.72225505099993, -5.343942156999958], [-79.71983494999995, -5.344748686999935], [-79.71716100499998, -5.3427952949999735], [-79.71458651599994, -5.337012333999951], [-79.71187191499996, -5.335073625999939], [-79.71071624199999, -5.336848032999967], [-79.70863871099994, -5.3388143939999395], [-79.70859185599994, -5.339655076999975], [-79.70840640999995, -5.34100084399995], [-79.70791065699996, -5.342078619999938], [-79.70677127399995, -5.343290983999964], [-79.70598088799994, -5.343798016999926], [-79.70500434599995, -5.345962456999928], [-79.70431926599997, -5.347977352999976], [-79.70423945999994, -5.357959879999953], [-79.69691800099997, -5.36183237299997], [-79.69399699499996, -5.369349180999961], [-79.69274957199997, -5.375609194999981], [-79.69428403899997, -5.37849698399998], [-79.69439105199996, -5.379556044999958], [-79.69377337099996, -5.3849181259999455], [-79.69323219499995, -5.390333983999938], [-79.68315202699995, -5.397612915999957], [-79.67856546999997, -5.400724698999966], [-79.67762069699995, -5.403971068999965], [-79.68054083099997, -5.404972538999971], [-79.68734352799999, -5.404783874999964], [-79.69104456499997, -5.402832721999971], [-79.69484570699996, -5.400061654999945], [-79.69696419199994, -5.398759191999943], [-79.70652482799994, -5.403849133999927], [-79.70765173299998, -5.409694668999975], [-79.71196289899996, -5.413467450999974], [-79.71740136099999, -5.41255485399995], [-79.71813873299999, -5.40858301399993], [-79.71574464399998, -5.402404604999958], [-79.71700377499997, -5.395616338999957], [-79.72555913299999, -5.3936089519999655], [-79.73104550399995, -5.398545319999926], [-79.73531237899994, -5.401650367999935], [-79.73748223899997, -5.407221048999929], [-79.74360329199999, -5.410979091999934], [-79.75170795899999, -5.409314178999978], [-79.75975573799997, -5.418525994999925], [-79.76734173699998, -5.419431596999971], [-79.77245958599997, -5.417003577999935], [-79.77437968799995, -5.414915787999973], [-79.77589630999995, -5.413250479999931], [-79.77612419999997, -5.407467477999944], [-79.77473753499999, -5.402310052999951], [-79.77139150999994, -5.393272536999973], [-79.77459188699999, -5.386849445999928], [-79.77783179099998, -5.385766865999926], [-79.78695379699997, -5.383911950999959], [-79.79254409599997, -5.387562002999971], [-79.79995645499997, -5.385305440999957], [-79.79935153199995, -5.372323799999947], [-79.79164099999997, -5.3692018039999425], [-79.78955331499998, -5.3627762089999464], [-79.79272463899997, -5.360163860999933], [-79.80120786199996, -5.358779503999926], [-79.80454192899998, -5.357883436999941], [-79.80939342099998, -5.356633612999929], [-79.81424170599996, -5.355375538999965], [-79.81740769299995, -5.34903688299994], [-79.81860317299999, -5.343681419999939], [-79.81900656099998, -5.341574819999948], [-79.81982790499995, -5.3379071179999755], [-79.82079329799996, -5.333083081999973], [-79.82033725399998, -5.329818810999939], [-79.81777283299994, -5.328244737999967], [-79.81342441399994, -5.328549608999936], [-79.81029450499994, -5.328225792999945], [-79.80805421499997, -5.328471613999966], [-79.80464426899994, -5.327385213999946], [-79.79945929699994, -5.326172970999949], [-79.79136842399998, -5.323638409999944], [-79.78602238699995, -5.32583774099993], [-79.78229213699996, -5.326431396999965], [-79.78026768999996, -5.327383655999938], [-79.77880908799995, -5.3271917829999325], [-79.77124103199998, -5.326379260999943]]]}}, {"type": "Feature", "properties": {"objectid": 17326, "anp_gid": 155, "acp_codi": "ACP107", "acp_nomb": "Tambopata Eco Lodge", "acp_suleg": 21.154, "acp_balec": "R.M. N° 310-2016-MINAM", "acp_felec": 1476939600000, "acp_balem": " ", "acp_felem": null, "acp_fecad": "2026-10-20", "acp_ubpo": "MADRE DE DIOS", "acp_titu": "Inversiones Maldonado SAC", "acp_tipro": "Privado", "acp_tirec": "10", "acp_pareg": " ", "acp_obs": null, "met_link": null, "acp_orden": 107, "acp_id": 16}, "geometry": {"type": "Polygon", "coordinates": [[[-69.40913430599994, -12.848292985999933], [-69.41226821499998, -12.84680399399997], [-69.41511164799994, -12.845786373999942], [-69.41504482699997, -12.842671291999977], [-69.41264774999996, -12.843647072999943], [-69.41062889399996, -12.84458598699996], [-69.40947619499997, -12.844952141999954], [-69.40913430599994, -12.848292985999933]]]}}, {"type": "Feature", "properties": {"objectid": 17327, "anp_gid": 150, "acp_codi": "ACP104", "acp_nomb": "Fundo Cadena", "acp_suleg": 44.737, "acp_balec": "R.M. Nº 205-2016-MINAM", "acp_felec": 1469595600000, "acp_balem": " ", "acp_felem": null, "acp_fecad": "2026-07-27", "acp_ubpo": "CUSCO", "acp_titu": "Bronislaw Kalinowski Venero", "acp_tipro": "Privado", "acp_tirec": "10", "acp_pareg": " ", "acp_obs": null, "met_link": null, "acp_orden": 104, "acp_id": 13}, "geometry": {"type": "Polygon", "coordinates": [[[-70.86218916699994, -13.353863050999962], [-70.86202304999995, -13.34594565499998], [-70.86103229599996, -13.345431609999935], [-70.85914142099995, -13.343185966999954], [-70.85790456199999, -13.344388055999957], [-70.85714381199995, -13.34630072699997], [-70.85674045799993, -13.346656112999938], [-70.85711594799994, -13.34748491399995], [-70.85676534799995, -13.348707611999941], [-70.85698446099997, -13.349600815999963], [-70.85780058799998, -13.350100974999975], [-70.85897851599998, -13.350842464999971], [-70.85994790699993, -13.352082675999952], [-70.85950442599994, -13.35235703099994], [-70.85950693699994, -13.352496176999978], [-70.85964832499997, -13.352938747999929], [-70.85984214799998, -13.353211134999981], [-70.85993273999998, -13.35353099899993], [-70.86038660399998, -13.353369704999977], [-70.86071680599997, -13.353331132999926], [-70.86133310099996, -13.353715991999934], [-70.86169047399994, -13.353766500999939], [-70.86218916699994, -13.353863050999962]]]}}, {"type": "Feature", "properties": {"objectid": 17328, "anp_gid": 149, "acp_codi": "ACP103", "acp_nomb": "Bosque de Neblina Aypate - Olleros", "acp_suleg": 243.5, "acp_balec": "R.M. Nº 204-2016-MINAM", "acp_felec": 1469595600000, "acp_balem": " ", "acp_felem": null, "acp_fecad": "2026-07-27", "acp_ubpo": "PIURA", "acp_titu": "San Bartolomé de los Olleros", "acp_tipro": "Comunidad Campesina", "acp_tirec": "10", "acp_pareg": " ", "acp_obs": null, "met_link": null, "acp_orden": 103, "acp_id": 12}, "geometry": {"type": "Polygon", "coordinates": [[[-79.58419333799998, -4.704727246999937], [-79.58370414299998, -4.705216070999938], [-79.58245348899999, -4.705029842999977], [-79.58223952799995, -4.705213088999926], [-79.58202476099996, -4.705794310999977], [-79.58162704099999, -4.706313932999933], [-79.58098521699998, -4.706833056999926], [-79.58067897099994, -4.70738347799994], [-79.57989467599998, -4.707907861999956], [-79.57979809599993, -4.708694237999964], [-79.57943851099998, -4.709155087999932], [-79.57891274899998, -4.709415164999939], [-79.57653365099998, -4.709896096999955], [-79.57554991099994, -4.710358474999964], [-79.57436906899994, -4.711087824999936], [-79.57443589999997, -4.711871378999945], [-79.57488496899998, -4.712875209999936], [-79.57542931799998, -4.7133643859999665], [-79.57624227599996, -4.714325127999928], [-79.57648811499996, -4.71477247699994], [-79.57676578899998, -4.7152113249999275], [-79.57700385399994, -4.71575267999998], [-79.57701010799997, -4.7165308469999445], [-79.57734318099995, -4.716863839999974], [-79.57757194999994, -4.717293764999965], [-79.57809554399995, -4.717388852999932], [-79.57846201399997, -4.717236535999973], [-79.57881618699997, -4.7166908419999345], [-79.57966138899997, -4.716176743999938], [-79.58006181899998, -4.716301895999948], [-79.58050643699994, -4.716551367999955], [-79.58121038699994, -4.716170679999948], [-79.58172917399997, -4.716141125999968], [-79.58185073099997, -4.716386283999952], [-79.58322444999999, -4.716082950999976], [-79.58346762499997, -4.716542652999976], [-79.58358942999996, -4.7166653559999645], [-79.58456573299998, -4.716728573999944], [-79.58487105199998, -4.716637354999932], [-79.58494554799995, -4.716317931999981], [-79.58538964099995, -4.716082341999936], [-79.58609200199999, -4.716102519999936], [-79.58642323099997, -4.715814075999958], [-79.58726424599996, -4.716291592999937], [-79.58767891899998, -4.71635122999993], [-79.58782507799998, -4.716130629999952], [-79.58834853599996, -4.716210475999958], [-79.58880665699996, -4.716006303999961], [-79.58963163499999, -4.716032995999967], [-79.59045945899999, -4.716170543999965], [-79.59083491699994, -4.716388209999934], [-79.59115282999994, -4.71660606699993], [-79.59167665799998, -4.716905901999951], [-79.59183309099996, -4.717033680999975], [-79.59210859999996, -4.717219243999978], [-79.59244447599997, -4.717483831999971], [-79.59291205999995, -4.717681897999967], [-79.59320840199996, -4.7176846489999775], [-79.59364511899997, -4.717868782999972], [-79.59389019999998, -4.717982588999973], [-79.59399807999995, -4.718022517999941], [-79.59407507999998, -4.718029926999975], [-79.59421272399999, -4.717978283999969], [-79.59441058199997, -4.717865772999971], [-79.59449097999999, -4.717801533999932], [-79.59456459099994, -4.717737778999947], [-79.59468069199994, -4.717638264999948], [-79.59477004499996, -4.717643130999932], [-79.59492437399996, -4.717691603999981], [-79.59515868299997, -4.717807617999938], [-79.59525685099999, -4.71772207999993], [-79.59536254899996, -4.717689597999936], [-79.59543568999999, -4.717662343999962], [-79.59544879799995, -4.717655469999954], [-79.59549988799995, -4.717593462999957], [-79.59553091699996, -4.71757200199994], [-79.59559291999994, -4.717561298999954], [-79.59575788099994, -4.717521966999925], [-79.59604201399998, -4.7170698029999585], [-79.59590312599994, -4.716693371999952], [-79.59537305499998, -4.715815870999961], [-79.59582307899996, -4.715671701999952], [-79.59615597499999, -4.715925775999949], [-79.59639723999999, -4.715879740999981], [-79.59683514799997, -4.715575632999958], [-79.59645929399994, -4.7151674529999354], [-79.59656512899994, -4.714589681999939], [-79.59714343099995, -4.713880088999929], [-79.59661240299994, -4.713386459999981], [-79.59664425999995, -4.71312581199993], [-79.59713333899998, -4.712920928999949], [-79.59696325999994, -4.71221953099996], [-79.59637318399996, -4.712392449999925], [-79.59512656199996, -4.711575404999962], [-79.59523305199997, -4.710279345999936], [-79.59487628199997, -4.70915434799997], [-79.59317946099998, -4.708959340999968], [-79.59268038599998, -4.708169863999956], [-79.59111483199996, -4.707190392999962], [-79.58995353899996, -4.704093256999954], [-79.58419333799998, -4.704727246999937]]]}}, {"type": "Feature", "properties": {"objectid": 17331, "anp_gid": 334, "acp_codi": "ACP95", "acp_nomb": "Santuario de La Verónica", "acp_suleg": 4.087, "acp_balec": "R.M. N° 177-2016-MINAM", "acp_felec": 1467954000000, "acp_balem": " ", "acp_felem": null, "acp_fecad": "2036-07-08", "acp_ubpo": "CUSCO", "acp_titu": "Teófilo Bellota Atayupanqui y  Martina Paredes de Bellota", "acp_tipro": "Privado", "acp_tirec": "20", "acp_pareg": " ", "acp_obs": null, "met_link": null, "acp_orden": 95, "acp_id": 137}, "geometry": {"type": "Polygon", "coordinates": [[[-72.36432656299996, -13.19838109999995], [-72.36422023199998, -13.198612220999962], [-72.36410852499995, -13.198749070999952], [-72.36409011799998, -13.198764059999974], [-72.36402371799994, -13.198915564999936], [-72.36398728499995, -13.199023301999944], [-72.36396148099993, -13.199125457999969], [-72.36400767199996, -13.199192319999952], [-72.36409358999998, -13.199375920999955], [-72.36425086699995, -13.199753631999954], [-72.36432690999999, -13.20002158099993], [-72.36441280599996, -13.200377421999974], [-72.36443239799996, -13.20055681699995], [-72.36447072099998, -13.200662614999942], [-72.36449204599995, -13.200680447999957], [-72.36451724499994, -13.200670139999943], [-72.36456087499994, -13.200621363999971], [-72.36469887199996, -13.200457680999932], [-72.36479837499996, -13.20038139199994], [-72.36502528499994, -13.20029223399996], [-72.36520920199996, -13.20019929199998], [-72.36537552099998, -13.200081509999961], [-72.36543678999993, -13.200054050999938], [-72.36556613299996, -13.200037859999952], [-72.36579619999998, -13.199987480999937], [-72.36618233399997, -13.199938706999944], [-72.36635899399994, -13.19991297799993], [-72.36636212699995, -13.199620644999982], [-72.36633786099998, -13.199416090999932], [-72.36629695199997, -13.199217959999942], [-72.36627425299997, -13.199172386999976], [-72.36623095699997, -13.199126148999937], [-72.36563735099998, -13.19875596199995], [-72.36525602799998, -13.198526417999972], [-72.36512960899995, -13.198440216999927], [-72.36502057299998, -13.198391675999972], [-72.36483580999999, -13.19835093599994], [-72.36444730799997, -13.198315867999952], [-72.36433374199999, -13.198314246999928], [-72.36432656299996, -13.19838109999995]]]}}, {"type": "Feature", "properties": {"objectid": 17335, "anp_gid": 174, "acp_codi": "ACP107", "acp_nomb": "Tambopata Eco Lodge", "acp_suleg": 27.497, "acp_balec": "R.M. N° 310-2016-MINAM", "acp_felec": 1476939600000, "acp_balem": " ", "acp_felem": null, "acp_fecad": "2026-10-20", "acp_ubpo": "MADRE DE DIOS", "acp_titu": "Inversiones Maldonado SAC", "acp_tipro": "Privado", "acp_tirec": "10", "acp_pareg": " ", "acp_obs": null, "met_link": null, "acp_orden": 107, "acp_id": 16}, "geometry": {"type": "Polygon", "coordinates": [[[-69.42007508799998, -12.847979436999935], [-69.42192569799994, -12.848144089999948], [-69.42500463999994, -12.84867941899995], [-69.42646273899999, -12.848708335999959], [-69.42668822599995, -12.848712761999934], [-69.42624517099995, -12.848442611999928], [-69.42607681899995, -12.84833882199996], [-69.42582775099999, -12.848139690999972], [-69.42558431299994, -12.84785465899995], [-69.42543775299998, -12.847649573999945], [-69.42528281799997, -12.84738998599994], [-69.42509220599999, -12.84701870799995], [-69.42477281599997, -12.846349824999947], [-69.42447568399996, -12.845676113999957], [-69.42412663299996, -12.844810635999977], [-69.42370267099994, -12.844771268999978], [-69.42158921999999, -12.844606686999953], [-69.41957991299995, -12.844413803999942], [-69.41809105199997, -12.844333722999977], [-69.41728493199997, -12.844257975999938], [-69.42007508799998, -12.847979436999935]]]}}, {"type": "Feature", "properties": {"objectid": 17336, "anp_gid": 336, "acp_codi": "ACP96", "acp_nomb": "Fundo Rosita", "acp_suleg": 244.925, "acp_balec": "R.M. N° 179-2016-MINAM", "acp_felec": 1468386000000, "acp_balem": " ", "acp_felem": null, "acp_fecad": "2026-07-13", "acp_ubpo": "LORETO", "acp_titu": "Weyder Murrieta Santillán", "acp_tipro": "Privado", "acp_tirec": "10", "acp_pareg": " ", "acp_obs": null, "met_link": null, "acp_orden": 96, "acp_id": 138}, "geometry": {"type": "Polygon", "coordinates": [[[-73.35967249099997, -3.86388059199993], [-73.35960453599995, -3.8646156459999474], [-73.35919104399994, -3.864577919999931], [-73.35854221399995, -3.866690242999937], [-73.35957870999994, -3.867833419999954], [-73.36045462099997, -3.868473516999927], [-73.36098888899994, -3.8699428119999766], [-73.36181158299996, -3.8714589179999734], [-73.37301588299994, -3.8715810979999787], [-73.37410923999994, -3.8714855769999303], [-73.37523580099997, -3.8708999319999293], [-73.37637996499996, -3.8652421469999467], [-73.37563485299995, -3.8646517979999544], [-73.37065372899997, -3.861088221999978], [-73.36730789499995, -3.8602554249999343], [-73.36650742299997, -3.8588555989999804], [-73.36622847399997, -3.858773671999927], [-73.36631055899994, -3.8582221929999605], [-73.36180270999995, -3.8545339799999283], [-73.36030573099998, -3.8533091789999503], [-73.35903226599999, -3.855395696999949], [-73.35908802799997, -3.8564873729999363], [-73.35811139799995, -3.858618121999939], [-73.35834443999994, -3.859696552999935], [-73.35858129999997, -3.8597461529999464], [-73.35895950799994, -3.8598050099999455], [-73.35937732799994, -3.859981070999936], [-73.35982130299993, -3.8605082049999737], [-73.36018810799999, -3.8612365309999745], [-73.36038923599995, -3.86171365499996], [-73.36036030299994, -3.8620821579999642], [-73.35967249099997, -3.86388059199993]]]}}, {"type": "Feature", "properties": {"objectid": 17337, "anp_gid": 172, "acp_codi": "ACP107", "acp_nomb": "Tambopata Eco Lodge", "acp_suleg": 26.056, "acp_balec": "R.M. N° 310-2016-MINAM", "acp_felec": 1476939600000, "acp_balem": " ", "acp_felem": null, "acp_fecad": "2026-10-20", "acp_ubpo": "MADRE DE DIOS", "acp_titu": "Inversiones Maldonado SAC", "acp_tipro": "Privado", "acp_tirec": "10", "acp_pareg": " ", "acp_obs": null, "met_link": null, "acp_orden": 107, "acp_id": 16}, "geometry": {"type": "Polygon", "coordinates": [[[-69.41062889399996, -12.84458598699996], [-69.41264774999996, -12.843647072999943], [-69.41504482699997, -12.842671291999977], [-69.41630551399999, -12.842178366999974], [-69.41468404399996, -12.838659527999937], [-69.41268800599994, -12.840140341999927], [-69.41081929799998, -12.841193841999939], [-69.40940216299998, -12.841986063999968], [-69.40947619499997, -12.844952141999954], [-69.41062889399996, -12.84458598699996]]]}}, {"type": "Feature", "properties": {"objectid": 17340, "anp_gid": 233, "acp_codi": "ACP145", "acp_nomb": "Buen Retiro", "acp_suleg": 4.998, "acp_balec": "R.M. N° 032-2020-MINAM", "acp_felec": 1580706000000, "acp_balem": " ", "acp_felem": null, "acp_fecad": "03/02/2040", "acp_ubpo": "LORETO", "acp_titu": "Marcela Kasparova", "acp_tipro": "Privado", "acp_tirec": "20", "acp_pareg": "P.E. N° 04008527", "acp_obs": null, "met_link": null, "acp_orden": 145, "acp_id": 56}, "geometry": {"type": "Polygon", "coordinates": [[[-73.57554898899997, -4.48049958699994], [-73.57210309899995, -4.4775861859999395], [-73.57152252199995, -4.478277859999935], [-73.57496841199998, -4.4811912639999605], [-73.57554898899997, -4.48049958699994]]]}}, {"type": "Feature", "properties": {"objectid": 17342, "anp_gid": 159, "acp_codi": "ACP107", "acp_nomb": "Tambopata Eco Lodge", "acp_suleg": 30.32, "acp_balec": "R.M. N° 310-2016-MINAM", "acp_felec": 1476939600000, "acp_balem": " ", "acp_felem": null, "acp_fecad": "2026-10-20", "acp_ubpo": "MADRE DE DIOS", "acp_titu": "Inversiones Maldonado SAC", "acp_tipro": "Privado", "acp_tirec": "10", "acp_pareg": " ", "acp_obs": null, "met_link": null, "acp_orden": 107, "acp_id": 16}, "geometry": {"type": "Polygon", "coordinates": [[[-69.42858607199997, -12.845939585999929], [-69.42940168599995, -12.847259149999957], [-69.43317363599994, -12.846335289999956], [-69.43634097599994, -12.845823927999959], [-69.43481371599995, -12.844058304999976], [-69.43382840299995, -12.842345572999932], [-69.43090936499993, -12.843075016999933], [-69.42729427299997, -12.844025440999928], [-69.42858607199997, -12.845939585999929]]]}}, {"type": "Feature", "properties": {"objectid": 17343, "anp_gid": 164, "acp_codi": "ACP107", "acp_nomb": "Tambopata Eco Lodge", "acp_suleg": 54.067, "acp_balec": "R.M. N° 310-2016-MINAM", "acp_felec": 1476939600000, "acp_balem": " ", "acp_felem": null, "acp_fecad": "2026-10-20", "acp_ubpo": "MADRE DE DIOS", "acp_titu": "Inversiones Maldonado SAC", "acp_tipro": "Privado", "acp_tirec": "10", "acp_pareg": " ", "acp_obs": null, "met_link": null, "acp_orden": 107, "acp_id": 16}, "geometry": {"type": "Polygon", "coordinates": [[[-69.42979346099997, -12.862284260999957], [-69.43207611499997, -12.864020095999933], [-69.43524574899993, -12.86598932499993], [-69.43735633899996, -12.866984575999936], [-69.43835965799997, -12.86463820199998], [-69.43935144699998, -12.862097370999948], [-69.43646922299996, -12.860722069999952], [-69.43360904099995, -12.859375540999963], [-69.43128495499997, -12.857923764999953], [-69.43028532999995, -12.860366213999953], [-69.42979346099997, -12.862284260999957]]]}}, {"type": "Feature", "properties": {"objectid": 17344, "anp_gid": 319, "acp_codi": "ACP81", "acp_nomb": "Bosques de Cuyas Cuchayo", "acp_suleg": 102.65, "acp_balec": "R.M. N° 153-2015-MINAM", "acp_felec": 1433739600000, "acp_balem": " ", "acp_felem": null, "acp_fecad": "Perpetuo", "acp_ubpo": "PIURA", "acp_titu": "Comunidad Campesina de Cuyas Cuchayo", "acp_tipro": "Comunidad Campesina", "acp_tirec": "Perpetuo", "acp_pareg": " ", "acp_obs": null, "met_link": null, "acp_orden": 81, "acp_id": 123}, "geometry": {"type": "Polygon", "coordinates": [[[-79.71357822399995, -4.597261491999973], [-79.71323012399995, -4.597446647999959], [-79.71303138899998, -4.597854930999972], [-79.71250651399998, -4.597736829999974], [-79.71187946399994, -4.598223063999967], [-79.71171251799996, -4.598842533999971], [-79.71137110599994, -4.59905968299995], [-79.71131618599998, -4.5996894709999765], [-79.71177873699997, -4.600412607999942], [-79.71230008699996, -4.601338877999979], [-79.71166927599995, -4.6020832579999364], [-79.71155320199995, -4.602706341999976], [-79.71104412299997, -4.603732823999962], [-79.71197138299993, -4.604369043999952], [-79.71264335599994, -4.604548803999933], [-79.71425211599995, -4.60474770899998], [-79.71517627599997, -4.60449866099998], [-79.71725220799993, -4.6035479219999615], [-79.71803383199995, -4.6022108839999305], [-79.71958670799995, -4.600514089999933], [-79.71968125599994, -4.600144111999953], [-79.72023546699995, -4.599743037999929], [-79.72207395399994, -4.599435673999949], [-79.72373810699997, -4.598803228999941], [-79.72385307299999, -4.59823585099997], [-79.72411701799996, -4.597999287999926], [-79.72416911099998, -4.597886552999967], [-79.72407586599996, -4.597768419999966], [-79.72385597699997, -4.597631862999947], [-79.72381548199996, -4.59755393699993], [-79.72394143199995, -4.597359255999947], [-79.72446149799998, -4.596635014999947], [-79.72462326699997, -4.596450311999945], [-79.72491252299994, -4.596349335999946], [-79.72516454299995, -4.596087666999949], [-79.72538959899998, -4.595878158999938], [-79.72554495999998, -4.595456917999968], [-79.72527628399996, -4.595211598999981], [-79.72439384199998, -4.595235395999964], [-79.72397778399994, -4.595095312999945], [-79.72368480199998, -4.594732178999948], [-79.72372988999996, -4.594400780999933], [-79.72438828799994, -4.594505960999925], [-79.72465433999997, -4.594286699999941], [-79.72493514199994, -4.593792636999979], [-79.72536202299995, -4.593481573999952], [-79.72541818199994, -4.5932243149999294], [-79.72490939999994, -4.592758753999931], [-79.72437667199995, -4.592819592999945], [-79.72371238699998, -4.592300548999958], [-79.72347099399997, -4.5919183039999325], [-79.72338725899994, -4.591562574999955], [-79.72326136599997, -4.591498024999964], [-79.72296856399998, -4.591365957999926], [-79.72276182699994, -4.590921510999976], [-79.72103099299994, -4.59025807699993], [-79.72049203699999, -4.58981274599995], [-79.71993875799996, -4.590539887999967], [-79.71946290699998, -4.590786555999955], [-79.71875555799994, -4.592343661999962], [-79.71870954199994, -4.592947577999951], [-79.71926375299995, -4.593961452999963], [-79.71960791399994, -4.59563280499998], [-79.72003287599995, -4.596232026999928], [-79.71984612799997, -4.596738712999979], [-79.71952996199997, -4.597028223999928], [-79.71930750699994, -4.597685113999944], [-79.71878104899997, -4.598058054999967], [-79.71840215699996, -4.598230869999952], [-79.71778022399997, -4.598327514999937], [-79.71710700499995, -4.599266191999959], [-79.71678899599993, -4.599449168999968], [-79.71641920699994, -4.599260134999952], [-79.71574293499998, -4.599640611999973], [-79.71436193199997, -4.599083801999939], [-79.71385507799994, -4.599011297999937], [-79.71383940399994, -4.598251981999965], [-79.71371660899996, -4.597951992999981], [-79.71400092399995, -4.5975834409999266], [-79.71396923999998, -4.597360901999934], [-79.71357822399995, -4.597261491999973]]]}}, {"type": "Feature", "properties": {"objectid": 17345, "anp_gid": 238, "acp_codi": "ACP145", "acp_nomb": "Buen Retiro", "acp_suleg": 4.998, "acp_balec": "R.M. N° 032-2020-MINAM", "acp_felec": 1580706000000, "acp_balem": " ", "acp_felem": null, "acp_fecad": "03/02/2040", "acp_ubpo": "LORETO", "acp_titu": "Marcela Kasparova", "acp_tipro": "Privado", "acp_tirec": "20", "acp_pareg": "P.E. N° 04008530", "acp_obs": null, "met_link": null, "acp_orden": 145, "acp_id": 56}, "geometry": {"type": "Polygon", "coordinates": [[[-73.57438783299995, -4.4818829399999345], [-73.57094194499996, -4.47896953299994], [-73.57036136599999, -4.479661204999957], [-73.57380725399997, -4.482574614999976], [-73.57438783299995, -4.4818829399999345]]]}}, {"type": "Feature", "properties": {"objectid": 17347, "anp_gid": 153, "acp_codi": "ACP107", "acp_nomb": "Tambopata Eco Lodge", "acp_suleg": 6.168, "acp_balec": "R.M. N° 310-2016-MINAM", "acp_felec": 1476939600000, "acp_balem": " ", "acp_felem": null, "acp_fecad": "2026-10-20", "acp_ubpo": "MADRE DE DIOS", "acp_titu": "Inversiones Maldonado SAC", "acp_tipro": "Privado", "acp_tirec": "10", "acp_pareg": " ", "acp_obs": null, "met_link": null, "acp_orden": 107, "acp_id": 16}, "geometry": {"type": "Polygon", "coordinates": [[[-69.43696468099995, -12.85203353999998], [-69.43735710499993, -12.851932802999954], [-69.43769050099996, -12.85180133199998], [-69.43780324999994, -12.851740659999962], [-69.43819354999994, -12.851555752999957], [-69.43847989199998, -12.85146079499998], [-69.43882051399999, -12.85137704899995], [-69.43920748599999, -12.851376401999971], [-69.43937918699999, -12.851434880999932], [-69.43921518799993, -12.849991574999933], [-69.43560828599993, -12.851586635999979], [-69.43256526699997, -12.85222336499993], [-69.43302023399997, -12.852253805999965], [-69.43340670899994, -12.852272967999966], [-69.43404681499999, -12.852309701999957], [-69.43467348099995, -12.852308664999953], [-69.43536304899999, -12.852294773999972], [-69.43599178899996, -12.852306116999955], [-69.43635789499996, -12.852235440999948], [-69.43696468099995, -12.85203353999998]]]}}, {"type": "Feature", "properties": {"objectid": 17348, "anp_gid": 200, "acp_codi": "ACP121", "acp_nomb": "Zoo Perú", "acp_suleg": 40.313, "acp_balec": "R.M. N° 261-2017-MINAM\r\n\r\n\r\n\r\n\r\n\r\n", "acp_felec": 1505451600000, "acp_balem": " ", "acp_felem": null, "acp_fecad": "2027-09-15", "acp_ubpo": "LORETO", "acp_titu": "Antony James Taggart", "acp_tipro": "Privado", "acp_tirec": "10", "acp_pareg": " ", "acp_obs": null, "met_link": null, "acp_orden": 121, "acp_id": 30}, "geometry": {"type": "Polygon", "coordinates": [[[-73.50282330399995, -4.115437955999937], [-73.49962657999998, -4.116532673999927], [-73.50276440999994, -4.125730002999944], [-73.50596118499993, -4.124635281999929], [-73.50282330399995, -4.115437955999937]]]}}, {"type": "Feature", "properties": {"objectid": 17349, "anp_gid": 230, "acp_codi": "ACP143", "acp_nomb": "Pumawasi", "acp_suleg": 861.01, "acp_balec": "R.M. N° 015-2020-MINAM", "acp_felec": 1579150800000, "acp_balem": " ", "acp_felem": null, "acp_fecad": "16/01/2030", "acp_ubpo": "CUSCO", "acp_titu": "Comunidad Campesina Pomacanchi", "acp_tipro": "Comunal", "acp_tirec": "10", "acp_pareg": "P. E. N° 05000117", "acp_obs": null, "met_link": null, "acp_orden": 143, "acp_id": 54}, "geometry": {"type": "Polygon", "coordinates": [[[-71.52976500199998, -14.084877352999968], [-71.53125771999999, -14.085818852999978], [-71.53249952399995, -14.087096215999964], [-71.53508326999997, -14.088205961999961], [-71.53647421599999, -14.089809313999979], [-71.53696607299997, -14.090706701999977], [-71.53780732599995, -14.091648720999956], [-71.53912783899995, -14.092519206999953], [-71.53972715799995, -14.092073378999942], [-71.54008496599994, -14.091770850999978], [-71.54018888099995, -14.091751776999956], [-71.54025583099997, -14.091721168999982], [-71.54123945899994, -14.091531560999954], [-71.54173445899994, -14.091448646999936], [-71.54204555599995, -14.091349784999977], [-71.54237434199996, -14.091184967999936], [-71.54273214499995, -14.090882436999948], [-71.54301005299999, -14.090544792999935], [-71.54326231199997, -14.090105967999932], [-71.54366166199998, -14.089677423999944], [-71.54397063699997, -14.089387331999944], [-71.54560613299998, -14.08790537599998], [-71.54562422199996, -14.087884045999942], [-71.54620493599998, -14.087201985999968], [-71.54673737599995, -14.086632186999964], [-71.54699943899993, -14.086419105999937], [-71.54723301399997, -14.086282753999967], [-71.54746552799998, -14.086050831999955], [-71.54771755499996, -14.085809218999941], [-71.54797972199998, -14.085605621999946], [-71.54804275499998, -14.085547589999976], [-71.54781869899995, -14.085215338999944], [-71.54762323699998, -14.084815843999934], [-71.54751771799994, -14.084573130999956], [-71.54741662699996, -14.08428736999997], [-71.54735917599999, -14.083972508999977], [-71.54731204999996, -14.083695662999958], [-71.54721685299995, -14.08328200799997], [-71.54726379199997, -14.082540542999936], [-71.54728975799998, -14.082127956999955], [-71.54729381199996, -14.081942626999933], [-71.54718933099997, -14.08190190299996], [-71.54715504999996, -14.081848512999954], [-71.54725558099994, -14.081524755999965], [-71.54728413299995, -14.081345219999946], [-71.54729866599996, -14.081270354999958], [-71.54730690599996, -14.080911707999974], [-71.54710050399996, -14.081069273999958], [-71.54697561399996, -14.081124344999978], [-71.54687172999996, -14.08113736799993], [-71.54676503299999, -14.08118041199998], [-71.54669510499997, -14.081225959999927], [-71.54662201799994, -14.081253562999962], [-71.54652391799993, -14.081245654999975], [-71.54646573599996, -14.081240306999973], [-71.54638888999995, -14.081104253999968], [-71.54623599399997, -14.080837015999975], [-71.54604244999996, -14.080501368999933], [-71.54590541999994, -14.08028771599993], [-71.54580273599998, -14.080133414999978], [-71.54560321899999, -14.079809844999943], [-71.54546126299994, -14.079544116999955], [-71.54544963599994, -14.079213142999947], [-71.54552033299996, -14.078961431999971], [-71.54548294999995, -14.078352300999939], [-71.54539402999995, -14.076399180999942], [-71.54541993499998, -14.075980631999926], [-71.54543909699998, -14.07549638699993], [-71.54545252399998, -14.075054119999947], [-71.54571525699998, -14.072236797999949], [-71.54579110699996, -14.071907339999939], [-71.54594226399996, -14.071182661999956], [-71.54611430299997, -14.070129105999968], [-71.54611154499997, -14.069328448999954], [-71.54598880899994, -14.068750121999926], [-71.54593628499998, -14.068427980999957], [-71.54595780299996, -14.068164772999978], [-71.54602618199993, -14.067703948999963], [-71.54618655499996, -14.06726004099994], [-71.54629936599997, -14.066942208999933], [-71.54649581199999, -14.066438114999926], [-71.54659611699998, -14.066102436999927], [-71.54668625799997, -14.065952152999955], [-71.54671496799995, -14.065778486999932], [-71.54675000399999, -14.06507301199997], [-71.54684367199997, -14.064689613999974], [-71.54695396599993, -14.064144601999942], [-71.54709627899996, -14.063724824999952], [-71.54719631799998, -14.06336529999993], [-71.54735708399994, -14.06295725299998], [-71.54740714999997, -14.062522730999945], [-71.54746599599997, -14.062379552999971], [-71.54652616399994, -14.060644908999961], [-71.54581585899996, -14.05954636399997], [-71.54545317999998, -14.058835143999943], [-71.54512419899999, -14.057028642999967], [-71.54579238799994, -14.056395992999967], [-71.54689027599994, -14.055289492999975], [-71.54715080599993, -14.055040929999961], [-71.54770758399997, -14.054677580999964], [-71.54813479699999, -14.050217043999965], [-71.54816921999998, -14.049857397999972], [-71.54786979499994, -14.04969297499997], [-71.54738648399996, -14.049452255999938], [-71.54699381899997, -14.049132434999933], [-71.54668251999993, -14.048923416999969], [-71.54612573799994, -14.048247756999956], [-71.54564945899995, -14.04760476399997], [-71.54526617499994, -14.047094945999959], [-71.54467547499996, -14.046464266999976], [-71.54416672899998, -14.045989283999972], [-71.54391624099998, -14.045555011999966], [-71.54302475399999, -14.045597554999972], [-71.54185917699994, -14.04546170499998], [-71.54156481299998, -14.045524158999967], [-71.54072968499997, -14.045645561999947], [-71.54010166999996, -14.045775026999934], [-71.53916384299998, -14.04582960199997], [-71.53863794599994, -14.04587975499993], [-71.53782826299994, -14.046134076999977], [-71.53707649799998, -14.04645482099994], [-71.53660199499996, -14.046999772999982], [-71.53603288599999, -14.047802695999962], [-71.53553205199995, -14.048501904999966], [-71.53517292799995, -14.049008537999953], [-71.53441025899997, -14.050095383999974], [-71.53429103099995, -14.050584752999953], [-71.53344799599995, -14.051186830999939], [-71.53312684999997, -14.051535033999926], [-71.53146967299995, -14.052824941999972], [-71.53101656999996, -14.053963808999981], [-71.53070949599999, -14.054767303999938], [-71.53053470099997, -14.054945662999955], [-71.52968722099996, -14.05581504199995], [-71.52871280999994, -14.05682315699994], [-71.52850680499995, -14.057016566999948], [-71.52832525499997, -14.057203667999943], [-71.52830946699999, -14.057442876999971], [-71.52827903399998, -14.058016862999978], [-71.52824111399997, -14.058465443999978], [-71.52826307399994, -14.058787912999946], [-71.52843483799995, -14.05993344999996], [-71.52849298199999, -14.06021371199995], [-71.52841704799994, -14.060722084999952], [-71.52848316199999, -14.061390672999948], [-71.52866784699995, -14.062153629999955], [-71.52888907999994, -14.062677174999976], [-71.52907595699998, -14.063129695999976], [-71.52921072899994, -14.063695988999939], [-71.52936818499995, -14.064094731999944], [-71.52947528399994, -14.06437447999997], [-71.52957029899994, -14.064666280999973], [-71.53014155499994, -14.065395308999939], [-71.53090041099995, -14.065931115999945], [-71.53134494799997, -14.066279055999928], [-71.53116674899996, -14.066770934999965], [-71.53114451499994, -14.066870832999939], [-71.53123222999994, -14.067498556999965], [-71.53098953999995, -14.068076213999973], [-71.53056471999997, -14.06851215599994], [-71.53032253199996, -14.069298484999933], [-71.53051740399997, -14.070006473999968], [-71.53050366699995, -14.070773111999927], [-71.53051316599993, -14.071376723999947], [-71.53052317199996, -14.071579413999928], [-71.53049117799998, -14.071860343999958], [-71.53024947399996, -14.072227332999944], [-71.53003765899996, -14.072519703999944], [-71.52910783499993, -14.073490746999937], [-71.52828290999997, -14.074658382999928], [-71.52763984799998, -14.075468856999976], [-71.52736591199994, -14.075836649999928], [-71.52720960999994, -14.076283344999979], [-71.52725937699995, -14.077035592999948], [-71.52730538999998, -14.07752521599997], [-71.52740840099995, -14.078327311999942], [-71.52749267299998, -14.078861881999956], [-71.52753991599997, -14.079597577999948], [-71.52741594399998, -14.079904772999953], [-71.52719311599998, -14.080127088999973], [-71.52695517799998, -14.080342883999947], [-71.52641385799996, -14.081033317999982], [-71.52601608299994, -14.081686305999938], [-71.52564167199995, -14.08230692799998], [-71.52517796199999, -14.083214225999939], [-71.52557894999995, -14.08390553099997], [-71.52614457999994, -14.084461203999979], [-71.52686174699994, -14.084752436999963], [-71.52794740899998, -14.084660381999981], [-71.52895460899998, -14.08467073199995], [-71.52976500199998, -14.084877352999968]]]}}, {"type": "Feature", "properties": {"objectid": 17351, "anp_gid": 259, "acp_codi": "ACP23", "acp_nomb": "Refugio K'erenda Homet", "acp_suleg": 0.98, "acp_balec": "R.M. N° 157-2010-MINAM", "acp_felec": 1283749200000, "acp_balem": " ", "acp_felem": null, "acp_fecad": "Perpetuo", "acp_ubpo": "MADRE DE DIOS", "acp_titu": "Kérenda Homet Zambrano Herrera", "acp_tipro": "Privado", "acp_tirec": "Perpetuo", "acp_pareg": " ", "acp_obs": null, "met_link": null, "acp_orden": 23, "acp_id": 65}, "geometry": {"type": "Polygon", "coordinates": [[[-69.18808556499994, -12.62674897599993], [-69.18849882999996, -12.627239550999946], [-69.18873232799996, -12.62688258299994], [-69.18915948099993, -12.62621583999993], [-69.18939847199994, -12.625852387999942], [-69.18950237099995, -12.625681612999927], [-69.18961390399994, -12.625565261999952], [-69.18971390199994, -12.625458682999977], [-69.18966663999998, -12.62541450499998], [-69.18953320199995, -12.625272377999977], [-69.18845881899995, -12.62645981999998], [-69.18808556499994, -12.62674897599993]]]}}, {"type": "Feature", "properties": {"objectid": 17353, "anp_gid": 325, "acp_codi": "ACP87", "acp_nomb": "Botafogo", "acp_suleg": 16.874, "acp_balec": "R.M. N° 012-2016-MINAM", "acp_felec": 1453438800000, "acp_balem": " ", "acp_felem": null, "acp_fecad": "2026-01-22", "acp_ubpo": "MADRE DE DIOS", "acp_titu": "Ronal Felipe Pereyra Saldivar", "acp_tipro": "Privado", "acp_tirec": "10", "acp_pareg": " ", "acp_obs": null, "met_link": null, "acp_orden": 87, "acp_id": 129}, "geometry": {"type": "Polygon", "coordinates": [[[-69.16090304799997, -12.65537881399996], [-69.16049471599996, -12.655734838999933], [-69.16011435899998, -12.65540993899998], [-69.15830676899998, -12.65676252399993], [-69.15686136099998, -12.657686593999927], [-69.15732315399998, -12.658431511999936], [-69.15783057399995, -12.659024686999942], [-69.15825492599998, -12.659388169999943], [-69.15873945599998, -12.659680098999956], [-69.15941048499997, -12.659828065999932], [-69.15999168399998, -12.65986505799998], [-69.16073649799995, -12.658386616999962], [-69.16151391099999, -12.656836184999975], [-69.16256193599997, -12.65476091399995], [-69.16173761099998, -12.654393974999948], [-69.16090304799997, -12.65537881399996]]]}}, {"type": "Feature", "properties": {"objectid": 17354, "anp_gid": 144, "acp_codi": "ACP09", "acp_nomb": "Jirishanca", "acp_suleg": 12172.91, "acp_balec": "R.M. N° 346-2007-AG", "acp_felec": 1177390800000, "acp_balem": " ", "acp_felem": null, "acp_fecad": "2037-04-24", "acp_ubpo": "HUANUCO", "acp_titu": "Comunidad Campesina Queropalca", "acp_tipro": "Comunidad Campesina", "acp_tirec": "30", "acp_pareg": " ", "acp_obs": null, "met_link": null, "acp_orden": 9, "acp_id": 7}, "geometry": {"type": "Polygon", "coordinates": [[[-76.91587835499996, -10.11931591399997], [-76.91301401799996, -10.119859187999964], [-76.90720152799997, -10.12070932499995], [-76.90304686799999, -10.123371943999928], [-76.90270770799998, -10.124475797999935], [-76.90258860099993, -10.127770600999952], [-76.90227859299995, -10.128894811999942], [-76.90127975299998, -10.129911271999958], [-76.89515221399995, -10.13176232799998], [-76.89270153999996, -10.133239388999925], [-76.89082109099996, -10.13368556499995], [-76.88297755999997, -10.133181572999945], [-76.87942927899996, -10.133250515999976], [-76.87707455599997, -10.137215416999936], [-76.87599771699996, -10.138272532999963], [-76.87419458699998, -10.13876419099995], [-76.87269501999998, -10.136738434999927], [-76.87099402999996, -10.135893125999928], [-76.86968447299995, -10.135841614999947], [-76.86674971799994, -10.134482008999953], [-76.86469419899998, -10.13241657499998], [-76.85879317199993, -10.134499325999968], [-76.85715811199998, -10.136190781999971], [-76.85394536799998, -10.135626545999969], [-76.85309123399998, -10.134559311999965], [-76.85125309899996, -10.132895117999965], [-76.84957985799997, -10.132476391999944], [-76.84643961599994, -10.130512775999932], [-76.84441186199996, -10.128937966999956], [-76.84167256899997, -10.129162278999956], [-76.84072580699996, -10.129577771999948], [-76.83933707599994, -10.131295572999932], [-76.83880783399997, -10.13431118799997], [-76.83824778099995, -10.135109042999943], [-76.83563272799995, -10.136731684999972], [-76.83449745199994, -10.137655113999926], [-76.83438080999997, -10.138812033999955], [-76.83357760799998, -10.138996006999946], [-76.83149465999998, -10.137712750999981], [-76.83008637699999, -10.136987741999974], [-76.82681498099998, -10.137468473999945], [-76.82536328799995, -10.138596913999947], [-76.82401841299998, -10.140696702999946], [-76.82348408699994, -10.14305935799996], [-76.82404048199999, -10.144596915999955], [-76.82354640699998, -10.146945678999941], [-76.81959785699996, -10.14670859399996], [-76.81850068799997, -10.147438844999954], [-76.81739184899999, -10.14975642099995], [-76.81597180099999, -10.15100020999995], [-76.81299666499996, -10.15184295299997], [-76.80847093599994, -10.15368224599996], [-76.80497790899994, -10.156711308999945], [-76.80229120999996, -10.158832591999953], [-76.80036360899999, -10.161027665999939], [-76.79895140199994, -10.159479830999942], [-76.79788228399997, -10.159966392999934], [-76.79457308599996, -10.161045155999943], [-76.79081131599997, -10.161476295999933], [-76.78739713699997, -10.162316067999939], [-76.78589358399995, -10.16331510699996], [-76.78605105399998, -10.164876901999946], [-76.78560892499996, -10.165645895999944], [-76.78455501399998, -10.16667674799993], [-76.78366226999998, -10.167605390999938], [-76.78391863399997, -10.169306284999948], [-76.78354311499999, -10.171027452999965], [-76.78313686999996, -10.172500872999933], [-76.78259912899995, -10.175172503999931], [-76.78274782899996, -10.176908720999961], [-76.78361239999998, -10.177288260999944], [-76.78510571999993, -10.176852568999948], [-76.78635367599998, -10.176491952999982], [-76.78761173799995, -10.176068950999934], [-76.78868363499998, -10.176302593999935], [-76.78989309799994, -10.176432838999972], [-76.79189475199996, -10.176182389999951], [-76.79289490899998, -10.175937415999954], [-76.79439002099997, -10.17665438499995], [-76.79632573399994, -10.176879638999935], [-76.79775684899994, -10.177343522999934], [-76.79808932399999, -10.178255695999951], [-76.79898790399994, -10.179282690999969], [-76.79973884499998, -10.18051688099996], [-76.80090511399999, -10.181512912999949], [-76.80159390099999, -10.182275697999955], [-76.80302719699995, -10.183122830999935], [-76.80484937499995, -10.18432161499993], [-76.80556992799995, -10.185438017999957], [-76.80736124399994, -10.186960694999925], [-76.80901412399999, -10.187463443999945], [-76.81091435999997, -10.188474765999956], [-76.81155003999999, -10.189548646999981], [-76.81180630599994, -10.190782074999959], [-76.81265667699995, -10.191874649999932], [-76.81314238999994, -10.192829174999929], [-76.81410000699998, -10.193941046999953], [-76.81428594699997, -10.194349236999926], [-76.81479479099994, -10.19475470499998], [-76.81533841899994, -10.19588549499997], [-76.81663663399996, -10.19621379399996], [-76.81774791099997, -10.19680984799993], [-76.81929313999996, -10.197655612999938], [-76.81978013099996, -10.198602747999928], [-76.81997244099995, -10.199561941999946], [-76.82087036099995, -10.201011768999933], [-76.82316764599994, -10.202818271999945], [-76.82369596799998, -10.203336045999947], [-76.82542667599995, -10.204116556999963], [-76.82587705599997, -10.204658668999969], [-76.82559071399999, -10.205103358999963], [-76.82575587999997, -10.20549630399995], [-76.82622835699993, -10.205801349999945], [-76.82620520399996, -10.206125400999952], [-76.82650274499997, -10.206529064999927], [-76.82713628799996, -10.206842248999976], [-76.82724352599996, -10.20733724799993], [-76.82768512199993, -10.207971714999928], [-76.82812502099995, -10.208329740999943], [-76.82882680199998, -10.20853337099993], [-76.82955311199999, -10.209854056999973], [-76.82956175599998, -10.211366680999959], [-76.82979906199995, -10.212638297999945], [-76.83032167699997, -10.213461636999966], [-76.83125764099998, -10.213641608999978], [-76.83152990899998, -10.214038297999934], [-76.83144445199997, -10.214433887999974], [-76.83088385999997, -10.215421354999933], [-76.83118129099995, -10.21660634799997], [-76.83153399399998, -10.217834780999965], [-76.83184809599999, -10.21879372199993], [-76.83276341099997, -10.22040784099994], [-76.83357786299996, -10.22153149999997], [-76.83436780099998, -10.222130081999978], [-76.83463984799994, -10.222133006999968], [-76.83483228099993, -10.222061286999974], [-76.83508043399996, -10.22222876799998], [-76.83521680599995, -10.222323423999967], [-76.83548481299994, -10.222299072999931], [-76.83579459699996, -10.222229049999953], [-76.83679610799999, -10.222964304999948], [-76.83773795599996, -10.224162952999961], [-76.83905396299997, -10.22539035699998], [-76.84002628099995, -10.226465340999937], [-76.84201674799993, -10.228416109999955], [-76.84477676999995, -10.230781802999957], [-76.84557672299997, -10.23136673099998], [-76.84640597299995, -10.232122474999926], [-76.84685170999995, -10.232442568999943], [-76.84766677899995, -10.232815423999966], [-76.84845006999996, -10.23327491599997], [-76.84935379599995, -10.233561892999944], [-76.84980149999996, -10.233884907999936], [-76.84999591299999, -10.233878797999978], [-76.85024586699996, -10.233885888999964], [-76.85217198399994, -10.235301660999937], [-76.85312446799998, -10.23594252099997], [-76.85411655099995, -10.236810220999928], [-76.85495166399994, -10.238616159999935], [-76.85552140399994, -10.241578025999956], [-76.85617329699994, -10.242581220999966], [-76.85657437599997, -10.243211893999955], [-76.85798180699999, -10.24359906199993], [-76.85930408399997, -10.243396226999948], [-76.85919001199994, -10.24254400999996], [-76.85941112099994, -10.241786703999935], [-76.86045146199996, -10.241634687999976], [-76.86109389799998, -10.241794264999953], [-76.86270729999995, -10.241908572999932], [-76.86364754199997, -10.242398224999931], [-76.86746311299999, -10.242238881999981], [-76.87240866299999, -10.23952996199995], [-76.87583335899996, -10.237809158999937], [-76.88698983299997, -10.232297805999963], [-76.91398242799994, -10.229881314999943], [-76.91443422599997, -10.228614634999929], [-76.91567918499999, -10.226708931999951], [-76.91637118999995, -10.225644842999941], [-76.91644960199994, -10.224730268999963], [-76.91629945399995, -10.224178275999975], [-76.91563582799995, -10.22333064299994], [-76.91561576399994, -10.222782292999966], [-76.91610444799994, -10.221732344999964], [-76.91651262399995, -10.21844744799995], [-76.91601819899995, -10.21713735399993], [-76.91462444499996, -10.215626523999958], [-76.91427699599996, -10.214962015999959], [-76.91431532699994, -10.214297091999981], [-76.91454687099997, -10.213797012999976], [-76.91461167299997, -10.212925321999933], [-76.91449816699998, -10.212667120999981], [-76.91386069399994, -10.212209946999963], [-76.91272256499997, -10.211454174999972], [-76.91239239099997, -10.210953965999977], [-76.91200017199998, -10.208968203999973], [-76.91076184099995, -10.205110168999965], [-76.90996476199996, -10.202174956999954], [-76.90954122399995, -10.199495032999948], [-76.90937230899993, -10.198643903999937], [-76.91002270599995, -10.197808273999954], [-76.91113179099995, -10.196093101999963], [-76.91158234599999, -10.194897900999933], [-76.91308245999994, -10.19231248799997], [-76.91441242499997, -10.188673070999926], [-76.91317025299998, -10.186428322999973], [-76.91212099199998, -10.185622920999947], [-76.91192580599994, -10.183798099999933], [-76.91181514199997, -10.181240952999929], [-76.91131665799998, -10.180177956999955], [-76.91072262699998, -10.179071213999975], [-76.90996688799999, -10.178108476999967], [-76.90878997299995, -10.176371492999976], [-76.90919651299998, -10.174326323999935], [-76.90973111199997, -10.172895705999963], [-76.91064949199995, -10.172362847999977], [-76.91128165799995, -10.17191281199996], [-76.91108676799996, -10.171192926999936], [-76.91047926299996, -10.170211269999982], [-76.91091037699994, -10.168019586999947], [-76.91230404199996, -10.164765295999928], [-76.91187099799998, -10.164260609999928], [-76.91100901199997, -10.16394102199996], [-76.91124702799993, -10.162641169999972], [-76.91139202999994, -10.161297779999927], [-76.91127183399993, -10.159922364999943], [-76.91161090999998, -10.158398750999936], [-76.91182916899999, -10.157220744999961], [-76.91195500699996, -10.154938519999973], [-76.91260897999996, -10.153468459999942], [-76.91310179699997, -10.152293243999964], [-76.91331156199999, -10.151673340999935], [-76.91282119999994, -10.148409751999964], [-76.91311377199997, -10.145953137999982], [-76.91396417699997, -10.143697158999942], [-76.91472155499997, -10.140903414999968], [-76.91481979599996, -10.14014068399996], [-76.91399124299994, -10.138542721999954], [-76.91451736199997, -10.136724860999948], [-76.91519895599998, -10.135025773999928], [-76.91535372799996, -10.133503234999978], [-76.91473512699997, -10.132776453999952], [-76.91415495199999, -10.13162338899997], [-76.91399486599994, -10.130149221999943], [-76.91438465299996, -10.128923679999957], [-76.91491138199996, -10.128174711999975], [-76.91553645599998, -10.126340332999973], [-76.91567231999994, -10.125081654999974], [-76.91563764499995, -10.12268781399996], [-76.91604300499995, -10.120645331999981], [-76.91587835499996, -10.11931591399997]]]}}, {"type": "Feature", "properties": {"objectid": 17355, "anp_gid": 323, "acp_codi": "ACP85", "acp_nomb": "El Cortijo", "acp_suleg": 22.35, "acp_balec": "R.M. N° 358-2015-MINAM", "acp_felec": 1451451600000, "acp_balem": " ", "acp_felem": null, "acp_fecad": "2035-12-30", "acp_ubpo": "LORETO", "acp_titu": "Harris Renee del Aguila Panduro y Sonia Maura Rojas de del Aguila", "acp_tipro": "Privado", "acp_tirec": "20", "acp_pareg": " ", "acp_obs": null, "met_link": null, "acp_orden": 85, "acp_id": 127}, "geometry": {"type": "Polygon", "coordinates": [[[-74.95020774599999, -7.2222862719999625], [-74.95563027399999, -7.22255568199995], [-74.95460128499997, -7.2219544979999455], [-74.95392126099995, -7.2214850699999715], [-74.95339335699998, -7.220888899999977], [-74.94877497299996, -7.220848462999925], [-74.94094280099995, -7.22077977999993], [-74.93971244999994, -7.22176464599994], [-74.95020774599999, -7.2222862719999625]]]}}, {"type": "Feature", "properties": {"objectid": 17356, "anp_gid": 335, "acp_codi": "ACP95", "acp_nomb": "Santuario de La Verónica", "acp_suleg": 16.705, "acp_balec": "R.M. N° 177-2016-MINAM", "acp_felec": 1467954000000, "acp_balem": " ", "acp_felem": null, "acp_fecad": "2036-07-08", "acp_ubpo": "CUSCO", "acp_titu": "Teófilo Bellota Atayupanqui y  Martina Paredes de Bellota", "acp_tipro": "Privado", "acp_tirec": "20", "acp_pareg": " ", "acp_obs": null, "met_link": null, "acp_orden": 95, "acp_id": 137}, "geometry": {"type": "Polygon", "coordinates": [[[-72.36407564499996, -13.198717034999959], [-72.36417981799997, -13.198587954999937], [-72.36428145599996, -13.19836907499996], [-72.36430570299996, -13.19814280199995], [-72.36431942899998, -13.198032572999978], [-72.36436760999999, -13.197906801999977], [-72.36447513599995, -13.197798259999956], [-72.36452320199999, -13.197711505999962], [-72.36455620099997, -13.19759768199998], [-72.36455762599996, -13.19746474599998], [-72.36456502999994, -13.197298995999972], [-72.36461237799995, -13.197137448999968], [-72.36465467899995, -13.19705668599994], [-72.36471290599997, -13.197000835999972], [-72.36481764399997, -13.19688982699995], [-72.36485457899994, -13.196834298999931], [-72.36488166099997, -13.196761960999936], [-72.36490724399994, -13.196666213999947], [-72.36494186599998, -13.196505608999928], [-72.36496012599997, -13.196420907999936], [-72.36505190999998, -13.196213304999958], [-72.36517366799995, -13.195954255999936], [-72.36528170799994, -13.19570545299996], [-72.36540251499997, -13.195464005999952], [-72.36556697899994, -13.195306193999954], [-72.36569264499997, -13.195164689999956], [-72.36575396999996, -13.19501123699996], [-72.36583418599997, -13.194825912999931], [-72.36589476899996, -13.194727454999963], [-72.36598482099998, -13.194681504999949], [-72.36611127799995, -13.194629245999977], [-72.36622212199995, -13.19455144699998], [-72.36635969799994, -13.194419368999945], [-72.36630582799995, -13.194366699999932], [-72.36621695799994, -13.19433083299998], [-72.36603641199997, -13.194372057999942], [-72.36582290499996, -13.19437464999993], [-72.36556562399994, -13.19442511099993], [-72.36533218299996, -13.194450346999929], [-72.36510900599995, -13.194390606999946], [-72.36498818199993, -13.194413567999959], [-72.36489024199994, -13.19449330699996], [-72.36484793699998, -13.194624285999964], [-72.36473641799995, -13.194814797999982], [-72.36459845999997, -13.195017681999957], [-72.36439684699997, -13.195251069999927], [-72.36429653599998, -13.195459669999934], [-72.36401886099998, -13.195561581999982], [-72.36354779399994, -13.195654728999955], [-72.36349511199995, -13.195669841999973], [-72.36336949099996, -13.19570588299996], [-72.36317884599998, -13.195760578999966], [-72.36296918999994, -13.195758419999947], [-72.36270102399999, -13.195618821999972], [-72.36233433599995, -13.19535104099998], [-72.36204782799996, -13.195064574999947], [-72.36165139899998, -13.194776976999947], [-72.36155379199994, -13.194570676999945], [-72.36150545099997, -13.194413743999974], [-72.36136824999994, -13.194177770999943], [-72.36120985599996, -13.194039213999929], [-72.36101246799996, -13.193822128999955], [-72.36081591999994, -13.193526744999929], [-72.36074797899994, -13.193340347999936], [-72.36065943899996, -13.193160512999953], [-72.36063221699999, -13.192906163999965], [-72.36049637999997, -13.192543033999982], [-72.36032981299996, -13.192238204999967], [-72.36014448599997, -13.191825611999946], [-72.36000867799999, -13.19145281799996], [-72.35981562599994, -13.190825093999933], [-72.35970778999996, -13.190545076999967], [-72.35945914299998, -13.190266316999953], [-72.35934374799996, -13.190392839999959], [-72.35923431199996, -13.190658333999977], [-72.35905300599995, -13.19100419299997], [-72.35894297299996, -13.191339228999936], [-72.35887669899995, -13.191677243999948], [-72.35900169499996, -13.191860163999934], [-72.35913246199993, -13.192064821999963], [-72.35918221699995, -13.192238657999951], [-72.35922530499994, -13.19255874199996], [-72.35931576099995, -13.192850232999945], [-72.35943578899997, -13.193035902999952], [-72.35960422699998, -13.193180433999942], [-72.35976953899996, -13.193240935999938], [-72.36001650399999, -13.193365143999927], [-72.36024915199994, -13.19359062999996], [-72.36039373799997, -13.193896406999954], [-72.36043281499997, -13.194045023999934], [-72.36045734899994, -13.194443586999967], [-72.36049697399994, -13.19471116099993], [-72.36058769299996, -13.194935905999955], [-72.36070545499996, -13.195113061999962], [-72.36087695199996, -13.195298721999961], [-72.36109779299994, -13.195484164999982], [-72.36117127499995, -13.195572350999953], [-72.36129369999998, -13.195789657999967], [-72.36141459999999, -13.196000444999981], [-72.36146704799995, -13.196171237999977], [-72.36158264799997, -13.19647101399994], [-72.36162681699994, -13.196585555999945], [-72.36173587699994, -13.19678745899995], [-72.36198823999996, -13.197096151999972], [-72.36235458999994, -13.197416948999944], [-72.36275135999995, -13.19763753199993], [-72.36314675099999, -13.197838230999935], [-72.36346937099995, -13.198069516999965], [-72.36351002299995, -13.19809866099996], [-72.36387182099998, -13.198447316999932], [-72.36400134299998, -13.19861285299993], [-72.36407564499996, -13.198717034999959]]]}}, {"type": "Feature", "properties": {"objectid": 17357, "anp_gid": 141, "acp_codi": "ACP04", "acp_nomb": "Huayllapa", "acp_suleg": 21106.57, "acp_balec": "R.M. N° 909-2005-AG", "acp_felec": 1134450000000, "acp_balem": "R.M. Nº 202-2007-AG", "acp_felem": 1173157200000, "acp_fecad": "Perpetuo", "acp_ubpo": "LIMA", "acp_titu": "Comunidad Campesina Huayllapa", "acp_tipro": "Comunidad Campesina", "acp_tirec": "Perpetuo", "acp_pareg": " ", "acp_obs": null, "met_link": null, "acp_orden": 4, "acp_id": 4}, "geometry": {"type": "Polygon", "coordinates": [[[-76.88837880899996, -10.409666867999931], [-76.89233174199995, -10.409842409999953], [-76.89669354999995, -10.407981577999976], [-76.90136908399995, -10.40469058399998], [-76.90575504599997, -10.403118770999981], [-76.91382763299998, -10.406984766999926], [-76.91662679499996, -10.407248256999935], [-76.92041522699998, -10.406619926999952], [-76.92445753699997, -10.405004731999952], [-76.92746961999995, -10.405095100999972], [-76.92973596299998, -10.405117618999952], [-76.93276618699997, -10.405930979999937], [-76.93643738999998, -10.40444443499996], [-76.94018882899996, -10.403065839999954], [-76.94334262499996, -10.402224151999974], [-76.94584754199997, -10.401106155999969], [-76.94837996099994, -10.399825268999962], [-76.95089180999997, -10.398038288999942], [-76.95268002099994, -10.396572076999973], [-76.95404874999997, -10.394963784999959], [-76.95630519999997, -10.393413351999982], [-76.95940731299999, -10.393873499999927], [-76.96188737399996, -10.395973525999977], [-76.96417518099997, -10.39867129399994], [-76.96616970099996, -10.401642014999936], [-76.96972178399994, -10.402316225999925], [-76.97287589399997, -10.403318254999931], [-76.97569525899996, -10.402541595999935], [-76.97639356299999, -10.399789380999948], [-76.97696257399997, -10.396125006999966], [-76.97699791899998, -10.392852606999952], [-76.97711428799994, -10.389941274999956], [-76.97816052199994, -10.387711189999948], [-76.98036605499993, -10.385808403999931], [-76.98187381299994, -10.384199167999952], [-76.98418696699997, -10.382810929999948], [-76.98522554299996, -10.380779742999948], [-76.98604887599998, -10.378596219999963], [-76.98797892899995, -10.37709282399993], [-76.99075087399996, -10.375900573999957], [-76.99338859099998, -10.374691058999929], [-76.99454592799998, -10.372098694999977], [-76.99640395999995, -10.36874269699996], [-76.99811693599997, -10.36604744799996], [-76.99954758499996, -10.363959567999927], [-77.00143290499994, -10.362040598999954], [-77.00278300399998, -10.361290993999944], [-77.00435330199997, -10.362510525999937], [-77.00549357299997, -10.363669455999968], [-77.00629120799994, -10.36446895599994], [-77.00760316599997, -10.365436984999974], [-77.00837712199996, -10.366055845999938], [-77.00998008999994, -10.367112434999967], [-77.01181835799997, -10.368782194999937], [-77.01396501399995, -10.369374367999967], [-77.01565771399999, -10.370493632999967], [-77.01717019199998, -10.372382330999926], [-77.01795083999997, -10.37404060199998], [-77.01932238099994, -10.37556860999996], [-77.02110757699995, -10.376777644999947], [-77.02101585599996, -10.378134064999927], [-77.02143859399996, -10.379631871999948], [-77.02251829599999, -10.380935721999947], [-77.02286612399996, -10.382894981999925], [-77.02284354999995, -10.384576367999955], [-77.02319891699995, -10.386020358999929], [-77.02342241599996, -10.387410946999978], [-77.02481577899994, -10.388857426999948], [-77.02539670999994, -10.390634429999977], [-77.02671530399994, -10.390879192999932], [-77.02890289399994, -10.391245001999948], [-77.03029972199994, -10.391498292999927], [-77.03132447999997, -10.391130250999936], [-77.03322057099996, -10.39089226799996], [-77.03416797799997, -10.391446673999951], [-77.03525398599999, -10.39199115699995], [-77.03677916999999, -10.393075180999972], [-77.03792396999995, -10.394016989999955], [-77.03957026999996, -10.39485617799994], [-77.04126061499994, -10.395622763999938], [-77.04215700999998, -10.396972882999933], [-77.04331237799994, -10.397824211999932], [-77.04512760499995, -10.398924412999975], [-77.04677216999994, -10.400016652999966], [-77.04753580299996, -10.400734880999948], [-77.04911770399997, -10.401972126999965], [-77.05064238799997, -10.402965680999955], [-77.05198817999997, -10.403915177999977], [-77.05335215699995, -10.40424087599996], [-77.05420874399994, -10.404596935999962], [-77.05451411299998, -10.405218652999963], [-77.05540104099998, -10.405981259999976], [-77.05734955799994, -10.40694493899997], [-77.05918495299994, -10.408234725999932], [-77.06122254799999, -10.409116454999946], [-77.06229227699998, -10.41055576499997], [-77.06326103899994, -10.411869176999971], [-77.06522770599997, -10.413067685999977], [-77.06694241399998, -10.414132225999936], [-77.06777424699999, -10.41501264599998], [-77.06867486399995, -10.416154740999957], [-77.06965560299994, -10.415687428999945], [-77.06959564699997, -10.413129869999977], [-77.06890932399995, -10.41060347299998], [-77.06827806499996, -10.408637115999966], [-77.06802804599994, -10.406243476999975], [-77.06841467199996, -10.403429947999939], [-77.06700756699996, -10.399932010999976], [-77.06247240799996, -10.39744845499996], [-77.05882959899998, -10.393892520999941], [-77.05677506499995, -10.391058492999946], [-77.05509292199997, -10.38814070999996], [-77.05302863099996, -10.386554057999945], [-77.05213723399999, -10.383739656999978], [-77.05088904099995, -10.380764829999976], [-77.05027773799998, -10.377713617999973], [-77.04900900099994, -10.375344506999966], [-77.04652702199996, -10.37356159899997], [-77.04541213699997, -10.372032095999941], [-77.04445213999998, -10.370320824999965], [-77.04334330199998, -10.368312213999957], [-77.04157278099996, -10.367211681999947], [-77.04187919299994, -10.364570391999962], [-77.04058093399993, -10.363394540999934], [-77.03925462799998, -10.36193865499996], [-77.03716334699999, -10.361301105999928], [-77.03617936099994, -10.359617062999973], [-77.03493939999998, -10.355973194999933], [-77.03437142799999, -10.35301202599993], [-77.03199342099998, -10.352050840999937], [-77.02946889499998, -10.349951653999938], [-77.02998801699994, -10.345456036999963], [-77.02839577599997, -10.339437094999937], [-77.02676943499995, -10.333336994999968], [-77.02559726499999, -10.328210231999947], [-77.02423456099996, -10.325308234999966], [-77.02322383299997, -10.322575763999964], [-77.01976002199996, -10.321910486999968], [-77.01845704099998, -10.319324441999981], [-77.01627284499995, -10.316319054999951], [-77.01345604299996, -10.314754792999963], [-77.01287986099999, -10.31188397099993], [-77.01137216899997, -10.308666419999952], [-77.00951667599998, -10.306598976999965], [-77.00910535299994, -10.303311316999952], [-77.00822473899996, -10.30023446499996], [-77.00862243599994, -10.295875168999942], [-77.00878746299998, -10.292113894999943], [-77.00868939699996, -10.287070704999962], [-77.00726034499996, -10.284168980999937], [-77.00433579699995, -10.282243679999965], [-76.99945833999999, -10.283078289999935], [-76.99469340999997, -10.280169932999968], [-76.99052080299998, -10.277601341999969], [-76.99067006699994, -10.283674743999939], [-76.99070788899996, -10.289893452999934], [-76.99071765099995, -10.295136103999937], [-76.98857516399994, -10.295122155999934], [-76.98616405499996, -10.29603183699993], [-76.98325923999994, -10.297269939999978], [-76.98046847199998, -10.297133363999933], [-76.97815946599997, -10.299741740999934], [-76.97713176299999, -10.30212533799994], [-76.97535543699996, -10.303618622999977], [-76.97219585999994, -10.30340288399998], [-76.96929794899995, -10.303800188999958], [-76.96597117899995, -10.30542037899994], [-76.96399940099997, -10.303416598999945], [-76.96198976099998, -10.301467266999964], [-76.96308418199999, -10.297998577999977], [-76.96103226299994, -10.296447217999969], [-76.95748984399995, -10.29468791499994], [-76.95428806299998, -10.293025941999929], [-76.95244247699998, -10.290506057999949], [-76.95060289799994, -10.288401931999942], [-76.94738771699997, -10.288168174999953], [-76.94419697499995, -10.28750034799998], [-76.94210779999997, -10.285289185999943], [-76.93829856599996, -10.281886052999937], [-76.93828039699997, -10.279092976999948], [-76.93500394799997, -10.27796453999997], [-76.93109220499997, -10.276442112999973], [-76.92660626299994, -10.275944505999973], [-76.92120848299999, -10.274602522999942], [-76.91857914899998, -10.276760455999977], [-76.91514579799997, -10.277323124999953], [-76.91085307399999, -10.275757486999964], [-76.90647840899999, -10.273839721999934], [-76.90492392299996, -10.276985596999964], [-76.90270025199999, -10.28089472399995], [-76.90117381999994, -10.283543247999944], [-76.89914477599996, -10.285715614999958], [-76.89542936999999, -10.28717467499996], [-76.89262270399996, -10.29049959799994], [-76.89113779499996, -10.294106056999965], [-76.89322920199999, -10.298116475999961], [-76.89371049099998, -10.301856071999964], [-76.89315143199997, -10.305448081999941], [-76.89004477299994, -10.306279821999965], [-76.88574090099996, -10.306928685999935], [-76.88254540999998, -10.307652401999974], [-76.88038523999995, -10.310367841999948], [-76.87807193099997, -10.314060453999957], [-76.87598257699995, -10.317860232999976], [-76.87470039799996, -10.32217058599997], [-76.87352124399996, -10.324708553999926], [-76.87243583999998, -10.32833978399998], [-76.87259973499994, -10.33159313599998], [-76.87173648999999, -10.335358673999963], [-76.87131690099994, -10.338841405999972], [-76.87460334599996, -10.34156134799997], [-76.87613406199995, -10.34508696699993], [-76.87431937699995, -10.348324705999971], [-76.87082487199996, -10.352828724999938], [-76.86874412599997, -10.355814880999958], [-76.86719223999995, -10.358210378999956], [-76.86544455699999, -10.361321147999945], [-76.86463721699994, -10.364571098999932], [-76.86487510099994, -10.368465851999929], [-76.86621470999995, -10.373095465999938], [-76.86425314999997, -10.375466223999979], [-76.86049299399997, -10.375786330999972], [-76.85614471299994, -10.379680506999932], [-76.85590157499996, -10.384030048999932], [-76.85404942599996, -10.388334649999933], [-76.85091208399996, -10.392646665999962], [-76.84880529199995, -10.397386635999965], [-76.84918524499994, -10.403133761999982], [-76.84919941399994, -10.407527025999968], [-76.84843950199996, -10.41135524899994], [-76.84995866599996, -10.414338649999934], [-76.85057089899993, -10.415908035999962], [-76.85210451899997, -10.416595230999974], [-76.85387626999994, -10.417931900999974], [-76.85561101499997, -10.417207706999932], [-76.85643214699996, -10.418242518999932], [-76.85873303699998, -10.42030830799996], [-76.86099378599994, -10.417384370999969], [-76.86349004199997, -10.413808193999955], [-76.86748782799998, -10.409852626999964], [-76.87003313699995, -10.405670473999976], [-76.87261233499999, -10.401343477999944], [-76.87597024799999, -10.397219829999926], [-76.87889422099994, -10.39355068599997], [-76.88096301999997, -10.394135179999978], [-76.88277910899996, -10.396736982999926], [-76.88490402099995, -10.39915616299993], [-76.88519131499999, -10.40238162199995], [-76.88569626899994, -10.407305249999979], [-76.88837880899996, -10.409666867999931]]]}}, {"type": "Feature", "properties": {"objectid": 17358, "anp_gid": 197, "acp_codi": "ACP119", "acp_nomb": "Matoriato", "acp_suleg": 1737.5, "acp_balec": "R.M. N° 128-2017-MINAM", "acp_felec": 1494565200000, "acp_balem": " ", "acp_felem": null, "acp_fecad": "2027-05-12", "acp_ubpo": "CUSCO", "acp_titu": "Comunidad Nativa Matoriato", "acp_tipro": "Comunidad Campesina", "acp_tirec": "10", "acp_pareg": " ", "acp_obs": null, "met_link": null, "acp_orden": 119, "acp_id": 28}, "geometry": {"type": "Polygon", "coordinates": [[[-72.78199400599993, -12.380352623999954], [-72.78027589699997, -12.389164827999934], [-72.76805956299995, -12.421801655999957], [-72.76894348799993, -12.406226036999954]]]}}, {"type": "Feature", "properties": {"objectid": 17359, "anp_gid": 234, "acp_codi": "ACP145", "acp_nomb": "Buen Retiro", "acp_suleg": 4.949, "acp_balec": "R.M. N° 032-2020-MINAM", "acp_felec": 1580706000000, "acp_balem": " ", "acp_felem": null, "acp_fecad": "03/02/2040", "acp_ubpo": "LORETO", "acp_titu": "Marcela Kasparova", "acp_tipro": "Privado", "acp_tirec": "20", "acp_pareg": "P.E. N° 04008239", "acp_obs": null, "met_link": null, "acp_orden": 145, "acp_id": 56}, "geometry": {"type": "Polygon", "coordinates": [[[-73.57210309899995, -4.4775861859999395], [-73.56869169499998, -4.474701911999944], [-73.56811111999997, -4.4753935829999705], [-73.57152252199995, -4.478277859999935], [-73.57210309899995, -4.4775861859999395]]]}}, {"type": "Feature", "properties": {"objectid": 17360, "anp_gid": 274, "acp_codi": "ACP37", "acp_nomb": "Lomas de Atiquipa", "acp_suleg": 19028.02, "acp_balec": "R.M. N° 165-2011-MINAM", "acp_felec": 1311656400000, "acp_balem": "R.M. Nº 018-2022-MINAM", "acp_felem": 1642741200000, "acp_fecad": "2031-07-26", "acp_ubpo": "AREQUIPA", "acp_titu": "Comunidad Campesina de Yauca, Jaqui y Atiquipa", "acp_tipro": "Comunidad Campesina", "acp_tirec": "10", "acp_pareg": " ", "acp_obs": null, "met_link": null, "acp_orden": 37, "acp_id": 79}, "geometry": {"type": "Polygon", "coordinates": [[[-74.32645237599996, -15.631583886999977], [-74.46229654199993, -15.729053441999952], [-74.36374670299995, -15.825537490999977], [-74.36361752699997, -15.821516342999928], [-74.36383745399996, -15.821755050999968], [-74.36175540999994, -15.821575769999981], [-74.33650429499994, -15.807640413999934]]]}}, {"type": "Feature", "properties": {"objectid": 17361, "anp_gid": 215, "acp_codi": "ACP135", "acp_nomb": "Páramos y Bosques Montanos, Paraíso de la Comunidad Campesina San Felipe", "acp_suleg": 1957.75, "acp_balec": "R.M. N° 022-2019-MINAM", "acp_felec": 1549947600000, "acp_balem": " ", "acp_felem": null, "acp_fecad": "Perpetuo", "acp_ubpo": "CAJAMARCA", "acp_titu": "Comunidad Campesina San Felipe", "acp_tipro": "Comunal", "acp_tirec": "Perpetuo", "acp_pareg": "PE N° 02093222", "acp_obs": null, "met_link": null, "acp_orden": 135, "acp_id": 45}, "geometry": {"type": "Polygon", "coordinates": [[[-79.25669119199995, -5.71383168899996], [-79.25388498299998, -5.713337943999932], [-79.25216454399998, -5.7129146149999315], [-79.24848492699994, -5.7138418499999375], [-79.24600249999997, -5.712835652999956], [-79.24362557999996, -5.710751397999957], [-79.24079695799998, -5.708260641999971], [-79.23904718599994, -5.705863348999969], [-79.23756930199994, -5.703862232999938], [-79.23440244799997, -5.706034611999939], [-79.23256098799999, -5.706818451999936], [-79.23134027999998, -5.707675964999964], [-79.22794916499998, -5.707545903999971], [-79.22505903699994, -5.709011011999962], [-79.21843908599999, -5.706478519999962], [-79.21539485999995, -5.704728624999973], [-79.21387350699996, -5.702447233999976], [-79.20964735899997, -5.70513270899994], [-79.20708247999994, -5.708139117999963], [-79.20607766599994, -5.708686230999945], [-79.20485216499998, -5.711074780999979], [-79.20405560499995, -5.7137696949999395], [-79.20218118699995, -5.717448082999965], [-79.20207795799996, -5.719911902999968], [-79.20137322199997, -5.722254695999936], [-79.20121889899997, -5.723869061999949], [-79.20194156399998, -5.728147164999939], [-79.20561997899995, -5.728796744999954], [-79.20791808399997, -5.730024614999934], [-79.21014655799996, -5.733322890999943], [-79.21205670099994, -5.731592783999929], [-79.21360034799994, -5.731597601999965], [-79.21965126799995, -5.724916252999947], [-79.22359130699994, -5.72356311599998], [-79.22452261799998, -5.7259983319999606], [-79.22890563799996, -5.730297868999969], [-79.23215010399997, -5.73204398799993], [-79.23450483599999, -5.732503362999978], [-79.23772981299999, -5.734728633999964], [-79.24069226399996, -5.740144983999926], [-79.24052578899995, -5.747323974999972], [-79.24203195599995, -5.7507375239999305], [-79.24173395999998, -5.751668126999959], [-79.24315164899997, -5.753050451999968], [-79.24493921299995, -5.7527592939999295], [-79.24598436399998, -5.752226604999976], [-79.24872382399997, -5.751531644999943], [-79.25219269599995, -5.7513269619999505], [-79.25524683299994, -5.75083389699995], [-79.25892925699998, -5.751413204999949], [-79.25992156999996, -5.747178450999968], [-79.26043282699999, -5.743942912999955], [-79.25988082899994, -5.741478632999929], [-79.25861430799995, -5.740336087999935], [-79.25607644599995, -5.739531546999956], [-79.25543850899999, -5.737709772999949], [-79.25787151399999, -5.7383261369999445], [-79.25837151599995, -5.73727499599994], [-79.25970508799998, -5.737571874999958], [-79.26050163699995, -5.73639722799993], [-79.25879581599997, -5.735090566999929], [-79.25861092299994, -5.7338143869999385], [-79.25755569899997, -5.732294650999961], [-79.25662115499995, -5.731614333999971], [-79.25488804399998, -5.731287641999927], [-79.25465320699999, -5.7299663009999335], [-79.25692893999997, -5.729351196999971], [-79.25814899599999, -5.730116450999958], [-79.25934646799999, -5.729626526999937], [-79.25869596199993, -5.726413325999943], [-79.25795351699998, -5.72454248899993], [-79.26048397799997, -5.722064497999952], [-79.26008741099997, -5.720734479999976], [-79.26043222499999, -5.718500293999966], [-79.25866750299997, -5.716352485999948], [-79.25669119199995, -5.71383168899996]]]}}, {"type": "Feature", "properties": {"objectid": 17362, "anp_gid": 263, "acp_codi": "ACP26", "acp_nomb": "Bosque Seco Amotape", "acp_suleg": 123.3, "acp_balec": "R.M. N° 242-2010-MINAM", "acp_felec": 1291179600000, "acp_balem": " ", "acp_felem": null, "acp_fecad": "2030-12-01", "acp_ubpo": "TUMBES", "acp_titu": "Javier Chang Lay y Teresa Sylvia Fu Huby de Chang", "acp_tipro": "Privado", "acp_tirec": "20", "acp_pareg": " ", "acp_obs": null, "met_link": null, "acp_orden": 26, "acp_id": 68}, "geometry": {"type": "Polygon", "coordinates": [[[-80.60836824099994, -3.6460973109999486], [-80.60692692799995, -3.6478118369999493], [-80.60638648499997, -3.648200605999932], [-80.60405917299994, -3.6492819909999525], [-80.60512448399999, -3.6523223489999737], [-80.60486645399999, -3.6524118519999433], [-80.60495139899996, -3.652842714999963], [-80.60494981699998, -3.6536015209999277], [-80.60482579599994, -3.6542868649999605], [-80.60435752399997, -3.6554965499999525], [-80.60407802499998, -3.6560446919999663], [-80.60359604699994, -3.6566736279999645], [-80.60280906799994, -3.657561019999946], [-80.60827747199994, -3.660420669999951], [-80.61497932799995, -3.6560757839999383], [-80.61452614799998, -3.6555727169999273], [-80.61719017599995, -3.6535202619999723], [-80.61515736299998, -3.6501919879999605], [-80.60706191699995, -3.6570995879999373], [-80.60620035499994, -3.656148885999926], [-80.61310355799998, -3.649353365999957], [-80.60988253899995, -3.647154799999953], [-80.60836824099994, -3.6460973109999486]]]}}, {"type": "Feature", "properties": {"objectid": 17363, "anp_gid": 246, "acp_codi": "ACP148", "acp_nomb": "Comunidad Nativa San Jorge del Río Marañón", "acp_suleg": 1060.86, "acp_balec": "R.M. N° 172-2020-MINAM", "acp_felec": 1598158800000, "acp_balem": " ", "acp_felem": null, "acp_fecad": "Perpetuo", "acp_ubpo": "LORETO", "acp_titu": "Comunidad Nativa San Jorge", "acp_tipro": "Comunidad Nativa", "acp_tirec": "Perpetuo", "acp_pareg": "P.E. Nª 11059713", "acp_obs": null, "met_link": null, "acp_orden": 148, "acp_id": 142}, "geometry": {"type": "Polygon", "coordinates": [[[-73.72261943399997, -4.4860444619999384], [-73.72130877799998, -4.494711334999977], [-73.71858568799996, -4.536831061999976], [-73.72268052399994, -4.529157958999974], [-73.74162576699996, -4.512357495999936], [-73.73704286199995, -4.543864286999963], [-73.72098082499997, -4.489433267999971]]]}}, {"type": "Feature", "properties": {"objectid": 17365, "anp_gid": 279, "acp_codi": "ACP42", "acp_nomb": "Japu - Bosque Ukumari Llaqta", "acp_suleg": 18695.75, "acp_balec": "R.M. N° 301-2011-MINAM", "acp_felec": 1324530000000, "acp_balem": " ", "acp_felem": null, "acp_fecad": "2041-12-22", "acp_ubpo": "CUSCO", "acp_titu": "Comunidad Campesina de Japu", "acp_tipro": "Comunidad Campesina", "acp_tirec": "30", "acp_pareg": " ", "acp_obs": null, "met_link": null, "acp_orden": 42, "acp_id": 84}, "geometry": {"type": "Polygon", "coordinates": [[[-71.03601207899999, -13.304961625999965], [-71.03105673799996, -13.305073017999973], [-71.02872239099997, -13.306215505999944], [-71.02677386799996, -13.306781021999939], [-71.02400419999998, -13.308429086999979], [-71.01882299199997, -13.313706959999934], [-71.01674016599998, -13.315755999999965], [-71.01511545199997, -13.317107951999958], [-71.01344445999996, -13.318771115999937], [-71.01165413399997, -13.320769980999955], [-71.01041961199996, -13.322070994999933], [-71.00913644199994, -13.323396300999946], [-71.00700540799994, -13.325541309999949], [-71.00465596999999, -13.327855413999941], [-71.00191759499995, -13.330387777999931], [-71.00085054499993, -13.331280934999938], [-71.00010090399996, -13.33217158499997], [-70.99855061199997, -13.33369025299993], [-70.99726908499997, -13.335230708999973], [-70.99569374899994, -13.33667782599997], [-70.99477511499998, -13.337808913999936], [-70.99298155799994, -13.339449029999969], [-70.99145539699998, -13.340943563999929], [-70.99029470199997, -13.342339573999936], [-70.98862434699998, -13.34412217099998], [-70.98639469199998, -13.346196089999978], [-70.98482019699998, -13.347762708999937], [-70.98186747299997, -13.35101395099997], [-70.98002645299994, -13.35284566599995], [-70.97813734599998, -13.354773394999938], [-70.97629334999993, -13.356246430999931], [-70.97306067999995, -13.36023923099998], [-70.97255340699996, -13.361823213999969], [-70.97163418599996, -13.36290642299997], [-70.97037598399999, -13.364350951999938], [-70.96844188399996, -13.366536881999934], [-70.96764440499999, -13.367815562999965], [-70.96639235999999, -13.370025220999935], [-70.96501857499999, -13.372283645999971], [-70.96422022699994, -13.373222424999938], [-70.96212850199998, -13.374290800999972], [-70.95810261599996, -13.374776338999936], [-70.95239044799996, -13.375131364999959], [-70.95034709999999, -13.376151454999956], [-70.94796240199997, -13.377245896999966], [-70.94604342899999, -13.378551946999949], [-70.94444211599995, -13.379879453999934], [-70.94292882399998, -13.381787910999947], [-70.94175882799993, -13.38334347999995], [-70.93984379199998, -13.385151625999981], [-70.93787829899998, -13.387243310999963], [-70.93545820399999, -13.389561255999979], [-70.93402867999998, -13.39100695899998], [-70.93503826499995, -13.39202746799998], [-70.93721943599996, -13.392943337999952], [-70.93842117799994, -13.393555843999934], [-70.94090255299994, -13.39535413699997], [-70.94300934599994, -13.396127046999936], [-70.94450631799998, -13.397000283999944], [-70.94615220299994, -13.398407628999962], [-70.94794897499997, -13.399867148999931], [-70.94937584299998, -13.401129468999954], [-70.95126456099996, -13.403625672999965], [-70.95429671999995, -13.408569993999947], [-70.95530917099995, -13.409925149999935], [-70.95744965299997, -13.41182153099993], [-70.95858251899995, -13.41296052399997], [-70.96008410799993, -13.414383592999968], [-70.96060771399993, -13.415694693999967], [-70.96198720299998, -13.417118696999978], [-70.96572794199994, -13.420532909999963], [-70.96685718999998, -13.421217552999963], [-70.96835575999995, -13.422257987999956], [-70.97020138299996, -13.42391741299997], [-70.97165327799996, -13.425221221999948], [-70.97298188299999, -13.426382512999965], [-70.97450591399996, -13.427542263999953], [-70.97579929899996, -13.428598592999947], [-70.97699180899997, -13.42981832099997], [-70.97822432299995, -13.431171627999959], [-70.97904198299995, -13.432576009999934], [-70.97981158299996, -13.434076413999946], [-70.98097203299994, -13.435573738999949], [-70.98236079399999, -13.438097471999981], [-70.98325336099998, -13.439692537999974], [-70.98392569599997, -13.441241511999976], [-70.98496643099998, -13.443026696999937], [-70.98632474999994, -13.444809367999937], [-70.98785290599994, -13.446447216999957], [-70.98926091399994, -13.448325120999982], [-70.99017602499998, -13.44968085499994], [-70.99192824999994, -13.45181904499998], [-70.99436333499995, -13.453808333999973], [-70.99588784099996, -13.45499182499998], [-70.99768584199995, -13.456747011999937], [-70.99945745499997, -13.458263275999968], [-71.00076016099996, -13.45920937699998], [-71.00264878899998, -13.460102980999977], [-71.00476625399995, -13.462070763999975], [-71.00721759999993, -13.463055484999927], [-71.01046424799995, -13.460258925999938], [-71.01134148199998, -13.455982837999954], [-71.01017937399996, -13.450432405999948], [-71.01215209699996, -13.448184871999956], [-71.01695414599999, -13.448161695999943], [-71.02205703099997, -13.448362394999947], [-71.02473274199997, -13.448560573999941], [-71.02773554299995, -13.448022471999934], [-71.03015564899994, -13.445917631999976], [-71.03226958999994, -13.443673776999958], [-71.03545334999995, -13.441838781999934], [-71.03842026299998, -13.439587987999971], [-71.03897779199997, -13.438261319999981], [-71.04023853999996, -13.436024323999959], [-71.04085595799995, -13.433375015999957], [-71.04104803099995, -13.430868329999953], [-71.04229989899994, -13.427587597999946], [-71.04313348099998, -13.42528447199993], [-71.04403636599994, -13.422772021999947], [-71.04629686999994, -13.42108359599996], [-71.04734246399994, -13.418639567999946], [-71.04491685299996, -13.41761545199995], [-71.04377758499999, -13.417093669999929], [-71.04261291499995, -13.41591000099993], [-71.04113257999995, -13.415325434999943], [-71.04099686899997, -13.414447400999961], [-71.03950833199997, -13.412889563999954], [-71.03274909899994, -13.408031144999939], [-71.03279058399994, -13.405364292999934], [-71.03300567899998, -13.401895423999974], [-71.03457509099997, -13.399730763999969], [-71.03589320799995, -13.396731229999943], [-71.03598112999998, -13.39266560699997], [-71.03865549499994, -13.391209359999948], [-71.03947905199993, -13.387496471999953], [-71.04199073099994, -13.386045862999936], [-71.04556224899994, -13.384817066999972], [-71.04715497399997, -13.38272150499995], [-71.04787929199995, -13.382340771999964], [-71.05133012399995, -13.382904093999969], [-71.05491332399998, -13.383379261999949], [-71.05970141399996, -13.382878843999947], [-71.06157430699994, -13.38237023299996], [-71.06473259299997, -13.38229862399993], [-71.06655785899994, -13.38246227299993], [-71.06951567599998, -13.382830915999932], [-71.06924553699997, -13.385368766999932], [-71.06904010899996, -13.386941830999945], [-71.06730239299998, -13.388491724999938], [-71.06604310999995, -13.39053768399998], [-71.06842554399998, -13.391565731999947], [-71.07017027499995, -13.391132161999963], [-71.07253308999998, -13.390163098999949], [-71.07419721299993, -13.388542349999966], [-71.07619827999997, -13.388714165999943], [-71.07786539699998, -13.387054364999926], [-71.07933904799995, -13.385459459999936], [-71.07943303899998, -13.38431481899994], [-71.08022736899994, -13.382872257999963], [-71.08153192999998, -13.38106648799993], [-71.08250864099995, -13.379514718999928], [-71.08303579099999, -13.37685373599993], [-71.08405932999995, -13.376486295999939], [-71.08469807699998, -13.378276055999947], [-71.08573613999994, -13.379595810999945], [-71.08837512999997, -13.379466321999928], [-71.08984484499996, -13.379813179999928], [-71.09131177499995, -13.379836947999934], [-71.09284738299993, -13.37932163399995], [-71.09463250399995, -13.37797853799998], [-71.09557772599999, -13.377037296999958], [-71.10028782799998, -13.378677833999973], [-71.10203093999996, -13.377869289999978], [-71.10244544099999, -13.376444899999967], [-71.10247181199998, -13.37456402099997], [-71.10224390499997, -13.372894217999942], [-71.10248731299998, -13.371429458999955], [-71.10345811299999, -13.370167613999968], [-71.10331375899995, -13.36828815499996], [-71.10326165499998, -13.367201984999951], [-71.10380418199998, -13.365776530999938], [-71.10548316999996, -13.36607825699997], [-71.10761959899997, -13.367739264999955], [-71.11054469099997, -13.369190087999982], [-71.11357980899999, -13.36938212399997], [-71.11580172199996, -13.369731203999947], [-71.11751075499996, -13.369984287999955], [-71.11895080599999, -13.37070753699993], [-71.12049180499997, -13.371262814999966], [-71.12172384899998, -13.371620135999933], [-71.12398489599997, -13.372537001999945], [-71.12596848699997, -13.372954833999927], [-71.12689714699997, -13.373749175999933], [-71.12853705899994, -13.373902491999957], [-71.13044475899994, -13.37345192999993], [-71.13218471799996, -13.373336996999967], [-71.13487866199995, -13.373013464999929], [-71.13603509499995, -13.372535780999954], [-71.13805164699994, -13.37281954499997], [-71.13951498099993, -13.37230582899997], [-71.14136174699996, -13.372691270999951], [-71.14258760999996, -13.372346661999927], [-71.14367722999998, -13.372036624999964], [-71.14521058299994, -13.371722820999935], [-71.14722002399998, -13.371204430999967], [-71.14902392399995, -13.371026259999951], [-71.14844590799999, -13.363666962999957], [-71.14843645499997, -13.359841479999943], [-71.14779746299996, -13.356619080999963], [-71.14850182799995, -13.353433103999976], [-71.14627526999993, -13.352925967999965], [-71.14440588799994, -13.351387664999947], [-71.14176887199994, -13.348636430999932], [-71.13940807099993, -13.346743585999945], [-71.13849415499993, -13.345555804999947], [-71.13715592599993, -13.34331955999994], [-71.13636053999994, -13.341724297999974], [-71.13313020299995, -13.338117183999941], [-71.13082751599995, -13.336207230999946], [-71.12890041499998, -13.334685776999947], [-71.12517303499999, -13.332852052999954], [-71.12374757699996, -13.331788036999967], [-71.12067112999995, -13.328992374999928], [-71.11843307199996, -13.326430794999965], [-71.11569530899999, -13.323964942999964], [-71.11330656499996, -13.322887667999964], [-71.11047311599998, -13.321473929999968], [-71.10892509399997, -13.320339098999966], [-71.10648556999996, -13.317753119999963], [-71.10348582999995, -13.315315213999952], [-71.10203284799996, -13.313868705999937], [-71.09963919799998, -13.310923602999935], [-71.09789536899996, -13.30971857399993], [-71.09266892999995, -13.309522578999974], [-71.08624910699996, -13.309671029999947], [-71.08107493999995, -13.309880848999967], [-71.07611965299998, -13.309993130999942], [-71.07003631099997, -13.309466259999965], [-71.06612523699994, -13.308974716999955], [-71.06228929399998, -13.308647221999934], [-71.05918737299999, -13.308505006999951], [-71.05664171199999, -13.307736561999945], [-71.05419714299995, -13.307373760999951], [-71.05246036599993, -13.306981307999934], [-71.04991553799994, -13.306308427999966], [-71.04717340399998, -13.305397997999933], [-71.04541243299997, -13.305029598999965], [-71.04289244899996, -13.304404265999949], [-71.03866834399997, -13.304366455999968], [-71.03601207899999, -13.304961625999965]]]}}, {"type": "Feature", "properties": {"objectid": 17366, "anp_gid": 301, "acp_codi": "ACP64", "acp_nomb": "Selva Virgen", "acp_suleg": 24.515, "acp_balec": "R.M. N° 203-2013-MINAM", "acp_felec": 1373518800000, "acp_balem": " ", "acp_felem": null, "acp_fecad": "2033-07-11", "acp_ubpo": "LORETO", "acp_titu": "Julia Manuela Alegría Ramirez y Jesús Efraín Gálvez Contreras", "acp_tipro": "Privado", "acp_tirec": "20", "acp_pareg": " ", "acp_obs": null, "met_link": null, "acp_orden": 64, "acp_id": 106}, "geometry": {"type": "Polygon", "coordinates": [[[-73.42459399599994, -4.093372254999963], [-73.42647734199994, -4.097436502999926], [-73.43091049599997, -4.0965741289999755], [-73.42911598599994, -4.092452008999942], [-73.42459399599994, -4.093372254999963]]]}}, {"type": "Feature", "properties": {"objectid": 17368, "anp_gid": 324, "acp_codi": "ACP86", "acp_nomb": "San Pedro de Chuquibamba", "acp_suleg": 19560.0, "acp_balec": "R.M. N° 359-2015-MINAM", "acp_felec": 1451451600000, "acp_balem": " ", "acp_felem": null, "acp_fecad": "Perpetuo", "acp_ubpo": "AMAZONAS", "acp_titu": "Comunidad Campesina San Pedro de Chuquibamba", "acp_tipro": "Comunidad Campesina", "acp_tirec": "Perpetuo", "acp_pareg": " ", "acp_obs": null, "met_link": null, "acp_orden": 86, "acp_id": 128}, "geometry": {"type": "Polygon", "coordinates": [[[-77.82669807599996, -6.847899173999963], [-77.80286664499994, -6.88386165299994], [-77.79900044199997, -6.887236125999948], [-77.79745700799998, -6.886435571999925], [-77.79526374499994, -6.886810748999949], [-77.79341448799994, -6.887751671999979], [-77.79146990599997, -6.8879094759999475], [-77.78958658299996, -6.88766816499998], [-77.78748867399997, -6.887920617999953], [-77.78611361599997, -6.886615411999969], [-77.78523080599996, -6.885510042999954], [-77.78429504099995, -6.88404200399998], [-77.78392701399997, -6.881913002999966], [-77.78319696799997, -6.88038404699995], [-77.78230408099995, -6.878747991999944], [-77.78173076299998, -6.877003024999965], [-77.78077500199998, -6.8753853059999415], [-77.77973453099997, -6.874749772999962], [-77.77871306199995, -6.876318005999963], [-77.77853473999994, -6.878421019999962], [-77.77946999799997, -6.880166057999929], [-77.77982270499996, -6.881793337999966], [-77.77933627699997, -6.8837050909999675], [-77.77850969799994, -6.885852978999935], [-77.77880532899997, -6.8878042689999575], [-77.77912335199994, -6.889720648999969], [-77.77919906799997, -6.8917112849999285], [-77.77950503999995, -6.893770792999931], [-77.77924183399995, -6.895938620999971], [-77.77911737199997, -6.8978503489999525], [-77.77960867599995, -6.899510058999965], [-77.77957465699996, -6.9013453749999485], [-77.78029652299995, -6.902791451999974], [-77.78213894499999, -6.90354928499994], [-77.78279562299997, -6.905142884999975], [-77.78380516799996, -6.906263494999962], [-77.78507824399998, -6.90762368399993], [-77.78431575299999, -6.90833248499996], [-77.78306854999994, -6.908911970999952], [-77.77765789999995, -6.912564415999952], [-77.76488253799994, -6.9187651079999455], [-77.74623880799999, -6.92660323399997], [-77.73696109999997, -6.930153129999951], [-77.74150106999997, -6.936492550999958], [-77.74482192999994, -6.941129478999926], [-77.75125599399996, -6.95011294699998], [-77.75572328899995, -6.956350004999933], [-77.75998679299994, -6.9623022779999815], [-77.76750386299994, -6.9601763499999265], [-77.77704998699994, -6.944124349999981], [-77.77929986199996, -6.9414527249999765], [-77.78133247599999, -6.943483296999943], [-77.78304521799998, -6.943508022999936], [-77.78374776499999, -6.944489292999947], [-77.78497201399995, -6.9457103229999575], [-77.78635040299997, -6.946882832999961], [-77.78756734199999, -6.948923246999925], [-77.78857645199997, -6.950009296999951], [-77.78995056899998, -6.951856806999956], [-77.78998939799999, -6.953887165999959], [-77.79024786799994, -6.955383151999968], [-77.79460636199997, -6.95814009999998], [-77.79625436899994, -6.959450636999975], [-77.79759336399997, -6.960591731999955], [-77.79845386599999, -6.96202045299998], [-77.79936732299996, -6.9632118149999656], [-77.80048312399998, -6.96476331599996], [-77.80094556799997, -6.9652103899999815], [-77.80253729099996, -6.966109604999929], [-77.81051245599997, -6.960999504999961], [-77.81932406999994, -6.9566463299999555], [-77.82530391799997, -6.940559418999953], [-77.82225459699998, -6.934238395999955], [-77.82803478999995, -6.929140099999927], [-77.83685852499997, -6.932251527999938], [-77.86248990499996, -6.91915338299998], [-77.88633303099994, -6.919924506999962], [-77.90584466899998, -6.9171718019999275], [-77.91067915899998, -6.9114956249999295], [-77.92465345499994, -6.909434057999931], [-77.93519807699994, -6.90084920399994], [-77.94296017599999, -6.912891188999936], [-77.95563670199994, -6.915697512999941], [-77.95389442599998, -6.921420470999976], [-77.95397706999995, -6.928916993999962], [-77.94811909199996, -6.935356845999934], [-77.94289596399994, -6.9355339899999535], [-77.94042486299998, -6.942244098999936], [-77.94121665299997, -6.952564308999968], [-77.94285511199996, -6.9654230819999725], [-77.94444986699995, -6.975049506999937], [-77.94796673799993, -6.973615224999946], [-77.95339344599995, -6.974443210999937], [-77.95577081499994, -6.97491957699998], [-77.95754124699994, -6.975061043999972], [-77.95880965299995, -6.9756926689999545], [-77.95944991999994, -6.975847378999958], [-77.96046834499998, -6.975840504999951], [-77.96241383099994, -6.976156615999969], [-77.96472632499996, -6.974889899999937], [-77.96850736599998, -6.969602264999935], [-77.97363150799998, -6.965822074999949], [-77.97840263399996, -6.965081178999981], [-77.98149794999995, -6.964895045999981], [-77.98425998699997, -6.963209974999927], [-77.98723926799994, -6.963384883999936], [-77.98845086199998, -6.962898459999963], [-77.98997597699997, -6.963204449999978], [-77.99140823699997, -6.963910099999964], [-77.99272167799995, -6.9635360809999725], [-77.99407301299993, -6.963595428999952], [-77.99551417199996, -6.964619653999932], [-77.99679135099996, -6.965096846999927], [-77.99836704699999, -6.966209439999943], [-77.99885077799996, -6.9638730889999465], [-77.99793520399999, -6.9617228229999455], [-77.99721666699998, -6.959275367999965], [-77.99618916099996, -6.958107921999954], [-77.99527641499998, -6.957960924999952], [-77.99503706799999, -6.957931670999926], [-77.99470516999997, -6.957540445999939], [-77.99475626199995, -6.9570432569999525], [-77.99517660499998, -6.955826805999948], [-77.99582520499996, -6.95493089699994], [-77.99525504099995, -6.954216107999969], [-77.99504931699994, -6.953768279999963], [-77.99508842199998, -6.953618595999956], [-77.99552031899998, -6.953352655999936], [-77.99619571499994, -6.952946947999976], [-77.99604002299998, -6.951108432999945], [-77.99654748199998, -6.950742982999941], [-77.99697873999997, -6.950265945999945], [-77.99853058999997, -6.948459112999956], [-77.99860994299996, -6.946847151999975], [-77.99835886899996, -6.946601315999942], [-77.99825529999998, -6.946175912999934], [-77.99823359799996, -6.94520363099997], [-77.99828778999995, -6.944170184999962], [-77.99853481899999, -6.94228346999995], [-77.99938832999999, -6.939144481999961], [-77.99907040499994, -6.9387299199999575], [-77.99910452599994, -6.938451087999965], [-77.99938809599996, -6.938283986999977], [-78.00097367699993, -6.937674123999955], [-78.00125016599998, -6.937362552999957], [-78.00204645299993, -6.936984178999978], [-78.00346803799994, -6.936529743999927], [-78.00470191699998, -6.9360552579999535], [-78.00549452399997, -6.93614170799998], [-78.00554625399997, -6.936053726999944], [-78.00565428099998, -6.934399894999956], [-78.00619484899994, -6.932467328999962], [-78.00582957499995, -6.930398064999963], [-78.00637794899995, -6.928109230999951], [-78.00666952799997, -6.926212605999979], [-78.00626451599999, -6.925137250999967], [-78.00564287199995, -6.92380408899993], [-78.00543565999999, -6.923234719999925], [-78.00535397999994, -6.92320151399997], [-78.00523429299994, -6.9230793299999505], [-78.00508120699999, -6.922724891999962], [-78.00458270399997, -6.9214868509999405], [-78.00433725499994, -6.921095903999969], [-78.00413551099996, -6.920284323999965], [-78.00390085199996, -6.919727775999945], [-78.00365362099996, -6.918939808999937], [-78.00333729199997, -6.918151866999949], [-78.00225444899996, -6.9162078689999476], [-78.00143805899995, -6.914898295999933], [-78.00035275599998, -6.914109306999933], [-77.99942158999994, -6.913079409999966], [-77.99916748099997, -6.9124726539999415], [-77.99914984599997, -6.911865306999971], [-77.99913391199993, -6.911360334999927], [-77.99918498899996, -6.911255161999975], [-77.99824202699995, -6.910653206999939], [-77.99636569899997, -6.910329569999931], [-77.99420216399994, -6.910231814999975], [-77.99235221399994, -6.910688638999943], [-77.99057744599997, -6.911378824999929], [-77.98843784699994, -6.911533163999934], [-77.98632094499999, -6.911457120999955], [-77.98432994099994, -6.910929754999927], [-77.98213843799994, -6.911510348999968], [-77.98027037799994, -6.911284139999964], [-77.97809816699998, -6.911508185999935], [-77.97632520299999, -6.910969301999955], [-77.97506890699998, -6.909537956999941], [-77.97362032999996, -6.907790051999939], [-77.97191070099996, -6.906600515999969], [-77.97011318499995, -6.905350006999981], [-77.96868424299998, -6.904342508999946], [-77.96744138399998, -6.9025489379999385], [-77.96688432199994, -6.900610910999944], [-77.96469524599996, -6.899979620999943], [-77.96273060399994, -6.900663296999937], [-77.96276267799993, -6.898617814999966], [-77.96301089799994, -6.8962679539999385], [-77.96269532399998, -6.894547535999948], [-77.96112804199998, -6.893089867999947], [-77.96021006799998, -6.891626627999926], [-77.95854815499996, -6.889631561999977], [-77.95696115499999, -6.888295024999934], [-77.95463764799996, -6.887793472999931], [-77.95239916399998, -6.887467786999935], [-77.95019207099995, -6.887457034999954], [-77.94811220699995, -6.888132227999961], [-77.94618127899997, -6.888567947999945], [-77.94381421599996, -6.888595911999971], [-77.94221081099994, -6.88794325899994], [-77.94047277499999, -6.887163019999946], [-77.93876186399996, -6.885955023999941], [-77.93792819899994, -6.88376569299993], [-77.93667771099996, -6.88211012499994], [-77.93478065399995, -6.882309382999949], [-77.93337699099999, -6.882690953999941], [-77.93129672999999, -6.88204505899995], [-77.92936436199994, -6.881119499999954], [-77.92753121999993, -6.879818105999959], [-77.92600217899997, -6.878278818999945], [-77.92381881099999, -6.87807782699997], [-77.92245325599998, -6.876855922999937], [-77.92182367799995, -6.874552101999939], [-77.92088665699998, -6.87192325999996], [-77.91995341399996, -6.8698743759999275], [-77.91987343199997, -6.867492853999977], [-77.91921513999995, -6.864971503999925], [-77.91846814999997, -6.862791404999939], [-77.91705844199998, -6.860978990999968], [-77.91609882499995, -6.858580407999966], [-77.91465334099996, -6.856935569999962], [-77.91330397099995, -6.855012474999967], [-77.91192839999997, -6.853842408999981], [-77.91024194199997, -6.854834411999946], [-77.90843626299994, -6.8556630069999756], [-77.90609183399994, -6.856545893999964], [-77.90382412299994, -6.856634145999976], [-77.90185683699997, -6.857219995999969], [-77.89936758599998, -6.85806064999997], [-77.89735597599997, -6.859147353999958], [-77.89552620199999, -6.860154552999973], [-77.89373150599994, -6.860529050999958], [-77.89166631799998, -6.859796381999956], [-77.89030294299994, -6.8582123689999435], [-77.88909026899995, -6.856239653999978], [-77.88745486999994, -6.855018849999965], [-77.88533492999994, -6.85373040199994], [-77.88355422399997, -6.8528868549999515], [-77.86193048799998, -6.8370396929999515], [-77.82669807599996, -6.847899173999963]]]}}, {"type": "Feature", "properties": {"objectid": 17369, "anp_gid": 315, "acp_codi": "ACP78", "acp_nomb": "Llamapampa - La Jalca", "acp_suleg": 26216.1, "acp_balec": "R.M. N° 089-2015-MINAM", "acp_felec": 1429246800000, "acp_balem": "R.M. N° 056-2021-MINAM", "acp_felem": 1616130000000, "acp_fecad": "2025-04-17", "acp_ubpo": "AMAZONAS", "acp_titu": "Comunidad Campesina la Jalca", "acp_tipro": "Comunidad Campesina", "acp_tirec": "10", "acp_pareg": " ", "acp_obs": null, "met_link": null, "acp_orden": 78, "acp_id": 120}, "geometry": {"type": "Polygon", "coordinates": [[[-77.72745450499997, -6.387999706999949], [-77.71886041999994, -6.39495730699997], [-77.71725517599998, -6.3942211349999525], [-77.71523194999997, -6.3946085869999365], [-77.71043845799994, -6.395526520999965], [-77.71123674299997, -6.397231089999934], [-77.70828146599996, -6.402070434999928], [-77.70730508399998, -6.4045501579999495], [-77.70561248299998, -6.406074765999961], [-77.70462793399997, -6.407007924999959], [-77.70364761999997, -6.408745299999964], [-77.70356952999998, -6.4115296149999494], [-77.70080038799995, -6.414142528999946], [-77.69889801899996, -6.4160549639999545], [-77.70079086399994, -6.41884545299996], [-77.70213671699997, -6.420558772999925], [-77.70323531899999, -6.4224444219999555], [-77.70320357799994, -6.423667345999945], [-77.70386080199995, -6.425154104999933], [-77.70277386199996, -6.42698349099993], [-77.69945035499995, -6.425770721999925], [-77.69822382499996, -6.424830590999932], [-77.69495020199997, -6.422208144999956], [-77.69113388899996, -6.420110901999976], [-77.68669334999998, -6.419088865999981], [-77.68639210599997, -6.418975872999965], [-77.68334433699994, -6.418532615999936], [-77.68101285999995, -6.419318390999933], [-77.68009842799995, -6.419410342999981], [-77.67809181299998, -6.419612117999975], [-77.67398646099997, -6.420685581999976], [-77.67035759299995, -6.42146962399994], [-77.66652903399995, -6.420628852999926], [-77.66552780299997, -6.420213264999973], [-77.66471056399996, -6.428946621999955], [-77.66760527299994, -6.441879056999937], [-77.67087753399994, -6.44898922699997], [-77.67355815799993, -6.458777912999949], [-77.67852431599994, -6.467045394999957], [-77.65947796699999, -6.474512348999951], [-77.65198842799998, -6.482202578999932], [-77.64883495399994, -6.485581452999952], [-77.64354533799997, -6.498905775999958], [-77.64174991199997, -6.505561564999937], [-77.64658632499999, -6.508983307999927], [-77.64149855399995, -6.514413268999931], [-77.63221181999995, -6.5260451459999445], [-77.63381474899995, -6.535771352999973], [-77.63536084199995, -6.542886623999948], [-77.63568634799998, -6.542938567999954], [-77.63687031599994, -6.543042937999928], [-77.63844840699994, -6.543878165999956], [-77.63876673899995, -6.544515383999965], [-77.63927438599995, -6.545080900999949], [-77.64035553099995, -6.545451467999953], [-77.64089143399997, -6.546204793999948], [-77.64242170999995, -6.547377282999946], [-77.64320810599997, -6.548027669999954], [-77.64466045499995, -6.5485878739999634], [-77.64623094199999, -6.549449308999954], [-77.64773368599998, -6.551064243999974], [-77.64801438799998, -6.5514372099999605], [-77.64850557099999, -6.552360251999971], [-77.64903587399994, -6.552954591999935], [-77.64951101399998, -6.5532892069999775], [-77.65034782399994, -6.55329674099994], [-77.65150301199998, -6.553833381999937], [-77.65273314699994, -6.554979312999933], [-77.65374528999996, -6.556494597999972], [-77.65423225299998, -6.55770661899993], [-77.65507165299994, -6.558653767999942], [-77.65553146299999, -6.559703345999935], [-77.66107326799994, -6.568161877999955], [-77.66263245699997, -6.570597290999956], [-77.66300456999994, -6.571178516999964], [-77.66366981299996, -6.572217593999937], [-77.66457228999997, -6.573753479999937], [-77.66490697899997, -6.574273238999979], [-77.66536267599997, -6.574851002999935], [-77.66826334199999, -6.57714189099994], [-77.67385661699996, -6.57720984599996], [-77.67937114699998, -6.576478323999936], [-77.68628745799998, -6.574356580999961], [-77.68758668899994, -6.56224326399996], [-77.71303388699994, -6.552044874999979], [-77.71328304199994, -6.5517985159999625], [-77.71485197399994, -6.550628212999925], [-77.71609729599999, -6.549535277999951], [-77.71730675299995, -6.548755031999974], [-77.71860013399998, -6.548682890999942], [-77.72094390299998, -6.548657542999933], [-77.72205882799994, -6.549957042999949], [-77.72244616199998, -6.551300417999926], [-77.72266634599998, -6.5525954619999425], [-77.73325791799994, -6.552462069999933], [-77.74325522299995, -6.550610793999965], [-77.74911376799997, -6.546814410999957], [-77.76088606799993, -6.548092718999953], [-77.76382562499998, -6.541559918999951], [-77.77265596799998, -6.528609030999974], [-77.78052339499999, -6.518561739999939], [-77.78158229099995, -6.517633435999926], [-77.78152813099996, -6.514256486999955], [-77.78169193999997, -6.5117315329999315], [-77.78370158999996, -6.510069674999954], [-77.78611737299997, -6.509915815999932], [-77.78937765599994, -6.505958619999944], [-77.79184835099994, -6.503365742999961], [-77.79194293999996, -6.495017898999947], [-77.79118270299995, -6.493193183999949], [-77.79103805699998, -6.490634566999972], [-77.78599728499995, -6.488110162999931], [-77.78139052499995, -6.485931389999962], [-77.78016819099997, -6.48532845699998], [-77.77543056499997, -6.484932362999928], [-77.77222806899994, -6.4823237239999685], [-77.76856672299994, -6.479787030999944], [-77.76853289699994, -6.478703279999934], [-77.76879948299995, -6.477560873999948], [-77.76893299699998, -6.476632350999978], [-77.76937157099997, -6.4755368079999585], [-77.77009067099993, -6.474629304999951], [-77.77094927399997, -6.473676854999951], [-77.77144579599997, -6.473219871999959], [-77.77302984199997, -6.472283116999961], [-77.77335683099994, -6.472253857999931], [-77.77383969499994, -6.472053781999932], [-77.77496649099999, -6.471452807999981], [-77.77594783599994, -6.470829309999942], [-77.77659162799995, -6.47075775299993], [-77.77808238099993, -6.470863359999953], [-77.77962146899995, -6.4705904619999615], [-77.78099581199996, -6.470471256999929], [-77.78181994999994, -6.470176065999965], [-77.78393398099996, -6.469436207999934], [-77.78556455799998, -6.469442267999966], [-77.78793809499996, -6.469819947999952], [-77.78852196099996, -6.46969440099997], [-77.78976424299998, -6.469233899999949], [-77.79171705699997, -6.469211426999948], [-77.79328355999996, -6.468212419999929], [-77.79357352999995, -6.467948884999942], [-77.79397665399995, -6.467169965999972], [-77.79423227599995, -6.466541036999956], [-77.79494893199995, -6.465743228999941], [-77.79460498299994, -6.465372671999944], [-77.79382840799997, -6.464044370999943], [-77.79341451399995, -6.463306356999965], [-77.79242878499997, -6.461937722999949], [-77.79212845799998, -6.461465544999953], [-77.79101228999997, -6.459667344999957], [-77.79007356299996, -6.45724624199994], [-77.78792922299994, -6.454220477999968], [-77.78719523599995, -6.453436946999943], [-77.78581903399999, -6.451902489999952], [-77.78707298299997, -6.451151503999938], [-77.78787726899998, -6.44924744399998], [-77.78844993499996, -6.4474080849999496], [-77.78952705099994, -6.445693277999965], [-77.79031654999994, -6.444304053999929], [-77.79083466499998, -6.442257095999935], [-77.79087527599995, -6.441441045999966], [-77.79014267699995, -6.439822468999978], [-77.78950017399995, -6.439276829999926], [-77.78946170799998, -6.438456563999978], [-77.78959613899997, -6.4378428119999285], [-77.79054694699994, -6.435238650999963], [-77.79157157499998, -6.432559830999935], [-77.79352528799996, -6.430098703999931], [-77.79529584399995, -6.428084112999954], [-77.79743550399996, -6.425696224999967], [-77.79837525399995, -6.423365471999944], [-77.79836851399995, -6.421620196999925], [-77.79868719199999, -6.420729802999972], [-77.79945826599999, -6.416227762999938], [-77.79951978099996, -6.41447605999997], [-77.79931654499995, -6.413366244999963], [-77.79928231799994, -6.412374686999954], [-77.79965892499996, -6.411076383999955], [-77.79964441699997, -6.409742360999928], [-77.80007483899999, -6.408258897999929], [-77.80046458099997, -6.407778515999951], [-77.80113578899994, -6.406789519999961], [-77.80202079399999, -6.40578517199998], [-77.80248004399994, -6.405083039999965], [-77.80262516299996, -6.4045152649999295], [-77.80294929499996, -6.404045903999929], [-77.80470890999999, -6.403196884999943], [-77.80516547999997, -6.4028287099999375], [-77.80517977399995, -6.402815005999969], [-77.80592487299998, -6.401901592999934], [-77.80591164299994, -6.401753608999968], [-77.77843054399995, -6.394625358999974], [-77.77906635799997, -6.394348646999958], [-77.77969684099997, -6.393967528999951], [-77.78046047599997, -6.393460389999973], [-77.78136365199998, -6.392699818999972], [-77.78191291199994, -6.392422124999939], [-77.78286903799994, -6.392873521999945], [-77.78384292399994, -6.393220837999934], [-77.78567161899997, -6.393380855999965], [-77.78655628499996, -6.392904132999945], [-77.78736652099997, -6.392298988999926], [-77.78796495099994, -6.39122776399995], [-77.78867002899995, -6.390940275999981], [-77.78887828799998, -6.390820893999944], [-77.78886983899997, -6.390003557999933], [-77.78765575499995, -6.389102875999981], [-77.78572724299994, -6.387904234999951], [-77.78528460299998, -6.38745873299996], [-77.78494860299998, -6.386295632999975], [-77.78497088399996, -6.385003401999938], [-77.78416933599993, -6.383371344999944], [-77.78409681499994, -6.382727170999942], [-77.78373469299999, -6.380862460999936], [-77.78441580899994, -6.379311093999945], [-77.78426014799999, -6.377779160999978], [-77.78359459599994, -6.376792011999953], [-77.78316032999999, -6.37567424599996], [-77.78132151299997, -6.375172132999978], [-77.77973493699994, -6.3736179179999795], [-77.77900314199997, -6.373354550999977], [-77.77737306599994, -6.372599788999935], [-77.77598716699998, -6.371355059999928], [-77.77517997199999, -6.369699778999973], [-77.77435180199996, -6.368653418999941], [-77.77403838999999, -6.3679883869999685], [-77.77432051699998, -6.366646954999965], [-77.77369243399994, -6.364947249999943], [-77.77327935399995, -6.364328112999942], [-77.77216266799996, -6.362130186999934], [-77.77062198499993, -6.360663478999925], [-77.76865127499997, -6.358496220999939], [-77.76789179199994, -6.357925275999946], [-77.76542999899993, -6.35444247199996], [-77.76444542799999, -6.352414089999968], [-77.76374336199996, -6.350458540999966], [-77.76361285599995, -6.34989479199993], [-77.76343885599994, -6.348646586999962], [-77.76294775899999, -6.348809021999955], [-77.76177632099996, -6.350319982999963], [-77.76100473099996, -6.351371780999955], [-77.75986220699997, -6.354326232999938], [-77.75911601199994, -6.356259349999959], [-77.75821666599995, -6.358996412999943], [-77.75792945999996, -6.360134974999937], [-77.75741564899994, -6.362232074999952], [-77.75713545599996, -6.363968666999938], [-77.74058916599995, -6.377377516999957], [-77.72745450499997, -6.387999706999949]]]}}, {"type": "Feature", "properties": {"objectid": 17370, "anp_gid": 302, "acp_codi": "ACP65", "acp_nomb": "La Pampa del Burro", "acp_suleg": 2776.96, "acp_balec": "R.M. N° 208-2013-MINAM", "acp_felec": 1373950800000, "acp_balem": " ", "acp_felem": null, "acp_fecad": "2023-07-16", "acp_ubpo": "AMAZONAS", "acp_titu": "Comunidad Campesina de Yambrasbamba", "acp_tipro": "Comunidad Campesina", "acp_tirec": "10", "acp_pareg": " ", "acp_obs": null, "met_link": null, "acp_orden": 65, "acp_id": 107}, "geometry": {"type": "Polygon", "coordinates": [[[-77.92131862999997, -5.60206551899995], [-77.92288288399999, -5.609937644999945], [-77.92218948599998, -5.623070052999935], [-77.92053642799993, -5.632086826999966], [-77.92429116199997, -5.630498157999966], [-77.93404135699996, -5.625277259999962], [-77.94303610699995, -5.64507367799996], [-77.94713607699998, -5.64572082799998], [-77.96732595499998, -5.640017875999945], [-77.96822121099996, -5.63939694499993], [-77.96841396399998, -5.63662769299998], [-77.97074436699995, -5.63449499099994], [-77.97048460999997, -5.632974487999945], [-77.97210968699994, -5.629229599999974], [-77.97096811299997, -5.625738362999925], [-77.97297812899996, -5.616544173999955], [-77.97226783699995, -5.615914888999953], [-77.97326329399993, -5.6131497789999685], [-77.97264439899999, -5.6120741479999765], [-77.95784739499999, -5.61394887299997], [-77.96292423499995, -5.598601314999939], [-77.96083337499994, -5.59598428299995], [-77.95932395399996, -5.599607525999943], [-77.95416973999994, -5.6015427039999395], [-77.95262196999994, -5.601300400999946], [-77.95352659599996, -5.602921137999942], [-77.95310490699995, -5.604026247999968], [-77.94580751899997, -5.596491807999939], [-77.94834441399996, -5.591519193999943], [-77.94043613799994, -5.57919953499993], [-77.91211579999998, -5.588076843999943], [-77.91279840799996, -5.593978217999961], [-77.91715192299995, -5.597218150999936], [-77.92131862999997, -5.60206551899995]]]}}, {"type": "Feature", "properties": {"objectid": 17371, "anp_gid": 241, "acp_codi": "ACP145", "acp_nomb": "Buen Retiro", "acp_suleg": 4.998, "acp_balec": "R.M. N° 032-2020-MINAM", "acp_felec": 1580706000000, "acp_balem": " ", "acp_felem": null, "acp_fecad": "03/02/2040", "acp_ubpo": "LORETO", "acp_titu": "Marcela Kasparova", "acp_tipro": "Privado", "acp_tirec": "20", "acp_pareg": "P.E. N° 04008449", "acp_obs": null, "met_link": null, "acp_orden": 145, "acp_id": 56}, "geometry": {"type": "Polygon", "coordinates": [[[-73.57903242799995, -4.476349509999977], [-73.57558653299998, -4.473436126999957], [-73.57500596299997, -4.474127804999966], [-73.57845185799994, -4.477041190999955], [-73.57903242799995, -4.476349509999977]]]}}, {"type": "Feature", "properties": {"objectid": 17372, "anp_gid": 185, "acp_codi": "ACP109", "acp_nomb": "Sumac Quilla", "acp_suleg": 36.22, "acp_balec": "R.M. N° 332-2016-MINAM", "acp_felec": 1478062800000, "acp_balem": " ", "acp_felem": null, "acp_fecad": "2026-11-02", "acp_ubpo": "LORETO", "acp_titu": "Rayleigh Córdova Ruiz y Elsa Modesta Pinedo de Córdova", "acp_tipro": "Privado", "acp_tirec": "10", "acp_pareg": " ", "acp_obs": null, "met_link": null, "acp_orden": 109, "acp_id": 18}, "geometry": {"type": "Polygon", "coordinates": [[[-73.45988928499997, -4.152989899999966], [-73.45907246799999, -4.1506893199999695], [-73.44765587599994, -4.154837441999973], [-73.44858209099993, -4.157096961999969], [-73.45988928499997, -4.152989899999966]]]}}, {"type": "Feature", "properties": {"objectid": 17373, "anp_gid": 211, "acp_codi": "ACP131", "acp_nomb": "Páramos y Bosques Montanos San Miguel de Tabaconas", "acp_suleg": 17555.95, "acp_balec": "R.M. N° 432-2018-MINAM", "acp_felec": 1544504400000, "acp_balem": " ", "acp_felem": null, "acp_fecad": "Perpetuo", "acp_ubpo": "CAJAMARCA", "acp_titu": "CC San Miguel de Tabaconas", "acp_tipro": "Comunal", "acp_tirec": "Perpetuo", "acp_pareg": "PE N° 02100158", "acp_obs": null, "met_link": null, "acp_orden": 131, "acp_id": 41}, "geometry": {"type": "Polygon", "coordinates": [[[-79.34569539699999, -5.254525592999926], [-79.34155757399998, -5.258285633999947], [-79.33964811699997, -5.262518802999978], [-79.34070877299996, -5.266958861999967], [-79.34046872499994, -5.273237682999934], [-79.33962879299997, -5.275601925999979], [-79.33942334999995, -5.276754822999976], [-79.33478869599998, -5.279544027999975], [-79.33099153999996, -5.282302250999976], [-79.32784363699994, -5.28304491199998], [-79.32415879499996, -5.283206985999925], [-79.32070293799995, -5.282905107999966], [-79.31598239899995, -5.284804856999926], [-79.31227968199994, -5.285233524999967], [-79.30801971499994, -5.2894583149999335], [-79.30543055899994, -5.286479607999979], [-79.30247316399993, -5.282150611999953], [-79.30043989499995, -5.27839354799994], [-79.29609844399994, -5.276748985999973], [-79.29429454999996, -5.274881259999972], [-79.28756710299996, -5.27282572699994], [-79.28593167199995, -5.270215825999969], [-79.28383869899994, -5.2687472739999635], [-79.28171881099996, -5.268281112999944], [-79.27757121499997, -5.26560660399997], [-79.27678710899994, -5.264819649999936], [-79.27564064799998, -5.259835138999961], [-79.27314287199994, -5.2578132999999525], [-79.26739343599996, -5.260108023999976], [-79.26505919499994, -5.257847681999976], [-79.26354420799998, -5.255091428999947], [-79.26269072499997, -5.2513089299999365], [-79.26324294699998, -5.244488978999925], [-79.26431537799994, -5.242928742999936], [-79.26311878999996, -5.241072117999977], [-79.26189873599998, -5.240710601999979], [-79.25777056199996, -5.245445614999937], [-79.25682046499998, -5.247449759999938], [-79.25591149499996, -5.248325455999975], [-79.25569938099994, -5.251302123999949], [-79.24864207199994, -5.2575542979999454], [-79.24475922099998, -5.2608035699999505], [-79.23844263499996, -5.264573731999974], [-79.23142441399995, -5.26580441599998], [-79.22107234499998, -5.266144802999975], [-79.21957224999994, -5.2668049639999595], [-79.21706952999995, -5.2713394819999735], [-79.21595224399994, -5.273948796999946], [-79.21870035099994, -5.285856472999967], [-79.22168307199996, -5.286920092999935], [-79.22502909899998, -5.285838801999944], [-79.22804047999995, -5.283235447999971], [-79.23619924699994, -5.282914416999972], [-79.23787036599998, -5.283472468999946], [-79.24081572299997, -5.28411641699995], [-79.24317538599996, -5.288060482999981], [-79.25497373699994, -5.2937056239999265], [-79.25681562099999, -5.2939096049999534], [-79.25778455599999, -5.295373388999963], [-79.25872477899998, -5.300825742999962], [-79.26926667099997, -5.299252205999949], [-79.27155823399994, -5.293541176999952], [-79.27579173299995, -5.29326580399993], [-79.27712445799995, -5.292972395999925], [-79.28278827199995, -5.290705128999946], [-79.28586336499995, -5.290440376999925], [-79.28707925099997, -5.290319882999938], [-79.29171644399997, -5.2901412449999725], [-79.30036264299997, -5.2867338919999725], [-79.30235058599999, -5.288939137999932], [-79.30217258699997, -5.290987219999977], [-79.30257094099994, -5.293472687999952], [-79.31012553399995, -5.29692513599997], [-79.31132042499996, -5.298168010999973], [-79.31108744099998, -5.300876646999939], [-79.30466060099997, -5.302373500999977], [-79.30372217399997, -5.305462090999981], [-79.30468296499998, -5.310202337999954], [-79.30693182399995, -5.315299818999961], [-79.30637870699996, -5.321020571999952], [-79.31046217799997, -5.328335939999931], [-79.31250833599995, -5.330808285999979], [-79.31502125099996, -5.331064784999967], [-79.31817145499997, -5.331262457999969], [-79.31895022999998, -5.333475761999978], [-79.31848803799994, -5.337321911999936], [-79.31237200699996, -5.338338839999949], [-79.30634732499999, -5.347636011999953], [-79.30139338999999, -5.344321892999972], [-79.29789909599998, -5.342201935999981], [-79.29459964999995, -5.34128616199996], [-79.28564717299997, -5.339093054999978], [-79.28406036399997, -5.343666919999976], [-79.28085822299994, -5.3436163439999405], [-79.27702909299995, -5.3440608499999485], [-79.27320883299996, -5.346084399999938], [-79.27129299899997, -5.34930946999998], [-79.27302934099998, -5.353436232999968], [-79.26813675599999, -5.355469576999951], [-79.26380520999999, -5.358110566999926], [-79.26427749699997, -5.36203596699994], [-79.26663914699998, -5.36734609399997], [-79.27095047699999, -5.372357972999964], [-79.27106000099997, -5.388759098999969], [-79.27178177999997, -5.391705129999934], [-79.27784434399996, -5.3947002529999395], [-79.27626577899997, -5.399425916999974], [-79.26752545999994, -5.403216958999963], [-79.26425971099997, -5.401556820999929], [-79.26217764999996, -5.4044778309999515], [-79.26079439499995, -5.409790509999937], [-79.25785885299996, -5.4091027049999525], [-79.25722376399995, -5.4077444239999295], [-79.25819473599995, -5.4062097369999265], [-79.25816135099996, -5.405011541999954], [-79.25767611199996, -5.403562178999948], [-79.25803564399996, -5.40277760999993], [-79.25829792499997, -5.4016099069999655], [-79.25844607799996, -5.400439164999966], [-79.25883924999994, -5.398188331999961], [-79.25292602699994, -5.394278164999946], [-79.24925280499997, -5.389657559999932], [-79.24547300699999, -5.389316108999935], [-79.24263116799995, -5.386297327999955], [-79.24307514999998, -5.385110223999959], [-79.24316779499998, -5.38398363999994], [-79.24347870199995, -5.382567696999956], [-79.24283479999997, -5.379989235999972], [-79.23953364899995, -5.379030955999951], [-79.23852150999994, -5.377034933999937], [-79.23785849899997, -5.3751388059999385], [-79.23363905299993, -5.366914174999977], [-79.23352846499995, -5.358834329999979], [-79.23465815599997, -5.350747421999927], [-79.23447379699996, -5.348641911999948], [-79.22822441799997, -5.347352758999932], [-79.22275636199998, -5.351341853999941], [-79.21694877999994, -5.352051647999929], [-79.21673256599996, -5.34670390499997], [-79.21174589399999, -5.348304455999937], [-79.21031449799995, -5.349913607999952], [-79.20810761299998, -5.351282362999939], [-79.20648803599994, -5.3510901319999675], [-79.20656099199994, -5.343866168999966], [-79.21396930599997, -5.339150399999937], [-79.21205041699994, -5.33579543899998], [-79.20785737699998, -5.334537832999956], [-79.20563215899995, -5.324839772999951], [-79.20497921499998, -5.324154291999946], [-79.20203514199994, -5.323463353999955], [-79.19985037799995, -5.3239173739999615], [-79.19776355999994, -5.321303560999979], [-79.19619419099996, -5.320091110999954], [-79.19377954699996, -5.320084038999937], [-79.19127448599994, -5.319717834999949], [-79.18800320199995, -5.321934299999953], [-79.18655700099998, -5.325565001999962], [-79.19099797499996, -5.325421022999933], [-79.19256211499999, -5.326329191999946], [-79.19542284299996, -5.331434119999926], [-79.19737239899996, -5.333742946999962], [-79.19803201199994, -5.336725802999979], [-79.19789657699994, -5.340580582999962], [-79.19827670099994, -5.347741103999965], [-79.19725835599996, -5.3538009359999705], [-79.19732909399994, -5.358047262999946], [-79.20913037799994, -5.364802924999935], [-79.21226692399995, -5.369704586999944], [-79.21568023099996, -5.371301974999938], [-79.21877572399995, -5.373659570999962], [-79.22420376599996, -5.384730010999931], [-79.22526314899994, -5.388051367999935], [-79.22619915099995, -5.394946093999977], [-79.22611350899996, -5.402784040999961], [-79.22930967399998, -5.413815669999963], [-79.23074755399995, -5.426057558999958], [-79.23079235999995, -5.4296434619999445], [-79.22864100199996, -5.435704599999951], [-79.22923621099994, -5.4424647779999304], [-79.22961886499996, -5.4485751139999365], [-79.23118090299994, -5.455489758999931], [-79.23312738099997, -5.4623108649999494], [-79.24489485499998, -5.4783606019999525], [-79.24801243699994, -5.48003082799994], [-79.25022836199997, -5.4821886509999445], [-79.25503936699994, -5.489228842999978], [-79.26282065299995, -5.498989447999975], [-79.26483910699994, -5.5009841329999745], [-79.26563581899995, -5.50436822599994], [-79.26722858899996, -5.506645798999955], [-79.27421235099996, -5.510982935999948], [-79.27482334499996, -5.508373136999978], [-79.27803594699998, -5.5048522789999765], [-79.27731118599996, -5.499650560999953], [-79.28006268199994, -5.494391548999943], [-79.28131984799995, -5.491669465999962], [-79.28124218899995, -5.490033273999927], [-79.27986392499997, -5.487756444999945], [-79.28428221299998, -5.481786049999926], [-79.28815080999993, -5.478300544999968], [-79.28877429799996, -5.475846771999954], [-79.28961333099994, -5.472312125999963], [-79.29254961299995, -5.468223799999976], [-79.29498591399994, -5.467202064999981], [-79.29519653799997, -5.464008701999944], [-79.29617996099995, -5.462145409999948], [-79.29805746199997, -5.45937392899998], [-79.29727979699999, -5.458619576999979], [-79.29660919699995, -5.457060378999927], [-79.29593464099997, -5.454797621999944], [-79.29605719799997, -5.451675331999979], [-79.29606477399994, -5.448991879999937], [-79.29543823899996, -5.446274358999972], [-79.29513755099998, -5.443520986999943], [-79.29736472599996, -5.4343839559999765], [-79.29899722099998, -5.432656141999928], [-79.30204731999999, -5.430014107999966], [-79.30424391899999, -5.426061159999961], [-79.30505605499997, -5.418641890999936], [-79.30506655599999, -5.414234315999977], [-79.30508751199994, -5.4032164859999625], [-79.30500868499996, -5.398921349999966], [-79.30481204199998, -5.384539257999961], [-79.30657404699997, -5.380993648999947], [-79.30914701599994, -5.377971206999973], [-79.31004790799994, -5.375875745999963], [-79.30898837099994, -5.369929457999945], [-79.30742908699995, -5.367318830999977], [-79.30772126499994, -5.365028286999973], [-79.30835227199998, -5.364242221999973], [-79.31299109799994, -5.362642557999948], [-79.31722735599999, -5.362853623999968], [-79.31892721599996, -5.3617697339999495], [-79.32099268899998, -5.357708685999967], [-79.32534526299997, -5.347725208999975], [-79.32483217299995, -5.340228425999953], [-79.32684232799994, -5.338367713999958], [-79.32740850299996, -5.335263469999973], [-79.32954006499995, -5.327584657999978], [-79.32988509199998, -5.323241480999968], [-79.32787478799997, -5.319634406999967], [-79.32714155999997, -5.315993337999942], [-79.34346912999996, -5.306802231999939], [-79.34487200099994, -5.300904278999951], [-79.34708652999996, -5.2976713149999455], [-79.35759373299999, -5.288639578999948], [-79.35883678799996, -5.280571330999976], [-79.35999131899996, -5.27601541699994], [-79.35378077899998, -5.269684636999955], [-79.34569539699999, -5.254525592999926]]]}}, {"type": "Feature", "properties": {"objectid": 17375, "anp_gid": 192, "acp_codi": "ACP115", "acp_nomb": "Bahuaja 1", "acp_suleg": 132.038, "acp_balec": "R.M. N° 004-2017-MINAM", "acp_felec": 1483592400000, "acp_balem": " ", "acp_felem": null, "acp_fecad": "2027-01-05", "acp_ubpo": "MADRE DE DIOS", "acp_titu": "Alonso Hernando Álvaro Del Río Merino", "acp_tipro": "Privado", "acp_tirec": "10", "acp_pareg": " ", "acp_obs": null, "met_link": null, "acp_orden": 115, "acp_id": 24}, "geometry": {"type": "Polygon", "coordinates": [[[-69.34883749699998, -12.828905059999954], [-69.35106689199995, -12.83103787899995], [-69.35243430599996, -12.829207029999964], [-69.35319944699995, -12.828186483999957], [-69.35434910699996, -12.826653048999958], [-69.35541327699997, -12.82471301399994], [-69.35624962799994, -12.823212230999957], [-69.35451337599994, -12.82213244299993], [-69.35171742899996, -12.820188371999961], [-69.34549737999998, -12.817898535999973], [-69.34427728199995, -12.819706283999949], [-69.34298812099996, -12.821534007999958], [-69.34274604499996, -12.821878122999976], [-69.34155969899996, -12.823564517999955], [-69.34027103499994, -12.825451356999963], [-69.34015332999996, -12.825566512999956], [-69.34497675699998, -12.827023447999977], [-69.34731993699995, -12.827993099999958], [-69.34883749699998, -12.828905059999954]]]}}, {"type": "Feature", "properties": {"objectid": 17376, "anp_gid": 312, "acp_codi": "ACP75", "acp_nomb": "Cavernas de Leo", "acp_suleg": 12.5, "acp_balec": "R.M. N° 301-2014-MINAM", "acp_felec": 1410757200000, "acp_balem": " ", "acp_felem": null, "acp_fecad": "2034-09-15", "acp_ubpo": "AMAZONAS", "acp_titu": "Leuvigildo lopez Gongora y Lidia del Aguila de Lopez", "acp_tipro": "Privado", "acp_tirec": "20", "acp_pareg": " ", "acp_obs": null, "met_link": null, "acp_orden": 75, "acp_id": 117}, "geometry": {"type": "Polygon", "coordinates": [[[-77.39422910599995, -6.461968731999946], [-77.39399455599994, -6.462051181999925], [-77.39376844699996, -6.462007053999969], [-77.39366888199999, -6.4619713689999685], [-77.39356935999996, -6.4619447219999415], [-77.39345104299997, -6.461764509999966], [-77.39414535999998, -6.461453936999931], [-77.39412656599995, -6.461300371999926], [-77.39409911799999, -6.461228193999943], [-77.39360999099995, -6.460977419999949], [-77.39333806499997, -6.460797930999945], [-77.39305735899995, -6.460672712999951], [-77.39282132099999, -6.460438823999937], [-77.39088242199995, -6.457411024999942], [-77.39027583399997, -6.457160796999972], [-77.39040186999995, -6.458985969999958], [-77.39047110499996, -6.460260064999943], [-77.39088081799997, -6.460917945999938], [-77.39131759699995, -6.46156665999996], [-77.39145377299997, -6.461701595999955], [-77.39148100799997, -6.461728583999957], [-77.39162596399996, -6.461809247999952], [-77.39166223499996, -6.461836192999954], [-77.39173511699994, -6.461962387999961], [-77.39169036199996, -6.462052982999978], [-77.39168141099998, -6.462071101999925], [-77.39159181699995, -6.462234214999967], [-77.39153828099995, -6.462379080999938], [-77.39150287499996, -6.462514816999942], [-77.39153034999998, -6.462614117999976], [-77.39159381299999, -6.4626590119999605], [-77.39173859999994, -6.462703522999959], [-77.39199203099997, -6.462792714999978], [-77.39206397799995, -6.462720069999932], [-77.39214525899996, -6.462710648999973], [-77.39246121799994, -6.462645893999934], [-77.39259658599997, -6.462609102999977], [-77.39266009199997, -6.4626630349999346], [-77.39279567299997, -6.462671435999937], [-77.39292251599994, -6.46274314599998], [-77.39296820599998, -6.462851391999948], [-77.39295950999997, -6.4629237409999405], [-77.39303154199996, -6.462869170999966], [-77.39332934399994, -6.462786423999944], [-77.39353699999998, -6.462749292999945], [-77.39364538799998, -6.462739744999965], [-77.39373557699997, -6.462703166999972], [-77.39397025499994, -6.462647831999959], [-77.39405140799994, -6.462611295999977], [-77.39419428099995, -6.462249086999975], [-77.39422910599995, -6.461968731999946]]]}}, {"type": "Feature", "properties": {"objectid": 17377, "anp_gid": 243, "acp_codi": "ACP145", "acp_nomb": "Buen Retiro", "acp_suleg": 4.998, "acp_balec": "R.M. N° 032-2020-MINAM", "acp_felec": 1580706000000, "acp_balem": " ", "acp_felem": null, "acp_fecad": "03/02/2040", "acp_ubpo": "LORETO", "acp_titu": "Marcela Kasparova", "acp_tipro": "Privado", "acp_tirec": "20", "acp_pareg": "P.E. N° 04008436", "acp_obs": null, "met_link": null, "acp_orden": 145, "acp_id": 56}, "geometry": {"type": "Polygon", "coordinates": [[[-73.57671013999999, -4.479116230999978], [-73.57326424799999, -4.47620283599997], [-73.57268367399996, -4.476894511999944], [-73.57612956499997, -4.479807909999977], [-73.57671013999999, -4.479116230999978]]]}}, {"type": "Feature", "properties": {"objectid": 17378, "anp_gid": 257, "acp_codi": "ACP21", "acp_nomb": "Tilacancha", "acp_suleg": 6800.48, "acp_balec": "R.M. N° 118-2010-MINAM", "acp_felec": 1278392400000, "acp_balem": " ", "acp_felem": null, "acp_fecad": "2030-07-06", "acp_ubpo": "AMAZONAS", "acp_titu": "Comunidad Campesina Levanto y Comunidad Campesina San Isidro del Mayno", "acp_tipro": "Comunidad Campesina", "acp_tirec": "20", "acp_pareg": " ", "acp_obs": null, "met_link": null, "acp_orden": 21, "acp_id": 63}, "geometry": {"type": "MultiPolygon", "coordinates": [[[-77.83083620899998, -6.362615838999943], [-77.83260811599996, -6.362183538999943], [-77.83337393899996, -6.361948664999943], [-77.83428734299997, -6.36160747699995], [-77.83420147499999, -6.36110869099997], [-77.83428192099996, -6.360279180999953], [-77.83425694399995, -6.3595990569999685], [-77.83423348199995, -6.359195279999938], [-77.83433750699999, -6.358790803999966], [-77.83424913799996, -6.358174801999951], [-77.83424540999994, -6.357494560999953], [-77.83424319699998, -6.357090666999966], [-77.83407065399996, -6.35662393399997], [-77.83406867399998, -6.356262555999933], [-77.83402233699996, -6.355561289999969], [-77.83401965899998, -6.355072366999934], [-77.83418707699997, -6.354603768999937], [-77.83467309099996, -6.354112166999926], [-77.83490576599996, -6.353919567999981], [-77.83558486999993, -6.353767036999955], [-77.83622066199996, -6.353465934999974], [-77.83638982599996, -6.353316200999927], [-77.83712199599995, -6.353016393999951], [-77.83764101099996, -6.3527531929999554], [-77.83816026199997, -6.352533383999969], [-77.83880432899997, -6.35245146099993], [-77.83923408799996, -6.352314503999935], [-77.84006714099996, -6.352121491999981], [-77.84044323499995, -6.352011746999949], [-77.84073742799995, -6.351687095999978], [-77.84108617199996, -6.351496742999927], [-77.84124553999999, -6.351118991999954], [-77.84151400899998, -6.351009838999971], [-77.84197081799994, -6.350899650999963], [-77.84242703699994, -6.350681786999928], [-77.84264065799994, -6.350384497999926], [-77.84266593799998, -6.350088242999959], [-77.84277001599997, -6.349441600999967], [-77.84271310099996, -6.348876601999962], [-77.84260340999998, -6.348500329999979], [-77.84287054699996, -6.348148906999938], [-77.84297639699997, -6.3478252909999355], [-77.84332380799998, -6.347392667999941], [-77.84326733699999, -6.34690842599997], [-77.84318381299994, -6.346397411999931], [-77.84312763899999, -6.3459670079999455], [-77.84293590299995, -6.345348909999927], [-77.84255848599997, -6.3452163839999685], [-77.84215416399996, -6.345084004999933], [-77.84196420099994, -6.344788931999972], [-77.84174718499997, -6.344467086999941], [-77.84136681699994, -6.3437961839999275], [-77.84125683399998, -6.34336607299997], [-77.84090440699998, -6.342883451999967], [-77.84047067399996, -6.342293598999959], [-77.84009134299998, -6.341811123999946], [-77.83949617899998, -6.341222153999979], [-77.83903672299994, -6.3408477959999345], [-77.83876501599997, -6.340364730999966], [-77.83854697299995, -6.339854449999962], [-77.83838215299994, -6.339236199999959], [-77.83835347999997, -6.3389133199999605], [-77.83832259799993, -6.338186657999927], [-77.83850872699998, -6.337781842999959], [-77.83866809699998, -6.3374040939999645], [-77.83872028699994, -6.3371076909999715], [-77.83890685699998, -6.336783632999925], [-77.83912062699994, -6.336513264999951], [-77.83949729999995, -6.3365112029999295], [-77.83968832099998, -6.336462952999966], [-77.84037049699998, -6.336442785999964], [-77.84084757499994, -6.336355853999976], [-77.84132511399997, -6.336353236999969], [-77.84174631799993, -6.3363228239999785], [-77.84209731899995, -6.336061235999978], [-77.84278258699999, -6.335755030999962], [-77.84303401499994, -6.335500701999933], [-77.84317154199994, -6.33496594199994], [-77.84367771199999, -6.334417186999929], [-77.84412122699996, -6.333977039999979], [-77.84454073299997, -6.333637472999953], [-77.84493230299995, -6.3333261639999705], [-77.84523929399995, -6.3329591079999545], [-77.84565433999995, -6.332572188999961], [-77.84624360999999, -6.331688850999967], [-77.84668889299996, -6.330927558999974], [-77.84685342899996, -6.330195913999944], [-77.84690729899995, -6.329774035999947], [-77.84698925899994, -6.329352003999929], [-77.84700659699996, -6.328851284999928], [-77.84709530499998, -6.328199096999981], [-77.84712062299997, -6.327693059999945], [-77.84717464699997, -6.32729928699996], [-77.84714424799995, -6.326877870999965], [-77.84714193899998, -6.326456300999951], [-77.84710805199995, -6.325941379999961], [-77.84747285899994, -6.32533026699997], [-77.84769572999994, -6.324991778999959], [-77.84783510099999, -6.324794276999967], [-77.84791598299995, -6.324175512999943], [-77.84788543199994, -6.323725992999925], [-77.84796615999994, -6.323079123999946], [-77.84813161999995, -6.322516107999945], [-77.84838165599996, -6.322008838999977], [-77.84871595999994, -6.32150110799995], [-77.84888218899994, -6.321078614999976], [-77.84910521199998, -6.320768231999978], [-77.84921495399993, -6.320289837999951], [-77.84921402999998, -6.320121210999957], [-77.84923965699994, -6.319671382999957], [-77.84926528499994, -6.319221554999956], [-77.84936187799997, -6.318655661999969], [-77.84940142299996, -6.318433856999945], [-77.84959620199999, -6.3180955239999435], [-77.84981953099998, -6.31784135099997], [-77.85018361499993, -6.317642617999979], [-77.85040663699994, -6.317332234999981], [-77.85048921099997, -6.317022622999957], [-77.85049422399999, -6.316946554999959], [-77.85062023999996, -6.316945863999933], [-77.85083132699998, -6.316944706999948], [-77.85098494899995, -6.316963064999925], [-77.85115818199995, -6.317058118999967], [-77.85133173099996, -6.3172107729999425], [-77.85167893299996, -6.317535280999948], [-77.85217881099999, -6.317705345999968], [-77.85233295999996, -6.31781970399993], [-77.85292836599996, -6.317912440999976], [-77.85331247599999, -6.317967935999945], [-77.85423410499999, -6.318058879999967], [-77.85457972999995, -6.318095383999946], [-77.85486746999999, -6.318074603999946], [-77.85515531399994, -6.318073022999954], [-77.85547985199997, -6.317764029999978], [-77.85559288299999, -6.317379395999978], [-77.85562852399994, -6.316879983999968], [-77.85566532399997, -6.316591771999981], [-77.85570128099994, -6.3161499599999615], [-77.85590773199993, -6.3153039979999335], [-77.85623121599997, -6.314803004999931], [-77.85667036299998, -6.314397379999946], [-77.85705299399996, -6.314184071999932], [-77.85716644499996, -6.313876238999967], [-77.85695462399997, -6.313742997999952], [-77.85674217199994, -6.313494556999956], [-77.85656830799996, -6.313284303999978], [-77.85631747699995, -6.313036072999978], [-77.85598936099996, -6.312692261999928], [-77.85581539299994, -6.312462808999953], [-77.85567990899995, -6.31225234599998], [-77.85552397299995, -6.311811585999976], [-77.85550341599998, -6.311562090999928], [-77.85550162699997, -6.311235688999943], [-77.85565324799995, -6.310889244999942], [-77.85567117499994, -6.310658739999951], [-77.85570829099998, -6.3104281279999554], [-77.85567953999998, -6.31005420799994], [-77.85557639399997, -6.309779791999972], [-77.85530349399994, -6.309532234999949], [-77.85489569599997, -6.309443905999956], [-77.85437463299996, -6.309333555999956], [-77.85398834699998, -6.30904133599995], [-77.85348879699995, -6.308727095999927], [-77.85296674299997, -6.308435618999965], [-77.85258107699997, -6.308256601999972], [-77.85228505599997, -6.307918602999962], [-77.85196591199997, -6.307490164999933], [-77.85162550299998, -6.307310897999969], [-77.85117170599995, -6.307086968999954], [-77.85083067899996, -6.306794497999931], [-77.85033212199994, -6.306661377999944], [-77.84978830999995, -6.30652850599995], [-77.84931200999995, -6.3063273389999495], [-77.84899447799995, -6.306193227999927], [-77.84892634699997, -6.306148316999952], [-77.84849554999994, -6.305992182999944], [-77.84810976299997, -6.30579051899997], [-77.84772397599994, -6.305588855999929], [-77.84727042899993, -6.305410203999941], [-77.84683864499993, -6.305072940999935], [-77.84658887299997, -6.304915815999948], [-77.84631671999995, -6.304804094999952], [-77.84597470699998, -6.304330491999963], [-77.84567893999997, -6.304037768999933], [-77.84517939699998, -6.303723515999934], [-77.84486087799996, -6.303408273999935], [-77.84462806299996, -6.302968131999933], [-77.84458209899998, -6.302902012999937], [-77.84454450699997, -6.302776656999981], [-77.84450115699997, -6.302632099999926], [-77.84445142499999, -6.302466258999971], [-77.84440813699996, -6.302214847999949], [-77.84437192799999, -6.302004552999961], [-77.84435924199994, -6.30179654899996], [-77.84434972799994, -6.301640557999974], [-77.84434375099994, -6.301542564999977], [-77.84440173999997, -6.30126439999998], [-77.84445990599994, -6.301109761999953], [-77.84451043399997, -6.3010201549999465], [-77.84457228699995, -6.3009104649999585], [-77.84462208099995, -6.300822160999928], [-77.84465600299995, -6.30061143599994], [-77.84467143999996, -6.300462446999973], [-77.84468797199997, -6.300259402999927], [-77.84470677199994, -6.300028487999953], [-77.84472511199994, -6.299760363999951], [-77.84473355999995, -6.299591601999964], [-77.84473712999994, -6.299520293999933], [-77.84474268099996, -6.299409404999949], [-77.84469916999996, -6.29919773499995], [-77.84466360599998, -6.2990247179999415], [-77.84468251499999, -6.298845539999945], [-77.84470240499996, -6.2986570679999545], [-77.84473098099994, -6.298453527999925], [-77.84476263399995, -6.298268152999981], [-77.84482412299997, -6.297996567999974], [-77.84491291999996, -6.297688283999946], [-77.84503245799993, -6.297506735999946], [-77.84518294199995, -6.29727818899994], [-77.84530447499998, -6.297039345999963], [-77.84538741499995, -6.296767838999926], [-77.84544545899996, -6.29653002799995], [-77.84553671299994, -6.296333219999951], [-77.84559850499994, -6.296199953999974], [-77.84564834999998, -6.29609245499995], [-77.84570426499994, -6.295863362999967], [-77.84577384599999, -6.295578280999962], [-77.84577238599996, -6.295310344999962], [-77.84577118799996, -6.295090479999942], [-77.84581653299995, -6.29497190099994], [-77.84589164199997, -6.294775485999935], [-77.84594828099995, -6.294627372999969], [-77.84596245099993, -6.294437106999965], [-77.84597744299998, -6.294235801999946], [-77.84599610199996, -6.293985249999935], [-77.84603753799996, -6.293727846999957], [-77.84607191499998, -6.293514294999966], [-77.84610330199996, -6.293319311999937], [-77.84614886199995, -6.29304648699997], [-77.84619084599996, -6.292795371999944], [-77.84621961799996, -6.292623283999944], [-77.84639415499998, -6.29243200999997], [-77.84652570199995, -6.292287847999944], [-77.84662475999994, -6.292178529999944], [-77.84680626699998, -6.291978223999934], [-77.84689124299996, -6.2918657699999585], [-77.84699476099996, -6.291728778999925], [-77.84713744999993, -6.291539951999937], [-77.84737371299997, -6.2913350749999495], [-77.84749498899998, -6.291229908999981], [-77.84753613999999, -6.291114723999954], [-77.84762177499994, -6.2908750279999595], [-77.84772717599998, -6.290606178999951], [-77.84783837799995, -6.290391941999928], [-77.84795110499994, -6.290174768999975], [-77.84805953799997, -6.2898752539999805], [-77.84812805599995, -6.289685989999953], [-77.84827619299995, -6.289536139999939], [-77.84836797199995, -6.28944329899997], [-77.84846866499998, -6.289336439999943], [-77.84871049499998, -6.288755519999938], [-77.84876091999996, -6.288442261999933], [-77.84881205699998, -6.2882594099999665], [-77.84880992599994, -6.287868191999962], [-77.84883414499996, -6.2875289949999456], [-77.84883172999997, -6.287085614999967], [-77.84882945699997, -6.286668316999965], [-77.84880182999996, -6.286381565999932], [-77.84895751199997, -6.286250306999932], [-77.84926930199998, -6.28606603399993], [-77.84960673099994, -6.285803374999944], [-77.84981496999995, -6.285750074999953], [-77.85020538099997, -6.285643617999938], [-77.85051702799996, -6.285433262999959], [-77.85069749499996, -6.285067130999948], [-77.85074820499995, -6.284806035999964], [-77.85084933999997, -6.284231681999927], [-77.85087370099995, -6.283918567999933], [-77.85120970699995, -6.283395095999936], [-77.85167703199994, -6.2830534829999465], [-77.85222141599996, -6.282502793999981], [-77.85242638399995, -6.281849628999964], [-77.85242368399997, -6.281354088999933], [-77.85226629899995, -6.2811723739999366], [-77.85200436999997, -6.280939064999927], [-77.85176878999994, -6.2807577769999625], [-77.85145387999995, -6.280368265999925], [-77.85100835999998, -6.279927302999965], [-77.85082391699996, -6.279563160999942], [-77.85029892699998, -6.278887892999933], [-77.85016647299994, -6.2784973859999695], [-77.84974730599998, -6.278108439999926], [-77.84940775199993, -6.277979879999975], [-77.84919894899997, -6.277928852999935], [-77.84893588799997, -6.277486892999946], [-77.84893475299998, -6.277278242999955], [-77.84893262599996, -6.27688702599994], [-77.84872155399995, -6.276418698999976], [-77.84872070299997, -6.276262212999939], [-77.84848413399999, -6.2758983529999455], [-77.84824884199998, -6.27576922399993], [-77.84764892399994, -6.275694241999929], [-77.84738799199994, -6.275643497999965], [-77.84691825799996, -6.275541725999972], [-77.84652671699996, -6.275439526999946], [-77.84618773199998, -6.2754152879999765], [-77.84577055199998, -6.275391474999935], [-77.84559544099994, -6.275379914999974], [-77.84540550199995, -6.275367376999952], [-77.84493590399995, -6.275277972999959], [-77.84470088499995, -6.275270422999938], [-77.84456867399996, -6.275266360999979], [-77.84427690399997, -6.2750981749999255], [-77.84396734099994, -6.27479176199995], [-77.84363406899996, -6.274844921999943], [-77.84330205199996, -6.2751291459999265], [-77.84271717899998, -6.275568757999963], [-77.84210271399996, -6.27575593499995], [-77.84144366899994, -6.275956691999966], [-77.84056339999995, -6.276224835999926], [-77.83924312199997, -6.27662701099996], [-77.83892431499999, -6.276950132999957], [-77.83846386399995, -6.277209377999952], [-77.83813170199994, -6.277467924999939], [-77.83777332499994, -6.277623917999961], [-77.83651678099994, -6.277759104999973], [-77.83586468899995, -6.27745379299995], [-77.83467973499995, -6.277519515999927], [-77.83371713299994, -6.277910858999974], [-77.83278099699999, -6.278089962999957], [-77.83130776299998, -6.278328474999967], [-77.83078583999998, -6.278253022999934], [-77.82986989299997, -6.278120608999927], [-77.82929696399998, -6.277837828999964], [-77.82871742199995, -6.277551783999968], [-77.82810488499996, -6.277691466999954], [-77.82742593799998, -6.277846292999925], [-77.82679624699995, -6.278530609999962], [-77.82636227399996, -6.2789437529999645], [-77.82587715599999, -6.279471704999935], [-77.82544439399999, -6.280027058999963], [-77.82477907699996, -6.280364426999938], [-77.82421500899994, -6.280444498999941], [-77.82331821099996, -6.280680415999939], [-77.82277993799994, -6.280786020999926], [-77.82185595699997, -6.280739657999959], [-77.82144265499994, -6.2802283869999656], [-77.82022172899997, -6.280490294999936], [-77.81862078499995, -6.281267067999977], [-77.81722956999994, -6.282112539999957], [-77.81563011599997, -6.283168625999963], [-77.81451728399998, -6.283872932999941], [-77.81354139499996, -6.28408768099996], [-77.81242442999996, -6.284023859999934], [-77.81137762499998, -6.284029491999945], [-77.81088836599997, -6.283892459999947], [-77.81032856999997, -6.283616142999961], [-77.80997513599993, -6.2827800629999615], [-77.80997138799995, -6.282081765999976], [-77.80982881599994, -6.281523878999963], [-77.80947688399993, -6.2809671159999425], [-77.80884767999999, -6.2807610009999735], [-77.80821959999997, -6.2807643739999435], [-77.80759076999993, -6.280628085999979], [-77.80696156599998, -6.280421967999928], [-77.80598567299995, -6.2806366999999454], [-77.80542550699994, -6.2802905459999465], [-77.80500454299994, -6.279873811999948], [-77.80416373499997, -6.279249831999948], [-77.80357286899994, -6.278925501999936], [-77.80324646999998, -6.27892993699993], [-77.80324646899999, -6.27892993699993], [-77.80324645899998, -6.278929947999927], [-77.80324643499995, -6.2789299739999365], [-77.80324623099995, -6.2789301939999405], [-77.80322437799998, -6.278953758999933], [-77.80314159899996, -6.279043023999975], [-77.79514920499997, -6.287661482999965], [-77.79502393399997, -6.287796563999962], [-77.79502254599998, -6.287798060999933], [-77.79502252999998, -6.28779807799998], [-77.79502252099996, -6.287798086999942], [-77.79544206399999, -6.28793552999997], [-77.79615365099994, -6.288065094999979], [-77.79748772599999, -6.288280239999949], [-77.79869065399998, -6.288896200999943], [-77.79971491299995, -6.289335286999972], [-77.80006662899996, -6.289914770999928], [-77.80037598199993, -6.290172611999935], [-77.80060444799994, -6.290421383999956], [-77.80094647899995, -6.290669545999947], [-77.80128887499995, -6.290985886999977], [-77.80147155099996, -6.291166722999947], [-77.80185900799995, -6.291414639999971], [-77.80229176899996, -6.291639586999963], [-77.80297436999996, -6.291863191999937], [-77.80308866599995, -6.291998939999928], [-77.80356575599995, -6.292019104999952], [-77.80454228199994, -6.291991132999954], [-77.80515552599996, -6.2919878379999545], [-77.80561026799995, -6.292076301999941], [-77.80599845899997, -6.292460572999971], [-77.80629567599993, -6.292822604999969], [-77.80643317399995, -6.2930491339999435], [-77.80659496999994, -6.293570981999949], [-77.80668850599994, -6.2940704699999515], [-77.80678375299993, -6.294888123999954], [-77.80690232299997, -6.2958192879999615], [-77.80715619599994, -6.296567907999929], [-77.80709196599997, -6.297295512999938], [-77.80705166999996, -6.298250257999939], [-77.80703421199996, -6.299227605999931], [-77.80672026199994, -6.299979281999981], [-77.80660852999995, -6.300320785999929], [-77.80638225399997, -6.300481091999927], [-77.80599735299995, -6.300710432999949], [-77.80563528799996, -6.3009623779999515], [-77.80556849199996, -6.301212731999954], [-77.80532023599994, -6.301509517999932], [-77.80516295399997, -6.3018285409999635], [-77.80496000199997, -6.302102354999931], [-77.80475668199995, -6.302307990999964], [-77.80430412899995, -6.30262860299996], [-77.80396428499995, -6.302789519999976], [-77.80339645399994, -6.302792574999955], [-77.80305551199996, -6.302748953999981], [-77.80271456999998, -6.302705334999928], [-77.80230658499994, -6.30286661699995], [-77.80196588599995, -6.302868448999959], [-77.80176110099995, -6.302801368999951], [-77.80160210799994, -6.302802223999947], [-77.80128412199997, -6.30280393299995], [-77.80096589299995, -6.302760188999969], [-77.80080641099994, -6.3026701379999395], [-77.80066295599994, -6.302528133999942], [-77.80063222899997, -6.3026326509999535], [-77.80050542999999, -6.303020192999952], [-77.80040033999995, -6.303450602999931], [-77.80029490499999, -6.303816538999968], [-77.80021094799997, -6.30418235999997], [-77.80017029599998, -6.30461242399997], [-77.80017167999995, -6.304870322999932], [-77.80008760999993, -6.305214651999961], [-77.79996046299993, -6.305537719999961], [-77.79985514199996, -6.305925146999925], [-77.79979289699997, -6.306333834999975], [-77.79981622199995, -6.306677585999978], [-77.79980840999997, -6.306751554999948], [-77.79983129499999, -6.306832302999965], [-77.79983245599993, -6.307048548999944], [-77.79986382899995, -6.307141058999946], [-77.79987439699994, -6.307192490999967], [-77.79990549299998, -6.307233513999961], [-77.79987655399998, -6.307594088999963], [-77.79983654799997, -6.307810555999936], [-77.79984816699994, -6.30805763799998], [-77.79979665199994, -6.30826265099995], [-77.79979797099998, -6.3082716949999735], [-77.79975703599996, -6.308336165999947], [-77.79970673899999, -6.308552686999974], [-77.79949355899998, -6.308689952999941], [-77.79949278999999, -6.30869105599993], [-77.79932539399994, -6.308720578999953], [-77.79873953499998, -6.308816365999974], [-77.79795552099995, -6.309268626999938], [-77.79744768599994, -6.30962616599993], [-77.79695705899996, -6.310215504999974], [-77.79637417899994, -6.310867099999939], [-77.79569904699997, -6.311580946999925], [-77.79536046599998, -6.311857585999974], [-77.79477956899996, -6.311489234999954], [-77.79392788899997, -6.3112935479999805], [-77.79337561699998, -6.310946056999967], [-77.79267377499997, -6.310699496999973], [-77.79172416899996, -6.310904850999975], [-77.79087356099996, -6.310909411999944], [-77.79027339899994, -6.310962695999933], [-77.78982334499995, -6.31101517299993], [-77.78912310999993, -6.311068989999967], [-77.78867278799999, -6.311071402999971], [-77.78827357199998, -6.311273802999949], [-77.78797549899997, -6.311675921999949], [-77.78767849799993, -6.312278295999931], [-77.78727901199994, -6.312430630999927], [-77.78682949099993, -6.312583234999977], [-77.78617928899996, -6.31263678199997], [-77.78593017899993, -6.3128383769999346], [-77.78563290599999, -6.3133906869999805], [-77.78518632799995, -6.314093992999972], [-77.78458830099999, -6.314547782999966], [-77.78389207299995, -6.315352555999937], [-77.78324721799999, -6.316407380999976], [-77.78274899199994, -6.316810571999952], [-77.78260155799995, -6.31731201499997], [-77.78235485199997, -6.317964186999973], [-77.78131829399996, -6.3179409959999475], [-77.78038415099996, -6.317515663999927], [-77.77973711399994, -6.317160514999955], [-77.77930281999994, -6.316373900999963], [-77.77894173899995, -6.315873779999947], [-77.77822302299995, -6.315519010999935], [-77.77757790199996, -6.315522456999929], [-77.77671773899993, -6.315527048999968], [-77.77621788899995, -6.315888325999936], [-77.77586407499996, -6.316750873999979], [-77.77594187499994, -6.31789800599995], [-77.77566203599997, -6.319190490999972], [-77.77523462799996, -6.319694824999942], [-77.77502073299996, -6.319911131999959], [-77.77416247299999, -6.320274321999932], [-77.77330306399995, -6.32042235199998], [-77.77258739899997, -6.320641335999937], [-77.77215807599998, -6.320787068999948], [-77.77187478999997, -6.321434077999925], [-77.77178865599996, -6.322344164999947], [-77.77209862499996, -6.3230824879999545], [-77.77246047299997, -6.3237260539999625], [-77.77267934299994, -6.3244421039999565], [-77.77268431499994, -6.325374462999946], [-77.77197093699994, -6.3260237679999705], [-77.77175971599996, -6.326742114999945], [-77.77126367699998, -6.327820591999966], [-77.77076534099996, -6.328468748999967], [-77.77076840099994, -6.329042508999976], [-77.77057134199998, -6.329175474999943], [-77.77079431999994, -6.329796987999941], [-77.77073684899995, -6.332359692999944], [-77.77088824199996, -6.334067149999953], [-77.77075356199998, -6.335491422999951], [-77.76998204399996, -6.337559699999929], [-77.76849836299994, -6.339489427999979], [-77.76722353599996, -6.340563904999954], [-77.76623440499998, -6.341850389999934], [-77.76489222199996, -6.343637006999927], [-77.76312052699996, -6.344927668999958], [-77.76270088899997, -6.346282293999934], [-77.76341209599997, -6.348107303999939], [-77.76343880499996, -6.348646583999937], [-77.76346089399993, -6.348793567999962], [-77.76348346599997, -6.348943765999934], [-77.76354003199998, -6.349320162999959], [-77.76361280399993, -6.349894789999951], [-77.76374330999994, -6.350458538999931], [-77.76410277899998, -6.351599298999929], [-77.76410807599996, -6.351616106999927], [-77.76413463499995, -6.3516789399999425], [-77.76413473099996, -6.351679167999976], [-77.76413475599998, -6.351679227999966], [-77.76414710599994, -6.351708444999929], [-77.76444537799995, -6.352414086999943], [-77.76503477599994, -6.353672806999953], [-77.76542994799996, -6.35444247099997], [-77.76631881399999, -6.355855421999934], [-77.76789174199996, -6.357925273999967], [-77.76865122399994, -6.358496217999971], [-77.76982857599995, -6.359900835999952], [-77.77062193399996, -6.360663474999967], [-77.77103654899997, -6.361103871999944], [-77.77128698799999, -6.361102528999936], [-77.77239586899998, -6.361096577999945], [-77.77342554299997, -6.361091048999981], [-77.77445270999993, -6.3611000239999385], [-77.77540504199999, -6.361138205999964], [-77.77597731599997, -6.3612800639999705], [-77.77643549799996, -6.361506188999954], [-77.77651895499997, -6.362171733999958], [-77.77658924299999, -6.362732251999944], [-77.77666070199996, -6.363302105999935], [-77.77716278499997, -6.363881797999966], [-77.77752831499998, -6.364303828999937], [-77.77823161499998, -6.36458089599995], [-77.77925119099996, -6.3649825579999515], [-77.78015554699994, -6.365334779999955], [-77.78075858499994, -6.365567118999934], [-77.78134450699997, -6.365792863999957], [-77.78224328499994, -6.365916377999952], [-77.78285452599994, -6.366000377999967], [-77.78352404999998, -6.365586065999935], [-77.78414356999997, -6.365202694999937], [-77.78474600899995, -6.36510214599997], [-77.78552975099996, -6.364971336999929], [-77.78636898399998, -6.364831262999928], [-77.78668954799997, -6.365043627999967], [-77.78695902799996, -6.365631831999963], [-77.78729000299995, -6.36636615599997], [-77.78749769199999, -6.366978461999963], [-77.78754364499997, -6.367918800999973], [-77.78791505899994, -6.368571114999952], [-77.78799945999998, -6.3690614009999535], [-77.78845041799997, -6.3693043329999455], [-77.78882095099993, -6.369793070999947], [-77.78939475899995, -6.370076233999953], [-77.79013450099995, -6.370808342999965], [-77.79107707799994, -6.371253086999957], [-77.79124146599997, -6.371415776999925], [-77.79144672999996, -6.371578245999956], [-77.79230866299997, -6.372227897999949], [-77.79275962499997, -6.372470824999937], [-77.79337519799998, -6.372917333999965], [-77.79378617099997, -6.3733240559999444], [-77.79423802099996, -6.373730554999952], [-77.79473030399998, -6.374055045999967], [-77.79575242299995, -6.374090397999964], [-77.79632379899994, -6.373923718999947], [-77.79726172699998, -6.373509682999952], [-77.79766915399995, -6.373262102999945], [-77.79819854299996, -6.372891176999929], [-77.79864617999993, -6.372520693999945], [-77.79917490099996, -6.372027087999925], [-77.79982735799996, -6.371737282999959], [-77.80064531299996, -6.37181462999996], [-77.80179004899998, -6.371849305999945], [-77.80240362699999, -6.371927760999938], [-77.80314005199995, -6.372046440999952], [-77.80387669899994, -6.372206013999971], [-77.80428545299998, -6.372203790999947], [-77.80522514299997, -6.3721168899999725], [-77.80567277199998, -6.371746403999964], [-77.80616038599999, -6.371212121999974], [-77.80647242799995, -6.37046105099995], [-77.80670773099996, -6.3703144139999495], [-77.80683590199999, -6.370184783999946], [-77.80709310699996, -6.369924648999927], [-77.80716496299993, -6.3698519749999605], [-77.80739236499994, -6.369621983999934], [-77.80780389399996, -6.3693442629999595], [-77.80803060599999, -6.368837979999967], [-77.80857831099996, -6.368284035999977], [-77.80889755499999, -6.367914989999974], [-77.80930783299993, -6.367407707999973], [-77.80994881599997, -6.367128737999963], [-77.81059179799996, -6.367217061999952], [-77.81118888699996, -6.367305635999969], [-77.81169369399998, -6.367302884999958], [-77.81233617499998, -6.367299383999978], [-77.81284198099996, -6.367480280999928], [-77.81362188599996, -6.367430114999934], [-77.81398701699999, -6.367060816999981], [-77.81407704799994, -6.366738932999965], [-77.81457859999995, -6.366139325999939], [-77.81484742399994, -6.365866173999962], [-77.81514867699997, -6.365444036999975], [-77.81545171099998, -6.365348940999979], [-77.81587442299997, -6.365790488999949], [-77.81608685999998, -6.366209823999952], [-77.81622899599995, -6.366582818999973], [-77.81651059199999, -6.366838250999933], [-77.81669751499999, -6.366860590999977], [-77.81714179399995, -6.366974969999944], [-77.81732871799994, -6.366997308999942], [-77.81756272399997, -6.367089474999943], [-77.81800649299998, -6.367110411999931], [-77.81833376799995, -6.367178706999937], [-77.81861434599995, -6.367247255999928], [-77.81905900699996, -6.367431711999927], [-77.81936433599998, -6.367757092999966], [-77.81964542399999, -6.367919081999958], [-77.81997270099998, -6.367987374999927], [-77.82016013399993, -6.368103153999925], [-77.82044185999996, -6.368381940999939], [-77.82086240699994, -6.368426362999969], [-77.82116493099994, -6.368237823999948], [-77.82146719799994, -6.368002564999927], [-77.82183900299998, -6.36767348199993], [-77.82220965899995, -6.367134160999967], [-77.82234707599997, -6.366642836999972], [-77.82236825499996, -6.366245589999949], [-77.82248206699995, -6.365707673999964], [-77.82255045499994, -6.365403611999966], [-77.82282758499997, -6.364841442999932], [-77.82788088599995, -6.364781267999945], [-77.82803027199998, -6.364226473999963], [-77.82802848899996, -6.364233097999943], [-77.82810061499998, -6.364096495999945], [-77.82847429199995, -6.363406023999971], [-77.82882530599994, -6.363159042999939], [-77.82914156799995, -6.363173212999925], [-77.82967174299995, -6.363081760999933], [-77.83083620899998, -6.362615838999943]], [[-77.83119835499997, -6.36252748499993], [-77.83083620899998, -6.362615838999943], [-77.83083441499997, -6.362616556999967], [-77.83119835499997, -6.36252748499993]]]}}, {"type": "Feature", "properties": {"objectid": 17381, "anp_gid": 186, "acp_codi": "ACP110", "acp_nomb": "Lakshmi Amazónica", "acp_suleg": 17.579, "acp_balec": "R.M. N° 333-2016-MINAM", "acp_felec": 1478062800000, "acp_balem": " ", "acp_felem": null, "acp_fecad": "2026-11-02", "acp_ubpo": "LORETO", "acp_titu": "Nancy Lupe Rosadio Valladares", "acp_tipro": "Privado", "acp_tirec": "10", "acp_pareg": " ", "acp_obs": null, "met_link": null, "acp_orden": 110, "acp_id": 19}, "geometry": {"type": "Polygon", "coordinates": [[[-73.69874875099998, -4.559440604999963], [-73.69449096199997, -4.558593782999935], [-73.69385864699996, -4.561843324999927], [-73.69672532499999, -4.562381394999932], [-73.69802615299994, -4.562826549999954], [-73.69822361899998, -4.561949750999929], [-73.69839877599998, -4.561062892999928], [-73.69862544699998, -4.560106964999932], [-73.69874875099998, -4.559440604999963]]]}}, {"type": "Feature", "properties": {"objectid": 17382, "anp_gid": 213, "acp_codi": "ACP133", "acp_nomb": "Naturaleza Viva Ryo", "acp_suleg": 26.3, "acp_balec": "R.M. N° 436-2018-MINAM", "acp_felec": 1544936400000, "acp_balem": "", "acp_felem": null, "acp_fecad": "2033-12-16", "acp_ubpo": "MADRE DE DIOS", "acp_titu": "Cesar Centeno Yauri", "acp_tipro": "Privado", "acp_tirec": "15", "acp_pareg": " ", "acp_obs": null, "met_link": null, "acp_orden": 133, "acp_id": 43}, "geometry": {"type": "Polygon", "coordinates": [[[-70.23630640599998, -12.89150778499993], [-70.23909375699998, -12.89167026399997], [-70.23949892699994, -12.884139981999965], [-70.23653317699996, -12.88385491899993], [-70.23630640599998, -12.89150778499993]]]}}, {"type": "Feature", "properties": {"objectid": 17383, "anp_gid": 193, "acp_codi": "ACP116", "acp_nomb": "Bosque Seco de Colina Juan Velasco Alvarado", "acp_suleg": 247.67, "acp_balec": "R.M. N° 048-2017-MINAM", "acp_felec": 1487134800000, "acp_balem": " ", "acp_felem": null, "acp_fecad": "Perpetuo", "acp_ubpo": "PIURA", "acp_titu": "Comunidad Campesina Juan Velasco Alvarado Franco C-C-J-V-A Franco", "acp_tipro": "Comunidad Campesina", "acp_tirec": "Perpetuo", "acp_pareg": " ", "acp_obs": null, "met_link": null, "acp_orden": 116, "acp_id": 25}, "geometry": {"type": "Polygon", "coordinates": [[[-80.03647358899997, -5.149819008999941], [-80.04071085099997, -5.157069171999979], [-80.04200327599995, -5.158614505999935], [-80.04547693399996, -5.158550395999953], [-80.04697972399998, -5.161361161999935], [-80.04799077399997, -5.163139206999972], [-80.04942951799995, -5.164345583999932], [-80.05350835099995, -5.162994596999965], [-80.05471655699995, -5.165562405999935], [-80.05851549599998, -5.168969284999946], [-80.06001106999997, -5.168595281999956], [-80.06134933299995, -5.167769249999935], [-80.06328391599999, -5.168549414999973], [-80.06397641699994, -5.168440294999925], [-80.06354352499994, -5.167170015999943], [-80.06322305699996, -5.166438672999959], [-80.06286354699995, -5.165231376999941], [-80.06241561299998, -5.164168762999964], [-80.06231965999996, -5.16390303299994], [-80.06223160099995, -5.163798349999979], [-80.06199871799998, -5.163701464999974], [-80.06147730099997, -5.163475364999954], [-80.06098822699994, -5.163160983999944], [-80.06043502299997, -5.162645212999962], [-80.05973009499996, -5.161711005999962], [-80.05923281999998, -5.160834789999967], [-80.05875280999999, -5.159683797999946], [-80.05847464699997, -5.158098468999981], [-80.05738604499999, -5.155541247999963], [-80.05617481399997, -5.155739684999958], [-80.05596498499995, -5.155847655999935], [-80.05444942299994, -5.155526404999932], [-80.05456726599994, -5.156436156999973], [-80.05315419299995, -5.156117177999931], [-80.05094912799996, -5.15544418099995], [-80.04985779699996, -5.155063047999931], [-80.04955363099998, -5.154800541999975], [-80.04929363499997, -5.1549206679999315], [-80.04847247499998, -5.155117117999964], [-80.04761976799995, -5.155281898999931], [-80.04684610299995, -5.155383533999952], [-80.04630498899996, -5.155365531999962], [-80.04606349299996, -5.155165835999981], [-80.04598101799996, -5.1548458049999795], [-80.04570028299997, -5.154981954999926], [-80.04292185899999, -5.15142455199998], [-80.04029601799994, -5.148268513999938], [-80.03646389499994, -5.143571189999932], [-80.03647358899997, -5.149819008999941]]]}}, {"type": "Feature", "properties": {"objectid": 17384, "anp_gid": 235, "acp_codi": "ACP145", "acp_nomb": "Buen Retiro", "acp_suleg": 4.998, "acp_balec": "R.M. N° 032-2020-MINAM", "acp_felec": 1580706000000, "acp_balem": " ", "acp_felem": null, "acp_fecad": "03/02/2040", "acp_ubpo": "LORETO", "acp_titu": "Marcela Kasparova", "acp_tipro": "Privado", "acp_tirec": "20", "acp_pareg": "P.E. N° 04008430", "acp_obs": null, "met_link": null, "acp_orden": 145, "acp_id": 56}, "geometry": {"type": "Polygon", "coordinates": [[[-73.57787128599995, -4.477732871999933], [-73.57442539299996, -4.474819482999976], [-73.57384482099997, -4.4755111599999395], [-73.57729071399996, -4.478424551999979], [-73.57787128599995, -4.477732871999933]]]}}, {"type": "Feature", "properties": {"objectid": 17385, "anp_gid": 337, "acp_codi": "ACP97", "acp_nomb": "Machusaniaca II", "acp_suleg": 12.984, "acp_balec": "R.M. N° 185-2016-MINAM", "acp_felec": 1469077200000, "acp_balem": " ", "acp_felem": null, "acp_fecad": "2036-07-21", "acp_ubpo": "CUSCO", "acp_titu": "Venecio Cutipa Quispe y Lucila Huanca Chillihuani", "acp_tipro": "Privado", "acp_tirec": "20", "acp_pareg": " ", "acp_obs": null, "met_link": null, "acp_orden": 97, "acp_id": 139}, "geometry": {"type": "Polygon", "coordinates": [[[-70.82839949799995, -13.314267117999975], [-70.82844283399999, -13.314342353999962], [-70.82851732299997, -13.314522462999946], [-70.82855616499995, -13.31489115599993], [-70.82857596299993, -13.314973609999981], [-70.82867958199995, -13.315019402999951], [-70.82907662099996, -13.315323071999956], [-70.82910361399996, -13.315603469999928], [-70.82916945199997, -13.31560435199998], [-70.82933400299999, -13.31562602899993], [-70.82944995599996, -13.315672456999948], [-70.82957956399997, -13.315733243999944], [-70.82977508999994, -13.315805484999942], [-70.82993234799994, -13.315869506999945], [-70.83011943399998, -13.31592256099998], [-70.83029368499996, -13.315979139999968], [-70.83041273799995, -13.316032954999969], [-70.83049402499995, -13.316074208999964], [-70.83061558499998, -13.31615773599998], [-70.83072588899995, -13.316242338999928], [-70.83077887299999, -13.316284700999972], [-70.83084289599998, -13.316378130999965], [-70.83089770199996, -13.316470633999927], [-70.83096806499998, -13.316567181999972], [-70.83102260399994, -13.316664566999975], [-70.83106742099994, -13.316754340999978], [-70.83112560299998, -13.316870675999951], [-70.83117917999994, -13.317012076999958], [-70.83121157699998, -13.317120194999973], [-70.83125969599996, -13.317244283999969], [-70.83131822299998, -13.317376069999966], [-70.83135400799995, -13.31745904099995], [-70.83139375799993, -13.317543067999964], [-70.83144601499998, -13.317600073999927], [-70.83150086599994, -13.317657875999942], [-70.83156336699994, -13.31770071099993], [-70.83160197099994, -13.31772329599994], [-70.83163016799995, -13.317728332999934], [-70.83166960999995, -13.317720728999973], [-70.83169568999995, -13.317707437999957], [-70.83172227099993, -13.317679683999927], [-70.83174334299997, -13.317627840999933], [-70.83174657699993, -13.317551908999974], [-70.83175323999995, -13.317456251999943], [-70.83175907999998, -13.31734225599996], [-70.83176571799999, -13.317243344999952], [-70.83176322099996, -13.31715416999998], [-70.83176603699997, -13.31708348199993], [-70.83178277699994, -13.317032393999966], [-70.83180056499998, -13.316979038999932], [-70.83182268099995, -13.31693441799996], [-70.83185445599997, -13.31688900499995], [-70.83190027699999, -13.316849273999935], [-70.83194986899997, -13.316804906999948], [-70.83197392399995, -13.31679560699996], [-70.83207413699995, -13.316752590999954], [-70.83214429299994, -13.316730577999977], [-70.83223511799997, -13.316704257999959], [-70.83231385199997, -13.316689501999974], [-70.83238494399995, -13.31669061499997], [-70.83240201199999, -13.316319079999971], [-70.83238842799994, -13.316111874999933], [-70.83246838499997, -13.31596634799996], [-70.83273771699999, -13.315176666999946], [-70.83298153899995, -13.31476960799995], [-70.83207266299996, -13.314189316999943], [-70.83124650199994, -13.31346528399996], [-70.83119549699995, -13.313473422999948], [-70.83109478199998, -13.313419024999973], [-70.83086178699995, -13.313403895999954], [-70.83062890199994, -13.313373041999967], [-70.83059464599995, -13.31335151099995], [-70.82824397399997, -13.313602586999934], [-70.82828222399996, -13.313902694999967], [-70.82839949799995, -13.314267117999975]]]}}, {"type": "Feature", "properties": {"objectid": 17386, "anp_gid": 287, "acp_codi": "ACP50", "acp_nomb": "Checca", "acp_suleg": 560.0, "acp_balec": "R.M. N° 147-2012-MINAM", "acp_felec": 1339390800000, "acp_balem": "R.M. Nº 119-2022-MINAM", "acp_felem": 1652504400000, "acp_fecad": "Perpetuo", "acp_ubpo": "PUNO", "acp_titu": "Marleny Martha Arias Chávez", "acp_tipro": "Privado", "acp_tirec": "Perpetuo", "acp_pareg": " ", "acp_obs": null, "met_link": null, "acp_orden": 50, "acp_id": 92}, "geometry": {"type": "Polygon", "coordinates": [[[-69.80590900499993, -16.845303644999944], [-69.80283760599997, -16.84713919999996], [-69.80828085999997, -16.853238529999942], [-69.80730888699998, -16.85701624899997], [-69.80491007199998, -16.86123973599996], [-69.80401882399997, -16.862784266999938], [-69.80339873599996, -16.863839110999947], [-69.80258648299997, -16.86560884399995], [-69.80216138899993, -16.86662533599997], [-69.80158078799997, -16.867792778999956], [-69.80080611399995, -16.86922408199996], [-69.80034054499998, -16.869902452999952], [-69.79874627099997, -16.871374530999958], [-69.79719100999995, -16.87284644799996], [-69.79458395499995, -16.87484864099997], [-69.79310544999998, -16.87601953999996], [-69.79263842499995, -16.87635962199994], [-69.79115754899993, -16.876966723999942], [-69.78920744299995, -16.877387689999978], [-69.78721798099997, -16.877733615999944], [-69.78335972499997, -16.88876118999997], [-69.78519113599998, -16.88792727899994], [-69.78663261099996, -16.88720761199994], [-69.78776223499995, -16.88660189199993], [-69.78858063799998, -16.886260466999943], [-69.78990434699995, -16.885390883999946], [-69.79126708199993, -16.884521140999937], [-69.79220242699995, -16.884141665999948], [-69.79391632499994, -16.883232962999955], [-69.79598107099997, -16.88221012699995], [-69.80092852699994, -16.879747747999943], [-69.80731700199993, -16.876527860999943], [-69.81222544099995, -16.874140546999968], [-69.81530264799994, -16.872587301999943], [-69.81725037299998, -16.87163989499993], [-69.81915920599994, -16.870730213999934], [-69.81891916799998, -16.86937807199996], [-69.81867961999995, -16.868138685999952], [-69.81863540699999, -16.866936106999958], [-69.81851442199996, -16.866034524999975], [-69.81882184099999, -16.864905713999974], [-69.81897603199997, -16.864454063999972], [-69.81817612199995, -16.859984505999932], [-69.80590900499993, -16.845303644999944]]]}}, {"type": "Feature", "properties": {"objectid": 17388, "anp_gid": 275, "acp_codi": "ACP38", "acp_nomb": "Huaylla Belén - Colcamar", "acp_suleg": 6338.42, "acp_balec": "R.M. N° 166-2011-MINAM", "acp_felec": 1311656400000, "acp_balem": " ", "acp_felem": null, "acp_fecad": "2041-07-26", "acp_ubpo": "AMAZONAS", "acp_titu": "Comunidad Campesina de Colcamar", "acp_tipro": "Comunidad Campesina", "acp_tirec": "30", "acp_pareg": " ", "acp_obs": null, "met_link": null, "acp_orden": 38, "acp_id": 80}, "geometry": {"type": "Polygon", "coordinates": [[[-78.04274880499997, -6.27372864299997], [-78.04229760399994, -6.273793130999934], [-78.04180729099994, -6.273814225999956], [-78.04157581999993, -6.273782506999964], [-78.04108136799994, -6.273692528999959], [-78.04029993799998, -6.273411758999941], [-78.03886928199995, -6.273401102999969], [-78.03816235599999, -6.27361772699993], [-78.03766622899997, -6.273639388999925], [-78.03722139599995, -6.273451123999962], [-78.03614996799996, -6.272880020999935], [-78.03544151199998, -6.272498825999946], [-78.03430879699994, -6.271962663999943], [-78.03362943399998, -6.271643257999926], [-78.03252104599994, -6.271181008999974], [-78.03191616999999, -6.270714128999941], [-78.03065904699997, -6.270009871999946], [-78.02983938199998, -6.270298938999929], [-78.02938769699995, -6.270228574999976], [-78.02904421999995, -6.270189362999929], [-78.02837694699997, -6.269939248999947], [-78.02774560799998, -6.269568613999979], [-78.02692729399996, -6.268945167999959], [-78.02629340599998, -6.268545460999974], [-78.02525710599997, -6.2676992759999735], [-78.02420240699996, -6.267070143999945], [-78.02330163299996, -6.266345825999963], [-78.02203306999996, -6.266965314999936], [-78.01817529699997, -6.2689577459999555], [-78.01758945499995, -6.271490276999941], [-78.01750558599997, -6.274638676999928], [-78.01732985499996, -6.277151576999927], [-78.01768867299995, -6.278387646999931], [-78.01772393999994, -6.280193332999943], [-78.01712272299994, -6.2814009029999625], [-78.01654067999993, -6.283271543999945], [-78.01680490399997, -6.284032877999948], [-78.01813473399994, -6.285673857999939], [-78.01896757299994, -6.2868582509999555], [-78.01976504899994, -6.288749072999963], [-78.01998344299994, -6.289943853999944], [-78.02021826499998, -6.292219917999944], [-78.01978198599994, -6.2937037379999765], [-78.01888422499997, -6.295274438999968], [-78.01847413199994, -6.295925243999932], [-78.00782568599999, -6.304439016999936], [-78.00550804299996, -6.316177713999934], [-78.00277949899998, -6.32040563299995], [-78.00144827199995, -6.322838529999956], [-78.00045682799998, -6.325566248999962], [-77.99893043099996, -6.32799799999998], [-77.99662120899995, -6.33081569999996], [-77.99710002099994, -6.332380432999969], [-77.99573377299998, -6.332421333999946], [-77.99484463499994, -6.334319819999962], [-77.99077230999995, -6.338298709999947], [-77.99045722499994, -6.3421529499999565], [-77.99190102799997, -6.343862933999958], [-77.99268897099995, -6.346032176999927], [-77.99296972999997, -6.347327317999941], [-77.99272970199996, -6.351677517999974], [-77.99397265599998, -6.352988509999932], [-77.99469205999998, -6.351992121999956], [-77.99550345999995, -6.351367179999954], [-77.99607291699994, -6.35163990999996], [-77.99833160499998, -6.35191687799994], [-77.99869070499994, -6.351858581999977], [-78.00165264399999, -6.353540234999969], [-78.01395830199993, -6.351033456999971], [-78.01798660199995, -6.349878120999961], [-78.02067590299998, -6.349678755999946], [-78.02061380699996, -6.349989937999965], [-78.02047466299996, -6.350181978999956], [-78.02039178499996, -6.3503946599999495], [-78.02021424899993, -6.350845627999945], [-78.02009238699998, -6.351104174999932], [-78.01952182599996, -6.351753942999949], [-78.01951291899996, -6.3519623609999485], [-78.01951271799999, -6.352069415999949], [-78.01941029399995, -6.352128794999942], [-78.01930564799994, -6.352296974999945], [-78.01923533599995, -6.352410290999956], [-78.01905708199996, -6.352749080999956], [-78.01881806699998, -6.353409795999937], [-78.01782286999997, -6.355276774999936], [-78.01712001499999, -6.356390473999966], [-78.01681629799998, -6.356782973999941], [-78.01624620799998, -6.357582010999977], [-78.01575790399994, -6.358501930999978], [-78.01459913699995, -6.362943729999927], [-78.01531703899997, -6.36312920599994], [-78.01604242799993, -6.362966546999928], [-78.01672515599995, -6.362702343999956], [-78.01774709599994, -6.362537139999972], [-78.01809135899998, -6.362584804999926], [-78.01897041499996, -6.362851340999953], [-78.01927910699999, -6.362876997999933], [-78.01982018699994, -6.362850618999971], [-78.02052065799995, -6.362614489999942], [-78.02132178999994, -6.362506749999966], [-78.02155470099996, -6.362471780999954], [-78.02225121899994, -6.362298448999979], [-78.02281523899995, -6.361866306999957], [-78.02366424399997, -6.361109693999936], [-78.02491927899996, -6.360826867999947], [-78.02591569899994, -6.360565335999979], [-78.02678185499997, -6.360335995999947], [-78.02776517399997, -6.360012126999948], [-78.02859356399995, -6.359817426999939], [-78.02917623999997, -6.360515064999959], [-78.02969491499994, -6.361265918999948], [-78.02984426199998, -6.36281284699993], [-78.02983042499994, -6.363754597999957], [-78.03000922999996, -6.364445665999938], [-78.03039390799995, -6.365364936999981], [-78.03076068999997, -6.366050834999953], [-78.03130798899997, -6.366868622999959], [-78.03177799399998, -6.367647212999941], [-78.03220638399995, -6.368629535999958], [-78.03267641499997, -6.369335325999941], [-78.03336961199994, -6.370069246999947], [-78.03394747499993, -6.370549596999979], [-78.03482623699995, -6.370981659999927], [-78.03567046599994, -6.371403266999948], [-78.03689721399996, -6.372108115999936], [-78.03764339199995, -6.3726322659999255], [-78.03863375499998, -6.373339402999932], [-78.03940691399998, -6.373918393999929], [-78.04013182199998, -6.3745600769999555], [-78.04057533799994, -6.374718953999945], [-78.04111297899993, -6.374778184999968], [-78.04228612099996, -6.374722851999934], [-78.04279774299994, -6.374663111999951], [-78.04306529899998, -6.37464427499998], [-78.04361580999995, -6.374499984999943], [-78.04445537799995, -6.373342989999969], [-78.04599768799994, -6.368999910999946], [-78.04734774199994, -6.367312413999969], [-78.05101756299996, -6.3639265919999275], [-78.05427337799995, -6.3627204699999425], [-78.05824684299995, -6.361178621999954], [-78.06195055899997, -6.358381205999933], [-78.06456743199999, -6.357733848999942], [-78.06961848699996, -6.355882151999936], [-78.07044259899999, -6.354605808999963], [-78.07176102299997, -6.352420128999938], [-78.07307095899995, -6.350647183999968], [-78.07588657199994, -6.348797816999934], [-78.07775851399998, -6.347315326999933], [-78.07938052699996, -6.343278127999952], [-78.07958229799993, -6.342229798999938], [-78.08119334499997, -6.337902504999931], [-78.08235765299997, -6.335692669999958], [-78.08391401199998, -6.335801259999926], [-78.08435207199994, -6.335301302999937], [-78.08523328099994, -6.33231658099993], [-78.08896203299997, -6.3281655449999334], [-78.09287175999998, -6.3241943569999535], [-78.09455209399994, -6.322543658999962], [-78.09160175199997, -6.31975151599994], [-78.08915823399997, -6.318109738999965], [-78.08511059799997, -6.313608209999927], [-78.07884213999995, -6.311127179999971], [-78.07103555399993, -6.308461947999945], [-78.07001805199997, -6.308522362999952], [-78.06926929099996, -6.3084127149999745], [-78.06831167399997, -6.308627533999925], [-78.06759902899995, -6.308835578999947], [-78.06695373999997, -6.308596694999949], [-78.06644116299998, -6.308000464999964], [-78.06526455999995, -6.30730852399995], [-78.06479115999997, -6.307298848999949], [-78.06392936499998, -6.307476690999977], [-78.06319617799994, -6.30755976699993], [-78.06227520099998, -6.307864854999934], [-78.06175951499995, -6.308118695999951], [-78.06080550299998, -6.308327700999939], [-78.06018115299997, -6.308841391999977], [-78.05927156999996, -6.309351428999946], [-78.05869495099995, -6.3099435959999255], [-78.05828051399999, -6.31083366799993], [-78.05796421299993, -6.311561315999938], [-78.05734451999996, -6.312451331999966], [-78.05690972399998, -6.313222123999935], [-78.05634236899994, -6.314150668999957], [-78.05594344799994, -6.31498320999998], [-78.05546351999999, -6.316183186999979], [-78.05507964499998, -6.316941128999929], [-78.05486190399995, -6.3179341839999665], [-78.05498397799994, -6.318843595999965], [-78.05512412199994, -6.319786769999951], [-78.05509662799994, -6.320238157999938], [-78.05413031899997, -6.319966558999965], [-78.05338317599995, -6.319515476999925], [-78.05233773099997, -6.3188255399999775], [-78.05142838699999, -6.318314442999963], [-78.05066083399998, -6.317898698999954], [-78.04977984899995, -6.317258997999943], [-78.04902854999995, -6.316897616999938], [-78.04856484099997, -6.315797914999962], [-78.04864506099995, -6.314583569999968], [-78.04918010499995, -6.313715638999952], [-78.04864333799998, -6.3130686759999435], [-78.04758595099997, -6.312459353999941], [-78.04678945099994, -6.31180216599995], [-78.04589893199994, -6.310942491999981], [-78.04559057999995, -6.310511762999965], [-78.04483492399999, -6.309785237999961], [-78.04410761499997, -6.309463081999979], [-78.04306078999997, -6.309132594999937], [-78.04250904499997, -6.308976758999961], [-78.04158260399998, -6.3084660919999465], [-78.04104190199996, -6.30788199899996], [-78.04027505399995, -6.3073668739999675], [-78.03953145399998, -6.306662934999963], [-78.03876873799999, -6.3058853139999655], [-78.03793454099997, -6.305412032999925], [-78.03667173299993, -6.3046938629999545], [-78.03601813299997, -6.30435816399995], [-78.03478760899998, -6.3035707059999595], [-78.03479151699997, -6.302885972999945], [-78.03501326099996, -6.301830024999958], [-78.03530772099998, -6.300310045999936], [-78.03548536199997, -6.299517815999934], [-78.03575207899996, -6.298232557999938], [-78.03599388199996, -6.297284515999934], [-78.03626805399995, -6.296116539999957], [-78.03648364799994, -6.294988915999966], [-78.03679497599995, -6.293668084999979], [-78.03691985399996, -6.29318750799996], [-78.03721100699994, -6.2922132489999285], [-78.03745563799998, -6.291367793999939], [-78.03775151599996, -6.290104496999959], [-78.03792792399997, -6.289266664999957], [-78.03808623399993, -6.28818399499994], [-78.03819441899998, -6.287353786999972], [-78.03829147199997, -6.2863242179999475], [-78.03840839899993, -6.285396685999956], [-78.03854545499996, -6.284371672999953], [-78.03863978799995, -6.28345059399993], [-78.03883538499997, -6.282480967999959], [-78.03897875499996, -6.281684062999943], [-78.03913322099999, -6.280669968999973], [-78.03926596299993, -6.279696463999926], [-78.03973723999997, -6.278177270999947], [-78.04046601799996, -6.277107364999949], [-78.04122399099998, -6.2764759669999535], [-78.04232052699996, -6.27571543199997], [-78.04257856299995, -6.27512812599997], [-78.04274880499997, -6.27372864299997]]]}}, {"type": "Feature", "properties": {"objectid": 17389, "anp_gid": 203, "acp_codi": "ACP124", "acp_nomb": "Darshan Ashram", "acp_suleg": 23.398, "acp_balec": "R.M. N° 335-2017-MINAM", "acp_felec": 1510030800000, "acp_balem": " ", "acp_felem": null, "acp_fecad": "2067-11-07", "acp_ubpo": "LORETO", "acp_titu": "Asociación Misión Ruhani Sawan Kirpal - Iquitos", "acp_tipro": "Asociación", "acp_tirec": "50", "acp_pareg": " ", "acp_obs": null, "met_link": null, "acp_orden": 124, "acp_id": 33}, "geometry": {"type": "Polygon", "coordinates": [[[-73.35668869299997, -3.9014465439999526], [-73.35668917599997, -3.9011975049999705], [-73.35303446899997, -3.901190331999942], [-73.36066572599998, -3.9063013779999665], [-73.36090940499997, -3.9014516129999492], [-73.35668869299997, -3.9014465439999526]]]}}, {"type": "Feature", "properties": {"objectid": 17391, "anp_gid": 171, "acp_codi": "ACP107", "acp_nomb": "Tambopata Eco Lodge", "acp_suleg": 27.579, "acp_balec": "R.M. N° 310-2016-MINAM", "acp_felec": 1476939600000, "acp_balem": " ", "acp_felem": null, "acp_fecad": "2026-10-20", "acp_ubpo": "MADRE DE DIOS", "acp_titu": "Inversiones Maldonado SAC", "acp_tipro": "Privado", "acp_tirec": "10", "acp_pareg": " ", "acp_obs": null, "met_link": null, "acp_orden": 107, "acp_id": 16}, "geometry": {"type": "Polygon", "coordinates": [[[-69.41056756199998, -12.837746876999972], [-69.41255662799995, -12.836421325999936], [-69.41420233499997, -12.835229655999967], [-69.41523500999995, -12.830658580999966], [-69.41312490799999, -12.832052057999931], [-69.41011313199994, -12.834139204999929], [-69.40846465099997, -12.83531566399995], [-69.40928329799993, -12.838644669999951], [-69.41056756199998, -12.837746876999972]]]}}, {"type": "Feature", "properties": {"objectid": 17392, "anp_gid": 223, "acp_codi": "ACP139", "acp_nomb": "Hakim & Cumorah", "acp_suleg": 29.148, "acp_balec": "R.M. N° 124-2019-MINAM", "acp_felec": 1557032400000, "acp_balem": " ", "acp_felem": null, "acp_fecad": "05/05/2019", "acp_ubpo": "LORETO", "acp_titu": "Carlos Daniel Lozano Escudero y Gabriela Hurtado Hidalgo", "acp_tipro": "Privado", "acp_tirec": "10", "acp_pareg": "PE N° 11052649, 11052650, 11052651, 11052652 y 11052653", "acp_obs": null, "met_link": null, "acp_orden": 139, "acp_id": 49}, "geometry": {"type": "Polygon", "coordinates": [[[-73.48958100099998, -4.285659048999946], [-73.49032221199997, -4.287093105999929], [-73.50079309499995, -4.283362043999944], [-73.50089657199999, -4.283229204999941], [-73.50242780499997, -4.282683567999925], [-73.50261900099997, -4.282711402999951], [-73.50360924399996, -4.282358537999926], [-73.50376274299998, -4.2819962809999765], [-73.50371476499998, -4.281696907999958], [-73.50378918599995, -4.28132710999995], [-73.50413043199995, -4.281327777999934], [-73.50432719599996, -4.281225841999969], [-73.50403809599999, -4.2806030689999375], [-73.50388631499999, -4.280537414999969], [-73.48958100099998, -4.285659048999946]]]}}, {"type": "Feature", "properties": {"objectid": 17393, "anp_gid": 202, "acp_codi": "ACP123", "acp_nomb": "Bosque de Churumazú", "acp_suleg": 14.0798, "acp_balec": "R.M. N° 330-2017-MINAM", "acp_felec": 1509598800000, "acp_balem": "R.M. N° 00343-2024-MINAM", "acp_felem": 1729573200000, "acp_fecad": "Perpetuo", "acp_ubpo": "PASCO", "acp_titu": "Eduardo Armando Jackson Filomeno", "acp_tipro": "Privado", "acp_tirec": "Perpetuo", "acp_pareg": " ", "acp_obs": null, "met_link": null, "acp_orden": 123, "acp_id": 32}, "geometry": {"type": "Polygon", "coordinates": [[[-75.43772536199998, -10.589997580999977], [-75.43765279199994, -10.592349622999961], [-75.43773339199998, -10.592309633999946], [-75.43781637499995, -10.59230138099997], [-75.43789525799997, -10.592325865999953], [-75.43796590799997, -10.592391415999941], [-75.43801997399999, -10.59245698899997], [-75.43808227299996, -10.592534847999957], [-75.43815293499995, -10.592608625999958], [-75.43823607499996, -10.59271105299996], [-75.43830262499995, -10.592809431999967], [-75.43836501199996, -10.592895519999956], [-75.43845643899994, -10.592993864999926], [-75.43851882599995, -10.593079952999972], [-75.43860614099998, -10.593202898999948], [-75.43869758499994, -10.593313541999976], [-75.43878901199997, -10.593411885999956], [-75.43887218699996, -10.593538997999929], [-75.43885513299995, -10.593685508999954], [-75.43885524799998, -10.593765805999965], [-75.43885264399995, -10.593843483999933], [-75.43885272399996, -10.59389972799994], [-75.43886640699998, -10.593980004999935], [-75.43888814099995, -10.594049601999927], [-75.43892073599994, -10.594124518999934], [-75.43895604299996, -10.594196808999982], [-75.43900219199998, -10.594261035999978], [-75.43907505299995, -10.594397113999946], [-75.43913348699994, -10.594512142999974], [-75.43919670499997, -10.594598499999961], [-75.43926968699998, -10.594713508999973], [-75.43931829399997, -10.594809471999952], [-75.43937192999994, -10.59494376799995], [-75.43940972699994, -10.595070761999978], [-75.43940990199997, -10.595193195999968], [-75.43940571899998, -10.595273407999969], [-75.43938447099998, -10.595332575999976], [-75.43932480099994, -10.595408705999944], [-75.43925230499997, -10.59547635399997], [-75.43916701799998, -10.59556092899993], [-75.43908593399993, -10.595632748999947], [-75.43900059399994, -10.59567934699993], [-75.43890242499998, -10.595717460999936], [-75.43879569799998, -10.59572610999993], [-75.43868894499997, -10.595717757999978], [-75.43858641999998, -10.59571374199993], [-75.43847108899996, -10.59566317499997], [-75.43836424999995, -10.59564641399993], [-75.43826607599993, -10.595680369999968], [-75.43818074699993, -10.595735374999947], [-75.43811684999997, -10.595807261999937], [-75.43805345699997, -10.595915496999964], [-75.43801671399996, -10.595998828999939], [-75.43797453899998, -10.59607972699996], [-75.43792138499998, -10.596125645999962], [-75.43786122999995, -10.596178356999928], [-75.43777268799994, -10.596254074999933], [-75.43772268499998, -10.596289680999973], [-75.43783468999999, -10.59633347199997], [-75.43787250399998, -10.596314158999974], [-75.43791770999997, -10.596298181999941], [-75.43797030699994, -10.596283910999944], [-75.43802780299995, -10.59627035899996], [-75.43808643299997, -10.596258249999948], [-75.43814521199994, -10.596244695999928], [-75.43820482299998, -10.596233942999959], [-75.43826119499994, -10.596224007999979], [-75.43831801099998, -10.596208013999956], [-75.43837716399997, -10.596193281999945], [-75.43843722199995, -10.596178368999972], [-75.43849720299994, -10.596162008999954], [-75.43855657899996, -10.596144655999979], [-75.43861527599995, -10.596126488999971], [-75.43867404799994, -10.596108683999944], [-75.43873229399998, -10.596091331999958], [-75.43878918099995, -10.596072896999942], [-75.43884621799998, -10.596053918999928], [-75.43890370799994, -10.596036205999951], [-75.43896097499999, -10.596019034999927], [-75.43901597699994, -10.596001054999931], [-75.43995139699996, -10.595583253999962], [-75.44001465799994, -10.59559537299998], [-75.44007015199998, -10.595603886999982], [-75.44012322599997, -10.59560751999993], [-75.44017478299997, -10.595605276999947], [-75.44022663599998, -10.595598332999941], [-75.44028112499996, -10.595589665999967], [-75.44033832499997, -10.595579548999979], [-75.44039778599995, -10.595569156999943], [-75.44045921199995, -10.595562017999953], [-75.44052048699996, -10.595554879999952], [-75.44057957699994, -10.595548647999976], [-75.44063451999995, -10.595541607999962], [-75.44068998299997, -10.595528419999937], [-75.44074702599994, -10.595513780999966], [-75.44080572299998, -10.595496427999933], [-75.44086472499998, -10.595480792999979], [-75.44092297699996, -10.59546886499993], [-75.44098085999997, -10.595461640999929], [-75.44103912599996, -10.595458122999958], [-75.44109942599994, -10.595455234999974], [-75.44115980299995, -10.595452256999977], [-75.44122138899996, -10.595452080999962], [-75.44128305699996, -10.595455881999953], [-75.44134322399998, -10.595464116999949], [-75.44140067899997, -10.595474797999941], [-75.44145520099994, -10.595489278999935], [-75.44150723999996, -10.595507290999933], [-75.44155769899999, -10.595527656999934], [-75.44160590199994, -10.595551369999953], [-75.44165274999995, -10.595576170999948], [-75.44169952199996, -10.595601062999947], [-75.44174561599993, -10.595625774999974], [-75.44179102799995, -10.59564894999994], [-75.44183688799995, -10.59566850799996], [-75.44188184099994, -10.595685986999968], [-75.44192686299994, -10.595699306999961], [-75.44197112699999, -10.595709823999925], [-75.44201229899994, -10.595718898999962], [-75.44204924299999, -10.595724272999973], [-75.44207894999994, -10.595728841999971], [-75.44211287599995, -10.595731959999966], [-75.44201124799997, -10.59503899899994], [-75.44188625799995, -10.594191717999934], [-75.43851263199997, -10.59079113699994], [-75.43772536199998, -10.589997580999977]]]}}, {"type": "Feature", "properties": {"objectid": 17394, "anp_gid": 139, "acp_codi": "ACP02", "acp_nomb": "Bosque Natural El Cañoncillo", "acp_suleg": 1310.9, "acp_balec": "R.M. N° 0804-2004-AG", "acp_felec": 1095310800000, "acp_balem": " ", "acp_felem": null, "acp_fecad": "Perpetuo", "acp_ubpo": "LA LIBERTAD", "acp_titu": "Cooperativa Agraria  de Usuarios TECAPA", "acp_tipro": null, "acp_tirec": "Perpetuo", "acp_pareg": " ", "acp_obs": null, "met_link": null, "acp_orden": 2, "acp_id": 2}, "geometry": {"type": "Polygon", "coordinates": [[[-79.41498643099999, -7.36224649899998], [-79.41262100799997, -7.365194962999965], [-79.41284100999997, -7.3670042069999795], [-79.41146460299996, -7.366908901999977], [-79.41346991899997, -7.3811667129999705], [-79.41188662399998, -7.380654718999949], [-79.41190061199995, -7.381812184999944], [-79.41043287299993, -7.3819154729999354], [-79.41384629099997, -7.387389164999945], [-79.41453030499997, -7.388621349999937], [-79.41419695199994, -7.418550223999944], [-79.43277237599995, -7.417078879999963], [-79.44772372699998, -7.402844241999958], [-79.44629347099999, -7.397386659999938], [-79.44549615999995, -7.397438134999959], [-79.44301820699997, -7.3911178669999344], [-79.43210378399993, -7.388366934999965], [-79.42941798399994, -7.379405531999964], [-79.43043672299996, -7.378197430999933], [-79.43500293199997, -7.375319867999963], [-79.42191265899999, -7.363021467999943], [-79.42162625299994, -7.364611914999955], [-79.42347089899994, -7.370613501999969], [-79.42152538099998, -7.372641172999977], [-79.41748468899993, -7.362698406999925], [-79.41498643099999, -7.36224649899998]]]}}, {"type": "Feature", "properties": {"objectid": 17395, "anp_gid": 201, "acp_codi": "ACP122", "acp_nomb": "Bosque Seco San Juan de los Guayaquiles", "acp_suleg": 304.84, "acp_balec": "R.M. N° 262-2017-MINAM\r\n\r\n\r\n\r\n\r\n\r\n", "acp_felec": 1505451600000, "acp_balem": " ", "acp_felem": null, "acp_fecad": "Perpetuo", "acp_ubpo": "PIURA", "acp_titu": "Comunidad Campesina San Juan de Los Guayaquiles", "acp_tipro": "Comunidad Campesina", "acp_tirec": "Perpetuo", "acp_pareg": " ", "acp_obs": null, "met_link": null, "acp_orden": 122, "acp_id": 31}, "geometry": {"type": "Polygon", "coordinates": [[[-79.69655085699998, -5.234897290999925], [-79.69221403799997, -5.241708054999947], [-79.69109645099996, -5.244572113999936], [-79.68900946999997, -5.246062242999926], [-79.68935542999998, -5.249663631999965], [-79.68765307599995, -5.250612968999974], [-79.68578912799995, -5.2508126499999435], [-79.68516115199998, -5.250483781999947], [-79.68241345599995, -5.254131903999962], [-79.68162741699996, -5.254377336999937], [-79.68162611599996, -5.254734507999956], [-79.68171424899998, -5.254981897999926], [-79.68165515399994, -5.255187974999956], [-79.68168206299998, -5.255420113999946], [-79.68157847199996, -5.255614375999926], [-79.68166592199998, -5.255857799999944], [-79.68154289499995, -5.256134806999967], [-79.68155420299996, -5.25633344299996], [-79.68163990599999, -5.256495783999981], [-79.68190991199998, -5.25653105899994], [-79.68202311399995, -5.256736246999935], [-79.68198664799996, -5.256926027999953], [-79.68216051099995, -5.257394294999926], [-79.68260225899996, -5.257825787999934], [-79.68271757299993, -5.258404002999953], [-79.68285535299998, -5.2586850689999665], [-79.68328999799996, -5.258769215999962], [-79.68351117799995, -5.258826275999979], [-79.68351760599995, -5.259139164999965], [-79.68333948599997, -5.259439981999947], [-79.68351367999998, -5.259944388999941], [-79.68380032699997, -5.2602356809999264], [-79.68358995299997, -5.260560091999935], [-79.68334766899994, -5.260692003999964], [-79.68328347299996, -5.260779540999977], [-79.68332540099993, -5.260889762999966], [-79.68317254199997, -5.261087341999939], [-79.68292126799997, -5.2612685329999636], [-79.68280572699996, -5.2615576989999795], [-79.68270859399996, -5.261729112999944], [-79.68255635399998, -5.261815429999956], [-79.68260911899995, -5.262077132999934], [-79.68266631499995, -5.262216009999975], [-79.68276277999996, -5.262294313999973], [-79.68294363399997, -5.262245694999933], [-79.68307325499995, -5.262363213999947], [-79.68313223499996, -5.2625478159999375], [-79.68308513199997, -5.26266871699994], [-79.68343616899995, -5.263566440999966], [-79.68260760199996, -5.265959480999925], [-79.68325593499998, -5.268770935999953], [-79.68257351399996, -5.271119212999963], [-79.68380859899997, -5.272951214999978], [-79.68572206299996, -5.272017000999938], [-79.68738843099999, -5.265569118999963], [-79.69103636399996, -5.261271171999965], [-79.69076840899999, -5.25908984199998], [-79.68723711399997, -5.258105738999973], [-79.68556196099996, -5.254479814999968], [-79.68859827299997, -5.252310382999951], [-79.69130228599994, -5.252000853999959], [-79.69372178699996, -5.25439459699993], [-79.69267860399998, -5.25729141599993], [-79.69163311499995, -5.258709551999971], [-79.69226305199999, -5.260562462999928], [-79.69453926099999, -5.258201742999972], [-79.69529347499997, -5.257105443999933], [-79.69532154999996, -5.254591800999947], [-79.69736792599997, -5.249225973999955], [-79.69797176699996, -5.244735534999961], [-79.70059817499998, -5.239680681999971], [-79.70083096699994, -5.235943068999973], [-79.69845291999997, -5.234616692999964], [-79.69655085699998, -5.234897290999925]]]}}, {"type": "Feature", "properties": {"objectid": 17396, "anp_gid": 169, "acp_codi": "ACP107", "acp_nomb": "Tambopata Eco Lodge", "acp_suleg": 36.91, "acp_balec": "R.M. N° 310-2016-MINAM", "acp_felec": 1476939600000, "acp_balem": " ", "acp_felem": null, "acp_fecad": "2026-10-20", "acp_ubpo": "MADRE DE DIOS", "acp_titu": "Inversiones Maldonado SAC", "acp_tipro": "Privado", "acp_tirec": "10", "acp_pareg": " ", "acp_obs": null, "met_link": null, "acp_orden": 107, "acp_id": 16}, "geometry": {"type": "Polygon", "coordinates": [[[-69.37606983399996, -12.81666129699994], [-69.37597247999997, -12.816291201999945], [-69.37536031599996, -12.81366165299994], [-69.37455904399997, -12.810160895999957], [-69.37384876099998, -12.807492513999932], [-69.37163528899998, -12.808068400999957], [-69.37033978899996, -12.808397334999938], [-69.37121103799996, -12.811056187999952], [-69.37238121399997, -12.814530304999948], [-69.37322061599997, -12.816998517999934], [-69.37334560199997, -12.817403924999951], [-69.37606983399996, -12.81666129699994]]]}}, {"type": "Feature", "properties": {"objectid": 17397, "anp_gid": 271, "acp_codi": "ACP34", "acp_nomb": "Copallín", "acp_suleg": 11549.21, "acp_balec": "R.M. N° 140-2011-MINAM", "acp_felec": 1308891600000, "acp_balem": " ", "acp_felem": null, "acp_fecad": "Perpetuo", "acp_ubpo": "AMAZONAS", "acp_titu": "Comunidad Campesina de Copallín", "acp_tipro": "Comunidad Campesina", "acp_tirec": "Perpetuo", "acp_pareg": " ", "acp_obs": null, "met_link": null, "acp_orden": 34, "acp_id": 76}, "geometry": {"type": "Polygon", "coordinates": [[[-78.32119412499998, -5.5538488469999265], [-78.32105700799997, -5.5539602189999755], [-78.32007161199994, -5.554901467999969], [-78.31929874799994, -5.555532587999949], [-78.31733914399996, -5.557163082999978], [-78.31660386999994, -5.558081478999952], [-78.30964855799994, -5.561158397999975], [-78.30563118399994, -5.560769553999933], [-78.30416678799997, -5.561494823999965], [-78.30308460699996, -5.562476879999963], [-78.30251008899995, -5.563183531999925], [-78.29957559499996, -5.566787296999962], [-78.29627758499998, -5.568968040999948], [-78.29584938599999, -5.569461846999957], [-78.29466180499998, -5.571148699999981], [-78.29410208099995, -5.571332778999931], [-78.29304432899994, -5.571788321999975], [-78.29248420499994, -5.572059500999956], [-78.29132940299996, -5.572424342999966], [-78.28941206799993, -5.573040829999968], [-78.28786675999999, -5.574190943999952], [-78.28730400299997, -5.5750344979999795], [-78.28685364799998, -5.575741692999941], [-78.28627646599995, -5.577020695999977], [-78.28558985299998, -5.577789013999961], [-78.28470097799999, -5.579327883999952], [-78.28387906399996, -5.579809376999947], [-78.28324973799994, -5.581531946999974], [-78.27793159099997, -5.5860887719999255], [-78.27673712499995, -5.587547122999979], [-78.27033099599998, -5.590264401999946], [-78.26960368999994, -5.590363740999976], [-78.26491384699995, -5.590962686999944], [-78.26320397799998, -5.590773369999965], [-78.26118817599996, -5.592227832999981], [-78.26079570999997, -5.592765923999934], [-78.26071742899995, -5.592991100999939], [-78.26050305499996, -5.593686912999942], [-78.26022733599996, -5.594220676999953], [-78.25948971899999, -5.595262447999971], [-78.25906479099996, -5.595832841999936], [-78.25842761599995, -5.596606537999946], [-78.25574286399996, -5.59974929599997], [-78.25550497599994, -5.600158801999953], [-78.25442718799997, -5.602231734999975], [-78.25367660499995, -5.603385413999945], [-78.25309971799999, -5.604577235999955], [-78.25293616799996, -5.605024416999925], [-78.25229863499999, -5.605904875999954], [-78.25102081299997, -5.605600240999934], [-78.25016531399996, -5.605540729999973], [-78.24857770999995, -5.604829734999953], [-78.24802022899996, -5.604528481999978], [-78.24661565499997, -5.6047707329999525], [-78.24531952899997, -5.60572273799994], [-78.24507008699999, -5.605945535999979], [-78.24356235799996, -5.606996080999977], [-78.24330008599998, -5.607305917999952], [-78.24219287599999, -5.607698869999979], [-78.24159574299995, -5.607907582999928], [-78.24042444499997, -5.608723286999975], [-78.23983885299998, -5.60911869499995], [-78.23947611099999, -5.609664468999938], [-78.23780831699997, -5.610415604999957], [-78.23758365199996, -5.610650956999962], [-78.23725681699995, -5.611483082999939], [-78.23693121099996, -5.612053913999944], [-78.23611484799994, -5.613978692999979], [-78.23568876699994, -5.614987466999935], [-78.23538414699993, -5.616328973999941], [-78.23524968499999, -5.616889717999925], [-78.23494354599995, -5.61809233799994], [-78.23128412699998, -5.619358105999936], [-78.22908842699997, -5.620079600999929], [-78.22883068399994, -5.62052639999996], [-78.22820651999996, -5.621195343999943], [-78.22790550199994, -5.621816050999939], [-78.22759953299999, -5.623481923999975], [-78.22688889599993, -5.624050910999927], [-78.22568732599996, -5.624644678999971], [-78.22531771799999, -5.62555555299997], [-78.22239576499999, -5.625360918999945], [-78.22001392599998, -5.626813385999981], [-78.21896412599995, -5.62683765099996], [-78.21829014799994, -5.627531222999949], [-78.21813767899994, -5.62825216799996], [-78.21781558099997, -5.630689386999961], [-78.21721421899997, -5.63178146599995], [-78.21581567299995, -5.633354992999955], [-78.21484384299998, -5.633997359999967], [-78.21376204399996, -5.635385689999964], [-78.20956365599994, -5.6346336709999605], [-78.20810516299997, -5.63407548999993], [-78.20518792699994, -5.632778404999954], [-78.20409208799998, -5.632773143999941], [-78.20098665599994, -5.632758222999939], [-78.19825174999994, -5.631651740999928], [-78.19697328199999, -5.631645588999959], [-78.19515076099998, -5.630715167999938], [-78.19387524899997, -5.629977129999929], [-78.19132653499997, -5.6281396329999325], [-78.18925805299995, -5.627488123999967], [-78.18476727699993, -5.6338133929999685], [-78.17896651799998, -5.641983411999945], [-78.17640133699996, -5.645596182999952], [-78.17074040199998, -5.653568696999969], [-78.16756535199994, -5.658040070999959], [-78.12792115599996, -5.648254627999961], [-78.12127694499998, -5.669037428999957], [-78.11774095399994, -5.683210911999936], [-78.11335022599997, -5.713103868999951], [-78.11480222299997, -5.714257190999945], [-78.11843130299997, -5.7185445279999385], [-78.11994232099994, -5.720329603999971], [-78.12453140299993, -5.723119041999951], [-78.12803701399997, -5.721661198999925], [-78.13049064999996, -5.720320185999981], [-78.13211466599995, -5.720287844999973], [-78.13277635899993, -5.719946239999956], [-78.13364435299997, -5.718513434999977], [-78.13425251899997, -5.717395499999952], [-78.13566641199998, -5.715821698999946], [-78.13593223799995, -5.7142996489999405], [-78.13619734699995, -5.712921309999956], [-78.13821336999996, -5.711436724999942], [-78.13890231699997, -5.7113826719999565], [-78.14041954699996, -5.7121088059999465], [-78.14084882099996, -5.7123408879999715], [-78.14217318099998, -5.711456444999953], [-78.14441988599998, -5.70974302999997], [-78.14560712399998, -5.709198015999959], [-78.14807594499996, -5.708792649999964], [-78.14929470599998, -5.708241861999966], [-78.15107038499997, -5.707485016999954], [-78.15149125599999, -5.706686648999948], [-78.15251100099994, -5.704220730999964], [-78.15397964399995, -5.702313867999976], [-78.15502673299994, -5.701344578999965], [-78.15844745999993, -5.698124845999928], [-78.15932082099994, -5.697154682999951], [-78.16072249999996, -5.694725411999968], [-78.16163298499998, -5.693268187999934], [-78.16341424599995, -5.691362810999976], [-78.16495519699998, -5.688864592999948], [-78.16603613099994, -5.688069442999961], [-78.16864930099996, -5.686550952999937], [-78.17063335799998, -5.685795023999958], [-78.17399700599998, -5.683220151999933], [-78.17529120799998, -5.681865015999961], [-78.17673160899994, -5.679865680999967], [-78.17895744199996, -5.678156799999954], [-78.18103323399998, -5.677880307999942], [-78.18375976899995, -5.676173840999979], [-78.18530520699994, -5.674846506999927], [-78.18799434599998, -5.673256518999949], [-78.18939644899996, -5.671329291999939], [-78.19059520399998, -5.670573273999935], [-78.19239043599998, -5.670037815999933], [-78.19314909099995, -5.670422420999955], [-78.19467298099994, -5.669831220999981], [-78.19576545299998, -5.668584911999972], [-78.19816714099994, -5.666202167999927], [-78.20050400099996, -5.66599580299993], [-78.20131645899994, -5.666489492999972], [-78.20261283199994, -5.668019461999961], [-78.20353682199999, -5.66791509199993], [-78.20544331399998, -5.666835940999931], [-78.20634912399998, -5.6664931559999445], [-78.20831094499994, -5.665600575999974], [-78.21062454699995, -5.664827339999931], [-78.21178577799998, -5.664179952999973], [-78.21445544399995, -5.663453174999972], [-78.21519375399998, -5.663456725999936], [-78.21691372599997, -5.664040260999968], [-78.21765007099998, -5.664454703999979], [-78.21866881799997, -5.665856675999976], [-78.21873131299998, -5.666046497999957], [-78.21948062299998, -5.666094785999974], [-78.22126364799993, -5.665771547999952], [-78.22167775499997, -5.664951722999945], [-78.22189315599996, -5.662795498999969], [-78.22271743199997, -5.661977638999929], [-78.22456039499997, -5.660832200999948], [-78.22715874199997, -5.658299657999976], [-78.22790154199998, -5.656975183999975], [-78.22900588199997, -5.655022305999978], [-78.22885720299996, -5.653942959999938], [-78.22792473199996, -5.652105861999928], [-78.22837105899998, -5.651173455999981], [-78.22833295999999, -5.648861521999947], [-78.22824856599993, -5.6459591329999625], [-78.22771294099994, -5.645022038999969], [-78.22821396499995, -5.642909421999946], [-78.22865957599998, -5.642124566999939], [-78.22945773699996, -5.639472312999942], [-78.23010206299995, -5.638196538999978], [-78.23261764799997, -5.635749191999935], [-78.23494008499995, -5.632612295999934], [-78.23595334899994, -5.631664832999945], [-78.23835634799997, -5.63331001399996], [-78.23934228799999, -5.63473536999993], [-78.24074962999998, -5.637015132999977], [-78.24201819199999, -5.638654932999941], [-78.24329346999997, -5.638874080999926], [-78.24527545199999, -5.639593814999955], [-78.24626912799994, -5.639385417999961], [-78.24691464299997, -5.6378257169999415], [-78.24720362099998, -5.636690533999968], [-78.24728657799994, -5.634133686999974], [-78.24736450999995, -5.632642331999932], [-78.24743875999997, -5.631932337999956], [-78.24773073799997, -5.630157855999926], [-78.24844679799997, -5.6286695139999665], [-78.25328452699995, -5.628270370999928], [-78.25557159299996, -5.6291738349999605], [-78.25795657099997, -5.634161807999931], [-78.25948057899996, -5.6370989229999395], [-78.26036745199997, -5.63799579099998], [-78.26315657799995, -5.640431943999943], [-78.26518972299993, -5.641206676999957], [-78.26887952099997, -5.641606605999925], [-78.27104236999998, -5.641871819999949], [-78.27499036199998, -5.641507753999974], [-78.27627464299997, -5.639090722999981], [-78.27678977899996, -5.637817844999972], [-78.27845711499998, -5.6351475349999305], [-78.27960871899995, -5.633877624999968], [-78.28242227899995, -5.631085114999962], [-78.28472011699995, -5.629693003999932], [-78.28689715899998, -5.626897484999972], [-78.28793266099996, -5.623203927999953], [-78.28857799299999, -5.621293973999968], [-78.29126178899998, -5.61901088999997], [-78.29253649699996, -5.61863421299995], [-78.29833539299995, -5.61838185299996], [-78.30218631699995, -5.616475055999956], [-78.30653074199995, -5.611683572999937], [-78.31340525199994, -5.606066752999936], [-78.31608618799999, -5.603760407999971], [-78.32127241999996, -5.598611769999934], [-78.32501979899996, -5.596666943999935], [-78.33411670199996, -5.592784471999948], [-78.33644228199995, -5.590297988999964], [-78.34252075899997, -5.584617981999941], [-78.34770742299997, -5.579290556999979], [-78.35342593699994, -5.576721518999932], [-78.34009251699996, -5.56613417799997], [-78.32620656099994, -5.555107567999926], [-78.32267954199995, -5.5525605439999595], [-78.32119412499998, -5.5538488469999265]]]}}, {"type": "Feature", "properties": {"objectid": 17398, "anp_gid": 204, "acp_codi": "ACP125", "acp_nomb": "Las Naranjas", "acp_suleg": 30.0, "acp_balec": "R.M. N° 147-2018-MINAM", "acp_felec": 1524027600000, "acp_balem": " ", "acp_felem": null, "acp_fecad": "2028-04-18", "acp_ubpo": "SAN MARTIN", "acp_titu": "María Pilar Palomino Blanco", "acp_tipro": "Privado", "acp_tirec": "10", "acp_pareg": " ", "acp_obs": null, "met_link": null, "acp_orden": 125, "acp_id": 34}, "geometry": {"type": "Polygon", "coordinates": [[[-76.30307398599996, -6.418259611999929], [-76.30373041099995, -6.416865193999968], [-76.30382792799998, -6.4161052689999565], [-76.30463051599997, -6.415307373999951], [-76.30442214599998, -6.41513606999996], [-76.30497143499997, -6.41427551299995], [-76.30527823899996, -6.414048634999972], [-76.30461148099994, -6.413887587999966], [-76.30408408399995, -6.413581717999932], [-76.30380646899994, -6.41355413499997], [-76.30321464599996, -6.413278543999979], [-76.30304069799996, -6.413042822999955], [-76.30269455099995, -6.412917703999938], [-76.30247242899998, -6.412696041999936], [-76.30196292699998, -6.41365439599997], [-76.30082025299998, -6.41404795699998], [-76.30057941399997, -6.41430285499996], [-76.30059928599997, -6.415262342999938], [-76.30027260099996, -6.415895656999965], [-76.29915834199994, -6.41598696799997], [-76.29880736299998, -6.4170575249999615], [-76.29899519599996, -6.417691161999926], [-76.30008442699994, -6.419406719999927], [-76.30112557099994, -6.419982884999968], [-76.30244348499997, -6.4191836829999716], [-76.30323733799997, -6.418503371999975], [-76.30307398599996, -6.418259611999929]]]}}, {"type": "Feature", "properties": {"objectid": 17399, "anp_gid": 311, "acp_codi": "ACP74", "acp_nomb": "Kakiri Uka", "acp_suleg": 12.14, "acp_balec": "R.M. N° 234-2014-MINAM", "acp_felec": 1406264400000, "acp_balem": " ", "acp_felem": null, "acp_fecad": "2034-07-25", "acp_ubpo": "LORETO", "acp_titu": "Walter Armando Torres Reátegui", "acp_tipro": "Privado", "acp_tirec": "20", "acp_pareg": " ", "acp_obs": null, "met_link": null, "acp_orden": 74, "acp_id": 116}, "geometry": {"type": "Polygon", "coordinates": [[[-73.59326425799998, -4.512475334999976], [-73.59291302999998, -4.512602424999955], [-73.59221886999995, -4.5122547509999436], [-73.59238780899994, -4.51274355299995], [-73.59274386599998, -4.513773912999966], [-73.59283064099998, -4.5143644649999715], [-73.59297105099995, -4.515312751999943], [-73.59512409399997, -4.515723839999964], [-73.59663942199995, -4.5150304119999305], [-73.59741574099996, -4.514353634999964], [-73.59523270999995, -4.513769242999956], [-73.59509432399994, -4.513428975999943], [-73.59457205999996, -4.512340965999954], [-73.59451820299995, -4.512021752999942], [-73.59326425799998, -4.512475334999976]]]}}, {"type": "Feature", "properties": {"objectid": 17400, "anp_gid": 181, "acp_codi": "ACP107", "acp_nomb": "Tambopata Eco Lodge", "acp_suleg": 33.145, "acp_balec": "R.M. N° 310-2016-MINAM", "acp_felec": 1476939600000, "acp_balem": " ", "acp_felem": null, "acp_fecad": "2026-10-20", "acp_ubpo": "MADRE DE DIOS", "acp_titu": "Inversiones Maldonado SAC", "acp_tipro": "Privado", "acp_tirec": "10", "acp_pareg": " ", "acp_obs": null, "met_link": null, "acp_orden": 107, "acp_id": 16}, "geometry": {"type": "Polygon", "coordinates": [[[-69.40979639699998, -12.854912270999932], [-69.41191782599998, -12.854047245999936], [-69.41464500299998, -12.85285278799995], [-69.41658762699996, -12.852017663999959], [-69.41604372199998, -12.848325346999957], [-69.41388871699996, -12.849114690999954], [-69.41184667799996, -12.84998150399997], [-69.40921339899995, -12.851145408999969], [-69.40946898799996, -12.85317011799998], [-69.40979639699998, -12.854912270999932]]]}}, {"type": "Feature", "properties": {"objectid": 17401, "anp_gid": 178, "acp_codi": "ACP107", "acp_nomb": "Tambopata Eco Lodge", "acp_suleg": 47.491, "acp_balec": "R.M. N° 310-2016-MINAM", "acp_felec": 1476939600000, "acp_balem": " ", "acp_felem": null, "acp_fecad": "2026-10-20", "acp_ubpo": "MADRE DE DIOS", "acp_titu": "Inversiones Maldonado SAC", "acp_tipro": "Privado", "acp_tirec": "10", "acp_pareg": " ", "acp_obs": null, "met_link": null, "acp_orden": 107, "acp_id": 16}, "geometry": {"type": "Polygon", "coordinates": [[[-69.43025179299997, -12.848927637999964], [-69.43256526699997, -12.85222336499993], [-69.43560828599993, -12.851586635999979], [-69.43921518799993, -12.849991574999933], [-69.43838990299997, -12.848300110999958], [-69.43634097599994, -12.845823927999959], [-69.43317363599994, -12.846335289999956], [-69.42940168599995, -12.847259149999957], [-69.43025179299997, -12.848927637999964]]]}}, {"type": "Feature", "properties": {"objectid": 17403, "anp_gid": 151, "acp_codi": "ACP105", "acp_nomb": "Los Bosques de Overal y Palo Blanco", "acp_suleg": 3522.32, "acp_balec": "R.M. N° 206-2016-MINAM", "acp_felec": 1469595600000, "acp_balem": " ", "acp_felem": null, "acp_fecad": "2026-07-27", "acp_ubpo": "PIURA", "acp_titu": "Comunidad Campesina Belizario Ramón Asencio de Porcuya – Limón km 38", "acp_tipro": "Comunidad Campesina", "acp_tirec": "10", "acp_pareg": " ", "acp_obs": null, "met_link": null, "acp_orden": 105, "acp_id": 14}, "geometry": {"type": "Polygon", "coordinates": [[[-79.60810619599994, -5.856994707999945], [-79.60806510899994, -5.856870245999971], [-79.60781684299997, -5.8568281749999755], [-79.60760945999994, -5.8569934749999675], [-79.60765023899995, -5.857242296999971], [-79.60785669799998, -5.857450075999964], [-79.60806295399993, -5.857740762999981], [-79.60785567199997, -5.857864608999932], [-79.60752430899998, -5.857946691999928], [-79.60731784899997, -5.857738910999956], [-79.60719366399996, -5.857738603999962], [-79.60682100999998, -5.857779129999926], [-79.60681998199993, -5.858193662999952], [-79.60677776499995, -5.858525184999962], [-79.60648830999997, -5.85840010499993], [-79.60615715199998, -5.858399281999937], [-79.60590898899994, -5.8583157579999465], [-79.60578521599996, -5.8581496359999505], [-79.60549504199997, -5.858314727999925], [-79.60537044599994, -5.85848023099993], [-79.60520445599997, -5.858645631999934], [-79.60549360199997, -5.858895071999939], [-79.60565825499998, -5.859268562999944], [-79.60545014999997, -5.859724032999964], [-79.60503609799997, -5.859764454999947], [-79.60474612799999, -5.859846639999944], [-79.60441445499998, -5.860053080999933], [-79.60412438199995, -5.860176717999934], [-79.60346134399998, -5.8604652399999395], [-79.60325436999995, -5.8604647239999395], [-79.60296398699995, -5.860712719999981], [-79.60292187099998, -5.86100278899994], [-79.60267298599996, -5.861209433999932], [-79.60267216099999, -5.861541059999979], [-79.60242317299998, -5.8617891589999545], [-79.60242234699996, -5.862120783999956], [-79.60221506299996, -5.862244625999949], [-79.60204917399994, -5.86236857199998], [-79.60167682599996, -5.862284736999925], [-79.60159517099999, -5.86182854499998], [-79.60138860999996, -5.861662216999946], [-79.60109822599998, -5.861910210999952], [-79.60093119999993, -5.862490140999967], [-79.60060024699999, -5.86240640799997], [-79.60035167199999, -5.862488691999943], [-79.60010185499993, -5.86306841499993], [-79.59970806499996, -5.86328298799998], [-79.59958356999994, -5.8634070359999555], [-79.59958274299998, -5.863738659999967], [-79.59937545799994, -5.863862501999961], [-79.59929235699997, -5.863986653999973], [-79.59887809699995, -5.864109976999941], [-79.59862931199996, -5.86427516699996], [-79.59821494799996, -5.864439942999979], [-79.59809034899996, -5.864605444999938], [-79.59808920999996, -5.865061427999933], [-79.59804709099996, -5.86535149599996], [-79.59754962499994, -5.865640421999956], [-79.59730104699997, -5.865722705999929], [-79.59709479599996, -5.865432015999943], [-79.59692890399998, -5.865555959999938], [-79.59680399499996, -5.865845819999947], [-79.59680285399998, -5.866301802999942], [-79.59676021499996, -5.866799134999951], [-79.59684217599994, -5.86713096699998], [-79.59700682499994, -5.867504459999964], [-79.59692382699996, -5.867587157999935], [-79.59688170499999, -5.867877224999972], [-79.59688015099994, -5.868499018999955], [-79.59696242299998, -5.868706491999944], [-79.59696169799997, -5.868996662999962], [-79.59662980899998, -5.869286003999946], [-79.59634004099996, -5.86928527699996], [-79.59621492099996, -5.86965804099998], [-79.59617300799994, -5.869865202999961], [-79.59633786299997, -5.870155789999956], [-79.59662763099999, -5.870156516999941], [-79.59687610699996, -5.870115686999952], [-79.59724866699997, -5.870116620999966], [-79.59753812399998, -5.8702417079999805], [-79.59753698399999, -5.87069768899994], [-79.59741196799996, -5.871029002999933], [-79.59703940799994, -5.871028066999941], [-79.59658395399998, -5.871068377999961], [-79.59633443899997, -5.871523737999951], [-79.59625092199997, -5.87181370199994], [-79.59596063299995, -5.872020238999937], [-79.59583603199997, -5.872185737999928], [-79.59550413999995, -5.872475076999933], [-79.59546191499999, -5.872806597999954], [-79.59517110599995, -5.873220398999933], [-79.59512929499994, -5.873386105999941], [-79.59483858999994, -5.873758453999926], [-79.59467259199994, -5.873923849999926], [-79.59434121799995, -5.87400592399996], [-79.59413423999996, -5.8740054029999555], [-79.59376157399998, -5.874045918999968], [-79.59318257599995, -5.873828904999925], [-79.59301647299998, -5.87403575299993], [-79.59289124499998, -5.874449968999954], [-79.59289020599994, -5.874864498999955], [-79.59276549799995, -5.87507145099994], [-79.59243433199998, -5.8750706159999595], [-79.59210295799994, -5.875152688999947], [-79.59164750099995, -5.875192993999974], [-79.59160516699995, -5.875565964999964], [-79.59164572899994, -5.875897692999956], [-79.59210066599996, -5.876064652999958], [-79.59205854099997, -5.87635471699997], [-79.59164416599998, -5.87651948599995], [-79.59193341599996, -5.876727480999932], [-79.59189160399995, -5.87689318799994], [-79.59173459199997, -5.876960103999977], [-79.59160151999998, -5.877016816999969], [-79.59122895699994, -5.877015877999952], [-79.59106368599998, -5.876891100999956], [-79.59077329099995, -5.877139086999932], [-79.59060655999997, -5.877594651999971], [-79.59029558599997, -5.877794223999956], [-79.59023983499998, -5.878015166999944], [-79.59057016799994, -5.878347624999947], [-79.59062438899997, -5.878734657999928], [-79.59029266499994, -5.878954904999944], [-79.58951993999995, -5.878952952999953], [-79.58940857599998, -5.879339566999931], [-79.58902165699999, -5.87955967299996], [-79.58869034899999, -5.879614106999952], [-79.58846998799999, -5.8794477379999535], [-79.58813881999998, -5.879446899999948], [-79.58747662499997, -5.879389954999965], [-79.58742003599997, -5.879942519999929], [-79.58730894899998, -5.880218592999938], [-79.58592908199995, -5.88021509999993], [-79.58592754699998, -5.880823072999931], [-79.58559581999998, -5.881043315999932], [-79.58515272599999, -5.881650170999933], [-79.58454404599996, -5.882256605999942], [-79.58415852099995, -5.8819240049999735], [-79.58393760199993, -5.881978713999956], [-79.58371570399999, -5.88242031599998], [-79.58277683199998, -5.882639016999974], [-79.58216926899996, -5.882803284999966], [-79.58183908099994, -5.882415551999941], [-79.58134260799994, -5.882303748999959], [-79.58090077099996, -5.882413167999971], [-79.58067915099997, -5.882744227999979], [-79.58034699999996, -5.883130275999974], [-79.58040149299995, -5.883406768999976], [-79.57995934599995, -5.883637778999969], [-79.57957270099996, -5.883747336999932], [-79.57946160999995, -5.884023406999972], [-79.57957129799996, -5.884300039999971], [-79.57945950499999, -5.88485246099998], [-79.57923844499999, -5.884962438999935], [-79.57879646299995, -5.88512712499994], [-79.57832324399999, -5.887154098999929], [-79.57990760099995, -5.8881448449999425], [-79.58202000299997, -5.891879494999955], [-79.57797309699998, -5.897482412999977], [-79.57792096799994, -5.907432467999968], [-79.57985394999997, -5.909700206999958], [-79.58430901099996, -5.911867228999938], [-79.58475864399998, -5.914332663999971], [-79.59040719799998, -5.921433702999934], [-79.59160201099996, -5.925751592999973], [-79.59165601799998, -5.928931448999947], [-79.59268001599997, -5.929177185999947], [-79.59494744299997, -5.9288021379999805], [-79.59652667999995, -5.929259141999978], [-79.59785487999994, -5.9303312569999775], [-79.60048127499994, -5.933557027999939], [-79.60401928799996, -5.934145451999939], [-79.60638949499997, -5.930915460999927], [-79.60718147599994, -5.928847922999978], [-79.61101622899997, -5.923432882999975], [-79.61498533399998, -5.922106759999963], [-79.61765992999995, -5.918628394999928], [-79.62275228299995, -5.915383057999975], [-79.62313167799994, -5.912974353999971], [-79.62271525199998, -5.911134024999967], [-79.62311336699997, -5.907087227999966], [-79.62790403699995, -5.899725534999959], [-79.62837516599996, -5.894867450999925], [-79.62988496899999, -5.892053536999981], [-79.63098251199995, -5.8830650949999495], [-79.63438679799998, -5.8768190849999655], [-79.63725234799995, -5.871172247999937], [-79.63861446099997, -5.867521314999976], [-79.63534831399994, -5.8640011999999615], [-79.63121973099999, -5.861482687999967], [-79.62198034099998, -5.857240848999936], [-79.61561147999998, -5.856429089999949], [-79.61073782199998, -5.855761775999952], [-79.61048965899994, -5.85567825399994], [-79.61028319699994, -5.855470474999947], [-79.61007694199998, -5.855179788999976], [-79.60962129399996, -5.855303020999941], [-79.60943420999996, -5.855630038999948], [-79.60910223199994, -5.855960842999934], [-79.60889495199996, -5.8560846889999425], [-79.60885273599996, -5.856416211999942], [-79.60905899199997, -5.85670689799997], [-79.60901677599998, -5.85703842099997], [-79.60889218199998, -5.857203925999954], [-79.60860282899995, -5.857037393999974], [-79.60843735399999, -5.85699552899996], [-79.60810619599994, -5.856994707999945]]]}}, {"type": "Feature", "properties": {"objectid": 17404, "anp_gid": 320, "acp_codi": "ACP82", "acp_nomb": "Ronsoco Cocha", "acp_suleg": 363.683, "acp_balec": "R.M. N° 154-2015-MINAM", "acp_felec": 1433739600000, "acp_balem": " ", "acp_felem": null, "acp_fecad": "2025-06-08", "acp_ubpo": "SAN MARTIN", "acp_titu": "Comunidad Campesina Paz y Esperanza", "acp_tipro": "Comunidad Campesina", "acp_tirec": "10", "acp_pareg": " ", "acp_obs": null, "met_link": null, "acp_orden": 82, "acp_id": 124}, "geometry": {"type": "Polygon", "coordinates": [[[-77.19322647999996, -5.752214097999968], [-77.19255065899995, -5.752496931999929], [-77.19200966199998, -5.7526346089999265], [-77.19187462899998, -5.752725526999939], [-77.19127076599995, -5.752944803999981], [-77.19068502199997, -5.753182090999928], [-77.19017998599998, -5.753283468999939], [-77.18953078699997, -5.753448678999973], [-77.18908010899997, -5.753604086999928], [-77.18826834999999, -5.75374280099993], [-77.18783534199997, -5.753798700999937], [-77.18762796699997, -5.7538537359999395], [-77.18700535799996, -5.75389228399996], [-77.18594036799993, -5.753896366999925], [-77.18547139599997, -5.75398856299995], [-77.18483962199997, -5.753990983999927], [-77.18453307099998, -5.754073517999927], [-77.18427133599994, -5.754074519999961], [-77.18372967699997, -5.754040434999979], [-77.18304371599999, -5.7540340209999385], [-77.18252944299996, -5.754081188999976], [-77.18154571299993, -5.7540939929999695], [-77.18118490499995, -5.754149612999981], [-77.18076078199994, -5.754169314999956], [-77.18049887399997, -5.754125116999944], [-77.17999338399994, -5.754108968999958], [-77.17973171699998, -5.7541280489999735], [-77.17921709799998, -5.754084815999931], [-77.17846802599996, -5.754096717999971], [-77.17744791699994, -5.754037333999975], [-77.17715879499997, -5.753957078999974], [-77.17667159599995, -5.754004137999971], [-77.17617492399995, -5.75393371399997], [-77.17559726399998, -5.753926877999959], [-77.17459503199996, -5.75382222099995], [-77.17395398799994, -5.753761384999962], [-77.17397337899996, -5.754113869999969], [-77.17396593299998, -5.7545297369999275], [-77.17394033399995, -5.754918553999971], [-77.17394170899996, -5.75528014799994], [-77.17389867699995, -5.75583174999997], [-77.17397249599998, -5.756256347999965], [-77.17404572999999, -5.756527267999957], [-77.17423746399999, -5.757105094999929], [-77.17446481999997, -5.757556225999963], [-77.17462817199998, -5.757790641999975], [-77.17481009099998, -5.7581605869999635], [-77.17502845599995, -5.758620791999931], [-77.17511106199998, -5.758982075999938], [-77.17525663899994, -5.759288878999939], [-77.17564817599998, -5.76019138099997], [-77.17582076199994, -5.760479999999973], [-77.17595889799998, -5.761202669999932], [-77.17610516499997, -5.761690268999928], [-77.17614243799994, -5.761997484999938], [-77.17668341799998, -5.7618507789999285], [-77.17705263799996, -5.761632407999969], [-77.17734999699996, -5.761504711999976], [-77.17776513599995, -5.761494084999981], [-77.17796410999995, -5.761601803999952], [-77.17817231699996, -5.761763726999959], [-77.17886762599994, -5.761851465999939], [-77.17937281299999, -5.761786253999958], [-77.17974240999996, -5.761667319999958], [-77.18000414899996, -5.761666317999925], [-77.18058157399997, -5.761609867999937], [-77.18092454199996, -5.7616085549999525], [-77.18180924699999, -5.761659405999978], [-77.18235094799996, -5.761702530999969], [-77.18282898799998, -5.761619338999935], [-77.18333424099995, -5.761572202999957], [-77.18371348399995, -5.7616159489999745], [-77.18429107899993, -5.7616046939999706], [-77.18508528599995, -5.761592607999944], [-77.18587935299996, -5.761544360999949], [-77.18626717099994, -5.761470552999981], [-77.18696247699995, -5.7615582829999425], [-77.18752233099997, -5.761628451999968], [-77.18822655799994, -5.761689025999942], [-77.18857844699994, -5.7616605539999455], [-77.18915520899998, -5.7614323409999315], [-77.18915517399995, -5.761423300999979], [-77.18988685799997, -5.761583205999955], [-77.19067158499996, -5.761453629999949], [-77.19130256799997, -5.761243285999967], [-77.19153698599996, -5.76117910499994], [-77.19186196999993, -5.761195933999943], [-77.19226852999998, -5.761302847999957], [-77.19265762799995, -5.761563505999959], [-77.19357092999996, -5.762011981999933], [-77.19389570699997, -5.761974571999929], [-77.19478790299996, -5.761627619999956], [-77.19578014099994, -5.761479157999929], [-77.19671055599997, -5.761683485999981], [-77.19723395899996, -5.761663386999942], [-77.19782977299997, -5.761697247999962], [-77.19917469399996, -5.761728215999938], [-77.20020477099996, -5.762031590999925], [-77.20153927199993, -5.761701000999949], [-77.20227907299994, -5.761625821999928], [-77.20286582599994, -5.761650671999973], [-77.20306333799994, -5.761378713999932], [-77.20319795099994, -5.761179317999961], [-77.20362897099994, -5.760608142999956], [-77.20440117499999, -5.759574618999977], [-77.20493049499999, -5.7587499489999345], [-77.20533297199995, -5.757799213999931], [-77.20634411699996, -5.75787665799993], [-77.20731048399995, -5.758044671999926], [-77.20776150299997, -5.7579796469999565], [-77.20845536599995, -5.75769672499996], [-77.20887920299998, -5.757604684999933], [-77.20931171699993, -5.757422212999927], [-77.20980709199995, -5.7571581399999445], [-77.21043788099996, -5.756902580999963], [-77.21111375899994, -5.756637805999958], [-77.21362644599998, -5.756335458999956], [-77.21349522499997, -5.755194797999934], [-77.21339917899996, -5.752395798999942], [-77.21327246899995, -5.752398828999958], [-77.21250519199998, -5.752365646999976], [-77.21184656499997, -5.752422438999929], [-77.21139548199994, -5.752469386999962], [-77.21120570899996, -5.75240684399995], [-77.21021297699997, -5.752419730999975], [-77.20978910799994, -5.752502730999936], [-77.20953629899998, -5.752476590999947], [-77.20885972499997, -5.752560568999968], [-77.20826413299994, -5.752580954999928], [-77.20785779099998, -5.75252828899994], [-77.20744245799995, -5.7524846979999325], [-77.20714452199996, -5.752458730999933], [-77.20674737899998, -5.752451227999927], [-77.20625074999998, -5.752389870999934], [-77.20566393899998, -5.752346940999928], [-77.20498683999995, -5.752295319999973], [-77.20414711399997, -5.752199126999926], [-77.20323525599997, -5.75212129099998], [-77.20261244699998, -5.752105616999927], [-77.20208891499993, -5.752089557999966], [-77.20144822999998, -5.752119150999931], [-77.20073516799994, -5.752103821999981], [-77.20008552599995, -5.752151526999967], [-77.19960718899995, -5.7521533719999525], [-77.19849732899996, -5.752220928999975], [-77.19771189099998, -5.75216067599996], [-77.19595075499996, -5.751851063999936], [-77.19469555199998, -5.751675096999975], [-77.19410061399998, -5.75186722199993], [-77.19381239499995, -5.752022007999926], [-77.19322647999996, -5.752214097999968]]]}}, {"type": "Feature", "properties": {"objectid": 17405, "anp_gid": 299, "acp_codi": "ACP62", "acp_nomb": "Bosques de Neblina y Páramos de Samanga", "acp_suleg": 2888.03, "acp_balec": "R.M. N° 117-2013-MINAM", "acp_felec": 1366261200000, "acp_balem": " ", "acp_felem": null, "acp_fecad": "2023-04-18", "acp_ubpo": "PIURA", "acp_titu": "Comunidad Campesina Samanga", "acp_tipro": "Comunidad Campesina", "acp_tirec": "10", "acp_pareg": " ", "acp_obs": null, "met_link": null, "acp_orden": 62, "acp_id": 104}, "geometry": {"type": "Polygon", "coordinates": [[[-79.42841357299994, -4.750956348999978], [-79.42882722699994, -4.75105310999993], [-79.42897422499993, -4.751799289999951], [-79.42949226699994, -4.752844654999933], [-79.43135204799995, -4.752326797999956], [-79.43179861699997, -4.7521040609999545], [-79.43291327199995, -4.752330349999966], [-79.43358034599999, -4.753226882999968], [-79.43454749299997, -4.752930741999933], [-79.43618654299996, -4.752592050999965], [-79.43633259399996, -4.752561870999955], [-79.44121437999996, -4.753141917999926], [-79.46105518899998, -4.738028199999974], [-79.46665605799996, -4.731544198999927], [-79.47289470699997, -4.7236602579999385], [-79.47875172899995, -4.716030260999958], [-79.48879595399995, -4.70955566799995], [-79.49781910199994, -4.705498942999952], [-79.50111375799997, -4.70394835999997], [-79.50710037299996, -4.694223774999955], [-79.50666635199997, -4.685280088999946], [-79.50118509899994, -4.674761849999925], [-79.49886075999996, -4.6712172919999375], [-79.49135602799998, -4.66960950899994], [-79.48767251699996, -4.671849828999939], [-79.48045459099995, -4.678807438999968], [-79.47323017299993, -4.684207326999967], [-79.46623350299996, -4.694639787999961], [-79.46346475599995, -4.703939230999936], [-79.45759600099996, -4.708143685999971], [-79.45370916199994, -4.710076851999929], [-79.45040225399998, -4.717450922999944], [-79.44059135499998, -4.728824650999968], [-79.43863729999998, -4.730479205999927], [-79.43631754099994, -4.73567871299997], [-79.43314891499995, -4.738889182999969], [-79.43093263999998, -4.743988618999936], [-79.42950587499996, -4.748267470999963], [-79.42841357299994, -4.750956348999978]]]}}, {"type": "Feature", "properties": {"objectid": 17406, "anp_gid": 146, "acp_codi": "ACP100", "acp_nomb": "Bosques Montanos y Páramos de Huaricancha", "acp_suleg": 5915.35, "acp_balec": "R.M. N° 194-2016-MINAM", "acp_felec": 1469509200000, "acp_balem": "R.M. N° 048-2020-MINAM", "acp_felem": 1581829200000, "acp_fecad": "Perpetuo", "acp_ubpo": "PIURA", "acp_titu": "Comunidad Campesina Huaricancha", "acp_tipro": "Comunidad Campesina", "acp_tirec": "Perpetuo", "acp_pareg": "P.E. N° 04131770", "acp_obs": null, "met_link": null, "acp_orden": 100, "acp_id": 9}, "geometry": {"type": "Polygon", "coordinates": [[[-79.38399219399997, -5.273277144999952], [-79.38318806399997, -5.274107687999958], [-79.38234455299994, -5.275397511999927], [-79.38142356699996, -5.2771082329999786], [-79.38032700499997, -5.2786263239999585], [-79.37620708399999, -5.279329326999971], [-79.37356014099998, -5.2802124539999795], [-79.37183044299996, -5.28082999999998], [-79.36870731999994, -5.284067774999926], [-79.36649301399996, -5.287971610999932], [-79.36539649599996, -5.288952248999976], [-79.36249957299998, -5.289735185999973], [-79.35887199099994, -5.2895533239999395], [-79.35758470499997, -5.290265961999978], [-79.35640273699994, -5.291824531999964], [-79.35523483399999, -5.292413917999966], [-79.35298361299994, -5.293568684999968], [-79.35163282899998, -5.295297325999968], [-79.35097951399996, -5.296836412999937], [-79.34988721099995, -5.2982977649999725], [-79.34629383499998, -5.30039005499998], [-79.34609647999997, -5.301165515999969], [-79.34585841499995, -5.302163481999969], [-79.34580154199995, -5.304361214999972], [-79.34499670199995, -5.306656235999981], [-79.34467783899998, -5.3080765739999265], [-79.34384581299997, -5.308591139999976], [-79.34000672999997, -5.308925364999936], [-79.33544957499998, -5.310004109999966], [-79.33354362399996, -5.310443986999928], [-79.33276145099995, -5.3108050359999766], [-79.33189640299997, -5.3129440439999485], [-79.32923957199995, -5.315664375999972], [-79.32844965899994, -5.316487667999979], [-79.32817308599994, -5.317810621999968], [-79.32843340599999, -5.318653152999957], [-79.33007166099998, -5.321895684999959], [-79.33078983999997, -5.325546286999952], [-79.33095263399997, -5.327137781999966], [-79.33029556999998, -5.331793516999937], [-79.32896481599994, -5.337588410999956], [-79.32784466099997, -5.339233475999947], [-79.32649574499999, -5.340565580999964], [-79.32613915499996, -5.341711320999934], [-79.32609575499998, -5.344069064999928], [-79.32665053999995, -5.345463044999974], [-79.32660063299994, -5.348018156999956], [-79.32612573499995, -5.348849469999948], [-79.32428519199993, -5.351083869999968], [-79.32377567099996, -5.353265049999948], [-79.32347603799997, -5.355878719999964], [-79.32284776299997, -5.358676281999976], [-79.32017605399994, -5.362803751999934], [-79.31843065599998, -5.363827747999949], [-79.31642503299997, -5.363989705999927], [-79.31313116799998, -5.3638609989999395], [-79.30971347699995, -5.365358854999954], [-79.30957244899997, -5.366089183999975], [-79.30999584199998, -5.368372831999977], [-79.31081722599998, -5.371762931999967], [-79.31146265999996, -5.374034335999966], [-79.31164501799998, -5.3754281919999585], [-79.31071478399997, -5.377751159999946], [-79.30991225099996, -5.3787777249999635], [-79.30811759399995, -5.380327890999979], [-79.30776924099996, -5.381128421999961], [-79.30718553099996, -5.383475365999971], [-79.30651318499997, -5.384897051999928], [-79.30583752799998, -5.387512595999965], [-79.30657588499997, -5.389840187999937], [-79.30562064699996, -5.391259884999954], [-79.30560579099995, -5.392312554999933], [-79.30622766699997, -5.396183321999956], [-79.30636699599995, -5.39759051599998], [-79.30620629199996, -5.398724124999944], [-79.30550006299995, -5.400301221999939], [-79.30548428799995, -5.40329332999994], [-79.30598014199995, -5.405261369999948], [-79.30661647899996, -5.408220308999944], [-79.30673884499998, -5.410574895999957], [-79.30681592099995, -5.4137619559999735], [-79.30627306899999, -5.417299681999964], [-79.30672936899998, -5.420636211999977], [-79.30516728899994, -5.4281370579999475], [-79.30299699499994, -5.4300422169999365], [-79.30018957399994, -5.432477748999929], [-79.29877451799996, -5.434347965999962], [-79.29539580899996, -5.439742698999964], [-79.29562274299997, -5.440886797999951], [-79.29720522899999, -5.445683014999929], [-79.29702198499996, -5.45008930399996], [-79.29721989399997, -5.452061713999967], [-79.29675181399995, -5.454192364999926], [-79.29786985499999, -5.456606092999948], [-79.29974712199999, -5.458657624999944], [-79.29688244199997, -5.463164052999957], [-79.29670608799995, -5.466409176999946], [-79.29599904199995, -5.467920312999979], [-79.29355871899998, -5.4683463529999585], [-79.29549236799994, -5.476994108999975], [-79.29723000699994, -5.4798446299999455], [-79.29784936199997, -5.482415234999962], [-79.30194360299998, -5.485035675999939], [-79.30323453499994, -5.487957914999981], [-79.30599990999997, -5.489960543999928], [-79.31223944599998, -5.4904879739999615], [-79.31448629399995, -5.491944986999954], [-79.31985629599995, -5.488909608999961], [-79.32242895599995, -5.485662928999943], [-79.32303533899994, -5.480169366999974], [-79.32651845499998, -5.4772677179999505], [-79.32778252499998, -5.473389382999926], [-79.33220985099996, -5.471710353999981], [-79.33151898399996, -5.465126520999945], [-79.33057972499995, -5.462526944999979], [-79.32800669099998, -5.457460592999951], [-79.32797714299994, -5.455058724999958], [-79.32540331399997, -5.453379171999927], [-79.32198488699999, -5.452361984999925], [-79.31635012899994, -5.446264632999942], [-79.31728987299994, -5.44343547699998], [-79.31682765799997, -5.439382394999939], [-79.32091758199994, -5.438230620999946], [-79.33135528899999, -5.438486932999979], [-79.33350236099994, -5.437305565999964], [-79.33407283099996, -5.43550159199998], [-79.33348087199994, -5.4337210909999385], [-79.33059119899997, -5.4316126159999385], [-79.33180039599995, -5.427444672999968], [-79.32965699699997, -5.42467064799996], [-79.32932444199997, -5.42319970099993], [-79.32966538099998, -5.416481759999954], [-79.33077357699995, -5.414069868999945], [-79.32923252399996, -5.407704572999933], [-79.32896520699995, -5.404998803999945], [-79.32740538599995, -5.402723974999958], [-79.32536388699998, -5.40199101099995], [-79.32437120799995, -5.401835147999975], [-79.32359008199995, -5.401143938999951], [-79.32392037699998, -5.399096829999962], [-79.32458290099999, -5.39863580399998], [-79.32556642599997, -5.397780681999961], [-79.32585262799995, -5.3967020469999625], [-79.32533829199997, -5.39476359899993], [-79.32561448999996, -5.393285764999973], [-79.32673403199993, -5.392441882999947], [-79.32747888499995, -5.392429576999973], [-79.32987726599998, -5.393594164999968], [-79.33080946899997, -5.393368564999946], [-79.33107263499994, -5.392956241999968], [-79.33136006299998, -5.391757807999966], [-79.33202697399997, -5.387939917999972], [-79.33278480499996, -5.386669152999957], [-79.33340665299994, -5.386240194999971], [-79.33432623299996, -5.385180413999933], [-79.33392708599996, -5.38272694799997], [-79.33322198899998, -5.38216994499993], [-79.33295874099997, -5.3806571269999495], [-79.33456652199999, -5.379340828999943], [-79.33470587599999, -5.377254894999965], [-79.33411609599995, -5.376430242999959], [-79.33257124199997, -5.375679542999933], [-79.33071901199997, -5.3755979149999575], [-79.32731938399996, -5.375703445999932], [-79.32688202799994, -5.375013190999937], [-79.32703778399997, -5.3739226149999695], [-79.32816681599996, -5.373083528999928], [-79.32891384999994, -5.372262535999937], [-79.32929892199996, -5.371115162999956], [-79.32943635499998, -5.369737425999972], [-79.32730650799994, -5.366420301999938], [-79.32771700399996, -5.365910140999972], [-79.32826323299997, -5.365733863999935], [-79.32980972299998, -5.36587207599996], [-79.33107220499994, -5.36510990599993], [-79.33186001599995, -5.363331991999928], [-79.33177296699995, -5.362179068999978], [-79.33160140299998, -5.361239686999966], [-79.33174142899998, -5.358505874999935], [-79.33248518899995, -5.358108495999943], [-79.33377885499993, -5.357176375999927], [-79.33408126099994, -5.356574273999968], [-79.33368326399994, -5.355453471999965], [-79.33351287099998, -5.354907502999936], [-79.33370015299994, -5.354506061999928], [-79.33443024899998, -5.354152848999945], [-79.33639024499996, -5.353201148999972], [-79.33696502399994, -5.352507270999979], [-79.33725995399999, -5.352019987999938], [-79.33716364199995, -5.351640826999926], [-79.33530506299996, -5.35075332699995], [-79.33455358199996, -5.350411212999973], [-79.33424046999994, -5.349678238999957], [-79.33435388199996, -5.347969617999979], [-79.33531506199995, -5.3446483459999286], [-79.33518035799995, -5.34287132299994], [-79.33567583499996, -5.340599729999951], [-79.33703890399994, -5.338508858999944], [-79.34095517499998, -5.335657935999961], [-79.34160448899996, -5.333865258999936], [-79.34143925399997, -5.3313956779999785], [-79.34292982199997, -5.330997742999955], [-79.34493972399997, -5.329203934999953], [-79.34534427399996, -5.327884319999953], [-79.34633926099997, -5.327140508999946], [-79.34836501599995, -5.326552588999959], [-79.35066546499996, -5.324998790999928], [-79.35104980599993, -5.324090637999973], [-79.35236583399995, -5.322897865999948], [-79.35344105999997, -5.322494000999939], [-79.35423251799995, -5.32108448799994], [-79.35211154499996, -5.3197868229999585], [-79.35156642599998, -5.318325886999958], [-79.35327666999996, -5.315769727999964], [-79.35815526599998, -5.314436361999981], [-79.35848798599994, -5.312732522999966], [-79.35941609499997, -5.311538692999932], [-79.36018751799998, -5.309588478999956], [-79.36240980799994, -5.307748388999926], [-79.36357407099996, -5.307512213999928], [-79.36473975199993, -5.306737704999932], [-79.36642776099995, -5.307026890999964], [-79.36821117299996, -5.309615618999942], [-79.36866614499996, -5.310880116999954], [-79.36969459399995, -5.3119164419999265], [-79.37071045899995, -5.312292369999966], [-79.37301890499998, -5.311293562999936], [-79.37380874799999, -5.310477369999944], [-79.37494727099994, -5.30959121199993], [-79.37567761199995, -5.308707865999963], [-79.37545739399997, -5.30620700299994], [-79.37546158799995, -5.304603961999931], [-79.37596688099995, -5.303062051999973], [-79.37644210099995, -5.3025225689999615], [-79.37997596399998, -5.302072453999926], [-79.38137492099997, -5.30016201899997], [-79.38166394399997, -5.299167443999977], [-79.38203268299998, -5.29689062999995], [-79.38530936699993, -5.292515890999937], [-79.38534833599994, -5.290977129999931], [-79.38621953299997, -5.289124311999956], [-79.38664436599998, -5.286713254999938], [-79.38660105799994, -5.285002410999937], [-79.38616471999995, -5.283900665999965], [-79.38659135199998, -5.282751330999929], [-79.38747015899997, -5.281205171999943], [-79.38836398999996, -5.279473664999955], [-79.38896549399999, -5.278912125999966], [-79.38884552199994, -5.277670089999958], [-79.38399219399997, -5.273277144999952]]]}}, {"type": "Feature", "properties": {"objectid": 17407, "anp_gid": 330, "acp_codi": "ACP91", "acp_nomb": "Bosque Seco de la Comunidad Campesina Cesar Vallejo de Palo Blanco", "acp_suleg": 200.0, "acp_balec": "R.M. N° 106-2016-MINAM", "acp_felec": 1461733200000, "acp_balem": " ", "acp_felem": null, "acp_fecad": "Perpetuo", "acp_ubpo": "PIURA", "acp_titu": "Comunidad Campesina Cesar Vallejo de Palo Blanco", "acp_tipro": "Comunidad Campesina", "acp_tirec": "Perpetuo", "acp_pareg": " ", "acp_obs": null, "met_link": null, "acp_orden": 91, "acp_id": 133}, "geometry": {"type": "Polygon", "coordinates": [[[-80.06790261899994, -5.047604432999947], [-80.06554917699998, -5.0456332629999565], [-80.06369602999996, -5.0441585279999686], [-80.06337509499997, -5.045018862999939], [-80.06283667599996, -5.045211611999946], [-80.06225261399999, -5.0459383569999545], [-80.06132847299995, -5.046469356999978], [-80.06069136199994, -5.047722857999929], [-80.06028763699999, -5.048348743999952], [-80.05931023799997, -5.04914823699994], [-80.05996385599997, -5.049653231999969], [-80.06068757699995, -5.049978697999961], [-80.06128802799998, -5.050762600999974], [-80.06341133299998, -5.0523837559999265], [-80.06487303299997, -5.053862981999941], [-80.06544106799998, -5.055412692999937], [-80.06619495899997, -5.057889391999936], [-80.06655940799999, -5.060164027999974], [-80.06691641199996, -5.060640442999954], [-80.06707867599994, -5.060957859999974], [-80.06772454999998, -5.061730318999935], [-80.06803244899999, -5.0620992329999694], [-80.06825627999996, -5.062623920999954], [-80.06871930399996, -5.063194414999941], [-80.06934845399996, -5.063787009999942], [-80.07028203799996, -5.063974096999971], [-80.07138665199994, -5.064046171999962], [-80.07221816999999, -5.064550518999965], [-80.07277709299996, -5.06517340299996], [-80.07335970699995, -5.065300762999925], [-80.07407132099996, -5.065086872999927], [-80.07464091499997, -5.0649886049999395], [-80.07520035199997, -5.065086912999959], [-80.07639176299995, -5.064950634999946], [-80.07703875699997, -5.062400787999934], [-80.07651289099994, -5.059889565999981], [-80.07399160199998, -5.05557783699993], [-80.07141125799996, -5.051470158999962], [-80.06790261899994, -5.047604432999947]]]}}, {"type": "Feature", "properties": {"objectid": 17408, "anp_gid": 209, "acp_codi": "ACP13", "acp_nomb": "Abra Málaga Thastayoc - Royal Cinclodes", "acp_suleg": 70.644, "acp_balec": "R.M. N° 004-2009-MINAM", "acp_felec": 1232082000000, "acp_balem": " ", "acp_felem": null, "acp_fecad": "Perpetuo", "acp_ubpo": "CUSCO", "acp_titu": "Asociación Agraria Thastayoc - Habra Málaga", "acp_tipro": "Asociación", "acp_tirec": "Perpetuo", "acp_pareg": " ", "acp_obs": null, "met_link": null, "acp_orden": 13, "acp_id": 39}, "geometry": {"type": "Polygon", "coordinates": [[[-72.29706761299997, -13.148654762999968], [-72.29832428699996, -13.148398567999948], [-72.30097517199994, -13.147998643999927], [-72.30120882899996, -13.147963411999967], [-72.30126772599994, -13.147963672999936], [-72.30136540299998, -13.147963742999934], [-72.30156197399998, -13.147964015999946], [-72.30181110999996, -13.147963764999929], [-72.30193814299997, -13.147954194999954], [-72.30194435899995, -13.147953722999944], [-72.30244349999998, -13.14791766899998], [-72.30273866599998, -13.147894936999933], [-72.30276078899993, -13.147893020999959], [-72.30279610099996, -13.147887663999938], [-72.30284275299994, -13.147880992999944], [-72.30319657899997, -13.147829797999975], [-72.30368602399994, -13.14775831399993], [-72.30390364299996, -13.147753101999967], [-72.30434909599995, -13.147741120999967], [-72.30450511699996, -13.147736552999959], [-72.30448936199997, -13.147703294999928], [-72.30447062299999, -13.147665083999982], [-72.30445954199996, -13.147644794999962], [-72.30421472299997, -13.14720850499998], [-72.30392569999998, -13.14691972999998], [-72.30376056299997, -13.146754630999965], [-72.30371050099996, -13.14670474899998], [-72.30364090099994, -13.146635062999962], [-72.30356840199994, -13.146562836999976], [-72.30345067999997, -13.146477825999966], [-72.30333029399998, -13.146391114999972], [-72.30322563799996, -13.146315562999973], [-72.30309908599997, -13.146224006999944], [-72.30297736899996, -13.146136325999976], [-72.30279733799995, -13.146006323999927], [-72.30263813899995, -13.145933903999946], [-72.30194638499995, -13.145618788999968], [-72.30183511399997, -13.145568383999944], [-72.30177806499995, -13.145544241999971], [-72.30169480199999, -13.145508590999953], [-72.30160267299993, -13.145469619999972], [-72.30147801899994, -13.145416443999977], [-72.30137921399995, -13.145374654999955], [-72.30125018899997, -13.14531975999995], [-72.30116029799996, -13.145265754999969], [-72.30104399199996, -13.145196293999959], [-72.30092901999996, -13.145127564999939], [-72.30083658099994, -13.14507245699997], [-72.30067847999999, -13.144977819999951], [-72.30037584199994, -13.144797291999964], [-72.30024487999998, -13.144718832999956], [-72.30006620599994, -13.144612205999977], [-72.30000017299994, -13.14457577099995], [-72.30000017199995, -13.14457577099995], [-72.29951088599995, -13.144275038999979], [-72.29936237599998, -13.14418444499995], [-72.29913076299994, -13.144043740999962], [-72.29903433899995, -13.14398500599998], [-72.29900199499997, -13.143990737999957], [-72.29879075499997, -13.144028256999945], [-72.29802246599996, -13.144164713999942], [-72.29769223399995, -13.144070904999978], [-72.29729352799995, -13.144337716999928], [-72.29680900599993, -13.14397127799998], [-72.29638389099995, -13.143966803999945], [-72.29563047099998, -13.14385047199994], [-72.29494846199998, -13.143789090999974], [-72.29422560799998, -13.144142818999967], [-72.29297643399997, -13.14452713399993], [-72.29160603499997, -13.145090832999927], [-72.29038199499996, -13.14496952299993], [-72.28982604299995, -13.145180461999928], [-72.28918420499997, -13.145815066999944], [-72.28906627999999, -13.146428098999934], [-72.28850871599997, -13.146837752999943], [-72.28814664599997, -13.147177202999956], [-72.28808513099995, -13.147284954999975], [-72.29090838699994, -13.149977413999977], [-72.29105097299998, -13.149909588999947], [-72.29192598699996, -13.149669402999962], [-72.29320083599998, -13.149113099999965], [-72.29416868999994, -13.148820586999932], [-72.29457813199997, -13.148737816999926], [-72.29537976399996, -13.148732004999943], [-72.29634562399997, -13.148724998999967], [-72.29673702599996, -13.148722157999941], [-72.29706761299997, -13.148654762999968]]]}}, {"type": "Feature", "properties": {"objectid": 17409, "anp_gid": 308, "acp_codi": "ACP71", "acp_nomb": "Amazon Shelter", "acp_suleg": 9.593, "acp_balec": "R.M. N° 105-2014-MINAM", "acp_felec": 1397451600000, "acp_balem": "R.M. N° 00229-2024-MINAM ", "acp_felem": 1723525200000, "acp_fecad": "Perpetuo", "acp_ubpo": "MADRE DE DIOS", "acp_titu": "Magali Teresa Ines Salinas Bielich", "acp_tipro": "Privado", "acp_tirec": "Perpetuo", "acp_pareg": " ", "acp_obs": null, "met_link": null, "acp_orden": 71, "acp_id": 113}, "geometry": {"type": "Polygon", "coordinates": [[[-69.19442617499993, -12.64206564899996], [-69.19368934999994, -12.640521647999947], [-69.19277637199997, -12.638683837999963], [-69.19211435999995, -12.63937462499996], [-69.19258775999998, -12.640825964999976], [-69.19311651399994, -12.642265058999953], [-69.19353227899995, -12.643498722999936], [-69.19405057599994, -12.645052827999962], [-69.19415003399996, -12.645027801999959], [-69.19468383999998, -12.644893599999932], [-69.19549821299995, -12.644735321999974], [-69.19565635799995, -12.644695513999977], [-69.19442617499993, -12.64206564899996]]]}}, {"type": "Feature", "properties": {"objectid": 17410, "anp_gid": 152, "acp_codi": "ACP106", "acp_nomb": "Ebio Kiabamene", "acp_suleg": 1924.675, "acp_balec": "R.M. N° 208-2016-MINAM", "acp_felec": 1469595600000, "acp_balem": " ", "acp_felem": null, "acp_fecad": "2026-07-27", "acp_ubpo": "MADRE DE DIOS", "acp_titu": "Comunidad Nativa Infierno", "acp_tipro": "Comunidad Campesina", "acp_tirec": "10", "acp_pareg": " ", "acp_obs": null, "met_link": null, "acp_orden": 106, "acp_id": 15}, "geometry": {"type": "Polygon", "coordinates": [[[-69.22794666199997, -12.776699316999952], [-69.23146204399995, -12.780468595999935], [-69.26475986099996, -12.816147180999963], [-69.26679863099997, -12.818342511999958], [-69.27225086299995, -12.82417854199997], [-69.27853068699994, -12.81978623799995], [-69.29270090399996, -12.809860016999949], [-69.29612023199996, -12.807432080999945], [-69.29717751199996, -12.806911799999966], [-69.30008495999994, -12.805437746999928], [-69.30211142899998, -12.80448376499993], [-69.30444642899994, -12.803529410999943], [-69.30933523499993, -12.800365917999954], [-69.31083195999997, -12.798806885999966], [-69.31237199799995, -12.796642189999943], [-69.31307503899995, -12.794867796999938], [-69.31367456899994, -12.793722154999955], [-69.31421611099995, -12.793305424999971], [-69.31505574099998, -12.792659303999926], [-69.31602889499999, -12.79213499399998], [-69.31719822799994, -12.790984561999949], [-69.31765594299998, -12.789530168999931], [-69.31817988599994, -12.785028710999939], [-69.31797109699994, -12.784927668999956], [-69.31740878699998, -12.78477516199996], [-69.31657394199993, -12.78469912099996], [-69.31615788499994, -12.784720869999944], [-69.31556865599998, -12.784926393999967], [-69.31503392199994, -12.785390292999978], [-69.31272829199997, -12.788218530999927], [-69.31000575699994, -12.79087868399995], [-69.30935075299993, -12.79163859099998], [-69.30854166999995, -12.792459534999978], [-69.30742042199995, -12.793285270999945], [-69.30573162099995, -12.794442987999957], [-69.30451582599994, -12.795504837999943], [-69.30377036599998, -12.796079368999926], [-69.30322015699994, -12.796429866999972], [-69.29952975699996, -12.799626716999967], [-69.29828621299998, -12.80048329999994], [-69.29775984399998, -12.800749932999963], [-69.29690010999997, -12.80109850599996], [-69.29560315399993, -12.801521898999965], [-69.29541731499995, -12.801531692999959], [-69.29455375399993, -12.801922943999955], [-69.29309637499995, -12.802429515999961], [-69.29265692299998, -12.802487335999956], [-69.29138220499993, -12.802469035999934], [-69.29080981299995, -12.802304818999971], [-69.28962538799993, -12.801634698999976], [-69.28921793099994, -12.801306894999982], [-69.28849553299995, -12.800572330999955], [-69.28804979699999, -12.799962793999953], [-69.28785100799996, -12.799521634999962], [-69.28755187099995, -12.798016794999967], [-69.28730926199995, -12.796386560999963], [-69.28716199499996, -12.794733434999955], [-69.28699864799995, -12.79385112999995], [-69.28665887399995, -12.793066316999955], [-69.28638690699995, -12.792599553999935], [-69.28578453999995, -12.791813849999926], [-69.28492344699998, -12.79085805799997], [-69.28411885299994, -12.790159286999938], [-69.28198256399997, -12.788933301999975], [-69.28005667999997, -12.788073487999952], [-69.27919801699994, -12.78762117499997], [-69.27844869399996, -12.787058331999958], [-69.27682098699995, -12.786111367999979], [-69.27568880299998, -12.785252043999947], [-69.27491374299996, -12.784732350999946], [-69.27318866399997, -12.783774071999972], [-69.26963483899993, -12.782241178999982], [-69.26707356199995, -12.781341206999969], [-69.26698764799994, -12.78131101799994], [-69.26500644799995, -12.780757426999969], [-69.26407826599996, -12.780562219999979], [-69.26188199199999, -12.780323417999966], [-69.26085323799998, -12.780253179999931], [-69.25999005399996, -12.78027672899998], [-69.25912632399996, -12.78021653999997], [-69.25621818499997, -12.779753494999966], [-69.25375714099994, -12.779155793999962], [-69.25235288299996, -12.778927995999936], [-69.25168023899994, -12.778861992999964], [-69.25049734999993, -12.778882378999981], [-69.24952022199994, -12.779023286999973], [-69.24660332099995, -12.779850278999959], [-69.24467115299996, -12.780215145999932], [-69.24372072199998, -12.780438387999936], [-69.24236649099998, -12.780497146999949], [-69.24050180699999, -12.780723837999972], [-69.23948313399995, -12.780788606999977], [-69.23852907999998, -12.780791007999937], [-69.23781075299996, -12.780744271999936], [-69.23757506799996, -12.780640853999955], [-69.23724776299997, -12.780497096999966], [-69.23657417299995, -12.780305812999927], [-69.23624983099995, -12.780276623999953], [-69.23583167899994, -12.780327366999927], [-69.23541789099994, -12.780315075999965], [-69.23402145899996, -12.77997223999995], [-69.23330929699995, -12.779913277999981], [-69.23200622899998, -12.77970083599996], [-69.23156041999994, -12.779531855999949], [-69.23085462199998, -12.77917374599997], [-69.22947786199995, -12.778053367999973], [-69.22866602699997, -12.777288236999937], [-69.22794666199997, -12.776699316999952]]]}}, {"type": "Feature", "properties": {"objectid": 17414, "anp_gid": 310, "acp_codi": "ACP73", "acp_nomb": "Las Panguanas 1", "acp_suleg": 1.914, "acp_balec": "R.M. N° 183-2014-MINAM", "acp_felec": 1403499600000, "acp_balem": " ", "acp_felem": null, "acp_fecad": "2034-06-23", "acp_ubpo": "LORETO", "acp_titu": "Nanci Adela Dantas Sibina de Tanner", "acp_tipro": "Privado", "acp_tirec": "20", "acp_pareg": " ", "acp_obs": null, "met_link": null, "acp_orden": 73, "acp_id": 115}, "geometry": {"type": "Polygon", "coordinates": [[[-73.52076617399996, -4.339570507999952], [-73.52083069099996, -4.3398487349999755], [-73.52125943899995, -4.339573664999932], [-73.52147181399994, -4.339665454999931], [-73.52160465499998, -4.339957149999975], [-73.52185653899994, -4.339961741999957], [-73.52196782899995, -4.340165390999971], [-73.52216115299996, -4.3400096729999404], [-73.52232971299998, -4.3401209209999365], [-73.52247252999996, -4.340130578999947], [-73.52253471499995, -4.340035741999941], [-73.52278270399995, -4.3399211729999365], [-73.52292010299993, -4.339857695999967], [-73.52315902999999, -4.339951514999939], [-73.52257761199996, -4.338918274999969], [-73.52231396699995, -4.338997673999927], [-73.52159241899994, -4.339214974999948], [-73.52058899199994, -4.339517163999972], [-73.52076617399996, -4.339570507999952]]]}}, {"type": "Feature", "properties": {"objectid": 17416, "anp_gid": 304, "acp_codi": "ACP67", "acp_nomb": "Las Panguanas 3", "acp_suleg": 6.873, "acp_balec": "R.M. N° 385-2013-MINAM", "acp_felec": 1386565200000, "acp_balem": " ", "acp_felem": null, "acp_fecad": "2033-12-09", "acp_ubpo": "LORETO", "acp_titu": "Nanci Adela Dantas Sibina de Tanner", "acp_tipro": "Privado", "acp_tirec": "20", "acp_pareg": " ", "acp_obs": null, "met_link": null, "acp_orden": 67, "acp_id": 109}, "geometry": {"type": "Polygon", "coordinates": [[[-73.52060258699998, -4.3396234349999645], [-73.52018388899995, -4.340157903999966], [-73.51922983599997, -4.3404366629999345], [-73.51854667199996, -4.340094495999949], [-73.51819754299999, -4.340393075999941], [-73.51815109299997, -4.340250816999969], [-73.51688587899997, -4.340631687999974], [-73.51683255299997, -4.341212666999979], [-73.51695943699997, -4.341627385999971], [-73.51694194199996, -4.342010123999955], [-73.52318818099997, -4.340085575999979], [-73.52297383899997, -4.339922956999942], [-73.52259891399996, -4.3400573759999475], [-73.52245690599995, -4.34020963699993], [-73.52220273499995, -4.340092244999937], [-73.52195960199998, -4.3402500389999545], [-73.52182892399998, -4.340020731999971], [-73.52158756199998, -4.340052484999944], [-73.52142727099994, -4.339710422999929], [-73.52127110399994, -4.339630534999969], [-73.52113897399994, -4.339839654999935], [-73.52096231199994, -4.3398402789999295], [-73.52098809499995, -4.339980381999965], [-73.52062940899998, -4.339918021999949], [-73.52060258699998, -4.3396234349999645]]]}}, {"type": "Feature", "properties": {"objectid": 17417, "anp_gid": 306, "acp_codi": "ACP69", "acp_nomb": "Las Panguanas 2", "acp_suleg": 0.623, "acp_balec": "R.M. N° 396-2013-MINAM", "acp_felec": 1388120400000, "acp_balem": " ", "acp_felem": null, "acp_fecad": "2033-12-27", "acp_ubpo": "LORETO", "acp_titu": "Nanci Adela Dantas Sibina de Tanner", "acp_tipro": "Privado", "acp_tirec": "20", "acp_pareg": " ", "acp_obs": null, "met_link": null, "acp_orden": 69, "acp_id": 111}, "geometry": {"type": "Polygon", "coordinates": [[[-73.52052833199997, -4.339535431999934], [-73.51876223199997, -4.340066843999978], [-73.51888332399994, -4.340169317999937], [-73.51920100499996, -4.340127987999949], [-73.51918389199994, -4.340326923999953], [-73.51926002899995, -4.340355977999934], [-73.51952430599994, -4.340252632999977], [-73.51967928599998, -4.34025252999993], [-73.51980044699997, -4.340139624999949], [-73.52014363499995, -4.340082934999941], [-73.52004156799995, -4.339856562999955], [-73.52007521599995, -4.339797063999981], [-73.52033300099998, -4.339848148999977], [-73.52052833199997, -4.339535431999934]]]}}, {"type": "Feature", "properties": {"objectid": 17419, "anp_gid": 248, "acp_codi": "ACP150", "acp_nomb": "Bosque Urum", "acp_suleg": 60.0, "acp_balec": "R.M. Nº 029-2021-MINAM", "acp_felec": 1613624400000, "acp_balem": " ", "acp_felem": null, "acp_fecad": "Perpetuo", "acp_ubpo": "LAMBAYEQUE", "acp_titu": "Empresa EWS TINAJONES SAC", "acp_tipro": "Privado", "acp_tirec": "Perpetuo", "acp_pareg": "P.E. Nº 11317796", "acp_obs": null, "met_link": null, "acp_orden": 150, "acp_id": 144}, "geometry": {"type": "Polygon", "coordinates": [[[-79.47087946999994, -6.615249654999957], [-79.46889717999994, -6.614326318999929], [-79.46682262499996, -6.613358472999948], [-79.46462309099996, -6.612331063999932], [-79.46195151899997, -6.618453602999978], [-79.46393755499997, -6.619766420999952], [-79.46584462899995, -6.621027031999972], [-79.46766883299995, -6.622232851999968], [-79.47087946999994, -6.615249654999957]]]}}, {"type": "Feature", "properties": {"objectid": 17420, "anp_gid": 162, "acp_codi": "ACP107", "acp_nomb": "Tambopata Eco Lodge", "acp_suleg": 32.012, "acp_balec": "R.M. N° 310-2016-MINAM", "acp_felec": 1476939600000, "acp_balem": " ", "acp_felem": null, "acp_fecad": "2026-10-20", "acp_ubpo": "MADRE DE DIOS", "acp_titu": "Inversiones Maldonado SAC", "acp_tipro": "Privado", "acp_tirec": "10", "acp_pareg": " ", "acp_obs": null, "met_link": null, "acp_orden": 107, "acp_id": 16}, "geometry": {"type": "Polygon", "coordinates": [[[-69.39853177599997, -12.852389527999946], [-69.40372755899995, -12.850884749999977], [-69.40616282399998, -12.850056447999975], [-69.40625713399999, -12.848590022999929], [-69.40635097199998, -12.846639898999967], [-69.40229688999995, -12.84804379999997], [-69.39971385199993, -12.84918158599993], [-69.39691073399996, -12.85009645499997], [-69.39740741899993, -12.850707965999959], [-69.39853177599997, -12.852389527999946]]]}}, {"type": "Feature", "properties": {"objectid": 17421, "anp_gid": 317, "acp_codi": "ACP80", "acp_nomb": "Bosque de Nogal y Bosque de Puentecilla", "acp_suleg": 32.78, "acp_balec": "R.M. N° 134-2015-MINAM", "acp_felec": 1432616400000, "acp_balem": " ", "acp_felem": null, "acp_fecad": "2025-05-26", "acp_ubpo": "PIURA", "acp_titu": "Comunidad Campesina de Cujaca", "acp_tipro": "Comunidad Campesina", "acp_tirec": "10", "acp_pareg": " ", "acp_obs": null, "met_link": null, "acp_orden": 80, "acp_id": 122}, "geometry": {"type": "Polygon", "coordinates": [[[-79.59800242399996, -4.6884321239999736], [-79.59767578199995, -4.68853463399995], [-79.59683908199997, -4.688460814999928], [-79.59664572899999, -4.688607304999948], [-79.59664899799998, -4.688788101999933], [-79.59676148299997, -4.688916010999947], [-79.59624867899998, -4.6887497139999255], [-79.59600987799996, -4.688576207999972], [-79.59525156799998, -4.68842038799994], [-79.59503056199998, -4.688421956999946], [-79.59474345699994, -4.688690956999949], [-79.59454312899999, -4.689023131999932], [-79.59454111699995, -4.689558399999953], [-79.59441698099994, -4.690297682999926], [-79.59411246699995, -4.690635473999976], [-79.59403862199997, -4.690922721999925], [-79.59412177099995, -4.6912734209999485], [-79.59387601399999, -4.691875576999962], [-79.59329313599994, -4.692546883999967], [-79.59345649999995, -4.6927187959999515], [-79.59440199999995, -4.6927709999999365], [-79.59514599999994, -4.69243599999993], [-79.59505799199997, -4.693101275999936], [-79.59509846599997, -4.694031992999953], [-79.59505434899995, -4.695012229999975], [-79.59525265699995, -4.695193469999936], [-79.59588943099999, -4.694821909999973], [-79.59617051499998, -4.694397735999928], [-79.59637967799995, -4.694158866999942], [-79.59673841599994, -4.693663061999928], [-79.59756308499999, -4.692737471999976], [-79.59783825199997, -4.692289355999947], [-79.59841171299996, -4.691768706999937], [-79.59867540699997, -4.691412057999969], [-79.59909399899999, -4.691335278999929], [-79.59971400899997, -4.6909392349999735], [-79.60010091799995, -4.690707642999939], [-79.60047986299998, -4.690292905999968], [-79.60061078899997, -4.689811281999937], [-79.60081036199995, -4.689539120999939], [-79.60092599999996, -4.689126999999928], [-79.60068136399997, -4.688989435999929], [-79.60034977599997, -4.689009300999942], [-79.60000276599999, -4.689220692999925], [-79.59990930699996, -4.689020113999959], [-79.59981200899995, -4.688954427999931], [-79.59959733299996, -4.688978874999975], [-79.59972741999997, -4.688792712999941], [-79.59983319999998, -4.688598587999934], [-79.59969942499998, -4.688218719999952], [-79.59940228599999, -4.6880962609999415], [-79.59907178799995, -4.687975476999952], [-79.59901318699997, -4.687789952999935], [-79.59894253899995, -4.687766935999946], [-79.59874556499994, -4.687857730999951], [-79.59842294399994, -4.688028785999961], [-79.59800242399996, -4.6884321239999736]]]}}, {"type": "Feature", "properties": {"objectid": 17423, "anp_gid": 247, "acp_codi": "ACP149", "acp_nomb": "Unchog", "acp_suleg": 885.28, "acp_balec": "R.M. N° 240-2020-MINAM", "acp_felec": 1606107600000, "acp_balem": " ", "acp_felem": null, "acp_fecad": "2040-11-23", "acp_ubpo": "HUANUCO", "acp_titu": "Comunidad Campesina de Cochabamba", "acp_tipro": "Comunidad Campesina", "acp_tirec": "20", "acp_pareg": "P.E. Nº 11029070", "acp_obs": null, "met_link": null, "acp_orden": 149, "acp_id": 143}, "geometry": {"type": "Polygon", "coordinates": [[[-76.17617422099994, -9.728523607999932], [-76.17520729699999, -9.729750217999936], [-76.17500216999997, -9.73001043499994], [-76.17457197899995, -9.730556157999956], [-76.17383328099999, -9.730899358999977], [-76.17030931099998, -9.73253657999993], [-76.16726280599994, -9.733102089999932], [-76.16672760099993, -9.733040459999927], [-76.16666135599996, -9.733032831999935], [-76.16548703499996, -9.73289760299997], [-76.16455057099995, -9.736872540999968], [-76.16348450199996, -9.740036412999928], [-76.16270589299995, -9.74212022599994], [-76.16207810399999, -9.743735815999969], [-76.15934814499997, -9.748886237999955], [-76.15877907299995, -9.749959845999967], [-76.15820535399996, -9.751042213999938], [-76.15723760599997, -9.752867934999927], [-76.15698848899996, -9.753337906999946], [-76.15639893499997, -9.754450126999927], [-76.15606748699997, -9.755627707999963], [-76.15569589399996, -9.756947913999966], [-76.15420053299994, -9.76226057699995], [-76.15467177599999, -9.76234094199998], [-76.15522685799993, -9.762434764999966], [-76.15566158699994, -9.762600772999974], [-76.15602379399996, -9.762719174999972], [-76.15641053399997, -9.762957123999968], [-76.15682163999998, -9.763266768999927], [-76.15737754999998, -9.763599845999977], [-76.15756951899994, -9.763743543999965], [-76.15798211299995, -9.764052388999971], [-76.15858609599996, -9.764337447999935], [-76.15915114399996, -9.764522148999959], [-76.15991405499994, -9.76473010199993], [-76.16034841099997, -9.764786044999937], [-76.16080660099993, -9.764760556999931], [-76.16124075699997, -9.764759076999951], [-76.16181962899998, -9.764757101999976], [-76.16242270499998, -9.764778969999952], [-76.16288114599996, -9.764825257999973], [-76.16336395599996, -9.764943237999944], [-76.16367894899997, -9.764979916999948], [-76.16380311699999, -9.764994375999947], [-76.16452677499996, -9.76501104199997], [-76.16517293299995, -9.764937052999926], [-76.16565495399993, -9.764827735999972], [-76.16656235699998, -9.764716960999976], [-76.16711143899994, -9.764724648999959], [-76.16789737299996, -9.76461667999996], [-76.16837934899996, -9.764495396999962], [-76.16893309799997, -9.764206383999976], [-76.16931839399996, -9.764028007999968], [-76.16949469099995, -9.763966915999958], [-76.16973432699996, -9.763883874999976], [-76.17035065799996, -9.762644746999968], [-76.17194944699997, -9.76185447399996], [-76.17431334199995, -9.759147472999928], [-76.17643592099995, -9.75829058599993], [-76.17962740899998, -9.75587517699995], [-76.18360650599999, -9.75161212599994], [-76.18392891299999, -9.75002232099996], [-76.18692278599997, -9.745456408999928], [-76.18691859099994, -9.744269694999957], [-76.18522471099999, -9.739949764999949], [-76.18460628399998, -9.739664798999968], [-76.18344357699993, -9.738233271999945], [-76.18316880899994, -9.73691350799993], [-76.18348919099998, -9.734749485999941], [-76.18253612099994, -9.732229787999927], [-76.18231111599994, -9.729969557999937], [-76.18316236899994, -9.729601738999975], [-76.18317711999998, -9.728708216999962], [-76.18081613699997, -9.728187824999964], [-76.18063388799999, -9.72814765299995], [-76.18029433199996, -9.728072808999968], [-76.18001756599995, -9.728011803999948], [-76.17939559299998, -9.727874707999945], [-76.17841111099995, -9.727657703999967], [-76.17761805599997, -9.727482892999944], [-76.17708689399996, -9.72736580999998], [-76.17617422099994, -9.728523607999932]]]}}, {"type": "Feature", "properties": {"objectid": 17424, "anp_gid": 189, "acp_codi": "ACP112", "acp_nomb": "Sumac Inti", "acp_suleg": 27.2, "acp_balec": "R.M. N° 342-2016-MINAM", "acp_felec": 1478581200000, "acp_balem": " ", "acp_felem": null, "acp_fecad": "2026-11-08", "acp_ubpo": "LORETO", "acp_titu": "Rayleigh Cordova Ruiz y Elsa Modesta Pinedo de Cordova", "acp_tipro": "Privado", "acp_tirec": "10", "acp_pareg": " ", "acp_obs": null, "met_link": null, "acp_orden": 112, "acp_id": 21}, "geometry": {"type": "Polygon", "coordinates": [[[-73.44696878299999, -4.153167764999978], [-73.45844653899997, -4.148998241999948], [-73.45784133999996, -4.147293551999951], [-73.44628103899998, -4.151495487999966], [-73.44696878299999, -4.153167764999978]]]}}, {"type": "Feature", "properties": {"objectid": 17425, "anp_gid": 168, "acp_codi": "ACP107", "acp_nomb": "Tambopata Eco Lodge", "acp_suleg": 45.858, "acp_balec": "R.M. N° 310-2016-MINAM", "acp_felec": 1476939600000, "acp_balem": " ", "acp_felem": null, "acp_fecad": "2026-10-20", "acp_ubpo": "MADRE DE DIOS", "acp_titu": "Inversiones Maldonado SAC", "acp_tipro": "Privado", "acp_tirec": "10", "acp_pareg": " ", "acp_obs": null, "met_link": null, "acp_orden": 107, "acp_id": 16}, "geometry": {"type": "Polygon", "coordinates": [[[-69.42763276299996, -12.879624327999977], [-69.42925753499998, -12.878695959999959], [-69.43103496799995, -12.87740108099996], [-69.42979528599994, -12.875986568999963], [-69.42751876999995, -12.873713219999956], [-69.42436067599994, -12.870631653999965], [-69.42120151599994, -12.873194636999926], [-69.42339960099997, -12.87537061699993], [-69.42599483799995, -12.878036407999957], [-69.42763276299996, -12.879624327999977]]]}}, {"type": "Feature", "properties": {"objectid": 17427, "anp_gid": 339, "acp_codi": "ACP99", "acp_nomb": "Machusaniaca I", "acp_suleg": 22.005, "acp_balec": "R.M. N° 193-2016-MINAM", "acp_felec": 1469509200000, "acp_balem": " ", "acp_felem": null, "acp_fecad": "2036-07-26", "acp_ubpo": "CUSCO", "acp_titu": "Venecio Cutipa Quispe y Lucila Huanca Chillihuani", "acp_tipro": "Privado", "acp_tirec": "20", "acp_pareg": " ", "acp_obs": null, "met_link": null, "acp_orden": 99, "acp_id": 141}, "geometry": {"type": "Polygon", "coordinates": [[[-70.82976463299997, -13.321462775999976], [-70.83058803099993, -13.319902961999958], [-70.83071309199994, -13.319743193999955], [-70.83075698199997, -13.319547862999968], [-70.83092441899998, -13.319335555999942], [-70.83106490899996, -13.319163024999966], [-70.83118724199994, -13.318873507999967], [-70.83137076199995, -13.318624213999954], [-70.83146997599994, -13.318458395999926], [-70.83168862999997, -13.318175232999977], [-70.83178421999997, -13.317922235999959], [-70.83178839599998, -13.317728727999963], [-70.83176698499994, -13.317705205999971], [-70.83169815999997, -13.317762543999947], [-70.83162666299995, -13.317788543999939], [-70.83156091199999, -13.317768955999952], [-70.83149132199998, -13.317734756999926], [-70.83141566899997, -13.317643217999944], [-70.83136187899999, -13.317554412999982], [-70.83129757599994, -13.317443994999962], [-70.83123546999997, -13.317301842999939], [-70.83117463399998, -13.31714639699993], [-70.83112629799996, -13.317033875999982], [-70.83106151599998, -13.31690023699997], [-70.83099929299993, -13.316772905999926], [-70.83094379499994, -13.316659351999931], [-70.83087979399994, -13.316538358999935], [-70.83080462199996, -13.316419614999973], [-70.83071758699998, -13.316312342999936], [-70.83066006599995, -13.316253566999933], [-70.83054394099997, -13.316164035999975], [-70.83043839299995, -13.316104792999965], [-70.83034720399996, -13.316062344999978], [-70.83022857599997, -13.316014490999976], [-70.83000317599993, -13.315946983999936], [-70.82985448399995, -13.31589880499996], [-70.82973520099995, -13.315864963999957], [-70.82960773999997, -13.31578617799994], [-70.82948164299995, -13.31572671999993], [-70.82936283899994, -13.315685735999978], [-70.82925747299998, -13.315660739999942], [-70.82915822399997, -13.315649706999977], [-70.82909489499997, -13.315658566999957], [-70.82898855299999, -13.315990079999949], [-70.82895040999995, -13.316312426999957], [-70.82883318299997, -13.316511899999966], [-70.82862590499997, -13.316820553999946], [-70.82840567099998, -13.317289161999952], [-70.82831717499994, -13.31764593899993], [-70.82821536299997, -13.318053960999976], [-70.82786135599997, -13.318515488999935], [-70.82781786699996, -13.318744342999935], [-70.82767729699998, -13.319038237999962], [-70.82743550599997, -13.319332409999959], [-70.82734424699998, -13.319889191999948], [-70.82713792099997, -13.32049767899997], [-70.82699797799995, -13.320692796999936], [-70.82681796199995, -13.320831903999931], [-70.82668831599995, -13.32090838399995], [-70.82654814099993, -13.321042143999932], [-70.82626504199999, -13.321582683999964], [-70.82615989199996, -13.322114262999946], [-70.82635872199995, -13.322220641999934], [-70.82976463299997, -13.321462775999976]]]}}, {"type": "Feature", "properties": {"objectid": 17428, "anp_gid": 147, "acp_codi": "ACP101", "acp_nomb": "Yacila de Zamba", "acp_suleg": 1000.0, "acp_balec": "R.M. N° 199-2016-MINAM", "acp_felec": 1469509200000, "acp_balem": " ", "acp_felem": null, "acp_fecad": "Perpetuo", "acp_ubpo": "PIURA", "acp_titu": "Yacila de Zamba", "acp_tipro": "Comunidad Campesina", "acp_tirec": "Perpetuo", "acp_pareg": " ", "acp_obs": null, "met_link": null, "acp_orden": 101, "acp_id": 10}, "geometry": {"type": "Polygon", "coordinates": [[[-79.92104309899997, -4.6412652669999375], [-79.92008488299996, -4.641478134999943], [-79.91840125499994, -4.639310919999957], [-79.91439792899996, -4.639898745999972], [-79.90981759399995, -4.643337173999953], [-79.90842202899995, -4.6464693959999295], [-79.90855201199997, -4.64812600099998], [-79.90875870599996, -4.650760272999946], [-79.90984433199998, -4.651841687999934], [-79.91467487299997, -4.65294339899998], [-79.91606401299998, -4.654531324999937], [-79.91787781099998, -4.6559832739999365], [-79.91925865099995, -4.656119116999946], [-79.92065321199993, -4.656256307999968], [-79.92197996399995, -4.656931052999937], [-79.91939400899997, -4.659800515999962], [-79.91786214599995, -4.659553277999976], [-79.91610424499999, -4.657778399999927], [-79.91246240999999, -4.6562745719999725], [-79.91121214499998, -4.655758292999963], [-79.90852221799997, -4.656962610999926], [-79.90733630099999, -4.659879634999925], [-79.90792498599995, -4.665826900999946], [-79.91076700599996, -4.668004469999971], [-79.91232919799995, -4.666730922999932], [-79.91409675699998, -4.666087823999931], [-79.91460155399994, -4.667182303999937], [-79.91279648099999, -4.668877082999927], [-79.91369011799998, -4.670803797999952], [-79.91581973299998, -4.673065146999932], [-79.91904156499999, -4.6753857599999264], [-79.92196981299998, -4.674394812999935], [-79.92385848699996, -4.673210339999969], [-79.92378082999994, -4.670443690999946], [-79.92775369999998, -4.666922443999965], [-79.92842127799997, -4.664677676999929], [-79.92971967299997, -4.660311699999966], [-79.93139089799996, -4.65757141399996], [-79.93241649899994, -4.655564239999933], [-79.93247820899995, -4.654945837999946], [-79.93257717999995, -4.653954039999974], [-79.93179989199996, -4.652706780999949], [-79.92999483899996, -4.651849089999928], [-79.92912655199996, -4.650988475999952], [-79.93181149299994, -4.647719552999945], [-79.93534176399999, -4.646750613999927], [-79.93582887499997, -4.6463559659999305], [-79.93801691399995, -4.644583250999972], [-79.93869818199994, -4.644603452999945], [-79.93900061799997, -4.645734036999954], [-79.93849910199998, -4.646916021999971], [-79.94003271499997, -4.647435479999956], [-79.94154572799994, -4.646544563999953], [-79.94278866799993, -4.647422314999972], [-79.94122610299996, -4.651587253999935], [-79.94196739799997, -4.652355950999947], [-79.94381315199996, -4.6511295599999585], [-79.94647685899997, -4.651721178999935], [-79.94913313799998, -4.652807037999935], [-79.95224367799995, -4.656315381999946], [-79.95486035099998, -4.656111138999961], [-79.95916566799997, -4.655444625999962], [-79.95924722699993, -4.655292121999935], [-79.95932932999995, -4.655100981999965], [-79.95942419599999, -4.654993511999976], [-79.95965401799998, -4.654779251999969], [-79.96003418999999, -4.654258917999925], [-79.96021021099995, -4.653953095999952], [-79.96026510499996, -4.653818739999963], [-79.96031069899999, -4.653679534999981], [-79.96024788099999, -4.6534512049999535], [-79.96013567399996, -4.653351661999977], [-79.95988985699995, -4.6532946159999256], [-79.95977671499998, -4.653239060999965], [-79.95968730299995, -4.653124641999966], [-79.95948103499995, -4.652928428999928], [-79.95935594899998, -4.6528644779999695], [-79.95921616699997, -4.652816677999965], [-79.95911113099999, -4.6528074769999535], [-79.95905115299996, -4.6527841529999705], [-79.95901252499993, -4.652699576999964], [-79.95901471099995, -4.652585891999934], [-79.95904105999995, -4.652419261999967], [-79.95908527299997, -4.652218424999944], [-79.95908912799996, -4.652032387999952], [-79.95916805699994, -4.651892296999961], [-79.95920954199994, -4.651709105999942], [-79.95928632299996, -4.651545344999931], [-79.95924274899994, -4.651374328999964], [-79.95918250699998, -4.651123219999931], [-79.95891490199995, -4.65065188899996], [-79.95869449499997, -4.650341902999969], [-79.95856807199993, -4.650200775999963], [-79.95851437499994, -4.650094847999981], [-79.95833877599995, -4.6499066199999675], [-79.95824022399995, -4.6497613769999475], [-79.95816135299998, -4.649632444999952], [-79.95804545199996, -4.649482706999947], [-79.95785835999999, -4.649264167999945], [-79.95771064999997, -4.649118388999966], [-79.95756652899996, -4.64897192799998], [-79.95743537199996, -4.648895448999951], [-79.95729313199996, -4.648864484999933], [-79.95719262699998, -4.648890379999955], [-79.95706588299998, -4.648908333999941], [-79.95699218999994, -4.648871758999974], [-79.95677046899993, -4.648739336999938], [-79.95656667999998, -4.6487158619999605], [-79.95639807299995, -4.648678629999949], [-79.95636108199994, -4.648588353999969], [-79.95614821599997, -4.64841512299995], [-79.95592975499994, -4.648321057999965], [-79.95564779199998, -4.648145450999948], [-79.95525993299998, -4.648161968999943], [-79.95492605099997, -4.648171872999967], [-79.95447231599996, -4.648335024999938], [-79.95430378099996, -4.648470115999942], [-79.95407319799995, -4.648600760999955], [-79.95397831699995, -4.648521118999952], [-79.95378547899998, -4.648124118999931], [-79.95353484499998, -4.64763718699993], [-79.95344047599997, -4.647122040999932], [-79.95299172699998, -4.646870460999935], [-79.95249052999998, -4.646780082999953], [-79.95214610499994, -4.646778809999944], [-79.95186700499994, -4.646776642999953], [-79.95168990899998, -4.6469217179999305], [-79.95155958999999, -4.646899276999932], [-79.95136373199995, -4.646719382999947], [-79.95114322199998, -4.646559412999977], [-79.95076266499996, -4.646466808999946], [-79.95045700399999, -4.6465378239999495], [-79.94996238199997, -4.6466765859999555], [-79.94943193299997, -4.646970388999932], [-79.94907674699994, -4.647029411999938], [-79.94854609699996, -4.64718364099997], [-79.94742257599995, -4.647899891999941], [-79.94671846299997, -4.648746980999931], [-79.94607943099999, -4.649111398999935], [-79.94552265699997, -4.648159398999951], [-79.94756664499994, -4.6473174819999485], [-79.94768000399995, -4.646403994999957], [-79.94762441899996, -4.644990363999966], [-79.94760745799994, -4.64434437999995], [-79.94675178299997, -4.643360712999936], [-79.94451654399995, -4.640889923999964], [-79.94265281199995, -4.641293935999954], [-79.94063332599995, -4.64105227999994], [-79.93602810199997, -4.644869627999981], [-79.93495962399999, -4.645158713999933], [-79.93546308199996, -4.643581971999936], [-79.93499261199997, -4.642346662999955], [-79.93251604799997, -4.642120710999961], [-79.93139731199994, -4.640775130999941], [-79.92897811499995, -4.637865376999969], [-79.92479102999994, -4.637214008999933], [-79.92261402799994, -4.638444705999973], [-79.92168649899997, -4.640110062999952], [-79.92104309899997, -4.6412652669999375]]]}}, {"type": "Feature", "properties": {"objectid": 17429, "anp_gid": 314, "acp_codi": "ACP77", "acp_nomb": "Lagunas y Páramos de Andinos de San José de Tapal", "acp_suleg": 908.0, "acp_balec": "R.M. N° 071-2015-MINAM", "acp_felec": 1427778000000, "acp_balem": " ", "acp_felem": null, "acp_fecad": "2025-03-31", "acp_ubpo": "PIURA", "acp_titu": "Comunidad Campesina San José de Tapal", "acp_tipro": "Comunidad Campesina", "acp_tirec": "10", "acp_pareg": " ", "acp_obs": null, "met_link": null, "acp_orden": 77, "acp_id": 119}, "geometry": {"type": "Polygon", "coordinates": [[[-79.43713520199998, -4.7629142249999745], [-79.43763391199997, -4.764592126999958], [-79.43903898999997, -4.770871124999928], [-79.43960227899998, -4.774666553999964], [-79.44129346099999, -4.778707125999972], [-79.44510622599995, -4.7823904159999415], [-79.44662696399996, -4.78424184499994], [-79.44914228799996, -4.787865702999966], [-79.45106598799998, -4.7904318139999305], [-79.45288734599995, -4.79227721999996], [-79.45495214699997, -4.79349240099998], [-79.45788633299998, -4.793901260999974], [-79.46211427899993, -4.793628764999937], [-79.46635754899995, -4.792557142999954], [-79.46817859899994, -4.792309860999978], [-79.47048916099999, -4.792584762999979], [-79.47101444399993, -4.789995188999967], [-79.47129747399998, -4.787855580999974], [-79.47120656799996, -4.786928595999939], [-79.47132535999998, -4.785217760999956], [-79.47136001699994, -4.784488664999969], [-79.47107357399994, -4.78400731399995], [-79.47056211199998, -4.783104625999954], [-79.47006415299995, -4.782587821999925], [-79.47005180899998, -4.781856851999976], [-79.47049076099995, -4.781330843999967], [-79.47108619999995, -4.78064438399997], [-79.47188133599997, -4.779905663999955], [-79.47228427099998, -4.779339429999936], [-79.47206419599996, -4.77826225299998], [-79.47234278899998, -4.777210673999946], [-79.47289943399994, -4.776831535999975], [-79.47297180999999, -4.775646235999943], [-79.47316966899996, -4.774551053999971], [-79.47347488099996, -4.774122157999955], [-79.47350059399997, -4.773784091999971], [-79.47334643499994, -4.773331047999932], [-79.47338463799997, -4.772432884999944], [-79.47034860099996, -4.771473386999958], [-79.46672459899997, -4.770445105999954], [-79.46350856099997, -4.769953252999926], [-79.45991262599995, -4.769610220999937], [-79.45803040099997, -4.768013506999978], [-79.45545640399996, -4.765961786999981], [-79.45426794499997, -4.7653352229999655], [-79.45365244799996, -4.764879077999979], [-79.45098118099997, -4.763587399999949], [-79.44615839599999, -4.763558023999963], [-79.44388475799997, -4.763581396999939], [-79.44159254499993, -4.762830649999955], [-79.44016352099999, -4.7625071199999525], [-79.43851500299996, -4.762349178999955], [-79.43708208099997, -4.762347894999948], [-79.43713520199998, -4.7629142249999745]]]}}, {"type": "Feature", "properties": {"objectid": 17431, "anp_gid": 316, "acp_codi": "ACP79", "acp_nomb": "Wacan Numi", "acp_suleg": 12.8, "acp_balec": "R.M. N° 096-2015-MINAM", "acp_felec": 1429851600000, "acp_balem": " ", "acp_felem": null, "acp_fecad": "2065-04-24", "acp_ubpo": "LORETO", "acp_titu": "Silvia Irene Santillán Meza", "acp_tipro": "Privado", "acp_tirec": "50", "acp_pareg": " ", "acp_obs": null, "met_link": null, "acp_orden": 79, "acp_id": 121}, "geometry": {"type": "Polygon", "coordinates": [[[-73.37934927099997, -3.890396118999945], [-73.37844889799999, -3.8903943829999434], [-73.37842780399995, -3.901409057999956], [-73.37932818899998, -3.9014107989999616], [-73.37934927099997, -3.890396118999945]]]}}, {"type": "Feature", "properties": {"objectid": 17432, "anp_gid": 291, "acp_codi": "ACP54", "acp_nomb": "Gotas de Agua II", "acp_suleg": 7.5, "acp_balec": "R.M. N° 268-2012-MINAM", "acp_felec": 1348808400000, "acp_balem": "R.M. N° 241-2022-MINAM", "acp_felem": 1668488400000, "acp_fecad": "06/10/2032", "acp_ubpo": "CAJAMARCA", "acp_titu": "Luciano Troyes Rivera y Marleni Domínguez Sanchez", "acp_tipro": "Privado", "acp_tirec": "10", "acp_pareg": "P.E. N° 02085323", "acp_obs": "Renovar por un periodo de diez (10) años, con eficacia al 06 de octubre de 2022 (Resolución Ministerial N° 241-2022-MINAM)", "met_link": null, "acp_orden": 54, "acp_id": 96}, "geometry": {"type": "Polygon", "coordinates": [[[-78.76744705399994, -5.68616394999998], [-78.76735534999995, -5.686194176999948], [-78.76725315699997, -5.686117139999965], [-78.76714692099995, -5.6857873099999665], [-78.76702500399995, -5.687390001999972], [-78.76666877799994, -5.688500497999939], [-78.76655579999994, -5.69205263799995], [-78.76745586399994, -5.692117836999955], [-78.76775166099998, -5.688504689999945], [-78.76691249499999, -5.688483720999955], [-78.76728617599997, -5.687526964999961], [-78.76786270899998, -5.687790022999934], [-78.76812165399997, -5.687227618999941], [-78.76860223699998, -5.686850867999965], [-78.76853613499998, -5.686588416999939], [-78.76862083399999, -5.685994430999926], [-78.76817189399998, -5.685708846999944], [-78.76815116599994, -5.685705304999942], [-78.76808350599998, -5.685717357999977], [-78.76790007799997, -5.685826639999959], [-78.76775297599994, -5.685843399999953], [-78.76773820799997, -5.685887211999955], [-78.76754518499996, -5.686013311999943], [-78.76744705399994, -5.68616394999998]]]}}, {"type": "Feature", "properties": {"objectid": 17433, "anp_gid": 183, "acp_codi": "ACP108", "acp_nomb": "Fundo Las Neblinas", "acp_suleg": 29.665, "acp_balec": "R.M. N° 311-2016-MINAM", "acp_felec": 1476939600000, "acp_balem": " ", "acp_felem": null, "acp_fecad": "2026-10-20", "acp_ubpo": "PASCO", "acp_titu": "Umberto Luigi Roncoroni y Veronica Natalie Crousse de Vallongue Rastelli de Roncoron", "acp_tipro": null, "acp_tirec": "10", "acp_pareg": " ", "acp_obs": null, "met_link": null, "acp_orden": 108, "acp_id": 17}, "geometry": {"type": "Polygon", "coordinates": [[[-75.46486900999997, -10.646167627999944], [-75.46486961099998, -10.646564496999929], [-75.46487039299996, -10.647080363999976], [-75.46504484699994, -10.647423986999968], [-75.46539260799995, -10.64745213599997], [-75.46565325299997, -10.647308426999928], [-75.46597209399994, -10.647307952999938], [-75.46663865199997, -10.64730696199996], [-75.46689964599994, -10.64739256599995], [-75.46742168899993, -10.647649676999947], [-75.46806016999994, -10.648221829999954], [-75.46849603099997, -10.64896627099995], [-75.46878645999993, -10.649367046999942], [-75.46893184999993, -10.649682046999942], [-75.46933828099998, -10.650111222999953], [-75.46980301099995, -10.650798289999955], [-75.46986107699996, -10.650855530999934], [-75.46994817099994, -10.65091272899997], [-75.47047031099999, -10.65122716299993], [-75.47113749299996, -10.651627370999961], [-75.47145668999997, -10.65185611499993], [-75.47183379099994, -10.652084770999977], [-75.47215298999998, -10.652313514999946], [-75.47247211399997, -10.65254234899993], [-75.47279119299998, -10.652742426999964], [-75.47299425799997, -10.652856777999943], [-75.47319727999997, -10.652942464999967], [-75.47332135199997, -10.652972839999961], [-75.47341320299995, -10.652887521999958], [-75.47359190399999, -10.652798817999951], [-75.47372183399995, -10.652570753999953], [-75.47378208399994, -10.65252798299997], [-75.47382013699996, -10.652513456999941], [-75.47385864399996, -10.652500739999937], [-75.47394351899999, -10.652487318999931], [-75.47398395299996, -10.652453438999942], [-75.47404335899995, -10.652449822999927], [-75.47413776799993, -10.652458721999949], [-75.47427843299994, -10.652444041999956], [-75.47436211699994, -10.65239255399996], [-75.47441248899997, -10.652348441999948], [-75.47450433399996, -10.652260229999968], [-75.47450426099994, -10.652212937999934], [-75.47450750199994, -10.652163652999945], [-75.47454484899998, -10.652083299999958], [-75.47458759399996, -10.651934578999942], [-75.47463503599994, -10.651849055999946], [-75.47470667899995, -10.651714758999958], [-75.47481934699994, -10.651635015999943], [-75.47489459499997, -10.651588965999963], [-75.47502157699995, -10.651453318999927], [-75.47502526799997, -10.651451594999969], [-75.47242805899998, -10.648857014999976], [-75.47055166999996, -10.647449226999981], [-75.46848015899997, -10.646620610999946], [-75.46610397299997, -10.646126459999948], [-75.46486900999997, -10.646167627999944]]]}}, {"type": "Feature", "properties": {"objectid": 17435, "anp_gid": 278, "acp_codi": "ACP41", "acp_nomb": "Panguana", "acp_suleg": 135.6, "acp_balec": "R.M. N° 300-2011-MINAM", "acp_felec": 1324530000000, "acp_balem": " ", "acp_felem": null, "acp_fecad": "Perpetuo", "acp_ubpo": "HUANUCO", "acp_titu": "Juliane Margarete Beate Koepcke Von Mikulicz-Radecki de Diller y del señor Erich Helmut Diller", "acp_tipro": "Privado", "acp_tirec": "Perpetuo", "acp_pareg": " ", "acp_obs": null, "met_link": null, "acp_orden": 41, "acp_id": 83}, "geometry": {"type": "Polygon", "coordinates": [[[-74.92815612199996, -9.613277103999962], [-74.92916796199995, -9.623920527999928], [-74.93735347999996, -9.632710505999967], [-74.92826000199994, -9.632986375999963]]]}}, {"type": "Feature", "properties": {"objectid": 17437, "anp_gid": 249, "acp_codi": "ACP150", "acp_nomb": "Bosque Urum", "acp_suleg": 100.0, "acp_balec": "R.M. Nº 029-2021-MINAM", "acp_felec": 1613624400000, "acp_balem": " ", "acp_felem": null, "acp_fecad": "Perpetuo", "acp_ubpo": "LAMBAYEQUE", "acp_titu": "Empresa EWS TINAJONES SAC", "acp_tipro": "Privado", "acp_tirec": "Perpetuo", "acp_pareg": "P.E. Nº 11315437", "acp_obs": null, "met_link": null, "acp_orden": 150, "acp_id": 144}, "geometry": {"type": "Polygon", "coordinates": [[[-79.46327379099995, -6.604714417999958], [-79.45809902999997, -6.603046873999972], [-79.45777889199996, -6.604853617999936], [-79.45364891599996, -6.6041313389999345], [-79.45320645899994, -6.607992138999975], [-79.45270345099993, -6.612340227999937], [-79.45524519199995, -6.61402045799997], [-79.45753747699996, -6.615535764999947], [-79.45991992399996, -6.610136334999936], [-79.46156722099994, -6.610904997999967], [-79.46271578699998, -6.607730287999971], [-79.46279792999997, -6.6071496389999425], [-79.46327379099995, -6.604714417999958]]]}}, {"type": "Feature", "properties": {"objectid": 17438, "anp_gid": 143, "acp_codi": "ACP07", "acp_nomb": "San Antonio", "acp_suleg": 357.39, "acp_balec": "R.M. N° 227-2007-AG", "acp_felec": 1173416400000, "acp_balem": " ", "acp_felem": null, "acp_fecad": "2027-03-09", "acp_ubpo": "AMAZONAS", "acp_titu": "Luis Vidal Sandoval Merino y Marisabel Saavedra de Sandoval", "acp_tipro": "Privado", "acp_tirec": "20", "acp_pareg": " ", "acp_obs": null, "met_link": null, "acp_orden": 7, "acp_id": 6}, "geometry": {"type": "Polygon", "coordinates": [[[-77.92008943999997, -6.259714083999938], [-77.92035455499996, -6.260140301999968], [-77.92035808199995, -6.260662667999952], [-77.92033736199994, -6.261232808999978], [-77.92051706199999, -6.261809313999947], [-77.92035818499994, -6.261965748999955], [-77.92023570299995, -6.262068441999929], [-77.92014048899995, -6.26216162299994], [-77.91911367299997, -6.264253688999929], [-77.91885800299997, -6.26426375799997], [-77.91895798799999, -6.264137613999935], [-77.91875471699996, -6.2640204829999675], [-77.91824600199999, -6.26407841799994], [-77.91793686799997, -6.263887644999954], [-77.91774707299999, -6.263582324999959], [-77.91820581799999, -6.263091518999943], [-77.91598507099997, -6.262309945999959], [-77.91728457599999, -6.25971136499993], [-77.91660375099997, -6.2593079279999415], [-77.91623414999998, -6.258951728999932], [-77.91611347399999, -6.25872131899996], [-77.91584958399994, -6.258537906999948], [-77.91540513399997, -6.258528125999931], [-77.91511330399999, -6.258879227999955], [-77.91504624099997, -6.259202022999943], [-77.91453621799997, -6.260503581999956], [-77.91435329999996, -6.260803511999939], [-77.91405643599995, -6.2614957849999655], [-77.91403239699997, -6.261737498999935], [-77.91399417499997, -6.261963145999971], [-77.91373893999997, -6.2623572319999425], [-77.91362129499998, -6.262754518999941], [-77.91334901299996, -6.263853056999949], [-77.91330134499998, -6.263996965999979], [-77.91325996599994, -6.264197215999957], [-77.91325325299994, -6.26436407999995], [-77.91321302799997, -6.26453788799995], [-77.91319433299998, -6.264670259999946], [-77.91315046199998, -6.26485757699993], [-77.91311606599999, -6.265076173999944], [-77.91314152699994, -6.265269800999931], [-77.91265407799995, -6.2648993469999255], [-77.91257099799998, -6.264755370999978], [-77.91238817999994, -6.264691751999976], [-77.91223034199999, -6.2645379529999445], [-77.91215910299996, -6.264379924999957], [-77.91198909799994, -6.264275857999962], [-77.91172804699994, -6.264772475999962], [-77.91140558699993, -6.265571493999971], [-77.91190780799997, -6.267609708999942], [-77.91399867899997, -6.269309884999927], [-77.91447745599999, -6.270018583999956], [-77.91500071199994, -6.270681214999968], [-77.91585677399996, -6.270599636999975], [-77.91618599699996, -6.270731047999959], [-77.91646655499994, -6.2707766379999725], [-77.91608526299996, -6.271851714999968], [-77.91479024399996, -6.272199660999945], [-77.91422195599995, -6.272171581999942], [-77.91362298699994, -6.2720282449999445], [-77.91319990099998, -6.270899638999936], [-77.91281614199994, -6.270342070999959], [-77.91266861299994, -6.2700000039999395], [-77.91252745899999, -6.27000733899996], [-77.91223360199996, -6.270379831999946], [-77.91206762999997, -6.270280459999981], [-77.91155251299995, -6.270195360999935], [-77.91134769399997, -6.2702707919999625], [-77.91112962099999, -6.2702717149999785], [-77.91086546499997, -6.27019298099998], [-77.91055012399994, -6.270285162999926], [-77.91031172799995, -6.270382300999927], [-77.90803017599995, -6.272730138999975], [-77.90827403899993, -6.273471659999927], [-77.90783527599996, -6.278719871999954], [-77.90829851499996, -6.278722527999946], [-77.90873781899995, -6.278606816999968], [-77.90909116899996, -6.278465815999937], [-77.90946267599998, -6.278180192999969], [-77.90969887099999, -6.27805845499995], [-77.91007748899995, -6.277923402999932], [-77.91022500599996, -6.277749213999925], [-77.91050587399997, -6.277761899999973], [-77.91080047799994, -6.27759816799994], [-77.91099302099997, -6.277426908999928], [-77.91124096599998, -6.277288128999942], [-77.91149031299994, -6.277234303999933], [-77.91178370299997, -6.277100519999976], [-77.91203396199995, -6.2770127279999315], [-77.91233574199998, -6.276931415999968], [-77.91260258299997, -6.276841127999944], [-77.91291624699994, -6.276810570999942], [-77.91336358199999, -6.276954713999942], [-77.91364522799995, -6.277002005999975], [-77.91397585099998, -6.277104994999945], [-77.91425942299998, -6.277167371999951], [-77.91472728399998, -6.277091087999963], [-77.91537384999998, -6.2771660879999445], [-77.91571519899998, -6.277171747999944], [-77.91621322699996, -6.27713478499993], [-77.91656948799994, -6.277102279999951], [-77.91726828399999, -6.2766434419999655], [-77.91868727499997, -6.275782887999981], [-77.91857439399996, -6.2755398159999345], [-77.91813595799994, -6.274739644999954], [-77.91826699499995, -6.274162147999959], [-77.91860467899994, -6.274017679999929], [-77.91892716799998, -6.273836082999935], [-77.91966451599995, -6.273724791999939], [-77.92017352999994, -6.273484051999958], [-77.91996106899995, -6.273067463999951], [-77.91968072999998, -6.272871691999967], [-77.91949587599998, -6.272493273999942], [-77.91969546499996, -6.271620033999966], [-77.91935493999995, -6.270387702999926], [-77.91909430499999, -6.26973303799997], [-77.91912809299998, -6.269240087999947], [-77.91970609699996, -6.26854252399994], [-77.91962538499996, -6.2680941219999795], [-77.91983811499995, -6.2676561269999524], [-77.92095356399994, -6.267995567999947], [-77.92134185899994, -6.267781151999941], [-77.92183241199996, -6.268433782999978], [-77.92184095399995, -6.26934177399994], [-77.92196332599997, -6.269754002999946], [-77.92226885299993, -6.269937628999969], [-77.92257846099994, -6.270130650999931], [-77.92261606299996, -6.270389347999981], [-77.92795748699996, -6.270601427999964], [-77.92842073799994, -6.269870381999965], [-77.92881943899994, -6.26896536299995], [-77.92866306099995, -6.268723016999957], [-77.92863836599997, -6.268515782999941], [-77.92901341799995, -6.26824021799996], [-77.92934397699997, -6.267886576999956], [-77.92964524199994, -6.267606525999952], [-77.92997862499999, -6.267256605999933], [-77.93023397199994, -6.266987751999977], [-77.93041385599997, -6.266670357999942], [-77.93058613699998, -6.266508167999973], [-77.93069240999995, -6.266063469999949], [-77.93084688999994, -6.265462268999954], [-77.93025203899998, -6.263731581999934], [-77.93009275799994, -6.263434663999931], [-77.93005599999998, -6.263144686999965], [-77.92964680399996, -6.262575849999962], [-77.92925878799997, -6.262105253999948], [-77.92917224699994, -6.261815491999926], [-77.92897733299998, -6.2616467829999465], [-77.92877956299998, -6.2615373129999625], [-77.92850848899997, -6.261436174999972], [-77.92805265499999, -6.261142672999938], [-77.92788857399995, -6.261153671999978], [-77.92772961499998, -6.261176395999939], [-77.92739885599997, -6.260239877999936], [-77.92754605799996, -6.259614157999977], [-77.92783195299995, -6.259008489999928], [-77.92792780199994, -6.2580509169999345], [-77.92866780899999, -6.25528993599994], [-77.92754578699999, -6.253898598999967], [-77.92727025699998, -6.253899312999977], [-77.92695775699997, -6.253884312999958], [-77.92697268599994, -6.253538139999932], [-77.92686503399995, -6.25316579899993], [-77.92681784099995, -6.252914275999956], [-77.92690116499995, -6.252613978999932], [-77.92710621699996, -6.252097202999948], [-77.92687380099994, -6.2515694109999345], [-77.92674865099997, -6.251071956999965], [-77.92667108699999, -6.249128973999973], [-77.92638970799999, -6.248939620999977], [-77.92595457199997, -6.248818404999952], [-77.92540562799996, -6.248459297999943], [-77.92534224799994, -6.24851201499996], [-77.92530769499996, -6.2485731429999305], [-77.92527277599999, -6.24861672399993], [-77.92524693299998, -6.248637902999974], [-77.92519896499994, -6.248655038999971], [-77.92517674999993, -6.248678498999936], [-77.92514050899996, -6.248720771999956], [-77.92511483299995, -6.2487718619999555], [-77.92509359599995, -6.248794001999954], [-77.92506323699996, -6.248843990999944], [-77.92504168999994, -6.248869419999949], [-77.92501289299997, -6.24889127299997], [-77.92498812999997, -6.248870045999979], [-77.92494885499997, -6.248864732999948], [-77.92491544199999, -6.248883654999929], [-77.92488376999995, -6.248926345999962], [-77.92485978599996, -6.248986299999956], [-77.92482637999996, -6.249006535999968], [-77.92478512499997, -6.249033388999976], [-77.92475369599998, -6.249054599999965], [-77.92473144999997, -6.249072471999966], [-77.92470846799995, -6.249099005999938], [-77.92466402599996, -6.249143624999931], [-77.92467760299996, -6.24919418199994], [-77.92471994899995, -6.249276539999926], [-77.92472318399996, -6.24946255499998], [-77.92469810899996, -6.249593030999961], [-77.92468322199994, -6.249880778999966], [-77.92463920499995, -6.250092093999967], [-77.92450903099996, -6.250527843999976], [-77.92447080499994, -6.250760019999973], [-77.92437151199994, -6.251075914999944], [-77.92430120399996, -6.251339431999952], [-77.92391889099997, -6.254328535999946], [-77.92391119599995, -6.254385875999958], [-77.92388121799996, -6.2543857459999685], [-77.92382871699994, -6.25445803599996], [-77.92382235199995, -6.254542375999961], [-77.92381607999994, -6.254643425999973], [-77.92379389899997, -6.254755516999978], [-77.92382824099997, -6.254786465999928], [-77.92386199299995, -6.2548477979999575], [-77.92387450599995, -6.254913045999956], [-77.92393511499995, -6.255047721999972], [-77.92393173199997, -6.255122171999972], [-77.92392678499994, -6.255188276999945], [-77.92389677899996, -6.255254520999927], [-77.92388861299997, -6.2552879849999385], [-77.92390577799995, -6.255370675999927], [-77.92389016999994, -6.255437129999962], [-77.92387151699995, -6.255496474999973], [-77.92386565799995, -6.25553524299994], [-77.92390398299995, -6.255599587999939], [-77.92395284699995, -6.255642934999969], [-77.92394733799995, -6.255744738999965], [-77.92397363699996, -6.255831176999948], [-77.92398240299997, -6.255905559999974], [-77.92398586399997, -6.255988399999978], [-77.92385208999997, -6.256406292999941], [-77.92347616799998, -6.256329088999962], [-77.92227030599997, -6.256047886999966], [-77.92105117599993, -6.255764233999969], [-77.92099502599996, -6.254707857999961], [-77.92083767399998, -6.254262320999942], [-77.92072937799998, -6.253767108999966], [-77.92062534299998, -6.2535935709999535], [-77.92023862899998, -6.253476517999957], [-77.91978144699993, -6.253874155999938], [-77.91915187199999, -6.254277563999949], [-77.91870489699994, -6.254675019999979], [-77.91836593599999, -6.254968195999936], [-77.91803691499996, -6.255437008999934], [-77.91775660899998, -6.255626178999933], [-77.91721055699998, -6.255960001999938], [-77.91690663899999, -6.2563418519999345], [-77.91645499899994, -6.256788704999963], [-77.92008943999997, -6.259714083999938]]]}}, {"type": "Feature", "properties": {"objectid": 17439, "anp_gid": 327, "acp_codi": "ACP89", "acp_nomb": "Mangamanguilla de la Asociación Agraria Manga Manga de Salitral", "acp_suleg": 1738.23, "acp_balec": "R.M. N° 047-2016-MINAM", "acp_felec": 1456894800000, "acp_balem": " ", "acp_felem": null, "acp_fecad": "Perpetuo", "acp_ubpo": "PIURA", "acp_titu": "Asociación Agraria Manga Manga de Salitral", "acp_tipro": "Asociación", "acp_tirec": "Perpetuo", "acp_pareg": " ", "acp_obs": null, "met_link": null, "acp_orden": 89, "acp_id": 131}, "geometry": {"type": "Polygon", "coordinates": [[[-79.83883040299997, -5.295914748999962], [-79.84536789899994, -5.29883769099996], [-79.84907305699994, -5.299743801999966], [-79.85514222999996, -5.304303725999944], [-79.85829272599995, -5.3065350929999795], [-79.86375486399999, -5.311188638999965], [-79.86704028299994, -5.312668604999942], [-79.87035061699999, -5.31277720099996], [-79.87230341499998, -5.313360278999937], [-79.87657369499993, -5.316038832999936], [-79.88125611199996, -5.316499583999928], [-79.88410705399997, -5.31510173199996], [-79.88647692699999, -5.31475291199996], [-79.89075252699996, -5.313937830999976], [-79.89273881799994, -5.313897292999968], [-79.89423828499997, -5.3149305749999485], [-79.89535434799996, -5.317210806999981], [-79.89496291799998, -5.319620310999937], [-79.89592005399999, -5.31881104699994], [-79.89863835299997, -5.317409944999952], [-79.90081945299994, -5.316007871999943], [-79.90244934299994, -5.315832664999959], [-79.90235371399996, -5.312814574999948], [-79.90150504799999, -5.310647269999947], [-79.90101233599995, -5.308673145999933], [-79.89915103299995, -5.302131366999959], [-79.89864065399996, -5.300194814999941], [-79.89863948499999, -5.298936537999964], [-79.89816523699994, -5.295091669999977], [-79.89833422199996, -5.291058826999972], [-79.89565132599995, -5.286625784999956], [-79.89391725999997, -5.285060636999958], [-79.88639417299999, -5.281411641999966], [-79.87860756199996, -5.284214411999926], [-79.86916711299995, -5.287612298999932], [-79.86037809799996, -5.290775542999938], [-79.84690003499998, -5.28870477199996], [-79.83144600199995, -5.286330047999968], [-79.83149203199997, -5.287298731999954], [-79.83690071599995, -5.2931689059999485], [-79.83883040299997, -5.295914748999962]]]}}, {"type": "Feature", "properties": {"objectid": 17440, "anp_gid": 240, "acp_codi": "ACP145", "acp_nomb": "Buen Retiro", "acp_suleg": 4.998, "acp_balec": "R.M. N° 032-2020-MINAM", "acp_felec": 1580706000000, "acp_balem": " ", "acp_felem": null, "acp_fecad": "03/02/2040", "acp_ubpo": "LORETO", "acp_titu": "Marcela Kasparova", "acp_tipro": "Privado", "acp_tirec": "20", "acp_pareg": "P.E. N° 04008433", "acp_obs": null, "met_link": null, "acp_orden": 145, "acp_id": 56}, "geometry": {"type": "Polygon", "coordinates": [[[-73.57729071399996, -4.478424551999979], [-73.57384482099997, -4.4755111599999395], [-73.57326424799999, -4.47620283599997], [-73.57671013999999, -4.479116230999978], [-73.57729071399996, -4.478424551999979]]]}}, {"type": "Feature", "properties": {"objectid": 17441, "anp_gid": 322, "acp_codi": "ACP84", "acp_nomb": "San Luis", "acp_suleg": 1144.0, "acp_balec": "R.M. N° 335-2015-MINAM", "acp_felec": 1448946000000, "acp_balem": " ", "acp_felem": null, "acp_fecad": "2025-12-01", "acp_ubpo": "CUSCO", "acp_titu": "Grimaldo Oswaldo Toledo Zamora", "acp_tipro": "Privado", "acp_tirec": "10", "acp_pareg": " ", "acp_obs": null, "met_link": null, "acp_orden": 84, "acp_id": 126}, "geometry": {"type": "Polygon", "coordinates": [[[-72.35444776099996, -13.05476686299994], [-72.35365522799998, -13.054840639999952], [-72.35294232799998, -13.05503830999993], [-72.35275711899999, -13.055163677999928], [-72.35247459199996, -13.055330329999947], [-72.35208167199994, -13.055546251999942], [-72.35192830299997, -13.055595598999957], [-72.35170931699997, -13.055725989999928], [-72.35108940499998, -13.056013033999932], [-72.35046011299994, -13.056121614999938], [-72.34945532999996, -13.056233759999941], [-72.34889588399994, -13.05634114399993], [-72.34871812399996, -13.056395058999954], [-72.34828466399995, -13.056579781999972], [-72.34785665899994, -13.056714326999952], [-72.34746836199997, -13.056937415999926], [-72.34618683699995, -13.057834430999947], [-72.34561609599996, -13.058395774999951], [-72.34512585099998, -13.058811703999936], [-72.34459711999995, -13.059342515999958], [-72.34432071199996, -13.059872453999958], [-72.34324504399996, -13.062515992999977], [-72.34331154799997, -13.063685377999946], [-72.34346452199998, -13.065045490999978], [-72.34389318199999, -13.066437948999976], [-72.34406039699996, -13.066859226999952], [-72.34429235099998, -13.067333367999936], [-72.34444622699993, -13.06780956199998], [-72.34452124099994, -13.068249210999966], [-72.34448140299997, -13.069134444999975], [-72.34321074699994, -13.070252185999948], [-72.34259807499996, -13.070754739999927], [-72.34207102999994, -13.071646210999972], [-72.34178626299996, -13.072796880999931], [-72.34167775199995, -13.073435404999941], [-72.34172914299995, -13.073920708999935], [-72.34180220699994, -13.074254791999977], [-72.34199119299996, -13.075305421999929], [-72.34213983399997, -13.076345616999959], [-72.34248717099996, -13.077133584999956], [-72.34285761199999, -13.077062499999954], [-72.34340197199998, -13.076826790999974], [-72.34388739999997, -13.076805699999966], [-72.34451161999993, -13.07692964399996], [-72.34502134499996, -13.077137279999931], [-72.34565697099998, -13.077712692999967], [-72.34588159499998, -13.07793524699997], [-72.34633565399997, -13.078638725999951], [-72.34644309399994, -13.078919995999968], [-72.34676705899994, -13.079661839999972], [-72.34764962999998, -13.08053737199998], [-72.34863788099995, -13.08071704899993], [-72.34928663499994, -13.080853953999963], [-72.34977238599998, -13.08114980299996], [-72.35040291199994, -13.08179510499997], [-72.35129989499995, -13.082505061999939], [-72.35153084399997, -13.08267438799993], [-72.35183892399994, -13.082932872999947], [-72.35243583599998, -13.083496055999944], [-72.35324841899995, -13.08415608599995], [-72.35366962599994, -13.084580192999965], [-72.35388131599996, -13.085007081999947], [-72.35397006799997, -13.08522266999995], [-72.35421393199994, -13.086058013999946], [-72.35444485899995, -13.086604725999962], [-72.35489181699995, -13.087411845999952], [-72.35525943899995, -13.087838466999926], [-72.35565152899994, -13.088189478999936], [-72.35614026399998, -13.088489459999948], [-72.35684741699998, -13.088580264999962], [-72.35802807499994, -13.088557110999943], [-72.35841219999998, -13.088438679999967], [-72.35898668699997, -13.088185058999954], [-72.35966346299995, -13.087841484999956], [-72.36055598599995, -13.087432608999961], [-72.36088681199993, -13.08722741899993], [-72.36230475899998, -13.086607743999934], [-72.36285643199994, -13.086352161999969], [-72.36300487399996, -13.086287457999958], [-72.36382099699995, -13.085970352999936], [-72.36643797899995, -13.085055764999936], [-72.36718210399994, -13.084763929999951], [-72.36756174399994, -13.084657848999939], [-72.36887792699997, -13.084154220999949], [-72.36913664399998, -13.084069734999957], [-72.36935326199995, -13.083982822999928], [-72.36991115499995, -13.083781660999932], [-72.37068132899998, -13.083355507999954], [-72.37115204099996, -13.082911262999971], [-72.37129954599999, -13.082765423999945], [-72.37169548599996, -13.082484331999979], [-72.37161073599998, -13.08233678399995], [-72.37161304199998, -13.082284386999959], [-72.37163995499998, -13.082245777999958], [-72.37274594899998, -13.081614546999958], [-72.37256534999995, -13.081388244999971], [-72.37248235899995, -13.081231440999943], [-72.37248907599997, -13.081185145999939], [-72.37262058199997, -13.08103568499996], [-72.37278163499997, -13.080965933999948], [-72.37305629899998, -13.080886766999981], [-72.37337814299997, -13.080831859999932], [-72.37355600199999, -13.080894305999948], [-72.37411363999996, -13.080838147999941], [-72.37433505599995, -13.080714838999938], [-72.37436791699997, -13.080682802999945], [-72.37516938599998, -13.08040400699997], [-72.37622240199994, -13.080634507999946], [-72.37722331599997, -13.080907716999945], [-72.37744782799996, -13.080795699999953], [-72.37760743699994, -13.080758928999956], [-72.37777308199998, -13.08077833699997], [-72.37837404299995, -13.080939978999936], [-72.37884686599995, -13.080866445999959], [-72.37891847199995, -13.08047062099996], [-72.37904211799997, -13.080344482999976], [-72.37908166399995, -13.080323394999937], [-72.37913511599999, -13.080325653999978], [-72.37943885199996, -13.080447885999945], [-72.37954343499996, -13.080542021999975], [-72.37969318599994, -13.080917658999965], [-72.38008324599997, -13.080762015999937], [-72.38045194699998, -13.080534198999942], [-72.38087629999995, -13.080054443999927], [-72.38113136299995, -13.079705979999972], [-72.38157648599997, -13.078918322999982], [-72.38169096899998, -13.078697013999943], [-72.38195026999995, -13.078470042999982], [-72.38226703099997, -13.078217583999958], [-72.38281894899995, -13.077905157999965], [-72.38311759699997, -13.077817153999945], [-72.38338401699997, -13.077797938999936], [-72.38381952199995, -13.077973265999958], [-72.38446802499993, -13.07797452799997], [-72.38489540699999, -13.07788863999997], [-72.38543519899997, -13.077812064999932], [-72.38584514199994, -13.077725622999935], [-72.38639946999996, -13.077586512999972], [-72.38679597799995, -13.077561601999946], [-72.38718774199998, -13.077639794999982], [-72.38777853799996, -13.077698218999956], [-72.38829941499995, -13.077721837999945], [-72.38860317299998, -13.077756456999964], [-72.38914487399995, -13.077933857999938], [-72.38940386999997, -13.078097895999974], [-72.38983904199995, -13.07842719699994], [-72.39029095199999, -13.078039192999938], [-72.39025958199994, -13.077433068999937], [-72.39023559499998, -13.07701210099998], [-72.39015295499996, -13.07657476099996], [-72.39017469899994, -13.07623135199998], [-72.39015160999998, -13.07582833899994], [-72.39019469899995, -13.075653780999971], [-72.39042314699998, -13.07540251699993], [-72.39063213499998, -13.074949962999938], [-72.39072680999993, -13.074623938999935], [-72.39080422899997, -13.074512020999975], [-72.39112193299997, -13.074025667999933], [-72.39122867199995, -13.073915574999944], [-72.39168243499995, -13.07342681199998], [-72.39192469299996, -13.073087566999959], [-72.39205466699997, -13.072968161999938], [-72.39218456999998, -13.072947926999973], [-72.39233874299998, -13.072519583999963], [-72.39191943199995, -13.072184126999957], [-72.39187274599993, -13.072174531999963], [-72.39165911399994, -13.072045793999962], [-72.39118393699994, -13.071799344999931], [-72.39101003999997, -13.071697278999977], [-72.39090357799995, -13.071579416999953], [-72.39090094899996, -13.07153272599993], [-72.39094154899993, -13.071396371999981], [-72.39114736999994, -13.071221224999931], [-72.39044341599998, -13.07122421899993], [-72.38967386399997, -13.071310565999966], [-72.38886438199995, -13.071386796999946], [-72.38788107099998, -13.071278125999982], [-72.38675205799996, -13.07109537599996], [-72.38608754399996, -13.07092462199995], [-72.38532763199998, -13.07082128099995], [-72.38505719799997, -13.070725797999955], [-72.38452317899998, -13.070639936999953], [-72.38403049899995, -13.070553219999965], [-72.38355832799994, -13.070450446999928], [-72.38337370799997, -13.070385255999952], [-72.38267005299997, -13.07019620899996], [-72.38245544099993, -13.070181815999945], [-72.38224122199995, -13.070124905999933], [-72.38199496099998, -13.070051260999946], [-72.38171695199998, -13.070022311999935], [-72.38148429399996, -13.06999566099995], [-72.38072516499994, -13.069833857999981], [-72.38068146299997, -13.069822546999944], [-72.37956211999995, -13.069403953999938], [-72.37906930599996, -13.069381645999954], [-72.37844400899996, -13.069479888999979], [-72.37804557399994, -13.069461889999957], [-72.37785186599996, -13.06941614599998], [-72.37730402699998, -13.069107992999932], [-72.37685236199997, -13.068696341999953], [-72.37638043499999, -13.068182975999946], [-72.37564333799997, -13.067176277999977], [-72.37553936399996, -13.066922042999977], [-72.37507240299993, -13.06615355799994], [-72.37474109399994, -13.065681118999976], [-72.37431789199997, -13.065529236999964], [-72.37391910799994, -13.065497240999946], [-72.37360986699997, -13.065430078999952], [-72.37230938399995, -13.065365566999958], [-72.37186753799995, -13.065329369999972], [-72.37133195799998, -13.065064778999954], [-72.37073878699994, -13.064820579999946], [-72.36994386199996, -13.064861210999936], [-72.36974037699997, -13.06487162299993], [-72.36954815099995, -13.064805203999981], [-72.36934033099993, -13.064509490999967], [-72.36922302899995, -13.06419882399996], [-72.36907827399995, -13.063307945999952], [-72.36857196299997, -13.062533387999963], [-72.36729140899996, -13.062145886999929], [-72.36620173299997, -13.062064525999972], [-72.36594121599995, -13.06200384999994], [-72.36520102799994, -13.061823819999972], [-72.36468900599994, -13.061559178999971], [-72.36421218099997, -13.061083387999929], [-72.36365815199997, -13.06019060999995], [-72.36353028899998, -13.059702819999927], [-72.36334611499996, -13.059153011999967], [-72.36333017299995, -13.058904996999956], [-72.36333520199997, -13.057769341999972], [-72.36337489899995, -13.05745559199994], [-72.36353732199996, -13.05673410999998], [-72.36355816999998, -13.056693154999948], [-72.36362859999997, -13.05636570699994], [-72.36369219599999, -13.056152144999942], [-72.36377256299994, -13.055570244999956], [-72.36379398199995, -13.055043398999942], [-72.36252693199998, -13.053683131999946], [-72.36213534699993, -13.053534593999927], [-72.36197217099993, -13.053388550999955], [-72.36073101399995, -13.052895476999936], [-72.35945778899998, -13.053092610999954], [-72.35872010999998, -13.053290113999935], [-72.35802126699997, -13.053506039999945], [-72.35700137799995, -13.05378924699994], [-72.35661458699997, -13.05393539299996], [-72.35629566199998, -13.054020069999979], [-72.35557118199995, -13.05430793599993], [-72.35495891399995, -13.054586330999939], [-72.35444776099996, -13.05476686299994]]]}}, {"type": "Feature", "properties": {"objectid": 17442, "anp_gid": 206, "acp_codi": "ACP127", "acp_nomb": "Comunal Cujillo", "acp_suleg": 3740.28, "acp_balec": "R.M. N° 298-2018-MINAM", "acp_felec": 1535086800000, "acp_balem": " ", "acp_felem": null, "acp_fecad": "2028-07-27", "acp_ubpo": "CAJAMARCA", "acp_titu": "Comunidad Campesina Cujillo", "acp_tipro": "Privado", "acp_tirec": "10", "acp_pareg": "P.E. N° 11026500", "acp_obs": null, "met_link": null, "acp_orden": 127, "acp_id": 36}, "geometry": {"type": "Polygon", "coordinates": [[[-78.56935172699997, -6.112929497999971], [-78.56766110799998, -6.115380253999945], [-78.56654208199996, -6.1161931229999595], [-78.56425475199995, -6.119033267999953], [-78.56225779499994, -6.12049793999995], [-78.56091891399996, -6.121477972999969], [-78.55999452399999, -6.123009025999977], [-78.55931714399998, -6.123809441999981], [-78.55864229199994, -6.124892707999948], [-78.55813689199994, -6.126194554999927], [-78.55722992999995, -6.127041746999964], [-78.55647656499997, -6.127736589999927], [-78.55585467899994, -6.12865769299998], [-78.55536101799999, -6.129266752999968], [-78.55377790099999, -6.130239208999967], [-78.55280927099994, -6.130990529999963], [-78.55225260999998, -6.132048911999959], [-78.55224544199996, -6.133474218999936], [-78.55229103099998, -6.13447879499995], [-78.55251813099994, -6.134974842999952], [-78.55396279799999, -6.135238159999972], [-78.55654725399995, -6.134603745999925], [-78.55752465199998, -6.1343596439999715], [-78.56060263699999, -6.133970634999969], [-78.56237112899998, -6.133684538999944], [-78.56272038099996, -6.133606034999957], [-78.56546055599995, -6.133027369999979], [-78.57994092999996, -6.130310649999956], [-78.58792356599997, -6.129341197999963], [-78.59097161599993, -6.12650316099996], [-78.59272902499998, -6.123248183999976], [-78.59453301999997, -6.12253689399995], [-78.59708458899996, -6.122074639999937], [-78.59867952399998, -6.120284586999958], [-78.60313135599995, -6.117498879999971], [-78.60817016599998, -6.114454989999956], [-78.61417335299996, -6.110721958999932], [-78.61512838699997, -6.109226947999957], [-78.61464114399996, -6.107832599999938], [-78.61391112099994, -6.104488824999976], [-78.61227623099995, -6.101936120999937], [-78.61101396799995, -6.101131269999939], [-78.61159155899998, -6.099073639999972], [-78.61158458299997, -6.098171320999938], [-78.61127084499998, -6.096980191999933], [-78.61067189199997, -6.095406196999932], [-78.61108901999995, -6.094208759999958], [-78.61129817799997, -6.092185714999971], [-78.61247706999995, -6.090843316999951], [-78.61250253199995, -6.089886170999932], [-78.61246102399997, -6.088366201999975], [-78.61299045799996, -6.086040907999973], [-78.61236298399996, -6.083374983999931], [-78.61183316699999, -6.08127719099997], [-78.61300947199999, -6.079593509999938], [-78.61110147099998, -6.078189303999977], [-78.61002573599995, -6.076383395999926], [-78.60869106599995, -6.074779240999931], [-78.60731836399998, -6.073113485999954], [-78.60727594199994, -6.071059373999958], [-78.60599450599994, -6.06910467299997], [-78.60585470599995, -6.068302919999951], [-78.60565597399994, -6.067321546999949], [-78.60532447699995, -6.06665047499996], [-78.60476339099995, -6.066576248999979], [-78.60386690299998, -6.066715766999948], [-78.60305677199995, -6.066932243999929], [-78.60232420499995, -6.067198258999952], [-78.60188182699994, -6.068006749999938], [-78.60120587299997, -6.068946770999958], [-78.59786308799994, -6.0714265599999635], [-78.59603869499995, -6.073569606999968], [-78.59444575599997, -6.074421174999941], [-78.59345788599995, -6.075248314999953], [-78.59252507199994, -6.075876850999975], [-78.58918971299994, -6.078700045999938], [-78.58792208499995, -6.079489766999927], [-78.58666271799996, -6.080451249999953], [-78.58351452799997, -6.08059529999997], [-78.58284917699996, -6.081157263999955], [-78.58041704199997, -6.081958878999956], [-78.57779446799998, -6.081832332999966], [-78.57520326799994, -6.081103282999948], [-78.57375729699999, -6.080709382999942], [-78.57237896899994, -6.080415025999969], [-78.56979954899998, -6.080259941999941], [-78.56822359799997, -6.080085450999945], [-78.56547750099998, -6.07981002799994], [-78.56249790299995, -6.078337850999958], [-78.56002269299995, -6.076270100999977], [-78.55737812399997, -6.074679853999953], [-78.55358625999997, -6.073227890999931], [-78.55210644799996, -6.0729342309999765], [-78.55022950199998, -6.072767900999963], [-78.54845014899996, -6.073219071999972], [-78.54689852299998, -6.07435210999995], [-78.54556462499994, -6.07408626299997], [-78.54300727399999, -6.074298284999941], [-78.54070243199999, -6.074839127999951], [-78.53749560599994, -6.075347692999969], [-78.53598186899995, -6.074492258999953], [-78.53494293099999, -6.074155261999977], [-78.53353808599996, -6.07382133599998], [-78.53181368499997, -6.07379538999993], [-78.53122426799996, -6.073711446999937], [-78.52966407499997, -6.074451081999939], [-78.52753232599997, -6.075684816999967], [-78.52359235199998, -6.074743292999926], [-78.52210815599994, -6.073687725999946], [-78.52002461199999, -6.073226273999978], [-78.51942097799997, -6.072943328999941], [-78.51760772099993, -6.072609640999929], [-78.51615088699998, -6.0733079089999364], [-78.51446423099998, -6.074899868999978], [-78.51340117599995, -6.076048933999971], [-78.51234053699994, -6.077285143999973], [-78.51141859899997, -6.078916486999958], [-78.51055916999996, -6.081795886999942], [-78.51002485499998, -6.084107119999942], [-78.50910788499993, -6.085550325999975], [-78.50917988899994, -6.087212253999951], [-78.51019357999996, -6.0890169159999346], [-78.51053725199995, -6.0897114949999605], [-78.51106828599995, -6.090805804999945], [-78.51162620499997, -6.091976282999951], [-78.51219211199998, -6.092968885999937], [-78.51318291199993, -6.093828581999958], [-78.51468233399999, -6.095049316999962], [-78.51514901699994, -6.09580185599998], [-78.51588863299997, -6.0967378689999805], [-78.51705955999995, -6.097704566999937], [-78.51796756499994, -6.098493574999964], [-78.51839047499999, -6.099415215999954], [-78.51822530399994, -6.100421666999978], [-78.51796585899996, -6.10104459799993], [-78.51765534799995, -6.101862422999943], [-78.51763329899995, -6.102292752999972], [-78.51806233899998, -6.103439682999976], [-78.51869719099994, -6.105028038999933], [-78.51972057199998, -6.106600969999931], [-78.51991974699996, -6.106927582999958], [-78.52034989499998, -6.108146257999977], [-78.52048426999994, -6.109471177999978], [-78.52003331699996, -6.111213785999951], [-78.51961342799996, -6.112124365999932], [-78.51933864699998, -6.112962441999969], [-78.51930771099995, -6.113454426999965], [-78.51914795599998, -6.114526901999966], [-78.51755114199995, -6.11691564399996], [-78.51723891999995, -6.1175305549999734], [-78.51718228799996, -6.118153821999954], [-78.51712306399997, -6.11891064699995], [-78.51709633599995, -6.11926634699995], [-78.51712510599998, -6.120020453999928], [-78.51716557999998, -6.121033590999957], [-78.51720191099997, -6.121857319999947], [-78.51734834999996, -6.122583992999978], [-78.51766413499996, -6.123267689999977], [-78.51799849799994, -6.1238087119999705], [-78.51869783799998, -6.124935376999929], [-78.51900155299995, -6.12543967199997], [-78.51945638199999, -6.126434640999946], [-78.52007761299996, -6.127248881999947], [-78.52072377899998, -6.128096236999966], [-78.52085219699995, -6.128380199999981], [-78.52139380999995, -6.12947823199994], [-78.52200407899994, -6.130270622999944], [-78.52575678399995, -6.130535309999971], [-78.53082120599998, -6.13198943499998], [-78.53264161099997, -6.125713644999962], [-78.53209755399996, -6.122276690999968], [-78.53223377199998, -6.121214709999947], [-78.53265761999995, -6.119961218999947], [-78.53352168399994, -6.119092359999968], [-78.53549687299994, -6.118180774999928], [-78.53609982899997, -6.115905185999964], [-78.53563613499995, -6.114628692999929], [-78.53524095299997, -6.1141659389999745], [-78.53335037199997, -6.1129371249999735], [-78.53242555999998, -6.112332797999954], [-78.52846741099995, -6.1088745939999285], [-78.52599231699998, -6.106820722999942], [-78.52692013499995, -6.101198075999946], [-78.52719892499994, -6.09770804599998], [-78.52687398399996, -6.094494419999933], [-78.52663389599996, -6.093711359999929], [-78.52241762199998, -6.088918126999943], [-78.52162611899996, -6.086266952999949], [-78.52176523499998, -6.0845817259999535], [-78.52201765599995, -6.0842361459999665], [-78.52410170599995, -6.084202387999937], [-78.52910396999994, -6.083914628999935], [-78.53569695299996, -6.081966114999943], [-78.53882415199996, -6.080469434999941], [-78.53896330899994, -6.081388339999933], [-78.53894918699996, -6.082351224999968], [-78.53974218299999, -6.083472348999976], [-78.54339526899997, -6.083862688999943], [-78.54570483999998, -6.083513841999945], [-78.54653266899999, -6.084292399999981], [-78.54563389499998, -6.086512261999928], [-78.54537185099997, -6.08740064899996], [-78.54521297599996, -6.089636963999965], [-78.54838054299995, -6.0920012919999635], [-78.55059130299998, -6.09225011999996], [-78.55282835099996, -6.092045059999975], [-78.55367287599995, -6.092307159999962], [-78.55390020199997, -6.092752983999958], [-78.55452504299996, -6.094047151999973], [-78.55362587899998, -6.0979330089999735], [-78.55536358799998, -6.096685436999962], [-78.55716431699994, -6.094708776999937], [-78.55821933099998, -6.094388333999973], [-78.55925163399996, -6.0943356179999455], [-78.56084218299998, -6.094457605999935], [-78.56307795799995, -6.094539463999979], [-78.56461261899994, -6.094606186999954], [-78.56654745199995, -6.094672321999951], [-78.56910007299996, -6.094425575999935], [-78.57014581199996, -6.094573775999947], [-78.57180888699997, -6.0945095309999715], [-78.57351110799993, -6.093615365999938], [-78.57671131599994, -6.090764614999955], [-78.57855002799994, -6.08936009699994], [-78.58267884999998, -6.088763883999945], [-78.58503741699997, -6.088542377999943], [-78.58825432699996, -6.087230783999928], [-78.59467144199994, -6.088648698999975], [-78.59613460299994, -6.088564837999968], [-78.59861433799995, -6.089061808999929], [-78.59897296599996, -6.090077373999975], [-78.59893398799994, -6.0905476959999305], [-78.59614692299994, -6.095940273999929], [-78.59449890599996, -6.097413307999943], [-78.59209007199996, -6.09931383199995], [-78.59079197199998, -6.10006498599995], [-78.58964227799999, -6.101182623999932], [-78.58912421799994, -6.101632280999979], [-78.58841244899997, -6.10212411599997], [-78.58847473999998, -6.102619417999961], [-78.58949285899996, -6.10482774299993], [-78.58976681599995, -6.105379163999942], [-78.58985524799994, -6.105646731999968], [-78.58984414399998, -6.105725598999925], [-78.58964073999994, -6.106335324999975], [-78.58890371199999, -6.106864110999936], [-78.58782690699996, -6.107274631999928], [-78.58633667799995, -6.108173160999968], [-78.57515036799998, -6.115417984999965], [-78.56935172699997, -6.112929497999971]]]}}, {"type": "Feature", "properties": {"objectid": 17443, "anp_gid": 260, "acp_codi": "ACP23", "acp_nomb": "Refugio K'erenda Homet", "acp_suleg": 34.42, "acp_balec": "R.M. N° 157-2010-MINAM", "acp_felec": 1283749200000, "acp_balem": " ", "acp_felem": null, "acp_fecad": "Perpetuo", "acp_ubpo": "MADRE DE DIOS", "acp_titu": "Kérenda Homet Zambrano Herrera", "acp_tipro": "Privado", "acp_tirec": "Perpetuo", "acp_pareg": " ", "acp_obs": null, "met_link": null, "acp_orden": 23, "acp_id": 65}, "geometry": {"type": "Polygon", "coordinates": [[[-69.19212578399998, -12.631084491999957], [-69.19115259299997, -12.629921459999935], [-69.19234573799997, -12.62816562699993], [-69.19144211399998, -12.627134714999954], [-69.18979588699995, -12.625535114999934], [-69.18979406399995, -12.625533398999949], [-69.18975954199993, -12.62557013099996], [-69.18969474799997, -12.62563916299996], [-69.18959095499997, -12.625747371999978], [-69.18949221299994, -12.625909643999933], [-69.18925269099998, -12.626274181999975], [-69.18882561399994, -12.626940742999977], [-69.18842233999999, -12.62755728899998], [-69.18785833599998, -12.628408117999982], [-69.18779128999995, -12.62851403999997], [-69.18864623099995, -12.629381228999932], [-69.18888892699994, -12.629198239999937], [-69.19002184899995, -12.631181294999976], [-69.19124336999994, -12.633222596999929], [-69.19220387599995, -12.63529663099996], [-69.19336735799993, -12.637354509999966], [-69.19367362599996, -12.638095046999979], [-69.19501086199995, -12.63693713899994], [-69.19483969599997, -12.636321817999942], [-69.19410167199999, -12.634277830999963], [-69.19349999799994, -12.632588073999955], [-69.19280161499995, -12.631737333999979], [-69.19267452599996, -12.63166563699997], [-69.19236161899994, -12.631374368999957], [-69.19216130999996, -12.631171353999946], [-69.19212578399998, -12.631084491999957]]]}}, {"type": "Feature", "properties": {"objectid": 17444, "anp_gid": 277, "acp_codi": "ACP40", "acp_nomb": "Pillco Grande - Bosque de Pumataki", "acp_suleg": 271.62, "acp_balec": "R.M. N° 299-2011-MINAM", "acp_felec": 1324530000000, "acp_balem": " ", "acp_felem": null, "acp_fecad": "2031-12-22", "acp_ubpo": "CUSCO", "acp_titu": "Comunidad Campesina de Pillco Grande Quipo", "acp_tipro": "Comunidad Campesina", "acp_tirec": "20", "acp_pareg": " ", "acp_obs": null, "met_link": null, "acp_orden": 40, "acp_id": 82}, "geometry": {"type": "Polygon", "coordinates": [[[-71.63580868399998, -13.15153172099997], [-71.63480923399999, -13.153313184999945], [-71.63454220499995, -13.154742742999929], [-71.63441250499994, -13.155575299999953], [-71.63403103499996, -13.15688946299997], [-71.63389370599998, -13.15795662499994], [-71.63387844699997, -13.159032369999977], [-71.63422176999995, -13.160474324999939], [-71.63458035199994, -13.16107513999998], [-71.63489138199998, -13.16062317799998], [-71.63497425199995, -13.160674170999926], [-71.63508472999996, -13.160747911999977], [-71.63519329899998, -13.16082076999993], [-71.63535918999997, -13.160943979999956], [-71.63551318199995, -13.161063427999977], [-71.63567151499996, -13.161204869999949], [-71.63581412599996, -13.161347554999963], [-71.63593710499998, -13.161488456999962], [-71.63603636199997, -13.161607473999936], [-71.63617151399995, -13.161784737999938], [-71.63625499199998, -13.16190680699998], [-71.63636884899995, -13.162104431999978], [-71.63649444899994, -13.162312594999946], [-71.63663780399997, -13.162517592999961], [-71.63671975299997, -13.162674269999968], [-71.63679167499998, -13.162803230999941], [-71.63681755799996, -13.162891929999944], [-71.63685853899995, -13.163013530999933], [-71.63687699599996, -13.163076023999963], [-71.63688313599994, -13.163152552999975], [-71.63688206799998, -13.16321623899995], [-71.63686007199993, -13.163256295999929], [-71.63681389199996, -13.163323788999946], [-71.63678942399997, -13.16336016799994], [-71.63676869399995, -13.163411953999969], [-71.63676097299998, -13.163521591999938], [-71.63675278199997, -13.163764907999962], [-71.63674485299998, -13.163855128999955], [-71.63672986599994, -13.163967641999932], [-71.63669986999997, -13.164091326999937], [-71.63667806599994, -13.164163535999933], [-71.63666422299997, -13.164233766999928], [-71.63666858099998, -13.16430001699996], [-71.63667192599996, -13.164342703999978], [-71.63666400499994, -13.164412331999927], [-71.63663976799995, -13.164484565999942], [-71.63657725699994, -13.164624211999978], [-71.63648406799996, -13.16486641399996], [-71.63648026899995, -13.164880813999957], [-71.63645978999995, -13.164934854999956], [-71.63643105699998, -13.165048591999948], [-71.63639799899994, -13.16517023299997], [-71.63639055899995, -13.16522802399993], [-71.63638430899994, -13.165311723999935], [-71.63638875999999, -13.165393778999942], [-71.63639851699998, -13.165445973999965], [-71.63641031199995, -13.16547565899998], [-71.63644814399998, -13.165523139999948], [-71.63647711499993, -13.16553801599997], [-71.63652744699993, -13.165560168999946], [-71.63657626399998, -13.165590014999964], [-71.63662119599996, -13.16563317799995], [-71.63667348599995, -13.165717541999982], [-71.63670290199997, -13.165816681999956], [-71.63673709199998, -13.165978454999959], [-71.63677693899996, -13.166185781999957], [-71.63681034399997, -13.166444657999932], [-71.63683822699994, -13.166670531999955], [-71.63688039299996, -13.16693816999998], [-71.63689905199993, -13.167062167999973], [-71.63691301399996, -13.167187658999978], [-71.63691727899999, -13.167223923999927], [-71.63692114199995, -13.167307791999974], [-71.63692013499997, -13.167462339999929], [-71.63691608399995, -13.16756688199996], [-71.63689552099999, -13.167676832999973], [-71.63688091699998, -13.16775411599997], [-71.63686481899998, -13.167919205999965], [-71.63688347199997, -13.168248502999973], [-71.63689596999996, -13.168407698999943], [-71.63693453399998, -13.168637076999971], [-71.63698359499995, -13.168852888999936], [-71.63704525899993, -13.16899613499993], [-71.63714087599993, -13.16914399899997], [-71.63727775399997, -13.16934003199998], [-71.63739321599996, -13.169544955999982], [-71.63752344499994, -13.169773119999945], [-71.63768475799998, -13.170043144999966], [-71.63780220099994, -13.170248498999968], [-71.63786281899996, -13.170343704999937], [-71.63790740399998, -13.170396986999947], [-71.63798795699995, -13.170465523999951], [-71.63809297799997, -13.170540221999943], [-71.63821218499999, -13.170654695999929], [-71.63827702299994, -13.170739381999965], [-71.63834088799996, -13.170875017999947], [-71.63838027699995, -13.171046401999945], [-71.63840382899997, -13.171229688999972], [-71.63844732099994, -13.171422164999967], [-71.63846801799997, -13.171487795999951], [-71.63849063899994, -13.171541574999935], [-71.63852276599994, -13.171588570999972], [-71.63858677099995, -13.17163795099998], [-71.63850633199996, -13.171651060999977], [-71.63841152799995, -13.171664500999952], [-71.63840520599996, -13.171666331999972], [-71.63844734899999, -13.171755272999974], [-71.63872592599995, -13.171942118999937], [-71.63944823199995, -13.17224183899998], [-71.64038226499997, -13.172512273999928], [-71.64109556199998, -13.172946816999968], [-71.64119888799996, -13.173009762999982], [-71.64121400599998, -13.17302757899995], [-71.64124248199994, -13.173048867999967], [-71.64125834399994, -13.173117257999934], [-71.64130363299995, -13.17319351499998], [-71.64131907399997, -13.173213644999976], [-71.64132413699997, -13.173219905999929], [-71.64137749499997, -13.173261716999946], [-71.64144384599996, -13.173302940999974], [-71.64146211099995, -13.173319100999947], [-71.64147049999997, -13.173335813999927], [-71.64148028999995, -13.173369673999957], [-71.64149209999994, -13.173400621999974], [-71.64152179499996, -13.173426236999944], [-71.64155475099994, -13.173444142999926], [-71.64161783799995, -13.173450357999968], [-71.64163751899997, -13.173449748999928], [-71.64167483299997, -13.173448595999957], [-71.64172134999995, -13.173440890999927], [-71.64178187499994, -13.173428074999947], [-71.64179167099996, -13.173427069999946], [-71.64181123599997, -13.173436713999934], [-71.64187459299995, -13.173475259999975], [-71.64191088399997, -13.173499362999962], [-71.64193765699997, -13.17352184699996], [-71.64198849299999, -13.173590869999941], [-71.64205927899997, -13.173676937999971], [-71.64212391299998, -13.173763701999974], [-71.64217778799997, -13.173839466999937], [-71.64224936799997, -13.17387214799993], [-71.64232409499994, -13.173914730999968], [-71.64240688999996, -13.173958133999975], [-71.64246953399999, -13.173993887999927], [-71.64249689099995, -13.174014289999946], [-71.64251916399996, -13.17404260099994], [-71.64256099599999, -13.174101147999977], [-71.64257036799995, -13.174131579999937], [-71.64257374699997, -13.174163066999938], [-71.64257099199995, -13.17418964899997], [-71.64255054899996, -13.174246941999968], [-71.64253213499995, -13.174309090999941], [-71.64252092799995, -13.174383990999956], [-71.64251125499999, -13.174436282999977], [-71.64250466499993, -13.174471909999966], [-71.64259063799994, -13.17462797099995], [-71.64268924099997, -13.174970408999968], [-71.64275427399997, -13.175082105999934], [-71.64279004699995, -13.175142793999953], [-71.64280758399997, -13.175176031999968], [-71.64282588599997, -13.17522022999998], [-71.64313442799994, -13.17464039899994], [-71.64320552899994, -13.17450678199998], [-71.64348980699998, -13.17413307299995], [-71.64407824899996, -13.173359508999965], [-71.64413079399998, -13.173308946999953], [-71.64431549499994, -13.173131214999955], [-71.64481919299993, -13.172818865999943], [-71.64531279699997, -13.17242531599993], [-71.64571363699997, -13.171978518999936], [-71.64602083799997, -13.17139717899994], [-71.64620742799997, -13.170744812999942], [-71.64656081399994, -13.170172030999936], [-71.64693467399997, -13.169788747999974], [-71.64762998799995, -13.168435520999935], [-71.64771032799996, -13.16819077699995], [-71.64768810399994, -13.167838683999946], [-71.64769692799996, -13.167730186999961], [-71.64789942299996, -13.166842774999964], [-71.64836059899994, -13.166006895999942], [-71.64896683899997, -13.164605327999936], [-71.64895700099999, -13.16455977299995], [-71.64889865199996, -13.164476582999953], [-71.64885477099995, -13.164434795999966], [-71.64873613599997, -13.164222708999944], [-71.64855021999995, -13.163969036999958], [-71.64839080499996, -13.163802589999932], [-71.64830624199993, -13.163698971999963], [-71.64816605399994, -13.16359592899994], [-71.64802591399996, -13.163497427999971], [-71.64786688999999, -13.163367320999953], [-71.64769879199997, -13.163255478999929], [-71.64750683099999, -13.163080279999974], [-71.64721713599994, -13.162869744999966], [-71.64703449599995, -13.162698992999935], [-71.64690475199995, -13.162480676999962], [-71.64672184399996, -13.162278878999928], [-71.64659229599994, -13.161996828999975], [-71.64649939799995, -13.161790438999958], [-71.64642565499997, -13.161626602999945], [-71.64623979999993, -13.161150305999968], [-71.64617340999996, -13.160858747999953], [-71.64612566299996, -13.160620132999952], [-71.64612329899995, -13.160205187999964], [-71.64601847099993, -13.15989506099993], [-71.64594428299995, -13.159718708999947], [-71.64573350999996, -13.159446351999975], [-71.64563202299996, -13.159252568999932], [-71.64547575199998, -13.159006216999956], [-71.64532024099998, -13.158830702999978], [-71.64518365699996, -13.158734697999932], [-71.64509196799997, -13.158611659999963], [-71.64501749499993, -13.158408743999928], [-71.64488871199995, -13.158197530999928], [-71.64476906099998, -13.157995079999978], [-71.64465815999995, -13.157765970999947], [-71.64461945199997, -13.157527262999963], [-71.64458996899998, -13.15730617099996], [-71.64459121799996, -13.157104103999927], [-71.64457122399995, -13.156914020999977], [-71.64457420999997, -13.156782389999933], [-71.64459764499998, -13.156588356999976], [-71.64461210899998, -13.156298713999945], [-71.64467590899994, -13.155981968999981], [-71.64475272099997, -13.155625578999945], [-71.64487663699998, -13.155275288999974], [-71.64493541299998, -13.15511663899997], [-71.64500048299993, -13.154918413999951], [-71.64508916099999, -13.154728506999959], [-71.64516820499995, -13.15458018499993], [-71.64520976599994, -13.154382860999931], [-71.64528091999995, -13.154125306999958], [-71.64535421499994, -13.15388730899997], [-71.64524700899995, -13.15334637899997], [-71.64499358599994, -13.152924395999946], [-71.64505551099995, -13.152845884999977], [-71.64420864799996, -13.152357602999928], [-71.64360592599996, -13.151515508999978], [-71.64312527399994, -13.151384855999936], [-71.64190457099994, -13.151369596999928], [-71.64068386799994, -13.151355291999948], [-71.63982937499998, -13.151345754999966], [-71.63982412499996, -13.151345660999937], [-71.63922665299998, -13.151334310999971], [-71.63850186099995, -13.150619054999936], [-71.63804335099996, -13.15043008999993], [-71.63773129199996, -13.150301480999929], [-71.63679287599996, -13.15059139799996], [-71.63580868399998, -13.15153172099997]]]}}, {"type": "Feature", "properties": {"objectid": 17445, "anp_gid": 219, "acp_codi": "ACP138", "acp_nomb": "Arroyo Negro", "acp_suleg": 156.42, "acp_balec": "R.M. N° 113-2019-MINAM", "acp_felec": 1556686800000, "acp_balem": " ", "acp_felem": null, "acp_fecad": "Perpetuo", "acp_ubpo": "AMAZONAS", "acp_titu": "Comunidad Campesina San Lucas de Pomacochas", "acp_tipro": "Comunidad Campesina", "acp_tirec": "Perpetuo", "acp_pareg": "PE N° 02013017", "acp_obs": null, "met_link": null, "acp_orden": 138, "acp_id": 48}, "geometry": {"type": "Polygon", "coordinates": [[[-78.00271665599996, -5.795879610999975], [-78.00253364699995, -5.794859764999956], [-78.00160794299995, -5.791779366999947], [-78.00118271999997, -5.790248801999951], [-78.00097997499995, -5.789398664999965], [-78.00077533899997, -5.788907011999925], [-77.99678495599994, -5.788244365999958], [-77.99578711499998, -5.788125868999941], [-77.99443373899999, -5.787552653999967], [-77.99334170999998, -5.7874336549999725], [-77.98500783399999, -5.785219587999961], [-77.98910007999996, -5.787977173999934], [-77.99118644499998, -5.78887504599993], [-77.99269062299999, -5.789430200999959], [-77.99302642199996, -5.790054623999936], [-77.99293003299994, -5.790469207999934], [-77.99302162899994, -5.790960259999963], [-77.99309398799994, -5.791526681999926], [-77.99348310599999, -5.792755163999971], [-77.99371931899998, -5.794397927999967], [-77.99500240799995, -5.797574558999941], [-77.99696769799993, -5.800000096999952], [-77.99696140499998, -5.801188746999969], [-77.99680599899995, -5.802074715999936], [-77.99704700799998, -5.802811848999966], [-77.99768193899996, -5.803871828999945], [-77.99786043499995, -5.805740709999952], [-77.99816295999995, -5.805534768999962], [-77.99931923699995, -5.8042012799999725], [-77.99980678499998, -5.801071773999979], [-78.00341878799998, -5.802053199999932], [-78.00362721399995, -5.801827886999945], [-78.00400289899994, -5.802037426999959], [-78.00417304799998, -5.801925118999975], [-78.00445423999997, -5.802190762999942], [-78.00477350699998, -5.802381135999951], [-78.00509456899994, -5.802231891999952], [-78.00486969599996, -5.802004282999974], [-78.00474091099994, -5.801418688999945], [-78.00461023299994, -5.801191578999976], [-78.00434907799996, -5.800699624999936], [-78.00448244499995, -5.800417308999954], [-78.00433372599997, -5.800039158999937], [-78.00414722899995, -5.799679676999972], [-78.00347161599996, -5.799185526999963], [-78.00271665599996, -5.795879610999975]]]}}, {"type": "Feature", "properties": {"objectid": 17446, "anp_gid": 328, "acp_codi": "ACP90", "acp_nomb": "Los Bosques de Dotor, Hualtacal, Pueblo Libre, La Jardina y Chorro Blanco", "acp_suleg": 846.35, "acp_balec": "R.M. N° 084-2016-MINAM", "acp_felec": 1459746000000, "acp_balem": " ", "acp_felem": null, "acp_fecad": "Perpetuo", "acp_ubpo": "PIURA", "acp_titu": "C.C Andanjo. PE 11052166", "acp_tipro": "Comunidad Campesina", "acp_tirec": "Perpetuo", "acp_pareg": " ", "acp_obs": null, "met_link": null, "acp_orden": 90, "acp_id": 132}, "geometry": {"type": "Polygon", "coordinates": [[[-79.55375658099996, -5.344054281999945], [-79.55836080199998, -5.344402841999965], [-79.56008863499994, -5.342910815999971], [-79.56063855099995, -5.340928369999972], [-79.56003820499996, -5.339304123999966], [-79.56134173599997, -5.33590371899993], [-79.56311552899996, -5.334634420999976], [-79.56636914799998, -5.335431372999949], [-79.56799025899994, -5.334952871999974], [-79.56774345999997, -5.33299259599994], [-79.56949104899996, -5.329035825999938], [-79.56947044099996, -5.326134823999951], [-79.56863504199998, -5.322455139999931], [-79.56750473299996, -5.31938286999997], [-79.56630724899998, -5.317453173999979], [-79.55924156399999, -5.309969279999962], [-79.55476872799994, -5.310115488999941], [-79.55266646999996, -5.310151325999925], [-79.55060266399994, -5.3114342089999695], [-79.54818517999996, -5.312885087999973], [-79.54708328299995, -5.315165262999926], [-79.54551351299995, -5.318334991999961], [-79.54736043499997, -5.321946022999953], [-79.54569865899998, -5.325704726999959], [-79.54419074199996, -5.327664691999928], [-79.54351296899995, -5.331234424999934], [-79.54230622599994, -5.334920257999954], [-79.54259704099996, -5.337105573999963], [-79.54134410199998, -5.34005203199996], [-79.54182421999997, -5.342303228999981], [-79.54315770199997, -5.343742074999966], [-79.54592446599997, -5.344801469999936], [-79.55375658099996, -5.344054281999945]]]}}, {"type": "Feature", "properties": {"objectid": 17447, "anp_gid": 293, "acp_codi": "ACP56", "acp_nomb": "Los Chilchos", "acp_suleg": 46000.0, "acp_balec": "R.M. N° 320-2012-MINAM", "acp_felec": 1353474000000, "acp_balem": " ", "acp_felem": null, "acp_fecad": "2027-11-21", "acp_ubpo": "AMAZONAS", "acp_titu": "Luis Omer Ullillen Portal", "acp_tipro": "Comunidad Campesina", "acp_tirec": "15", "acp_pareg": " ", "acp_obs": null, "met_link": null, "acp_orden": 56, "acp_id": 98}, "geometry": {"type": "MultiPolygon", "coordinates": [[[-77.68667830799995, -6.90644356599995], [-77.68798930199995, -6.904419063999967], [-77.68867664799996, -6.9028849699999455], [-77.69103120999995, -6.900785024999948], [-77.69298023399995, -6.898917822999977], [-77.69550281599999, -6.895845859999952], [-77.69648328799997, -6.894651847999967], [-77.69755072999999, -6.89346575999997], [-77.69811246799998, -6.892479373999947], [-77.69953342099996, -6.891250958999933], [-77.70056613799994, -6.890294093999955], [-77.70198826099994, -6.8893566389999705], [-77.70525627899997, -6.885964325999964], [-77.71032992199997, -6.87534309199998], [-77.71095314599995, -6.872252367999977], [-77.71195589399997, -6.870037642999932], [-77.71370453699996, -6.865471602999946], [-77.71554976899995, -6.861328164999975], [-77.71918426699995, -6.857988876999968], [-77.72437662299996, -6.855568145999939], [-77.72504991399995, -6.852751237999939], [-77.72410929499995, -6.850693564999972], [-77.72392168999994, -6.8486267659999385], [-77.72420193399995, -6.846970957999929], [-77.72364245199998, -6.844644340999935], [-77.72260555899999, -6.842925792999949], [-77.72159719499996, -6.841699640999934], [-77.72047157799994, -6.839549844999965], [-77.72126409099997, -6.83793314199994], [-77.72236586199995, -6.836320472999944], [-77.72223711799995, -6.834454901999948], [-77.72177908899994, -6.832874680999964], [-77.72167479199999, -6.831150713999932], [-77.72280152599996, -6.829774150999981], [-77.72350322399996, -6.828470861999961], [-77.72455944499995, -6.827165570999966], [-77.72566159099995, -6.825623777999965], [-77.72746478899995, -6.8235190689999285], [-77.72788434199998, -6.822075800999926], [-77.72930295699996, -6.820816888999957], [-77.73107042599997, -6.819619336999949], [-77.73182833499999, -6.818768130999956], [-77.73219976099995, -6.817633698999941], [-77.73250484299996, -6.816437610999969], [-77.73253219799994, -6.814797540999962], [-77.73240365999999, -6.813516421999964], [-77.73270465599995, -6.812716010999964], [-77.73342994399997, -6.812136364999958], [-77.73414234499995, -6.811357116999943], [-77.73445350899993, -6.810394422999934], [-77.73436611399995, -6.809370826999952], [-77.73407664499996, -6.808056946999955], [-77.73396284199998, -6.80663636099996], [-77.73471938099993, -6.805351800999972], [-77.73572383199996, -6.80445083799998], [-77.73631009099995, -6.8033176869999465], [-77.73655230599996, -6.802709937999964], [-77.73657498399996, -6.801389566999944], [-77.73652280999994, -6.800696582999933], [-77.73639552899994, -6.799809416999949], [-77.73702469499995, -6.798974231999978], [-77.73744180699998, -6.798672034999981], [-77.73791730199997, -6.7978796679999505], [-77.73795316599995, -6.797022865999963], [-77.73777959899996, -6.7963562869999805], [-77.73753153099995, -6.795526065999979], [-77.73765258299994, -6.794914390999963], [-77.73778324899996, -6.794097306999959], [-77.73443488299995, -6.791867205999949], [-77.73296255099996, -6.79066908599998], [-77.73165826099995, -6.788694444999976], [-77.73018108599996, -6.7866345969999315], [-77.72947783899997, -6.784225684999967], [-77.72868888299996, -6.7819034259999285], [-77.72915666099993, -6.7812395499999525], [-77.73145061999998, -6.781162930999926], [-77.73317153299996, -6.781185089999951], [-77.73405744199994, -6.780437905999975], [-77.73418673399993, -6.780383022999956], [-77.73429233299998, -6.779331253999942], [-77.73446525799994, -6.778916180999943], [-77.73433186999995, -6.777865756999972], [-77.73448733299995, -6.77718002499995], [-77.73459410099997, -6.776335298999925], [-77.73478062299995, -6.775506049999933], [-77.73512646899997, -6.774675904999981], [-77.73537671899999, -6.773846295999931], [-77.73554739599996, -6.773033065999925], [-77.73574877199997, -6.772012609999933], [-77.73582205999998, -6.770881389999943], [-77.73591370399998, -6.7701800919999755], [-77.73592461099997, -6.769288124999946], [-77.73590436999996, -6.768523749999929], [-77.73594848899995, -6.767870499999958], [-77.73591222899995, -6.767090285999927], [-77.73601953699995, -6.766341119999936], [-77.73614089399996, -6.7652574089999575], [-77.73621544399998, -6.7643491589999485], [-77.73652691099994, -6.763073256999974], [-77.73674278499999, -6.761797892999937], [-77.73695973599996, -6.7607136439999636], [-77.73744941199999, -6.759962327999972], [-77.73824322999997, -6.75946412899998], [-77.73879743899994, -6.758855789999927], [-77.73943130699996, -6.758247001999962], [-77.73982682199994, -6.757751044999964], [-77.73977851999996, -6.757031167999969], [-77.73962521399994, -6.756308213999944], [-77.73959499599994, -6.755849783999963], [-77.74016266399997, -6.75555927299996], [-77.74087042099995, -6.755390061999947], [-77.74068958999999, -6.723212085999933], [-77.74016850099997, -6.716739245999975], [-77.74044238099998, -6.714369352999938], [-77.74075391499997, -6.7113927459999445], [-77.74185419799994, -6.707840293999936], [-77.74355847799995, -6.706293765999931], [-77.74358184499994, -6.705089686999941], [-77.74348462499995, -6.70385618399996], [-77.74317599799997, -6.702503467999975], [-77.74274645299994, -6.701061129999971], [-77.74282683899997, -6.699284856999952], [-77.74296793999997, -6.697598538999955], [-77.74320322599993, -6.69660396699993], [-77.74500132999998, -6.691957707999961], [-77.74057991199999, -6.692771899999968], [-77.73871438999998, -6.693249248999962], [-77.73688257099997, -6.694478886999946], [-77.73377668199998, -6.694959077999954], [-77.73287045999996, -6.6952080929999624], [-77.73149748699996, -6.696127373999957], [-77.73119641399995, -6.696270461999973], [-77.73047262199998, -6.696486471999947], [-77.72924329099999, -6.696674838999968], [-77.72880527699994, -6.696694531999981], [-77.72789313699997, -6.696871284999929], [-77.72788216499998, -6.696875625999951], [-77.72584612199995, -6.697677824999971], [-77.72414284999996, -6.698058027999934], [-77.72209313999997, -6.6984305689999815], [-77.72124036799994, -6.698670234999952], [-77.72041999899994, -6.69881935899997], [-77.71939704499994, -6.698879242999965], [-77.71891857099996, -6.699053568999943], [-77.71845037899999, -6.699541953999926], [-77.71797598999996, -6.699908193999931], [-77.71704360999996, -6.700116849999972], [-77.71670074099995, -6.700368776999937], [-77.71390674399998, -6.703566310999975], [-77.71314865999994, -6.704434901999946], [-77.71254091599997, -6.705215371999941], [-77.71096284499998, -6.706729069999938], [-77.71063933899995, -6.706986219999976], [-77.70923997799997, -6.7076462759999345], [-77.70877511499998, -6.70779233899998], [-77.70802009199997, -6.70819256599998], [-77.70737226199998, -6.708739941999966], [-77.70669795799995, -6.709419933999925], [-77.70563639199997, -6.71077996799994], [-77.70497210599996, -6.711030404999974], [-77.70446444399994, -6.711166671999933], [-77.70412738499994, -6.711514889999933], [-77.70390753899994, -6.711931768999932], [-77.70373778199996, -6.712056320999977], [-77.70220110799994, -6.7123930839999275], [-77.70061010199998, -6.713171201999955], [-77.69936248199997, -6.713477267999963], [-77.69880287999996, -6.713784059999966], [-77.69861138099998, -6.713866375999942], [-77.69831602899995, -6.714219711999931], [-77.69797536399994, -6.7147096289999695], [-77.69790786699997, -6.715187740999966], [-77.69781759899996, -6.715631736999967], [-77.69740822899996, -6.715894183999978], [-77.69687384099996, -6.716259225999977], [-77.69649873399999, -6.716544430999932], [-77.69610076799995, -6.716806813999938], [-77.69582165399999, -6.717010736999953], [-77.69583875899997, -6.717145969999933], [-77.69594924199998, -6.717446901999949], [-77.69603298499999, -6.718324584999948], [-77.69593919999994, -6.718692063999981], [-77.69546397399995, -6.719320352999944], [-77.69515780599994, -6.719594210999958], [-77.69413827799997, -6.720126006999976], [-77.69283574299999, -6.72052634399995], [-77.69174774699997, -6.720786049999958], [-77.69136114099996, -6.7210143999999445], [-77.69099735299994, -6.721299540999951], [-77.69064510699997, -6.721664300999976], [-77.69041810199997, -6.722074359999965], [-77.69013427999994, -6.722507314999973], [-77.68980467699998, -6.722815125999944], [-77.68946369499997, -6.723100230999933], [-77.68902015599997, -6.723385538999935], [-77.68868979099994, -6.724197011999934], [-77.68859106899998, -6.724423824999974], [-77.68818732299997, -6.724838190999947], [-77.68687846199998, -6.72550575899993], [-77.68661532499993, -6.725716485999953], [-77.68607727099999, -6.72644569199997], [-77.68573986899997, -6.727156264999962], [-77.68488270199998, -6.728240454999934], [-77.68476971199993, -6.728683946999979], [-77.68451411099994, -6.7294113309999375], [-77.68424935599995, -6.729821769999944], [-77.68398986099999, -6.729988650999928], [-77.68288353399998, -6.730078763999927], [-77.68203418299998, -6.7305306369999585], [-77.68191775299994, -6.730578700999956], [-77.68143998799997, -6.730795803999968], [-77.68098501799994, -6.731024163999962], [-77.68071192499997, -6.731252446999974], [-77.68049426899995, -6.731809599999963], [-77.68019536899999, -6.732225014999926], [-77.67885287099995, -6.73329225699996], [-77.67833284699998, -6.733636864999937], [-77.67779122099995, -6.734114064999972], [-77.67747047699999, -6.734700386999975], [-77.67731435499996, -6.735109326999975], [-77.67723547499997, -6.7356752569999685], [-77.67699350299995, -6.7364836249999485], [-77.67667638499995, -6.7369232709999665], [-77.67648668499999, -6.737044942999944], [-77.67620865899994, -6.737147223999955], [-77.67576589599997, -6.737142511999934], [-77.67498891999998, -6.736999656999956], [-77.67312224099999, -6.736554264999938], [-77.67221500499994, -6.736426847999951], [-77.67162758999996, -6.736285840999926], [-77.66957045899994, -6.735658847999957], [-77.66895610699999, -6.735600216999956], [-77.66794337999994, -6.735604485999943], [-77.66725333399995, -6.735671600999979], [-77.66661266799997, -6.73585944499996], [-77.66605493199995, -6.736087859999941], [-77.66415308799998, -6.737082404999967], [-77.66286908799998, -6.737898538999957], [-77.65946198999995, -6.739255693999951], [-77.65783894399993, -6.74002857499994], [-77.65689944799993, -6.740569467999933], [-77.65631816899997, -6.740991927999971], [-77.65508584199995, -6.74127614799994], [-77.65396913099994, -6.741312224999945], [-77.65327385099994, -6.74148381599997], [-77.65297550799994, -6.741675296999972], [-77.65244570899995, -6.741891530999965], [-77.65183310799995, -6.74199110099994], [-77.65101325999996, -6.741863260999935], [-77.65018798099999, -6.7414845039999705], [-77.64948437499999, -6.741505494999956], [-77.64865755299996, -6.741291930999978], [-77.64396048699996, -6.744516996999948], [-77.64252511199999, -6.744453048999958], [-77.63927124499997, -6.744563193999966], [-77.63709207399995, -6.74554190799995], [-77.63612793499993, -6.7467670739999335], [-77.63492094999998, -6.7479845169999635], [-77.63395411399995, -6.748712677999947], [-77.63322983199998, -6.7494485659999555], [-77.63250305399998, -6.74969648299998], [-77.63105339799995, -6.750915233999933], [-77.63008396199996, -6.751164459999927], [-77.62887563199996, -6.7521379119999665], [-77.62889266699995, -6.755291641999975], [-77.62817373599995, -6.756994429999963], [-77.62696802599999, -6.758455854999966], [-77.62600106499997, -6.759193050999954], [-77.62464513099997, -6.759543762999954], [-77.62338565199997, -6.759053531999939], [-77.62180858499994, -6.757923395999967], [-77.61928836799996, -6.756680849999952], [-77.61708207399994, -6.756071406999979], [-77.61519879299993, -6.755763005999938], [-77.61362616699995, -6.755455160999929], [-77.61299272199994, -6.754518727999937], [-77.60884004399998, -6.7553506979999725], [-77.60767870199999, -6.756029895999973], [-77.60645159699999, -6.756347516999938], [-77.60559970899999, -6.756693129999974], [-77.60481956999996, -6.757303861999958], [-77.60388001999996, -6.757942104999927], [-77.60320910799999, -6.758456459999934], [-77.60218395699997, -6.758995934999973], [-77.60104172999996, -6.7597711739999795], [-77.59995966999998, -6.760421470999972], [-77.59879213199997, -6.760961882999936], [-77.59788673999998, -6.761499355999945], [-77.59706280399996, -6.761834869999973], [-77.59645128399995, -6.762030169999946], [-77.59591743599998, -6.762296446999926], [-77.59413728799996, -6.763372487999959], [-77.59304101299995, -6.764186511999981], [-77.59274270999998, -6.764569463999976], [-77.59207820899996, -6.765578461999951], [-77.59065667799996, -6.767249840999966], [-77.59008421799996, -6.767753542999969], [-77.58997851999999, -6.76790303599995], [-77.58912062999997, -6.768571465999969], [-77.58838774799995, -6.768982396999945], [-77.58762243099994, -6.7691598029999795], [-77.58732367399995, -6.769436389999953], [-77.58635278899999, -6.771109342999978], [-77.58578803499995, -6.772195798999974], [-77.58545738099997, -6.772934258999953], [-77.58520896599998, -6.773310708999929], [-77.58420301699994, -6.774479220999979], [-77.58250249299994, -6.776023844999941], [-77.58214084699995, -6.776307995999957], [-77.58117069899998, -6.777343199999962], [-77.58074293699997, -6.777639269999952], [-77.58031270499998, -6.777794012999948], [-77.58021037699996, -6.777783260999968], [-77.57997466099994, -6.777621032999946], [-77.57946136699996, -6.7770997919999445], [-77.57808742799995, -6.776701054999933], [-77.57776599499994, -6.77660859599996], [-77.57676983499994, -6.776238302999957], [-77.57643194699995, -6.776043357999981], [-77.57612127199997, -6.775763410999957], [-77.57594197199995, -6.775656549999951], [-77.57479465699998, -6.775303681999958], [-77.57428175299998, -6.774786586999937], [-77.57399574099998, -6.774639261999937], [-77.57287411499993, -6.774408072999961], [-77.57085064099994, -6.774542688999929], [-77.56966187699999, -6.774966587999927], [-77.56927683799995, -6.775410632999979], [-77.56890676499995, -6.775693194999974], [-77.56870300999998, -6.775714244999961], [-77.56829190599996, -6.775657948999935], [-77.56801210299994, -6.775436843999955], [-77.56762839099997, -6.7752437619999455], [-77.56654381999994, -6.774993924999933], [-77.56583854099995, -6.774733947999948], [-77.56518919199993, -6.774416648999932], [-77.56445712499999, -6.7739119029999415], [-77.56418592799997, -6.773608059999958], [-77.56374711999996, -6.773219065999967], [-77.56280511899996, -6.772848451999948], [-77.56251462499995, -6.7728278439999485], [-77.56166878599998, -6.773136406999981], [-77.56139945299998, -6.773168373999965], [-77.56093069399998, -6.77311653199996], [-77.56065693199997, -6.772977355999956], [-77.55983245699997, -6.772400518999973], [-77.55947691199998, -6.772199326999953], [-77.55831193499995, -6.772284991999925], [-77.55781187399998, -6.772194812999942], [-77.55749987099995, -6.772021313999971], [-77.55735784299998, -6.771763957999951], [-77.55724302899995, -6.7716786189999425], [-77.55720108699995, -6.771353679999947], [-77.55721366499995, -6.770858192999981], [-77.55712555699995, -6.770247648999941], [-77.55707108799999, -6.770136144999981], [-77.55678752599994, -6.769835070999932], [-77.55613545899996, -6.76961799299994], [-77.55554860399997, -6.769560891999959], [-77.55501610299996, -6.769456057999946], [-77.55439175699996, -6.769232504999934], [-77.55400338399994, -6.769286329999943], [-77.55351138999998, -6.769354435999958], [-77.55323636399999, -6.769335275999936], [-77.55295741399993, -6.769188801999974], [-77.55282652799997, -6.769072636999965], [-77.55277197099997, -6.768961403999981], [-77.55254345099996, -6.768777340999975], [-77.55199539399996, -6.76848216999997], [-77.55140245499996, -6.768488806999926], [-77.55065264299998, -6.768767476999926], [-77.55042594699995, -6.76901664899998], [-77.55018790999998, -6.769137642999965], [-77.54981897999994, -6.769141204999926], [-77.54934188199996, -6.769050804999949], [-77.54916110599999, -6.769074978999981], [-77.54859695099998, -6.769433284999934], [-77.54788192399997, -6.770156403999977], [-77.54753347799993, -6.770411364999973], [-77.54706514099996, -6.770629902999929], [-77.54680543699999, -6.770619243999931], [-77.54638797099994, -6.7704360769999425], [-77.54625607899999, -6.770317656999964], [-77.54587011599995, -6.769159197999954], [-77.54576042899998, -6.768982279999932], [-77.54537113399994, -6.768843607999941], [-77.54448222499997, -6.76904482499998], [-77.54389707199994, -6.76905448499997], [-77.54351550899997, -6.768959421999966], [-77.54287650599997, -6.768698965999931], [-77.54204831699997, -6.768117136999933], [-77.54154258999995, -6.767600495999943], [-77.54092743099994, -6.7670932829999515], [-77.53978133599998, -6.765604313999972], [-77.53950169699993, -6.765481058999967], [-77.53909670799999, -6.765383220999979], [-77.53827687199998, -6.765654373999951], [-77.53800567699994, -6.765676485999961], [-77.53725028699995, -6.765443106999953], [-77.53674556899995, -6.765343617999974], [-77.53586578899996, -6.765337271999954], [-77.53437444199994, -6.765667049999934], [-77.53346275799998, -6.7656975579999425], [-77.53279472699995, -6.765452148999941], [-77.53161806499998, -6.764754985999957], [-77.53099157299994, -6.76460415899993], [-77.53061711699996, -6.764657891999946], [-77.52996210599997, -6.7652284889999805], [-77.52917995299998, -6.765463644999954], [-77.52884070199997, -6.765472820999946], [-77.52812066199994, -6.765291748999971], [-77.52773742399995, -6.765239335999979], [-77.52743445199997, -6.765270734999945], [-77.52683542499994, -6.765533855999934], [-77.52550176699998, -6.765661615999932], [-77.52506647499996, -6.765839293999932], [-77.52478181999999, -6.766020707999928], [-77.52368131799994, -6.767314078999959], [-77.52247985099996, -6.767742455999951], [-77.52148123599994, -6.768410355999947], [-77.52107266799999, -6.76858201899995], [-77.52068926799996, -6.768638412999962], [-77.52039796699995, -6.768602507999958], [-77.52009234099995, -6.768419456999936], [-77.51959076099996, -6.7679674719999525], [-77.51939452399995, -6.767870522999942], [-77.51915461899995, -6.76786046999996], [-77.51862854199999, -6.7680191829999785], [-77.51832313999995, -6.768035948999966], [-77.51798610599997, -6.76798527699998], [-77.51760356199998, -6.767840760999945], [-77.51747518499997, -6.767649469999981], [-77.51701994299998, -6.767258785999957], [-77.51680845999994, -6.767185501999961], [-77.51588954499994, -6.766416466999942], [-77.51577180599998, -6.766149384999949], [-77.51559887699995, -6.765926600999933], [-77.51536859199996, -6.7652075919999675], [-77.51556033399999, -6.764177768999957], [-77.51530838199994, -6.762745087999974], [-77.51515042899996, -6.762131533999934], [-77.51503181599998, -6.761834721999946], [-77.51453983599998, -6.760999034999941], [-77.51404384699998, -6.760384334999969], [-77.51385902699997, -6.760221619999925], [-77.51354940799996, -6.760069309999949], [-77.51220073599995, -6.759649250999928], [-77.51125387299999, -6.759105558999977], [-77.51095711899995, -6.758993216999954], [-77.50911499799997, -6.758646184999975], [-77.50871059999997, -6.758528521999949], [-77.50790164899996, -6.757648183999947], [-77.50769259999998, -6.7572744729999386], [-77.50720403999998, -6.756625379999946], [-77.50691809999995, -6.756137466999974], [-77.50665853099997, -6.755574767999974], [-77.50643885899996, -6.754787188999956], [-77.50617263399994, -6.754142099999967], [-77.50607608299998, -6.753703731999963], [-77.50573277399997, -6.752678104999973], [-77.50561232699994, -6.7520057849999375], [-77.50524395299993, -6.75057097399997], [-77.50468560699994, -6.749165153999968], [-77.50435590599994, -6.748199823999926], [-77.50416197799996, -6.747846455999934], [-77.50385545399996, -6.747491496999942], [-77.50330215599996, -6.747007030999953], [-77.50146747999997, -6.745741691999967], [-77.49999998799996, -6.744977945999949], [-77.49980796299997, -6.744818331999966], [-77.49960649199994, -6.7446155059999455], [-77.49889349199998, -6.744529623999938], [-77.49786786899995, -6.743861285999969], [-77.49729344899998, -6.743528884999932], [-77.49631809599998, -6.743190356999946], [-77.49494298299999, -6.7430747049999695], [-77.49401738699999, -6.742866781999965], [-77.49355083399996, -6.74282827199994], [-77.49288441299996, -6.742103737999969], [-77.49281636899997, -6.74159698099993], [-77.49274998499999, -6.7398142739999685], [-77.49206006999998, -6.739294334999954], [-77.49137141099999, -6.739019760999952], [-77.48990563899997, -6.738773687999981], [-77.48845343799996, -6.73797953899998], [-77.48722209599998, -6.737176078999937], [-77.48656508299996, -6.736688676999961], [-77.48588381699994, -6.736258651999947], [-77.48532606299995, -6.735983399999952], [-77.48482649699997, -6.735887792999961], [-77.48391594599997, -6.735418031999927], [-77.48284405599998, -6.735115850999932], [-77.48213766899994, -6.734854531999929], [-77.48129406699996, -6.734678876999965], [-77.48066268499997, -6.7344039919999545], [-77.47995629899998, -6.7338595739999505], [-77.47981422399994, -6.733271393999928], [-77.47963576899997, -6.731963629999939], [-77.47955733599997, -6.73058507199994], [-77.47961068899997, -6.729560398999979], [-77.47922549099997, -6.728655023999977], [-77.47889869999995, -6.727720081999962], [-77.47824209299995, -6.726572431999955], [-77.47745088499994, -6.72543135199993], [-77.47581800199998, -6.724490831999958], [-77.47537008499995, -6.723282575999974], [-77.47471297599998, -6.722770609999941], [-77.47366387199997, -6.722399670999948], [-77.47338318599998, -6.721902155999942], [-77.47330707299994, -6.721411785999976], [-77.47330376399998, -6.720757464999963], [-77.47323884899998, -6.720080312999926], [-77.47315009299996, -6.719490461999953], [-77.47298390599997, -6.718984188999968], [-77.47317533499995, -6.718009893999977], [-77.47228581699994, -6.716836574999945], [-77.47213487799996, -6.716109385999971], [-77.47174569699996, -6.7151870959999655], [-77.47071942099996, -6.714472500999932], [-77.46983668199994, -6.714640537999969], [-77.46907760999994, -6.714996071999963], [-77.46860384499996, -6.715145685999971], [-77.46741538899994, -6.714718173999927], [-77.46706409399997, -6.714818094999941], [-77.46629543499995, -6.714895578999972], [-77.46436832899997, -6.71400555699995], [-77.46369381099998, -6.713280991999966], [-77.46329745199995, -6.71255502799994], [-77.46349873199995, -6.711907852999957], [-77.46323368599997, -6.711263020999979], [-77.46331290599994, -6.710747327999968], [-77.46268102499994, -6.710366075999957], [-77.46195138499996, -6.710067107999976], [-77.46079364999997, -6.709601525999972], [-77.45931262799996, -6.7091969869999275], [-77.45844448599996, -6.709013216999949], [-77.45663596199995, -6.708924132999925], [-77.45570777599994, -6.708828491999952], [-77.45413391099999, -6.708374985999967], [-77.45269779099993, -6.70846219699996], [-77.45214627099995, -6.709298321999938], [-77.45146993499998, -6.7098415419999355], [-77.45114337499996, -6.710216791999926], [-77.45048381699996, -6.710519369999929], [-77.44968615399995, -6.710641821999957], [-77.44905166399997, -6.710969209999973], [-77.44863663199999, -6.711532431999956], [-77.44846178499995, -6.711999573999947], [-77.44821982399998, -6.712696029999961], [-77.44760577499994, -6.712885605999929], [-77.44695400499995, -6.713164890999963], [-77.44651302199998, -6.713385222999932], [-77.44603446399998, -6.713686240999948], [-77.44556813699995, -6.7143000459999485], [-77.44492750399996, -6.7146887219999485], [-77.44465654499999, -6.71541786399996], [-77.44408927399996, -6.71592706399997], [-77.44291959999998, -6.716249379999965], [-77.44186951399996, -6.7168051899999455], [-77.44082866799994, -6.716883429999939], [-77.44000765999994, -6.717088410999963], [-77.43957179899996, -6.717581387999928], [-77.44005038499995, -6.718330049999963], [-77.44038337999996, -6.719168465999928], [-77.44011320199996, -6.719936838999956], [-77.43975377799995, -6.7201811319999365], [-77.43933154499996, -6.7207077609999715], [-77.43919926599995, -6.7214990049999415], [-77.43891539599997, -6.722037565999926], [-77.43817257399996, -6.722471482999936], [-77.43706613099994, -6.723728450999943], [-77.43652661299996, -6.724269669999956], [-77.43515383099998, -6.72552984899994], [-77.43445714599994, -6.725891414999978], [-77.43370672999998, -6.726253246999931], [-77.43324304399994, -6.726649462999944], [-77.43285099499997, -6.72704532299997], [-77.43240717799995, -6.727835346999939], [-77.43213857999996, -6.728943483999956], [-77.43190519599995, -6.729766463999965], [-77.43187114999995, -6.730387856999926], [-77.43149218699995, -6.731116502999953], [-77.43113782599994, -6.731888177999963], [-77.43069409199995, -6.7326961079999705], [-77.43007072499995, -6.733397500999956], [-77.42964320699997, -6.733865157999958], [-77.42903783599996, -6.734584365999979], [-77.42877334399998, -6.735948958999927], [-77.42831080999997, -6.73672013099997], [-77.42806218099997, -6.737727444999962], [-77.42810829099994, -6.738406109999971], [-77.42792604399995, -6.738886138999931], [-77.42743092599994, -6.7391939359999355], [-77.42711050399998, -6.739589439999975], [-77.42720281799996, -6.7401440349999575], [-77.42715086899995, -6.740502391999939], [-77.42706436399999, -6.741094180999937], [-77.42696068599997, -6.7416345439999645], [-77.42699707799994, -6.742370516999927], [-77.42654268099994, -6.7447775519999595], [-77.42678378499994, -6.746185663999938], [-77.42660272399996, -6.747678329999928], [-77.42645607099996, -6.74874503999996], [-77.42650089299997, -6.7495300489999295], [-77.42623520599994, -6.750398399999938], [-77.42585346299995, -6.750964685999975], [-77.42575068299999, -6.751684993999959], [-77.42715816699996, -6.752052513999956], [-77.42802592599998, -6.752726351999968], [-77.42821466099997, -6.753272315999936], [-77.42824047199997, -6.754059728999948], [-77.42838571299995, -6.754660598999976], [-77.42824816699994, -6.755601961999957], [-77.42717883999995, -6.756197949999944], [-77.42612541499994, -6.757789223999964], [-77.42597676099996, -6.758697827999981], [-77.42650485099995, -6.7592749139999455], [-77.42806178799998, -6.759912496999959], [-77.42865602599994, -6.760587690999955], [-77.42926197099996, -6.761415960999955], [-77.43028506899998, -6.762515595999957], [-77.43078111199998, -6.763245966999932], [-77.43114694799993, -6.764195748999953], [-77.43123929599994, -6.765157837999936], [-77.43175941699997, -6.766325608999978], [-77.43203777999997, -6.7672867649999375], [-77.43367230299998, -6.767484234999927], [-77.43566921999997, -6.767688000999954], [-77.43809274199998, -6.767675850999979], [-77.43959427399994, -6.768594636999978], [-77.44109760199996, -6.769869686999925], [-77.44242817099996, -6.770321177999961], [-77.44421779099997, -6.771865002999959], [-77.44751349299997, -6.773081530999946], [-77.44994344999998, -6.774759109999934], [-77.45132076399995, -6.776076617999934], [-77.45273915299998, -6.776480491999962], [-77.45443490299994, -6.777522352999938], [-77.45571854799994, -6.778383606999967], [-77.45686582699994, -6.7793825589999415], [-77.45746087799995, -6.780444817999978], [-77.45820358299994, -6.7814261869999655], [-77.46041809099995, -6.781658982999943], [-77.46361363499994, -6.781398742999954], [-77.46631850999995, -6.7813849979999645], [-77.46879202299993, -6.780631314999937], [-77.47277177299998, -6.78062620299994], [-77.47351395399994, -6.782814592999955], [-77.47493609199995, -6.783949093999979], [-77.47735728999999, -6.7838910599999735], [-77.47854375699995, -6.783610976999967], [-77.48288169999995, -6.783132088999935], [-77.48685810799998, -6.783431401999962], [-77.49233889699997, -6.786085843999956], [-77.49581044499996, -6.786437684999953], [-77.49961985599998, -6.786818675999939], [-77.50064577599994, -6.787147233999974], [-77.50085236799998, -6.788348025999937], [-77.50119341999994, -6.790208077999978], [-77.50102341499996, -6.79267509999994], [-77.50081457199997, -6.796466730999953], [-77.50070363999998, -6.798415728999942], [-77.50077921699994, -6.801464124999939], [-77.50027879999999, -6.806464332999951], [-77.50027134699997, -6.809644675999948], [-77.50081015299997, -6.81205700299995], [-77.50169565799996, -6.814431664999972], [-77.50220016799994, -6.819450574999962], [-77.50311991399997, -6.8215022349999686], [-77.50449199899998, -6.822893324999939], [-77.50542667699995, -6.826273028999935], [-77.50495011099997, -6.829589554999927], [-77.50492529999997, -6.831599265999955], [-77.50427182199996, -6.834810947999927], [-77.50413954499999, -6.836503916999959], [-77.50358417299998, -6.838234345999979], [-77.50235989199996, -6.840215043999933], [-77.50064507599996, -6.842832901999941], [-77.49973989299997, -6.845129246999932], [-77.49939761599995, -6.847140615999933], [-77.49956467699997, -6.850275653999972], [-77.49950704599996, -6.854930251999974], [-77.49889256599994, -6.860958641999957], [-77.50166966099994, -6.869094609999934], [-77.50178243299996, -6.869268446999968], [-77.50209720399994, -6.869404625999948], [-77.50326168399994, -6.869600982999941], [-77.50361155999997, -6.869740772999933], [-77.50534629999999, -6.869750409999938], [-77.50588389699999, -6.869836798999927], [-77.50680179399995, -6.869984278999937], [-77.50846120499995, -6.870528867999951], [-77.50931746299995, -6.8709411039999395], [-77.51048952699995, -6.871410785999956], [-77.51090482999996, -6.871627949999947], [-77.51143235899997, -6.872052928999949], [-77.51203160099999, -6.872650327999963], [-77.51265281699995, -6.873419503999969], [-77.51334847899994, -6.874089326999979], [-77.51404373299994, -6.87440623599997], [-77.51478034499996, -6.874557178999964], [-77.51544438099995, -6.8745950809999385], [-77.51620754999993, -6.87475772099998], [-77.51699326299996, -6.874856797999939], [-77.51752190999997, -6.874822837999943], [-77.51788004899998, -6.874727777999965], [-77.51860717599999, -6.874623274999976], [-77.51980664499996, -6.874611177999952], [-77.52223133499996, -6.874395425999978], [-77.52314006399996, -6.8743644279999785], [-77.52353551699997, -6.874486427999955], [-77.52501419499998, -6.87520541899994], [-77.52542590999997, -6.8753243479999355], [-77.52683255899996, -6.876375565999979], [-77.52735407899996, -6.876567567999928], [-77.52764909299998, -6.876523352999925], [-77.52959705399996, -6.876857383999948], [-77.53025950299997, -6.876903495999954], [-77.53243968999999, -6.87670967899993], [-77.53322835499995, -6.876598591999937], [-77.53398505799998, -6.8765652139999816], [-77.53449259599995, -6.876473688999965], [-77.53507186999997, -6.876472698999976], [-77.53563141799998, -6.876673706999952], [-77.53648799999996, -6.87714344699998], [-77.53680657099994, -6.877244692999966], [-77.53771828699996, -6.877385449999963], [-77.53857166799997, -6.877422403999958], [-77.53980753199994, -6.877743990999932], [-77.54264881299997, -6.87920984699997], [-77.54408549499993, -6.880082920999939], [-77.54596549499996, -6.880822881999961], [-77.54709376199997, -6.881316851999941], [-77.54961651899998, -6.881743728999936], [-77.55308223099996, -6.882138548999933], [-77.55939830699998, -6.883861347999925], [-77.56375238299995, -6.885852558999943], [-77.56488939999997, -6.88797133099996], [-77.56740486199999, -6.890582658999961], [-77.56990553399999, -6.890444214999945], [-77.57223581399995, -6.88972529199998], [-77.57414264099998, -6.890800635999938], [-77.57554568699999, -6.892663677999963], [-77.57777723099997, -6.893314132999933], [-77.57943358199998, -6.894642545999943], [-77.58168275799994, -6.89425541199995], [-77.58303611499997, -6.894868887999962], [-77.58757132499994, -6.8965179639999405], [-77.59159883699994, -6.896360404999939], [-77.59435754699996, -6.895938311999942], [-77.59625727699995, -6.89570181199997], [-77.59788321599996, -6.895059699999933], [-77.59925860899995, -6.895348273999957], [-77.60007182499999, -6.894930012999964], [-77.60067078699996, -6.895388232999949], [-77.60115472999996, -6.89592399199995], [-77.60246449099998, -6.8976042229999734], [-77.60324527599994, -6.8982200019999595], [-77.60529020799999, -6.89920871399994], [-77.60725618599997, -6.899832505999939], [-77.60854249999994, -6.900171306999937], [-77.61029547499999, -6.90053667899997], [-77.61254597099997, -6.900399366999977], [-77.61392100099994, -6.90026684399993], [-77.61542796099997, -6.901383471999964], [-77.61656453899997, -6.903377035999938], [-77.61819451799994, -6.90411801099998], [-77.62169910099993, -6.904598688999954], [-77.62319232099998, -6.9032156209999584], [-77.62506691899995, -6.902955326999972], [-77.62882575899994, -6.904184477999934], [-77.63120889599998, -6.905421187999934], [-77.63333475899998, -6.905284422999955], [-77.63592528199996, -6.904674886999942], [-77.63666789699994, -6.904252993999933], [-77.63795435199995, -6.903071190999981], [-77.64077079099997, -6.902233318999947], [-77.64264884299996, -6.90175303999996], [-77.64570164399998, -6.901148771999942], [-77.64629652899998, -6.90243761499994], [-77.64637062099996, -6.903388025999959], [-77.64640451499997, -6.905113182999969], [-77.64696696699997, -6.905333915999961], [-77.64806819699999, -6.909207901999935], [-77.65128620599995, -6.910088832999975], [-77.65261169999997, -6.910282783999946], [-77.65387932399994, -6.910275720999948], [-77.65476116599996, -6.910069861999943], [-77.65599176999996, -6.909696061999966], [-77.65680224099998, -6.909458106999978], [-77.65778152699994, -6.909257982999975], [-77.65935531299993, -6.909284144999958], [-77.66162124499994, -6.909577265999928], [-77.66210260099996, -6.90967067899993], [-77.66230596799994, -6.910080160999939], [-77.66254148299998, -6.911546588999954], [-77.66260581899996, -6.912517997999942], [-77.66315080999993, -6.9141180529999815], [-77.66519090099996, -6.918767488999947], [-77.67571601899994, -6.924269593999952], [-77.67772701499996, -6.920666712999946], [-77.67844789599997, -6.9190763239999455], [-77.67926920099995, -6.915880806999951], [-77.67966720799996, -6.915276856999981], [-77.68057413599996, -6.914323599999932], [-77.68213480699995, -6.91281964999996], [-77.68382431599997, -6.911515541999961], [-77.68543798099995, -6.9089984309999295], [-77.68667830799995, -6.90644356599995]], [[-77.48869664499995, -6.768551400999968], [-77.48870252599994, -6.76854660999993], [-77.48870884899998, -6.768542853999975], [-77.48869664499995, -6.768551400999968]]]}}, {"type": "Feature", "properties": {"objectid": 17448, "anp_gid": 196, "acp_codi": "ACP118", "acp_nomb": "Zaragoza", "acp_suleg": 72.049, "acp_balec": "R.M. N° 127-2017-MINAM", "acp_felec": 1494565200000, "acp_balem": " ", "acp_felem": null, "acp_fecad": "2027-05-12", "acp_ubpo": "PASCO", "acp_titu": "Juan Edilberto Pomazongo Paniagua", "acp_tipro": "Privado", "acp_tirec": "10", "acp_pareg": " ", "acp_obs": null, "met_link": null, "acp_orden": 118, "acp_id": 27}, "geometry": {"type": "Polygon", "coordinates": [[[-75.53338194599996, -10.524260028999947], [-75.53368115299997, -10.528311026999972], [-75.53432464599996, -10.53218387399994], [-75.53952534499996, -10.530208946999949], [-75.54021349499999, -10.526526902999933], [-75.53677714099996, -10.521214928999939], [-75.53539057499995, -10.517427889999965], [-75.53327434499994, -10.521899765999933], [-75.53473368099998, -10.524300076999964], [-75.53338194599996, -10.524260028999947]]]}}, {"type": "Feature", "properties": {"objectid": 17450, "anp_gid": 332, "acp_codi": "ACP93", "acp_nomb": "Palmonte", "acp_suleg": 14.308, "acp_balec": "R.M. N° 157-2016-MINAM", "acp_felec": 1466485200000, "acp_balem": " ", "acp_felem": null, "acp_fecad": "2036-06-21", "acp_ubpo": "SAN MARTIN", "acp_titu": "Oscar Enrique Butron Medina y Lucila Yamile Eslava Aponte", "acp_tipro": "Privado", "acp_tirec": "20", "acp_pareg": " ", "acp_obs": null, "met_link": null, "acp_orden": 93, "acp_id": 135}, "geometry": {"type": "Polygon", "coordinates": [[[-76.01955850999997, -6.57461658699998], [-76.01874503299996, -6.575265151999929], [-76.01782397999995, -6.57468352199993], [-76.01699735399995, -6.574802320999936], [-76.01748164999998, -6.575686252999958], [-76.01748613599995, -6.57569613499993], [-76.01748942499995, -6.575708311999961], [-76.01749054999993, -6.5757208739999555], [-76.01748947599998, -6.575733440999954], [-76.01748622699995, -6.57574565799996], [-76.01727522799996, -6.57632760599995], [-76.01727251299997, -6.5763374999999655], [-76.01812675099995, -6.576747703999956], [-76.01863273299995, -6.57709475799993], [-76.01927231599996, -6.577691631999926], [-76.01942192299998, -6.5778837529999805], [-76.02003421599994, -6.578436862999979], [-76.02035703499996, -6.578906960999973], [-76.02076367799998, -6.578452037999966], [-76.02143299699998, -6.577726514999938], [-76.02215290599997, -6.576787561999936], [-76.02185391899997, -6.576453944999969], [-76.02127807399995, -6.574965858999974], [-76.02108615199995, -6.575782955999955], [-76.02066257099995, -6.575251013999946], [-76.02011948099994, -6.574783490999948], [-76.01955850999997, -6.57461658699998]]]}}, {"type": "Feature", "properties": {"objectid": 17452, "anp_gid": 190, "acp_codi": "ACP113", "acp_nomb": "Wayqecha", "acp_suleg": 593.853, "acp_balec": "R.M. N° 357-2016-MINAM", "acp_felec": 1479790800000, "acp_balem": " ", "acp_felem": null, "acp_fecad": "Perpetuo", "acp_ubpo": "CUSCO", "acp_titu": "Asociación para la Conservación de la Cuenca Amazónica - ACCA", "acp_tipro": "Organización no Gubernamental", "acp_tirec": "Perpetuo", "acp_pareg": " ", "acp_obs": null, "met_link": null, "acp_orden": 113, "acp_id": 22}, "geometry": {"type": "Polygon", "coordinates": [[[-71.58939874899994, -13.163612548999936], [-71.58903600199994, -13.164104357999975], [-71.58737978099998, -13.165130979999958], [-71.58606977499994, -13.165871200999959], [-71.58468821199995, -13.166398208999965], [-71.58348848999998, -13.166763876999937], [-71.58247863299994, -13.167350099999965], [-71.58170635099998, -13.168314167999938], [-71.58124218099994, -13.169095786999947], [-71.58102272599996, -13.169785561999959], [-71.58063707099996, -13.170306824999955], [-71.57998553599998, -13.17068947499996], [-71.57925339399998, -13.171385523999959], [-71.57874144699997, -13.172158397999965], [-71.57838365299995, -13.17313341099998], [-71.57822111199994, -13.174091025999928], [-71.57829823299994, -13.17448228099994], [-71.57848185199998, -13.174794941999949], [-71.57885302099999, -13.175301125999965], [-71.57892055999997, -13.175871276999942], [-71.57881986799998, -13.177221326999927], [-71.57870210799996, -13.178623294999966], [-71.57860820699995, -13.18044482299996], [-71.57868710899999, -13.181543895999937], [-71.57858215199997, -13.18207732999997], [-71.57859762399994, -13.182392746999938], [-71.57877581699995, -13.18268827199995], [-71.57885172899995, -13.182909464999966], [-71.57935533199998, -13.18328532199996], [-71.57955287699997, -13.183619761999978], [-71.57935011799998, -13.185305874999926], [-71.57975203899997, -13.186585613999966], [-71.58061479099996, -13.188425148999954], [-71.58127237399998, -13.189201817999958], [-71.58172249199998, -13.189451093999935], [-71.58316646099996, -13.191589870999962], [-71.58530971199997, -13.193968431999963], [-71.58803704999997, -13.19628036399996], [-71.59182332799998, -13.196878116999926], [-71.59528921699996, -13.198374798999964], [-71.59825230499996, -13.199601045999941], [-71.60102467799999, -13.201432550999982], [-71.60433453199994, -13.202100333999965], [-71.60455141399996, -13.20036897999995], [-71.60413716899996, -13.199691707999932], [-71.60278755799999, -13.198658229999978], [-71.60114484299999, -13.197278169999947], [-71.59937523799994, -13.19587490799995], [-71.59846939899995, -13.194038611999929], [-71.59725843699994, -13.19242182399995], [-71.59619916599996, -13.191460050999979], [-71.59451402799994, -13.190338417999953], [-71.59260772899995, -13.189684449999959], [-71.59114011599996, -13.189441518999956], [-71.59010379399996, -13.18939202599995], [-71.58919567899994, -13.18896214299997], [-71.58819397199994, -13.188441700999931], [-71.58919555399996, -13.18543634699995], [-71.59062701699997, -13.184988868999937], [-71.59145756599997, -13.184330755999952], [-71.59190302099995, -13.183533284999953], [-71.59234727599994, -13.181976190999933], [-71.59293985899996, -13.181586470999946], [-71.59377569899993, -13.181342000999962], [-71.59446829799998, -13.181564056999946], [-71.59474795199998, -13.181550866999942], [-71.59538550699995, -13.181480336999982], [-71.59604853299999, -13.181585165999934], [-71.59762601499995, -13.181937372999926], [-71.59902700299995, -13.182474799999966], [-71.59958452199999, -13.182852525999976], [-71.60001296899998, -13.183319967999978], [-71.60045291999995, -13.183317364999937], [-71.60123552099998, -13.183352583999977], [-71.60191112899997, -13.183562060999975], [-71.60324983999993, -13.184023669999931], [-71.60347596099996, -13.184361714999966], [-71.60350805899998, -13.185041990999935], [-71.60365528399996, -13.185501794999936], [-71.60365211499999, -13.184995588999982], [-71.60372315699993, -13.184492821999982], [-71.60317384099994, -13.183578084999965], [-71.60291297099997, -13.183477790999973], [-71.60241169499994, -13.183423649999952], [-71.60213885899998, -13.183287977999953], [-71.60119126599994, -13.18259145899998], [-71.60069379399994, -13.182237915999963], [-71.60010454799993, -13.182070764999935], [-71.59909119599996, -13.18115557599998], [-71.59879120199997, -13.181064227999968], [-71.59826993499996, -13.181047243999956], [-71.59774131699999, -13.180774423999935], [-71.59727885799998, -13.180522972999938], [-71.59686599299994, -13.180586399999981], [-71.59591500999994, -13.180720341999972], [-71.59460811199995, -13.180516962999945], [-71.59323516099994, -13.18010690999995], [-71.59221980099994, -13.179880451999963], [-71.59129986199997, -13.179348837999953], [-71.59060221099998, -13.178810444999954], [-71.59026328699997, -13.178433973999972], [-71.58952711599994, -13.17774462899996], [-71.58911788499995, -13.17761571899996], [-71.58852435799997, -13.177715408999973], [-71.58769560099995, -13.178512344999945], [-71.58676001399994, -13.179446234999943], [-71.58667811999999, -13.179895021999926], [-71.58693867599999, -13.180847360999962], [-71.58747802599999, -13.181937120999976], [-71.58803520799995, -13.182795647999967], [-71.58815915499997, -13.183459969999944], [-71.58820566199995, -13.184129563999932], [-71.58836739699996, -13.184548785999937], [-71.58852599599999, -13.185035186999926], [-71.58844273899996, -13.185371353999926], [-71.58806239399996, -13.185394434999978], [-71.58788662999996, -13.18499980699994], [-71.58781204399997, -13.184739201999946], [-71.58760205499993, -13.184035449999953], [-71.58731766699998, -13.183614528999954], [-71.58681871699997, -13.182982544999959], [-71.58645586099993, -13.182270822999953], [-71.58622820599999, -13.181979252999952], [-71.58581614899998, -13.181600525999954], [-71.58562157799997, -13.18120675299997], [-71.58552434599994, -13.18066977799998], [-71.58535072099994, -13.180245347999971], [-71.58534442399997, -13.179651840999952], [-71.58546085699999, -13.17886545999994], [-71.58560810399996, -13.178247385999953], [-71.58599022299995, -13.177531260999956], [-71.58633241699994, -13.177079012999968], [-71.58662473299995, -13.17660819899993], [-71.58682629099997, -13.176396289999957], [-71.58706357199998, -13.17588584899994], [-71.58729423099999, -13.175404519999972], [-71.58780774099995, -13.175068611999961], [-71.58836550799998, -13.174720709999974], [-71.58873965799995, -13.174687456999948], [-71.58933911499997, -13.174966173999962], [-71.58984661899996, -13.175161883999976], [-71.59031355399998, -13.175216515999978], [-71.59065708099996, -13.175359950999962], [-71.59090170799993, -13.175439032999975], [-71.59116550799996, -13.175295064999943], [-71.59149454299995, -13.17521209399996], [-71.59183107799998, -13.174986454999953], [-71.59217857099998, -13.174945143999935], [-71.59247558099997, -13.175219031999973], [-71.59258608099998, -13.175583934999963], [-71.59268576699998, -13.175659137999958], [-71.59308308999994, -13.175690232999955], [-71.59360550299994, -13.17610868099996], [-71.59473059199996, -13.177199506999955], [-71.59517239199994, -13.177462638999941], [-71.59577129899998, -13.177444966999929], [-71.59683125699996, -13.177221951999968], [-71.59743030699997, -13.177174252999976], [-71.59821831499994, -13.177341720999948], [-71.59934446799997, -13.17760065999994], [-71.60027492699999, -13.177549090999946], [-71.60102461699995, -13.177581593999946], [-71.60147508399996, -13.177419458999964], [-71.60205328299998, -13.17741179099994], [-71.60257941799995, -13.177603529999942], [-71.60297695399998, -13.177833322999959], [-71.60348209199998, -13.177705041999957], [-71.60391449299993, -13.177565707999975], [-71.60445638499993, -13.177605225999969], [-71.60512329699998, -13.17794915099995], [-71.60581974099995, -13.178261069999962], [-71.60612124799997, -13.178506487999982], [-71.60619185299998, -13.17894834499998], [-71.60602934999997, -13.179415397999946], [-71.60575727399998, -13.179912706999971], [-71.60576517299995, -13.180214016999969], [-71.60603694699995, -13.18036067199995], [-71.60678891299995, -13.180567913999937], [-71.60722531599998, -13.180712296999957], [-71.60752418499999, -13.181022864999932], [-71.60758070799994, -13.181619999999953], [-71.60760004799994, -13.18250489199994], [-71.60775052499997, -13.182878241999958], [-71.60783928699993, -13.182972114999927], [-71.60801758799994, -13.183067520999941], [-71.60838787099993, -13.183019772999955], [-71.60878087399993, -13.182666022999967], [-71.60896201999998, -13.18199752299995], [-71.60911237699997, -13.181239320999964], [-71.60926565299997, -13.180580903999953], [-71.60918780799994, -13.180067520999955], [-71.60891739199997, -13.179658307999944], [-71.60911478499997, -13.17935087199993], [-71.60953766099993, -13.179329234999955], [-71.60985511499996, -13.17942428699996], [-71.60995324499999, -13.17935437999995], [-71.60969597099995, -13.179223684999954], [-71.60919426699996, -13.178941235999957], [-71.60899220399995, -13.178557774999945], [-71.60860178599995, -13.177948899999933], [-71.60810241899998, -13.177309738999952], [-71.60724769899997, -13.176360027999976], [-71.60695747699998, -13.176191912999968], [-71.60668424699998, -13.175999758999978], [-71.60651689199995, -13.175764795999953], [-71.60625933799997, -13.175734380999927], [-71.60591302499995, -13.175727607999931], [-71.60551412999996, -13.175500985999975], [-71.60520088699997, -13.175347847999944], [-71.60488710199996, -13.17504860899993], [-71.60471597699996, -13.17478876499996], [-71.60451719799994, -13.174778591999939], [-71.60413274699994, -13.174888223999972], [-71.60382243799995, -13.174794757999962], [-71.60289695099993, -13.17401007899997], [-71.60251721299994, -13.173779311999965], [-71.60227182999995, -13.17373607299993], [-71.60159786299994, -13.173231216999966], [-71.60107617899996, -13.172894087999964], [-71.60059466499996, -13.17258669499995], [-71.60022145499994, -13.172146312999928], [-71.59990408199997, -13.171755342999973], [-71.59936526099995, -13.171382568999945], [-71.59878315399999, -13.17100690999996], [-71.59834958699997, -13.170567382999934], [-71.59812724199998, -13.170182932999978], [-71.59792409899995, -13.169843992999972], [-71.59788808499997, -13.169342735999976], [-71.59770184599995, -13.168943967999951], [-71.59737280399997, -13.168493740999963], [-71.59710695899997, -13.168308933999981], [-71.59688428599998, -13.168282000999966], [-71.59645172399996, -13.168182832999946], [-71.59628810399994, -13.168067599999972], [-71.59593224199995, -13.167866699999934], [-71.59570679199999, -13.167746138999973], [-71.59532870999993, -13.167707998999958], [-71.59492780599999, -13.167559637999943], [-71.59457532399995, -13.167305919999933], [-71.59423231799997, -13.166886581999961], [-71.59371618799997, -13.166542713999945], [-71.59324887399998, -13.16638790299993], [-71.59255665299997, -13.166404609999972], [-71.59166217399996, -13.166187322999974], [-71.59104068199997, -13.165354495999964], [-71.59087238699993, -13.164688241999954], [-71.59097864299997, -13.164277775999949], [-71.59083693699995, -13.16393361799993], [-71.58997539899997, -13.16317326899997], [-71.58939874899994, -13.163612548999936]]]}}, {"type": "Feature", "properties": {"objectid": 17453, "anp_gid": 231, "acp_codi": "ACP144", "acp_nomb": "Fundo San Isidro El Labrador", "acp_suleg": 23.357, "acp_balec": "R.M. N° 018-2020-MINAM", "acp_felec": 1579496400000, "acp_balem": " ", "acp_felem": null, "acp_fecad": "20/01/2045", "acp_ubpo": "LORETO", "acp_titu": "Juana Olinda Reategui de Suarez y Genaro Alberto Suarez Lorca", "acp_tipro": "Privado", "acp_tirec": "25", "acp_pareg": "P. E. N° 11054978", "acp_obs": null, "met_link": null, "acp_orden": 144, "acp_id": 55}, "geometry": {"type": "Polygon", "coordinates": [[[-73.56651642999998, -4.385195780999936], [-73.56598977899995, -4.384208576999981], [-73.55979709599995, -4.3859561489999805], [-73.54959088299995, -4.388783302999968], [-73.54965375899997, -4.389072121999959], [-73.54995034399997, -4.389851910999937], [-73.56388384799999, -4.385944778999942], [-73.56511529899996, -4.385653254999966], [-73.56602442499997, -4.385411493999925], [-73.56651642999998, -4.385195780999936]]]}}, {"type": "Feature", "properties": {"objectid": 17454, "anp_gid": 225, "acp_codi": "ACP14", "acp_nomb": "Hatun Queuña-Quishuarani Ccollana", "acp_suleg": 234.88, "acp_balec": "R.M. N° 005-2009-MINAM", "acp_felec": 1232082000000, "acp_balem": " ", "acp_felem": null, "acp_fecad": "Perpetuo", "acp_ubpo": "CUSCO", "acp_titu": "Comunidad Campesina Quishuarani Ccollana", "acp_tipro": "Comunidad Campesina", "acp_tirec": "Perpetuo", "acp_pareg": " ", "acp_obs": null, "met_link": null, "acp_orden": 14, "acp_id": 50}, "geometry": {"type": "Polygon", "coordinates": [[[-72.05478299999999, -13.153947045999928], [-72.05484339999998, -13.153790020999963], [-72.05491848599996, -13.153628383999944], [-72.05494606399998, -13.153361056999927], [-72.05499280499998, -13.15312262499998], [-72.05512133299999, -13.152569694999954], [-72.05518264599993, -13.15233620999993], [-72.05532568799998, -13.151793003999956], [-72.05540151399998, -13.151569243999973], [-72.05554908799996, -13.151054765999959], [-72.05555504899996, -13.15096402599994], [-72.05539601599997, -13.150804483999934], [-72.05531862399994, -13.150751022999941], [-72.05500958199997, -13.15071454599996], [-72.05469698699994, -13.150713029999963], [-72.05415612799999, -13.150723384999935], [-72.05397017699994, -13.150729530999968], [-72.05357710499999, -13.150745719999975], [-72.05339715999997, -13.150748094999926], [-72.05287825999994, -13.150503171999958], [-72.05276237299995, -13.15040625499995], [-72.05234168299995, -13.150105105999955], [-72.05207248199997, -13.149921149999955], [-72.05152331799997, -13.149617774999967], [-72.05122253699994, -13.149485278999975], [-72.05091354399997, -13.149334452999938], [-72.05076465999997, -13.149243732999935], [-72.05052000399996, -13.149099641999953], [-72.05040848099998, -13.149045788999956], [-72.05017091999997, -13.148928355999942], [-72.05010552199997, -13.148900822999963], [-72.04991970199995, -13.148729516999936], [-72.04980381699994, -13.148632598999939], [-72.04959585699999, -13.148486828999978], [-72.04946052499997, -13.148384907999969], [-72.04926839399997, -13.148138953999933], [-72.04916266299995, -13.148008696999966], [-72.04881089299994, -13.148062006999965], [-72.04863059099995, -13.148068297999941], [-72.04815232699997, -13.148078333999933], [-72.04782579599998, -13.148060241999929], [-72.04719745899996, -13.147995665999929], [-72.04693454799997, -13.147959187999959], [-72.04651335699998, -13.147701039999959], [-72.04639253999994, -13.147608842999944], [-72.04612906299997, -13.147418538999943], [-72.04594125099999, -13.147403958999973], [-72.04548783399997, -13.147344922999935], [-72.04460780999995, -13.147186846999944], [-72.04401704699995, -13.146835936999935], [-72.04383197599998, -13.146408447999931], [-72.04392150799998, -13.145681261999925], [-72.04393211299998, -13.145501294999974], [-72.04395746099993, -13.144890070999963], [-72.04396228099995, -13.144570149999936], [-72.04404639699999, -13.144072251999944], [-72.04404589899997, -13.144021252999949], [-72.04402502299996, -13.14374080899995], [-72.04394084999996, -13.143427408999969], [-72.04382484699994, -13.142933804999927], [-72.04381766699998, -13.142889729999979], [-72.04384737399994, -13.142525754999951], [-72.04385024799996, -13.14244182799996], [-72.04402560299997, -13.142051941999966], [-72.04405221199994, -13.142000265999968], [-72.04434872599995, -13.141539493999971], [-72.04441135899998, -13.14119610299997], [-72.04426386699998, -13.140888529999927], [-72.04421854699996, -13.140809868999952], [-72.04407226099994, -13.140599566999981], [-72.04398116299996, -13.140469476999954], [-72.04386585699996, -13.14032477099994], [-72.04378786399997, -13.14026464799997], [-72.04362922399997, -13.140130875999944], [-72.04351565399998, -13.140066937999961], [-72.04331922299997, -13.139955253999972], [-72.04316462299994, -13.139833991999978], [-72.04275281999998, -13.139567572999965], [-72.04249167399996, -13.13942478499996], [-72.04220803199996, -13.139203195999926], [-72.04206722899994, -13.139032774999976], [-72.04179749799994, -13.138752469999929], [-72.04164341599994, -13.138588199999958], [-72.04153338899994, -13.138410098999941], [-72.04146196799996, -13.13826589699994], [-72.04132268499995, -13.138087458999962], [-72.04122648499998, -13.137976427999945], [-72.04107032599995, -13.137732831999926], [-72.04099673699994, -13.137615333999975], [-72.04086227399995, -13.137441730999967], [-72.04081448899996, -13.13735993299997], [-72.04070836399995, -13.137263124999947], [-72.04066992999998, -13.13721488899995], [-72.04061698299995, -13.137156927999968], [-72.04058559199996, -13.137116606999939], [-72.04054011399995, -13.137060455999972], [-72.04050133599998, -13.137040892999948], [-72.04036593499995, -13.13694019899998], [-72.04023985699996, -13.136875066999949], [-72.03993336899998, -13.136828547999926], [-72.03975860199995, -13.13686075499993], [-72.03938527799994, -13.136811486999932], [-72.03921023399994, -13.13677722899996], [-72.03866204499997, -13.136808147999943], [-72.03836520199997, -13.13683197499995], [-72.03788302699996, -13.136804923999932], [-72.03766399699998, -13.136780904999966], [-72.03729043399994, -13.136841081999933], [-72.03705966599995, -13.136881409999944], [-72.03674144099995, -13.13689923499993], [-72.03650494899995, -13.13687288799997], [-72.03576146399996, -13.136831169999937], [-72.03535650699996, -13.136760212999945], [-72.03471804499998, -13.13642141799994], [-72.03441572099996, -13.136252213999967], [-72.03381226899995, -13.13581439199993], [-72.03362868899995, -13.135613415999956], [-72.03329593899997, -13.13516214599997], [-72.03316268099996, -13.13499489399993], [-72.03294050999995, -13.135191185999929], [-72.03297213199994, -13.135373836999975], [-72.03338662499993, -13.136058051999953], [-72.03343495399997, -13.13625746699995], [-72.03373389299998, -13.136708346999967], [-72.03421979799998, -13.137078526999971], [-72.03491017399995, -13.137318493999942], [-72.03558225199998, -13.137674248999929], [-72.03618789999996, -13.137929806999978], [-72.03647292299996, -13.13813195199998], [-72.03702526799998, -13.138602323999976], [-72.03746066199994, -13.138955344999943], [-72.03781412099994, -13.139336390999972], [-72.03806273699996, -13.139509145999966], [-72.03798914399994, -13.14000544299995], [-72.03781649799998, -13.140301739999927], [-72.03750982799994, -13.140826672999935], [-72.03740689499995, -13.141070507999927], [-72.03717485399994, -13.141655885999967], [-72.03695854799997, -13.141971919999946], [-72.03624904099996, -13.142760057999965], [-72.03611993099997, -13.143101598999976], [-72.03604007999996, -13.14350496399993], [-72.03600052299998, -13.143676022999955], [-72.03579671099999, -13.143992199999957], [-72.03555702099999, -13.144173200999944], [-72.03510295699994, -13.144629105999968], [-72.03502467799996, -13.144743761999962], [-72.03475912599998, -13.145033817999945], [-72.03468092599996, -13.145191981999972], [-72.03419013499996, -13.146143446999929], [-72.03409020299995, -13.146353314999942], [-72.03382152499995, -13.14695312899994], [-72.03383141399996, -13.146983388999956], [-72.03396070499997, -13.147316486999955], [-72.03405574399994, -13.147513532999938], [-72.03405181699998, -13.147840067999937], [-72.03404722999994, -13.148008329999982], [-72.03437445499998, -13.148082449999947], [-72.03458383899994, -13.148150183999974], [-72.03485371099998, -13.148304029999963], [-72.03496015099995, -13.148405744999934], [-72.03525390199997, -13.148705571999926], [-72.03527319799997, -13.148806280999963], [-72.03536654499999, -13.149357521999946], [-72.03539506699997, -13.149543750999953], [-72.03542611799998, -13.14994605499993], [-72.03542358099998, -13.150157046999936], [-72.03507113799998, -13.150474533999954], [-72.03469251899998, -13.150836935999962], [-72.03439670299997, -13.15113497799996], [-72.03431811899998, -13.15127475099996], [-72.03400233499997, -13.151740875999963], [-72.03357907699996, -13.152404218999948], [-72.03297029899994, -13.153359338999962], [-72.03314090199996, -13.153667793999944], [-72.03365753599996, -13.154618334999952], [-72.03392939499997, -13.155033469999978], [-72.03425375299997, -13.154960924999955], [-72.03445419599996, -13.15492022799998], [-72.03478669899994, -13.154847600999972], [-72.03487951999995, -13.154834335999965], [-72.03522189099994, -13.154752263999967], [-72.03540764699994, -13.154716174999976], [-72.03572442899997, -13.154734170999973], [-72.03605515099997, -13.154809679999971], [-72.03631749099998, -13.154893956999956], [-72.03658964099998, -13.154973567999946], [-72.03685679999995, -13.155062678999968], [-72.03698828599994, -13.155078534999973], [-72.03738848299997, -13.155054478999944], [-72.03755989799998, -13.15499432699994], [-72.03781266899995, -13.154924982999944], [-72.03806841599999, -13.154746320999948], [-72.03858977499993, -13.154379552999956], [-72.03867330199995, -13.154327943999931], [-72.03929660399996, -13.153594343999941], [-72.03945000499994, -13.153409720999946], [-72.03979401799995, -13.152805498999953], [-72.03990480999994, -13.152692011999932], [-72.04019043799997, -13.152407451999977], [-72.04030705599996, -13.152288387999931], [-72.04053051199998, -13.152065196999956], [-72.04063154699998, -13.151964766999981], [-72.04103997899995, -13.15184530199997], [-72.04124153099997, -13.15184762499996], [-72.04156193599994, -13.152024405999953], [-72.04169835999994, -13.152174608999928], [-72.04189729299998, -13.152395142999978], [-72.04204184699995, -13.152507810999964], [-72.04236968399994, -13.152705371999957], [-72.04251861899996, -13.152772935999963], [-72.04305024299998, -13.152786585999934], [-72.04319219899998, -13.15279574699997], [-72.04348778699995, -13.152801032999946], [-72.04370458299996, -13.152812936999965], [-72.04403454199996, -13.15283366899996], [-72.04411500599997, -13.152847764999933], [-72.04429133399998, -13.152872371999933], [-72.04439483099998, -13.152886733999935], [-72.04451366299998, -13.152903152999954], [-72.04471069999994, -13.152961863999963], [-72.04514680199998, -13.153096699999935], [-72.04536154399995, -13.153119867999976], [-72.04569904799996, -13.153151972999979], [-72.04576227999996, -13.153162107999947], [-72.04591760599999, -13.153177064999966], [-72.04598088399996, -13.153183437999928], [-72.04616114199996, -13.153200562999928], [-72.04620140799994, -13.153204788999972], [-72.04622087799999, -13.153358912999977], [-72.04631472599993, -13.153656430999945], [-72.04640230399997, -13.154049338999926], [-72.04651333599998, -13.154196322999951], [-72.04677683299997, -13.15445559699998], [-72.04690402699998, -13.154537449999964], [-72.04725141199998, -13.154641933999926], [-72.04766476999998, -13.154588908999926], [-72.04811895199998, -13.154337889999965], [-72.04831054999994, -13.15417931299993], [-72.04853591199998, -13.15376990599998], [-72.04890946899997, -13.153829468999959], [-72.05006313199993, -13.154036168999937], [-72.05019110899997, -13.154052712999942], [-72.05139759099995, -13.153915842999936], [-72.05193138699997, -13.153866705999974], [-72.05279049199999, -13.153838888999928], [-72.05311326899994, -13.153857667999944], [-72.05415150799996, -13.154070560999969], [-72.05467240999997, -13.154222979999929], [-72.05478299999999, -13.153947045999928]]]}}, {"type": "Feature", "properties": {"objectid": 17455, "anp_gid": 156, "acp_codi": "ACP107", "acp_nomb": "Tambopata Eco Lodge", "acp_suleg": 25.997, "acp_balec": "R.M. N° 310-2016-MINAM", "acp_felec": 1476939600000, "acp_balem": " ", "acp_felem": null, "acp_fecad": "2026-10-20", "acp_ubpo": "MADRE DE DIOS", "acp_titu": "Inversiones Maldonado SAC", "acp_tipro": "Privado", "acp_tirec": "10", "acp_pareg": " ", "acp_obs": null, "met_link": null, "acp_orden": 107, "acp_id": 16}, "geometry": {"type": "Polygon", "coordinates": [[[-69.39853177599997, -12.852389527999946], [-69.40030307699993, -12.85490992399997], [-69.40360304299998, -12.85409894999998], [-69.40565623899994, -12.853486239999938], [-69.40645901999994, -12.853246671999955], [-69.40636745399996, -12.852299205999941], [-69.40625537999995, -12.851139514999943], [-69.40616282399998, -12.850056447999975], [-69.40372755899995, -12.850884749999977], [-69.39853177599997, -12.852389527999946]]]}}, {"type": "Feature", "properties": {"objectid": 17458, "anp_gid": 307, "acp_codi": "ACP70", "acp_nomb": "Paraíso Natural Iwirati", "acp_suleg": 100.0, "acp_balec": "R.M. N° 010-2014-MINAM", "acp_felec": 1389675600000, "acp_balem": " ", "acp_felem": null, "acp_fecad": "2034-01-14", "acp_ubpo": "LORETO", "acp_titu": "Comunidad Nativa Puerto Prado", "acp_tipro": "Comunidad Campesina", "acp_tirec": "20", "acp_pareg": " ", "acp_obs": null, "met_link": null, "acp_orden": 70, "acp_id": 112}, "geometry": {"type": "Polygon", "coordinates": [[[-73.54304144499997, -4.45881277999996], [-73.54743923799998, -4.46259583799997], [-73.55428077099998, -4.4544561669999325], [-73.55573029099997, -4.452731570999958], [-73.55281511199996, -4.4502239339999505], [-73.55141847599998, -4.447492281999928], [-73.54938489899996, -4.450240454999971], [-73.54304144499997, -4.45881277999996]]]}}, {"type": "Feature", "properties": {"objectid": 17459, "anp_gid": 251, "acp_codi": "ACP150", "acp_nomb": "Bosque Urum", "acp_suleg": 20.0, "acp_balec": "R.M. Nº 029-2021-MINAM", "acp_felec": 1613624400000, "acp_balem": " ", "acp_felem": null, "acp_fecad": "Perpetuo", "acp_ubpo": "LAMBAYEQUE", "acp_titu": "Empresa EWS TINAJONES SAC", "acp_tipro": "Privado", "acp_tirec": "Perpetuo", "acp_pareg": "P.E. Nº 11294027", "acp_obs": null, "met_link": null, "acp_orden": 150, "acp_id": 144}, "geometry": {"type": "Polygon", "coordinates": [[[-79.46462308099996, -6.6123310859999265], [-79.46234457599996, -6.611267623999936], [-79.45981181499997, -6.617039190999947], [-79.46195189199995, -6.618453848999934], [-79.46462308099996, -6.6123310859999265]]]}}, {"type": "Feature", "properties": {"objectid": 17460, "anp_gid": 179, "acp_codi": "ACP107", "acp_nomb": "Tambopata Eco Lodge", "acp_suleg": 11.306, "acp_balec": "R.M. N° 310-2016-MINAM", "acp_felec": 1476939600000, "acp_balem": " ", "acp_felem": null, "acp_fecad": "2026-10-20", "acp_ubpo": "MADRE DE DIOS", "acp_titu": "Inversiones Maldonado SAC", "acp_tipro": "Privado", "acp_tirec": "10", "acp_pareg": " ", "acp_obs": null, "met_link": null, "acp_orden": 107, "acp_id": 16}, "geometry": {"type": "Polygon", "coordinates": [[[-69.42057990599994, -12.867732769999975], [-69.42149446899998, -12.868530438999926], [-69.42351005999996, -12.866510406999964], [-69.42221037399997, -12.865695192999965], [-69.42045048899996, -12.864638409999941], [-69.41948022199995, -12.86520502899998], [-69.41872189199995, -12.866215402999956], [-69.42057990599994, -12.867732769999975]]]}}, {"type": "Feature", "properties": {"objectid": 17462, "anp_gid": 239, "acp_codi": "ACP145", "acp_nomb": "Buen Retiro", "acp_suleg": 4.998, "acp_balec": "R.M. N° 032-2020-MINAM", "acp_felec": 1580706000000, "acp_balem": " ", "acp_felem": null, "acp_fecad": "03/02/2040", "acp_ubpo": "LORETO", "acp_titu": "Marcela Kasparova", "acp_tipro": "Privado", "acp_tirec": "20", "acp_pareg": "P.E. N° 04008532", "acp_obs": null, "met_link": null, "acp_orden": 145, "acp_id": 56}, "geometry": {"type": "Polygon", "coordinates": [[[-73.57496841199998, -4.4811912639999605], [-73.57152252199995, -4.478277859999935], [-73.57094194499996, -4.47896953299994], [-73.57438783299995, -4.4818829399999345], [-73.57496841199998, -4.4811912639999605]]]}}, {"type": "Feature", "properties": {"objectid": 17463, "anp_gid": 338, "acp_codi": "ACP98", "acp_nomb": "Lomas del Cerro Campana", "acp_suleg": 4564.98, "acp_balec": "R.M. N° 192-2016-MINAM", "acp_felec": 1469509200000, "acp_balem": " ", "acp_felem": null, "acp_fecad": "2026-07-26", "acp_ubpo": "LA LIBERTAD", "acp_titu": "Universidad Nacional de Trujillo", "acp_tipro": "Universidad", "acp_tirec": "10", "acp_pareg": " ", "acp_obs": null, "met_link": null, "acp_orden": 98, "acp_id": 140}, "geometry": {"type": "Polygon", "coordinates": [[[-79.07952236799997, -7.979300015999968], [-79.08113011899997, -7.978248814999972], [-79.08402756399994, -7.97635435899997], [-79.08856032799997, -7.973390781999967], [-79.09238485599997, -7.971034419999967], [-79.09139093899995, -7.973859863999962], [-79.09019840999997, -7.976773689999959], [-79.08821928099997, -7.979358605999948], [-79.08724938299997, -7.983283741999969], [-79.09015344399995, -7.988613571999963], [-79.08693416399996, -7.991069847999938], [-79.08518972699994, -7.992400922999934], [-79.08251096099997, -7.9944449739999754], [-79.08009835299998, -7.996285751999949], [-79.07716669699994, -7.9985226359999615], [-79.07501572599995, -8.000163745999942], [-79.07232978399998, -8.002213034999954], [-79.07202853199993, -8.002442874999929], [-79.07193014799998, -8.002745623999942], [-79.07244002799996, -8.002356605999978], [-79.07512597099998, -8.000307325999927], [-79.07727694299996, -7.9986662149999574], [-79.08020859999993, -7.996429329999955], [-79.08262120799998, -7.994588551999925], [-79.08529998499995, -7.992544499999951], [-79.08704441199995, -7.991213424999955], [-79.08901844199994, -7.9897072639999465], [-79.09136924399996, -7.991047013999946], [-79.08925015199998, -7.992720154999972], [-79.08902843099997, -7.994101178999927], [-79.09004499399998, -7.997188016999928], [-79.09206569899999, -7.998846137999976], [-79.09330324899997, -8.000920463999933], [-79.09444774799994, -8.00431645599997], [-79.09741702599996, -8.008833989999971], [-79.09971390599998, -8.01144910399995], [-79.10445830399993, -8.014795638999942], [-79.10772042699995, -8.016579752999974], [-79.11127482199998, -8.017609658999959], [-79.11339693499997, -8.017944173999979], [-79.11774455799997, -8.014808630999937], [-79.12203460699999, -8.010788274999925], [-79.12599149099998, -8.006855879999932], [-79.12781097799996, -8.00488687099994], [-79.13048770399996, -8.00091088399995], [-79.13183309599998, -7.993613684999957], [-79.13223968599993, -7.9893279669999515], [-79.13442274899995, -7.986380873999963], [-79.13456612699997, -7.98342228599995], [-79.13283351599995, -7.979291401999944], [-79.13022861099995, -7.973925941999937], [-79.12850149799993, -7.964926488999936], [-79.12891346899994, -7.951140432999978], [-79.13316437999998, -7.949924353999961], [-79.14032060399995, -7.947459522999964], [-79.14535833799994, -7.954571459999954], [-79.14745360099994, -7.956256690999965], [-79.15248918099996, -7.954460774999973], [-79.15491764599994, -7.953264110999953], [-79.15749370799995, -7.949767476999966], [-79.15928717999998, -7.947124196999937], [-79.16105620099995, -7.94497692799996], [-79.16170328999993, -7.940913015999968], [-79.16156878399994, -7.940199451999945], [-79.15859758299996, -7.939794939999956], [-79.15722057499994, -7.935298928999941], [-79.16009307599995, -7.9292889809999565], [-79.16246317799994, -7.922493035999935], [-79.16219734599997, -7.920028247999937], [-79.16078374599994, -7.920434193999938], [-79.15808176099995, -7.920760391999977], [-79.15590700199994, -7.925829043999954], [-79.15261605899997, -7.927530434999937], [-79.14503170699999, -7.932603551999932], [-79.13617656599996, -7.9367391229999384], [-79.13507051699997, -7.9333397659999605], [-79.13320511799998, -7.935591274999979], [-79.13116588399998, -7.929707837999956], [-79.12951862499995, -7.929835685999933], [-79.12783145399999, -7.928512066999929], [-79.12869310799994, -7.924887849999948], [-79.12541975199997, -7.924359661999972], [-79.11393143999999, -7.9266515859999345], [-79.10958430499994, -7.927794938999966], [-79.10866781199996, -7.929155408999975], [-79.10006366499994, -7.936955747999946], [-79.09806372799994, -7.942781528999944], [-79.09628045799997, -7.946911434999947], [-79.09584206399995, -7.951001987999973], [-79.09648873599997, -7.954815309999958], [-79.09669041499996, -7.956723642999975], [-79.09536089399995, -7.960602866999977], [-79.09292706299993, -7.963366239999971], [-79.09153485399997, -7.966150658999936], [-79.09222932599994, -7.967644204999942], [-79.08938208699999, -7.970563858999981], [-79.08537273299999, -7.973894866999956], [-79.08240933799993, -7.972237022999934], [-79.07952236799997, -7.979300015999968]]]}}, {"type": "Feature", "properties": {"objectid": 17464, "anp_gid": 232, "acp_codi": "ACP145", "acp_nomb": "Buen Retiro", "acp_suleg": 3.325, "acp_balec": "R.M. N° 032-2020-MINAM", "acp_felec": 1580706000000, "acp_balem": " ", "acp_felem": null, "acp_fecad": "03/02/2040", "acp_ubpo": "LORETO", "acp_titu": "Marcela Kasparova", "acp_tipro": "Privado", "acp_tirec": "20", "acp_pareg": "P.E. N° 04008482", "acp_obs": null, "met_link": null, "acp_orden": 145, "acp_id": 56}, "geometry": {"type": "Polygon", "coordinates": [[[-73.57716244799997, -4.483000788999959], [-73.57496841199998, -4.4811912639999605], [-73.57438783299995, -4.4818829399999345], [-73.57679997299994, -4.4839223199999765], [-73.57716244799997, -4.483000788999959]]]}}, {"type": "Feature", "properties": {"objectid": 17465, "anp_gid": 160, "acp_codi": "ACP107", "acp_nomb": "Tambopata Eco Lodge", "acp_suleg": 41.262, "acp_balec": "R.M. N° 310-2016-MINAM", "acp_felec": 1476939600000, "acp_balem": " ", "acp_felem": null, "acp_fecad": "2026-10-20", "acp_ubpo": "MADRE DE DIOS", "acp_titu": "Inversiones Maldonado SAC", "acp_tipro": "Privado", "acp_tirec": "10", "acp_pareg": " ", "acp_obs": null, "met_link": null, "acp_orden": 107, "acp_id": 16}, "geometry": {"type": "Polygon", "coordinates": [[[-69.39471656099994, -12.822807434999959], [-69.39498023299996, -12.822267194999938], [-69.39602108499997, -12.819817482999952], [-69.39712946499998, -12.817268121999973], [-69.39786617299995, -12.815586631999963], [-69.39813430999999, -12.814849918999926], [-69.39863634799997, -12.81393239199997], [-69.39749322399996, -12.81364091699993], [-69.39507593199994, -12.812829772999976], [-69.39478371899997, -12.813529267999968], [-69.39375563699997, -12.816121264999936], [-69.39243255499997, -12.819352089999938], [-69.39138021699995, -12.821914095999944], [-69.39471656099994, -12.822807434999959]]]}}, {"type": "Feature", "properties": {"objectid": 17466, "anp_gid": 298, "acp_codi": "ACP61", "acp_nomb": "Bosque Berlín", "acp_suleg": 59.0, "acp_balec": "R.M. N° 073-2013-MINAM", "acp_felec": 1362373200000, "acp_balem": " ", "acp_felem": null, "acp_fecad": "2023-03-04", "acp_ubpo": "AMAZONAS", "acp_titu": "José Ricardo Rimarachin Altamirano", "acp_tipro": "Privado", "acp_tirec": "10", "acp_pareg": " ", "acp_obs": null, "met_link": null, "acp_orden": 61, "acp_id": 103}, "geometry": {"type": "Polygon", "coordinates": [[[-78.42162241799997, -5.910865273999946], [-78.42120844499993, -5.91144746599997], [-78.42059676299993, -5.911749957999973], [-78.42018321799998, -5.912239223999961], [-78.41988807699994, -5.912976345999937], [-78.41974485199995, -5.91356151399998], [-78.41971893499993, -5.9141003599999635], [-78.41966905599998, -5.914756261999969], [-78.41954587699996, -5.916067955999949], [-78.41949371299995, -5.9172159469999315], [-78.41949094099994, -5.918475410999974], [-78.42001931099998, -5.920495336999977], [-78.41971399599998, -5.922190391999948], [-78.41905396099997, -5.923407590999943], [-78.41931626399997, -5.924569558999963], [-78.41922177599997, -5.92570010299994], [-78.41892634599998, -5.926691461999951], [-78.42096163599996, -5.92658042599993], [-78.42196098899996, -5.926525900999934], [-78.42252148799997, -5.924386664999929], [-78.42438454499995, -5.918275868999956], [-78.42371177399997, -5.918070223999962], [-78.42318183699996, -5.917908457999943], [-78.42249386699996, -5.917493724999929], [-78.42217675499995, -5.917213467999943], [-78.42181440999997, -5.91673463799998], [-78.42162966999996, -5.9161713779999445], [-78.42148124399995, -5.915564091999954], [-78.42151097699997, -5.914873911999962], [-78.42164672099995, -5.914210774999958], [-78.42194154199996, -5.913574927999946], [-78.42246269599997, -5.912767550999945], [-78.42261213399996, -5.9120115499999315], [-78.42268049599994, -5.911573779999969], [-78.42273162599997, -5.9098782059999735], [-78.42175893299998, -5.9097607249999555], [-78.42162241799997, -5.910865273999946]]]}}, {"type": "Feature", "properties": {"objectid": 17467, "anp_gid": 145, "acp_codi": "ACP10", "acp_nomb": "Abra Patricia - Alto Nieva", "acp_suleg": 1415.74, "acp_balec": "R.M. N° 621-2007-AG", "acp_felec": 1192510800000, "acp_balem": " ", "acp_felem": null, "acp_fecad": "Perpetuo", "acp_ubpo": "AMAZONAS", "acp_titu": "ONG ECOAN", "acp_tipro": "Organización no Gubernamental", "acp_tirec": "Perpetuo", "acp_pareg": " ", "acp_obs": null, "met_link": null, "acp_orden": 10, "acp_id": 8}, "geometry": {"type": "Polygon", "coordinates": [[[-77.79851626499999, -5.694938804999936], [-77.80585263399996, -5.692045604999976], [-77.78958469399998, -5.70755276999995], [-77.79857237499994, -5.71205195899995], [-77.80932327599999, -5.707800883999937], [-77.76745645199998, -5.668764951999947], [-77.78047517999994, -5.722494713999936], [-77.78318811899999, -5.663653296999939], [-77.77171139299998, -5.672207994999951], [-77.79298750599997, -5.6944208539999295], [-77.76749614899995, -5.668775274999973]]]}}, {"type": "Feature", "properties": {"objectid": 17468, "anp_gid": 270, "acp_codi": "ACP33", "acp_nomb": "San Marcos", "acp_suleg": 985.99, "acp_balec": "R.M. N° 133-2011-MINAM", "acp_felec": 1308200400000, "acp_balem": " ", "acp_felem": null, "acp_fecad": "Perpetuo", "acp_ubpo": "HUANUCO", "acp_titu": "Comunidad Campesina de San Marcos", "acp_tipro": "Comunidad Campesina", "acp_tirec": "Perpetuo", "acp_pareg": " ", "acp_obs": null, "met_link": null, "acp_orden": 33, "acp_id": 75}, "geometry": {"type": "Polygon", "coordinates": [[[-76.06407394299998, -9.892710703999967], [-76.06408621299994, -9.892713241999957], [-76.06430137199999, -9.89280470999995], [-76.06456549299998, -9.892949467999927], [-76.06508638199995, -9.893248589999928], [-76.06567824399997, -9.893610516999956], [-76.06627992599994, -9.893962826999939], [-76.06673490899993, -9.894242712999926], [-76.06717993499996, -9.89448871899998], [-76.06767636799998, -9.894754002999946], [-76.06848815199999, -9.895183139999972], [-76.06906040699994, -9.895486975999972], [-76.06949068699998, -9.895684553999956], [-76.07000902599998, -9.895954557999971], [-76.07038799099996, -9.896132855999952], [-76.07069124499998, -9.896306511999967], [-76.07106777799999, -9.896494492999977], [-76.07139539599996, -9.896643834999963], [-76.07162014799997, -9.896711121999942], [-76.07172759599996, -9.896715571999948], [-76.07190819699997, -9.896695644999966], [-76.07208403199996, -9.896724112999948], [-76.07227960299997, -9.896820520999938], [-76.07255369399996, -9.897028268999975], [-76.07286702299996, -9.897299011999962], [-76.07308735099997, -9.897492372999977], [-76.07330515099994, -9.897637178999958], [-76.07346669399999, -9.897757930999944], [-76.07379949299997, -9.898013960999947], [-76.07403918099999, -9.898158787999932], [-76.07421523699998, -9.89825525699996], [-76.07434265999996, -9.898400351999953], [-76.07441140499998, -9.89850692999994], [-76.07449479099995, -9.898627929999975], [-76.07469574599997, -9.898865028999978], [-76.07489171499998, -9.89908270099994], [-76.07501405499994, -9.899179341999968], [-76.07513143499995, -9.89923711299997], [-76.07527319399998, -9.899275543999977], [-76.07543930299994, -9.899313806999942], [-76.07558598999998, -9.899381250999966], [-76.07580371699999, -9.899530939999977], [-76.07603377499998, -9.89971449999996], [-76.07626399099996, -9.89994662099997], [-76.07654303199996, -9.90018835099994], [-76.07670958299997, -9.900362437999945], [-76.07686632699995, -9.90049296899997], [-76.07700812099995, -9.90057010399994], [-76.07713519699996, -9.900608490999957], [-76.07732565499998, -9.900617646999933], [-76.07756976799999, -9.900636215999953], [-76.07779458299996, -9.900693732999969], [-76.07803905699996, -9.900794863999977], [-76.07820016299996, -9.900808815999937], [-76.07834185899998, -9.90082780399996], [-76.07848622799997, -9.900938930999928], [-76.07862819699994, -9.901069417999963], [-76.07876026699995, -9.901156349999951], [-76.07891670999999, -9.90119464299994], [-76.07910705999996, -9.901198914999952], [-76.07939012399999, -9.901164003999952], [-76.07968283599996, -9.901095150999936], [-76.07996569399995, -9.900997209999957], [-76.08015596099995, -9.900948128999971], [-76.08036113199995, -9.90096682099994], [-76.08064950599999, -9.901077484999973], [-76.08097215899994, -9.901212273999931], [-76.08132417899998, -9.901347056999953], [-76.08166639599995, -9.901496340999927], [-76.08205508299994, -9.90165994399996], [-76.08241194099998, -9.901823828999966], [-76.08272024199994, -9.902031367999939], [-76.08302377799998, -9.902287571999977], [-76.08330313799996, -9.90259711799996], [-76.08352376099998, -9.902877824999962], [-76.08368804699995, -9.903110151999954], [-76.08387936399998, -9.903381184999944], [-76.08409011899994, -9.903627921999941], [-76.08443790199993, -9.903971246999959], [-76.08470720799994, -9.904217793999976], [-76.08503531699995, -9.904512711999928], [-76.08533383599996, -9.904739720999942], [-76.08563697199997, -9.904845448999936], [-76.08597892499995, -9.904912346999936], [-76.08638675099996, -9.904959498999972], [-76.08676775199996, -9.905030971999963], [-76.08705619099999, -9.905131953999955], [-76.08740842999998, -9.905358877999959], [-76.08762280699995, -9.905541212999935], [-76.08764740799995, -9.905562113999963], [-76.08804009899995, -9.905914693999932], [-76.08836317399994, -9.906175622999967], [-76.08878915599996, -9.906528364999929], [-76.08915416099995, -9.906920188999948], [-76.08937962199997, -9.907171756999958], [-76.08954640799999, -9.907413747999954], [-76.08970359599994, -9.907704330999934], [-76.08979737299995, -9.908014562999938], [-76.08985195499997, -9.908276360999935], [-76.08989206199993, -9.908601234999935], [-76.08994179399997, -9.90885816399998], [-76.09004299599997, -9.90920716599993], [-76.09029946399994, -9.909982581999941], [-76.09045230699996, -9.91044779799995], [-76.09057030299994, -9.910690037999927], [-76.09074697799997, -9.910970789999965], [-76.09092330299995, -9.911144926999953], [-76.09115335599995, -9.911294563999945], [-76.09140032399995, -9.91142958699993], [-76.09166955699999, -9.911622773999966], [-76.09182143899994, -9.911796899999956], [-76.09198842199999, -9.912097125999935], [-76.09217515899996, -9.912440963999927], [-76.09234191799999, -9.912673277999943], [-76.09265543799995, -9.91299246899996], [-76.09294454899998, -9.913321414999928], [-76.09322154599994, -9.913655282999969], [-76.09342265199996, -9.913931160999937], [-76.09362408099997, -9.914304068999968], [-76.09375209599995, -9.91462377299996], [-76.09381172599996, -9.91494867299997], [-76.09387176799999, -9.915370511999981], [-76.09392435899997, -9.915773022999929], [-76.09396960599997, -9.916160998999942], [-76.09402939799998, -9.916534277999972], [-76.09408393699994, -9.916781514999968], [-76.09420680399995, -9.917033412999956], [-76.09435897499998, -9.91726577299994], [-76.09461393199996, -9.917580268999927], [-76.09497895799996, -9.917972084999974], [-76.09545913699998, -9.91848958199995], [-76.09595894899996, -9.919041016999927], [-76.09649323299999, -9.919645690999971], [-76.09670897099994, -9.919931194999947], [-76.09680484999996, -9.920129825999936], [-76.09685908499995, -9.920284915999957], [-76.09688925999995, -9.92052734899994], [-76.09687523699995, -9.920726338999941], [-76.09689578799998, -9.92103680699995], [-76.09694555099998, -9.921327645999952], [-76.09704403799998, -9.921569945999977], [-76.09716694199994, -9.921831517999976], [-76.09733409199998, -9.922151181999936], [-76.09750092299998, -9.922402843999976], [-76.09804311899995, -9.922735056999954], [-76.09879578399995, -9.922844475999966], [-76.09973378399997, -9.922132801999965], [-76.10063802499997, -9.922577369999942], [-76.10116574999995, -9.922911289999945], [-76.10161662599995, -9.92276062999997], [-76.10229206599996, -9.922273581999946], [-76.10338213599994, -9.922046228999932], [-76.10420902799996, -9.92185703399997], [-76.10511152399994, -9.921779472999958], [-76.10605275699999, -9.922037430999978], [-76.10657948499994, -9.922072987999968], [-76.10714370099998, -9.922071125999935], [-76.10800995799997, -9.922403913999972], [-76.10842534699998, -9.922887369999955], [-76.10842986299997, -9.92422995499993], [-76.11245863999994, -9.92352256199996], [-76.11253360599994, -9.923616883999955], [-76.11254177099994, -9.923626585999955], [-76.11255200699998, -9.923637349999979], [-76.11256293199995, -9.923647426999935], [-76.11257449799996, -9.923656772999948], [-76.11258665499997, -9.923665349999965], [-76.11259935199996, -9.923673119999933], [-76.11261253499998, -9.923680049999973], [-76.11262200499993, -9.923684377999962], [-76.11276814799999, -9.92374719399993], [-76.11277228899996, -9.923748925999973], [-76.11278627099995, -9.923754090999978], [-76.11280056399994, -9.92375833799997], [-76.11281510699996, -9.923761648999971], [-76.11282983699994, -9.923764009999957], [-76.11284468999997, -9.923765410999977], [-76.11285442399998, -9.92376580399997], [-76.11315609099995, -9.923771599999952], [-76.11346076699994, -9.923771016999979], [-76.11360807599993, -9.923935177999965], [-76.11373597899996, -9.92399805399998], [-76.11388196999997, -9.924015654999948], [-76.11403680599994, -9.923951838999926], [-76.11419136799998, -9.923806637999974], [-76.11434513399996, -9.923426319999976], [-76.11424991599995, -9.922801750999952], [-76.11414225299995, -9.922133267999982], [-76.11429972599996, -9.920785916999932], [-76.11411833799997, -9.918390124999974], [-76.11393302699997, -9.917531653999959], [-76.11361146099995, -9.916836411999952], [-76.11312520999996, -9.915987981999933], [-76.11272989099996, -9.915057864999937], [-76.11265567799995, -9.914687347999973], [-76.11253342299995, -9.913593547999938], [-76.11226527599996, -9.91250927599998], [-76.11175143099996, -9.911588592999976], [-76.11152104799999, -9.910884000999943], [-76.11138369599996, -9.910721680999927], [-76.11107284699995, -9.91049663399997], [-76.11099945799998, -9.91037027599998], [-76.11092543099994, -9.910054013999968], [-76.11088596799993, -9.909167929999967], [-76.11083045499998, -9.908932995999976], [-76.11059223399997, -9.908608234999974], [-76.10989745699999, -9.90812220999993], [-76.10926624999996, -9.907554584999957], [-76.10860689499998, -9.906751932999953], [-76.10791963599996, -9.905786597999963], [-76.10738887999997, -9.905254809999974], [-76.10551583399996, -9.904239116999975], [-76.10481189299998, -9.903735022999967], [-76.10376921099999, -9.902843189999942], [-76.10088054999994, -9.900836068999979], [-76.10032227099998, -9.900250099999937], [-76.09972781599998, -9.899754678999955], [-76.09927946199997, -9.899313034999977], [-76.09875667599994, -9.898428525999975], [-76.09763029599998, -9.89703957599994], [-76.09721743799997, -9.896299392999936], [-76.09694098999995, -9.895441203999951], [-76.09693108999994, -9.89520611599994], [-76.09703671699998, -9.894057303999944], [-76.09690591899994, -9.893117250999978], [-76.09659320599997, -9.89232248199994], [-76.09657595799996, -9.892297393999968], [-76.09578676899997, -9.89114951199997], [-76.09562069499998, -9.890571295999962], [-76.09563650799998, -9.88983875599996], [-76.09593545199994, -9.889231896999945], [-76.09578734999997, -9.888572235999959], [-76.09578636099997, -9.88827381799996], [-76.09585820999996, -9.887938989999952], [-76.09604858499995, -9.887594732999958], [-76.09607459599994, -9.887187710999967], [-76.07057803999999, -9.886609158999931], [-76.06407394299998, -9.892710703999967]]]}}, {"type": "Feature", "properties": {"objectid": 17469, "anp_gid": 236, "acp_codi": "ACP145", "acp_nomb": "Buen Retiro", "acp_suleg": 4.998, "acp_balec": "R.M. N° 032-2020-MINAM", "acp_felec": 1580706000000, "acp_balem": " ", "acp_felem": null, "acp_fecad": "03/02/2040", "acp_ubpo": "LORETO", "acp_titu": "Marcela Kasparova", "acp_tipro": "Privado", "acp_tirec": "20", "acp_pareg": "P.E. N° 04008525", "acp_obs": null, "met_link": null, "acp_orden": 145, "acp_id": 56}, "geometry": {"type": "Polygon", "coordinates": [[[-73.57961299699997, -4.475657826999964], [-73.57616710099995, -4.472744446999968], [-73.57558653299998, -4.473436126999957], [-73.57903242799995, -4.476349509999977], [-73.57961299699997, -4.475657826999964]]]}}, {"type": "Feature", "properties": {"objectid": 17470, "anp_gid": 195, "acp_codi": "ACP117", "acp_nomb": "Santa Catalina de Moza", "acp_suleg": 1842.04, "acp_balec": "R.M. N° 049-2017-MINAM", "acp_felec": 1487134800000, "acp_balem": " ", "acp_felem": null, "acp_fecad": "Perpetuo", "acp_ubpo": "PIURA", "acp_titu": "Santa Catalina de Moza", "acp_tipro": "Comunidad Campesina", "acp_tirec": "Perpetuo", "acp_pareg": " ", "acp_obs": null, "met_link": null, "acp_orden": 117, "acp_id": 26}, "geometry": {"type": "Polygon", "coordinates": [[[-79.90117659399993, -5.12603583799995], [-79.89804359999994, -5.123535533999927], [-79.88285456299997, -5.123747112999979], [-79.88364886099998, -5.127594578999947], [-79.88429132499994, -5.130980145999956], [-79.88369232399998, -5.13348482899994], [-79.88254295799999, -5.137152157999935], [-79.87770707499999, -5.137700935999931], [-79.87535139399995, -5.136140244999979], [-79.87389587199993, -5.1330952949999755], [-79.86265134299998, -5.132281444999933], [-79.86264911799998, -5.133537363999949], [-79.86543348799995, -5.138410854999961], [-79.86802717399996, -5.142260397999962], [-79.86988377499995, -5.14552563999996], [-79.87336269399998, -5.147892980999927], [-79.87827914199994, -5.15041995699994], [-79.88070398099995, -5.154491642999972], [-79.88725718199998, -5.157815530999926], [-79.89009681099998, -5.161678148999954], [-79.89590928599995, -5.16633556499994], [-79.90446883599998, -5.1699928349999595], [-79.90511335999997, -5.174998235999965], [-79.90735249099998, -5.178535761999967], [-79.91090917999998, -5.181406737999964], [-79.91428552699995, -5.180976921999957], [-79.91812621799994, -5.1813697369999545], [-79.92417398399994, -5.186974867999936], [-79.92787230299996, -5.188373267999964], [-79.92747569699998, -5.182289889999936], [-79.92485565799996, -5.178554666999958], [-79.92365694799997, -5.173625644999959], [-79.92038593599995, -5.171380233999969], [-79.91799343499997, -5.167865645999939], [-79.91450124899995, -5.16641935399997], [-79.91424879499993, -5.164666255999975], [-79.91510906899998, -5.157976793999978], [-79.91254921799998, -5.154780372999937], [-79.90509819599998, -5.148827792999953], [-79.90518187899994, -5.14417872599995], [-79.90630344299996, -5.13664519699995], [-79.90494097799996, -5.132314414999939], [-79.90144306999997, -5.132269529999974], [-79.90117659399993, -5.12603583799995]]]}}, {"type": "Feature", "properties": {"objectid": 17471, "anp_gid": 170, "acp_codi": "ACP107", "acp_nomb": "Tambopata Eco Lodge", "acp_suleg": 66.889, "acp_balec": "R.M. N° 310-2016-MINAM", "acp_felec": 1476939600000, "acp_balem": " ", "acp_felem": null, "acp_fecad": "2026-10-20", "acp_ubpo": "MADRE DE DIOS", "acp_titu": "Inversiones Maldonado SAC", "acp_tipro": "Privado", "acp_tirec": "10", "acp_pareg": " ", "acp_obs": null, "met_link": null, "acp_orden": 107, "acp_id": 16}, "geometry": {"type": "Polygon", "coordinates": [[[-69.43360904099995, -12.859375540999963], [-69.43646922299996, -12.860722069999952], [-69.43935144699998, -12.862097370999948], [-69.43949672799994, -12.855047568999964], [-69.43944355299993, -12.852001555999948], [-69.43942433699993, -12.851833062999958], [-69.43914556999994, -12.85173823699995], [-69.43886628399997, -12.851738703999956], [-69.43858392599998, -12.851808067999968], [-69.43833328199997, -12.85189121299993], [-69.43797206399995, -12.852062237999974], [-69.43784845599998, -12.852128715999982], [-69.43747313899996, -12.852276981999978], [-69.43707076399994, -12.852380266999944], [-69.43645303899996, -12.852585713999929], [-69.43602433299998, -12.85266842699997], [-69.43536352099994, -12.852656413999966], [-69.43467759899994, -12.852670299999943], [-69.43403634099997, -12.852671360999977], [-69.43338665799996, -12.852634099999932], [-69.43289309299996, -12.852609598999948], [-69.43275575599995, -12.852602772999944], [-69.43322366899997, -12.853534946999957], [-69.43303998599998, -12.855309371999965], [-69.43128495499997, -12.857923764999953], [-69.43360904099995, -12.859375540999963]]]}}, {"type": "Feature", "properties": {"objectid": 17472, "anp_gid": 290, "acp_codi": "ACP53", "acp_nomb": "Bosque de Palmeras de la Comunidad Campesina Taulia Molinopampa", "acp_suleg": 10920.84, "acp_balec": "R.M. N° 252-2012-MINAM", "acp_felec": 1348117200000, "acp_balem": " ", "acp_felem": null, "acp_fecad": "2022-09-20", "acp_ubpo": "AMAZONAS", "acp_titu": "Comunidad Campesina de Taulia Molinopampa", "acp_tipro": "Comunidad Campesina", "acp_tirec": "10", "acp_pareg": " ", "acp_obs": null, "met_link": null, "acp_orden": 53, "acp_id": 95}, "geometry": {"type": "Polygon", "coordinates": [[[-77.55406272099998, -6.316592316999959], [-77.56579092999993, -6.309944891999976], [-77.57189474499995, -6.307561322999959], [-77.57610986599997, -6.303774976999932], [-77.58266064699995, -6.296682248999957], [-77.58736230899996, -6.29618826899997], [-77.59063408999998, -6.291935875999968], [-77.59391049199996, -6.288624827999968], [-77.59624841799996, -6.285789119999947], [-77.59952942099994, -6.283419404999961], [-77.60139691599994, -6.280586032999963], [-77.60185158699994, -6.278381682999964], [-77.60396292499996, -6.27463880199997], [-77.60605154699994, -6.270678605999933], [-77.60650788499998, -6.267852262999952], [-77.60743692499994, -6.265494248999971], [-77.61212883699994, -6.263117509999972], [-77.61022167699997, -6.257949551999957], [-77.61208205199995, -6.253704204999963], [-77.61058039999995, -6.245019017999937], [-77.60768325699996, -6.240557992999925], [-77.60518231799995, -6.237926681999966], [-77.60320326699997, -6.234403006999969], [-77.59768372199994, -6.228933727999959], [-77.59295277399997, -6.224245689999975], [-77.58862575599994, -6.221911263999971], [-77.58232952099996, -6.21801596499995], [-77.57917760499998, -6.215283061999969], [-77.57327952799994, -6.212563500999977], [-77.57012768099997, -6.20983051099995], [-77.56580463199998, -6.2082810249999625], [-77.56068748799999, -6.20477223499995], [-77.55584036699997, -6.198438535999969], [-77.55020100899998, -6.199407106999956], [-77.54738131399995, -6.199891373999947], [-77.54409579299994, -6.201319268999953], [-77.54032864599998, -6.200395943999979], [-77.53798825499996, -6.20276068499993], [-77.53327592599999, -6.200900424999929], [-77.52999257299996, -6.202798947999952], [-77.52435973599995, -6.205179377999968], [-77.52201251299994, -6.206131986999935], [-77.52078605399998, -6.209256946999972], [-77.51825424699996, -6.207091305999938], [-77.51213306999995, -6.205708259999938], [-77.50789327999996, -6.204316219999953], [-77.50131509399995, -6.205759493999949], [-77.49945812199996, -6.210946166999975], [-77.49902332399995, -6.218479713999955], [-77.49387154299995, -6.223211262999939], [-77.49485674299996, -6.232620997999959], [-77.50006432199996, -6.239657084999976], [-77.50572676499996, -6.243395887999952], [-77.51045973499998, -6.249492605999933], [-77.51519282499999, -6.255589234999945], [-77.51661976199995, -6.258877378999955], [-77.52202396699994, -6.260640873999932], [-77.52278254899994, -6.263616342999967], [-77.52081449399998, -6.267101446999959], [-77.52059025399996, -6.272067725999932], [-77.51962172899994, -6.2770375899999635], [-77.52087895099999, -6.280507173999979], [-77.51867709699997, -6.286972548999927], [-77.51746645199995, -6.293184893999978], [-77.51876253299997, -6.298027221999973], [-77.52221645099996, -6.3006097529999465], [-77.52743877799998, -6.303067050999971], [-77.53290322299995, -6.304281812999932], [-77.53687901299998, -6.30550375699994], [-77.54185208899997, -6.307713821999926], [-77.54484030999998, -6.3099335269999415], [-77.54782976799999, -6.31240145299995], [-77.55406272099998, -6.316592316999959]]]}}, {"type": "Feature", "properties": {"objectid": 17473, "anp_gid": 208, "acp_codi": "ACP129", "acp_nomb": "Refugio Lupuna", "acp_suleg": 41.9469, "acp_balec": "R.M. N° 367-2018-MINAM", "acp_felec": 1540357200000, "acp_balem": " ", "acp_felem": null, "acp_fecad": "2028-10-24", "acp_ubpo": "MADRE DE DIOS", "acp_titu": "Martin Hans Schmidt Hennig", "acp_tipro": "Privado", "acp_tirec": "10", "acp_pareg": " ", "acp_obs": null, "met_link": null, "acp_orden": 129, "acp_id": 38}, "geometry": {"type": "Polygon", "coordinates": [[[-69.35715857599996, -12.83772235799995], [-69.35644171999996, -12.839106859999958], [-69.35575945599999, -12.838881716999936], [-69.35536353299995, -12.839126404999945], [-69.35566874999995, -12.83991270499996], [-69.35653667899999, -12.841096117999939], [-69.35676974699999, -12.842994760999943], [-69.35737092399995, -12.844182371999977], [-69.35824702599996, -12.842946741999981], [-69.35958118199994, -12.841075306999926], [-69.36063135399996, -12.839592118999974], [-69.36004911199996, -12.838430228999925], [-69.35950251899999, -12.837110793999955], [-69.35940628299994, -12.837113434999935], [-69.35709031299996, -12.831844205999971], [-69.35557982199998, -12.833585513999935], [-69.35465627099995, -12.834686328999965], [-69.35517486899994, -12.83602502399998], [-69.35556378299998, -12.837353770999925], [-69.35715857599996, -12.83772235799995]]]}}, {"type": "Feature", "properties": {"objectid": 17474, "anp_gid": 210, "acp_codi": "ACP130", "acp_nomb": "El Cortijo Centro Piedras", "acp_suleg": 68.7276, "acp_balec": "R.M. N° 431-2018-MINAM", "acp_felec": 1544504400000, "acp_balem": " ", "acp_felem": null, "acp_fecad": "Perpetuo", "acp_ubpo": "MADRE DE DIOS", "acp_titu": "Pedro Cesar Bocanegra Cortijo y Carmen Argelia Gahona Salas", "acp_tipro": "Privado", "acp_tirec": "Perpetuo", "acp_pareg": "PE N° 11143758", "acp_obs": null, "met_link": null, "acp_orden": 130, "acp_id": 40}, "geometry": {"type": "Polygon", "coordinates": [[[-69.26172016799995, -12.389894888999947], [-69.26179655199996, -12.392548403999967], [-69.26212092399999, -12.395039564999934], [-69.26125062999995, -12.398016500999972], [-69.26087284499994, -12.400398302999974], [-69.26268624599999, -12.400872859999936], [-69.26379879899997, -12.401164001999973], [-69.26612007099999, -12.401941732999944], [-69.26616001799994, -12.401170014999934], [-69.26635971999997, -12.400481489999947], [-69.26644723199996, -12.399638688999971], [-69.26641009199994, -12.399550077999947], [-69.26650738199999, -12.39905939099998], [-69.26656315699995, -12.396759904999954], [-69.26672028599995, -12.395274273999974], [-69.26680458499999, -12.394477233999964], [-69.26680783999996, -12.394443524999929], [-69.26684081299999, -12.394101993999982], [-69.26699106199999, -12.39254578899994], [-69.26730476099993, -12.39029893399993], [-69.26721143199995, -12.390352656999937], [-69.26692416599997, -12.390490030999956], [-69.26670506899995, -12.390567922999935], [-69.26652651099994, -12.390613083999938], [-69.26625456199997, -12.39065287699998], [-69.26608197099995, -12.390662194999948], [-69.26581705899997, -12.390655060999961], [-69.26556174399997, -12.390624909999929], [-69.26538451899995, -12.39059249099995], [-69.26509777299998, -12.39052232399996], [-69.26460188299995, -12.390372233999926], [-69.26433049599996, -12.390275508999935], [-69.26395156299998, -12.390113249999956], [-69.26336687599996, -12.389825587999951], [-69.26304534499997, -12.38963746199994], [-69.26283330099994, -12.389482389999955], [-69.26215761899994, -12.389320964999968], [-69.26126086899995, -12.387879529999964], [-69.26172016799995, -12.389894888999947]]]}}, {"type": "Feature", "properties": {"objectid": 17475, "anp_gid": 374, "acp_codi": "ACP166", "acp_nomb": "Campo Verde", "acp_suleg": 8049.872, "acp_balec": "R.M. N° 193-2022-MINAM", "acp_felec": 1664427600000, "acp_balem": " ", "acp_felem": null, "acp_fecad": "29/09/2062", "acp_ubpo": "UCAYALI", "acp_titu": "JCC INVERSIONES S.A.C", "acp_tipro": "Privado", "acp_tirec": "40", "acp_pareg": "P.E. Nº 11042622", "acp_obs": null, "met_link": null, "acp_orden": 166, "acp_id": 160}, "geometry": {"type": "Polygon", "coordinates": [[[-74.55703326399998, -8.559872944999938], [-74.65790257099997, -8.586604178999949], [-74.67325241499998, -8.529663264999954], [-74.67367876999998, -8.528081683999972], [-74.64670714799996, -8.51954658099993], [-74.57314080199995, -8.496266694999974], [-74.55703326399998, -8.559872944999938]]]}}, {"type": "Feature", "properties": {"objectid": 17476, "anp_gid": 167, "acp_codi": "ACP107", "acp_nomb": "Tambopata Eco Lodge", "acp_suleg": 110.913, "acp_balec": "R.M. N° 310-2016-MINAM", "acp_felec": 1476939600000, "acp_balem": " ", "acp_felem": null, "acp_fecad": "2026-10-20", "acp_ubpo": "MADRE DE DIOS", "acp_titu": "Inversiones Maldonado SAC", "acp_tipro": "Privado", "acp_tirec": "10", "acp_pareg": " ", "acp_obs": null, "met_link": null, "acp_orden": 107, "acp_id": 16}, "geometry": {"type": "Polygon", "coordinates": [[[-69.40558180999994, -12.818315931999962], [-69.40547582299996, -12.818325227999935], [-69.40539565799997, -12.818325351999931], [-69.40532843299997, -12.818340643999932], [-69.40526899999998, -12.818380333999926], [-69.40527171999997, -12.818465768999943], [-69.40530030999997, -12.818572409999945], [-69.40530572499995, -12.818727817999957], [-69.40528519999998, -12.818865002999928], [-69.40523109699996, -12.818959565999933], [-69.40514330699995, -12.819038991999946], [-69.40506839499994, -12.819093985999928], [-69.40494440199996, -12.81915203899996], [-69.40482288699997, -12.81919182699994], [-69.40469111799996, -12.819234703999939], [-69.40461619499996, -12.819234818999973], [-69.40451274499998, -12.819262281999954], [-69.40442748399994, -12.819308070999966], [-69.40431634699996, -12.819375325999943], [-69.40423368099994, -12.819427257999962], [-69.40417953799994, -12.819497499999954], [-69.40413059999997, -12.81959205499993], [-69.40408156999996, -12.819723225999951], [-69.40404834699996, -12.819903013999976], [-69.40400966799996, -12.819997551999961], [-69.40397877299995, -12.820064774999935], [-69.40394002099998, -12.820113564999929], [-69.40386251499996, -12.820162506999964], [-69.40379540699996, -12.820202209999934], [-69.40372301899998, -12.82022058399997], [-69.40363251999997, -12.820220721999931], [-69.40352386399996, -12.820223963999979], [-69.40345157599995, -12.820257525999978], [-69.40341545999996, -12.820291123999937], [-69.40337670299994, -12.820336749999967], [-69.40338201199995, -12.820425073999957], [-69.40339767299997, -12.820525677999967], [-69.40341076399994, -12.820586683999977], [-69.40341603199994, -12.820650686999954], [-69.40338761499999, -12.820699462999926], [-69.40332306499994, -12.82072397199994], [-69.40326350599997, -12.820733194999946], [-69.40320150399998, -12.82073636499996], [-69.40313684899996, -12.820742520999943], [-69.40306714699994, -12.820776169999931], [-69.40302845599996, -12.820815829999958], [-69.40298970999999, -12.820867693999958], [-69.40296391399994, -12.820940875999952], [-69.40292529599998, -12.82102628299998], [-69.40289438499997, -12.821084283999937], [-69.40285556199996, -12.82113605799998], [-69.40281429199996, -12.82117879499998], [-69.40277811999994, -12.821224507999943], [-69.40273687399997, -12.821282523999969], [-69.40270330299995, -12.821340438999925], [-69.40269305699996, -12.82139533399993], [-69.40269574699994, -12.82146232499997], [-69.40270615899993, -12.821511129999976], [-69.40272176599996, -12.821578100999943], [-69.40271409299999, -12.821627024999941], [-69.40268838799994, -12.821660515999952], [-69.40265477899999, -12.821694109999953], [-69.40261079499999, -12.821703309999975], [-69.40252553799996, -12.821703439999965], [-69.40246337999997, -12.821703533999937], [-69.40239103999994, -12.821703645999946], [-69.40229540099995, -12.821722144999967], [-69.40219719699996, -12.82175276299995], [-69.40210413699998, -12.821768094999982], [-69.40195678299995, -12.821759097999973], [-69.40187140499995, -12.821731833999934], [-69.40175233099995, -12.82168328399996], [-69.40164638599998, -12.821671240999933], [-69.40153772399998, -12.82167140599995], [-69.40143172099994, -12.821671567999942], [-69.40134382299993, -12.821683907999954], [-69.40127921599998, -12.821720532999962], [-69.40116829099998, -12.821827385999939], [-69.40113215099996, -12.82189443599998], [-69.40112453499995, -12.821979794999947], [-69.40112470899999, -12.822089553999945], [-69.40114294399996, -12.82218400499994], [-69.40117145199997, -12.822287572999926], [-69.40117928899997, -12.822342440999932], [-69.40116904599995, -12.82240031899994], [-69.40112522199996, -12.82246132299997], [-69.40105030899997, -12.822516316999952], [-69.40099348499996, -12.822525534999954], [-69.40088213299998, -12.822458709999978], [-69.40080455699996, -12.822416153999939], [-69.40074503499994, -12.822400964999929], [-69.40069847899997, -12.82241631599993], [-69.40066496899993, -12.822465097999952], [-69.40065994599996, -12.822556511999949], [-69.40068849199997, -12.822635757999933], [-69.40077923399997, -12.822788052999954], [-69.40082598399994, -12.822894666999957], [-69.40086240499994, -12.82305310099997], [-69.40086510899994, -12.823129222999967], [-69.40085234499998, -12.823226795999972], [-69.40081630399999, -12.82330912499998], [-69.40078543199996, -12.823391535999974], [-69.40077778799997, -12.823507273999951], [-69.40078318099995, -12.823601744999962], [-69.40082463799996, -12.823677897999971], [-69.40087132699995, -12.823745001999953], [-69.40093597899994, -12.823784503999946], [-69.40102391999994, -12.823799467999947], [-69.40113506099993, -12.823732303999975], [-69.40120482599997, -12.82368943399996], [-69.40131851299998, -12.823646585999938], [-69.40141684099996, -12.823646435999933], [-69.40146593399999, -12.823649433999947], [-69.40168317099995, -12.82368870299996], [-69.40173753199997, -12.823706882999943], [-69.40200370699995, -12.82365159699998], [-69.40208644799998, -12.823645413999941], [-69.40221575999993, -12.82363300999998], [-69.40229080899996, -12.82366336399997], [-69.40232444399999, -12.823693780999974], [-69.40233484699996, -12.823736529999962], [-69.40234011499996, -12.82380053299994], [-69.40231954799998, -12.82386457499996], [-69.40229376599996, -12.823898155999927], [-69.40222662999997, -12.823922578999941], [-69.40214899999995, -12.823941051999952], [-69.40205597599999, -12.823931972999958], [-69.40196793299998, -12.823901637999938], [-69.40193434599996, -12.823901688999968], [-69.40188264199998, -12.82392925299996], [-69.40178964799998, -12.823987167999974], [-69.40172254799995, -12.824033018999955], [-69.40164759499999, -12.824063600999978], [-69.40155458799995, -12.824112474999936], [-69.40147707599994, -12.82415834099993], [-69.40139963699994, -12.82424995499997], [-69.40131710299994, -12.82438723499996], [-69.40130068399998, -12.824432012999978], [-69.40167983999999, -12.824942164999982], [-69.40210830799998, -12.825688122999964], [-69.40448287499999, -12.827919619999932], [-69.40676952999996, -12.832116577999955], [-69.40910281299995, -12.830415855999945], [-69.41129831699993, -12.828915499999937], [-69.41359769799993, -12.827432140999974], [-69.41180210999994, -12.82423061999998], [-69.40962444399997, -12.821886142999972], [-69.40727149399999, -12.819337767999968], [-69.40643944599998, -12.817874579999966], [-69.40609152299999, -12.81779157799997], [-69.40602834499998, -12.817818345999967], [-69.40599219999996, -12.817833681999957], [-69.40595601899997, -12.81787333699998], [-69.40593274899999, -12.81790998899993], [-69.40588889799994, -12.817952730999934], [-69.40585012199995, -12.817986332999965], [-69.40580893899994, -12.818035128999952], [-69.40572640599999, -12.818169424999951], [-69.40569032899998, -12.818227343999979], [-69.40563083799998, -12.81827924099997], [-69.40558180999994, -12.818315931999962]]]}}, {"type": "Feature", "properties": {"objectid": 17478, "anp_gid": 294, "acp_codi": "ACP57", "acp_nomb": "Camino Verde Baltimore", "acp_suleg": 21.07, "acp_balec": "R.M. N° 346-2012-MINAM", "acp_felec": 1356670800000, "acp_balem": " ", "acp_felem": null, "acp_fecad": "2027-12-28", "acp_ubpo": "MADRE DE DIOS", "acp_titu": "Robin Gwilym Van Loon", "acp_tipro": "Privado", "acp_tirec": "15", "acp_pareg": " ", "acp_obs": null, "met_link": null, "acp_orden": 57, "acp_id": 99}, "geometry": {"type": "Polygon", "coordinates": [[[-69.45562840799994, -12.829876118999948], [-69.45401846199996, -12.830265276999967], [-69.45070859399993, -12.831114857999978], [-69.45071106699999, -12.831871444999933], [-69.44709219799995, -12.832719832999942], [-69.44696366499994, -12.83299132899998], [-69.44680908199996, -12.834167126999944], [-69.44697970799996, -12.835298357999932], [-69.44756128699998, -12.835051376999957], [-69.45343834499994, -12.832479047999982], [-69.45488056499994, -12.831360832999962], [-69.45562840799994, -12.829876118999948]]]}}, {"type": "Feature", "properties": {"objectid": 17479, "anp_gid": 194, "acp_codi": "ACP116", "acp_nomb": "Bosque Seco de Colina Juan Velasco Alvarado", "acp_suleg": 2164.78, "acp_balec": "R.M. N° 048-2017-MINAM", "acp_felec": 1487134800000, "acp_balem": " ", "acp_felem": null, "acp_fecad": "Perpetuo", "acp_ubpo": "PIURA", "acp_titu": "Comunidad Campesina Juan Velasco Alvarado Franco C-C-J-V-A Franco", "acp_tipro": "Comunidad Campesina", "acp_tirec": "Perpetuo", "acp_pareg": " ", "acp_obs": null, "met_link": null, "acp_orden": 116, "acp_id": 25}, "geometry": {"type": "Polygon", "coordinates": [[[-79.97214870599998, -5.115542457999936], [-79.96948120399998, -5.118613105999941], [-79.96732808599995, -5.119472822999967], [-79.96356774299994, -5.121093667999958], [-79.95326825699993, -5.122649572999933], [-79.94995166999996, -5.124706810999953], [-79.94788572099998, -5.124704402999953], [-79.94806630199997, -5.126530111999955], [-79.94690809899998, -5.128966511999977], [-79.94586140599995, -5.132312935999948], [-79.94562122299999, -5.133967559999974], [-79.94710979099995, -5.136824239999953], [-79.94703738699997, -5.137992700999973], [-79.94741702499994, -5.139782394999941], [-79.95159596299999, -5.142312335999975], [-79.95283071099999, -5.145969831999935], [-79.95437605599994, -5.151135017999934], [-79.95531438699999, -5.153027465999969], [-79.95624921699994, -5.154218516999947], [-79.95698631599998, -5.1555607949999285], [-79.95900952999995, -5.156532291999952], [-79.95910567499999, -5.158249189999935], [-79.95907323999995, -5.159200864999946], [-79.95890673399998, -5.160432062999973], [-79.96033331899997, -5.1623509679999415], [-79.96231035699998, -5.164567699999964], [-79.96660313699994, -5.167448496999953], [-79.97027904099997, -5.166241230999958], [-79.97338700599994, -5.166457900999944], [-79.97312340299999, -5.1615824789999465], [-79.96815551499998, -5.155906816999959], [-79.97571573899995, -5.146346575999928], [-79.98424575899998, -5.142835312999978], [-79.98417759999995, -5.142581890999963], [-79.98412900499994, -5.142400571999929], [-79.98409051699997, -5.142251729999941], [-79.98403780699994, -5.142063834999931], [-79.98393558099997, -5.141876053999965], [-79.98381906699996, -5.14169153499995], [-79.98368164199996, -5.141482443999962], [-79.98350547499996, -5.141284111999937], [-79.98339521699995, -5.141157568999972], [-79.98323800199995, -5.141018390999932], [-79.98301451299994, -5.140837952999959], [-79.98284465199998, -5.140667261999965], [-79.98253680799996, -5.140239364999957], [-79.98237500899995, -5.13998888499998], [-79.98230009399998, -5.1397920669999735], [-79.98224291799994, -5.139618655999925], [-79.98219134999994, -5.139312124999947], [-79.98210526599996, -5.138953367999932], [-79.98199180299997, -5.1386459649999665], [-79.98188218799999, -5.138314995999963], [-79.98174526099996, -5.1379930629999535], [-79.98154400099997, -5.137606878999975], [-79.98136163299995, -5.137317528999972], [-79.98117615399997, -5.136988563999978], [-79.98091811299997, -5.136581034999949], [-79.98064485099997, -5.136164206999979], [-79.98065851099994, -5.135956901999975], [-79.98066568599995, -5.135635972999978], [-79.98070659199999, -5.135261574999959], [-79.98074738099996, -5.134760036999978], [-79.98076708099995, -5.1343471549999435], [-79.98082623399995, -5.133874243999969], [-79.98084273699999, -5.133475654999927], [-79.98089183099995, -5.132740524999974], [-79.98094002299996, -5.132373867999945], [-79.98104675299999, -5.131922286999952], [-79.98116428299994, -5.131465505999927], [-79.98128846999998, -5.131013178999979], [-79.98129805699995, -5.130978226999957], [-79.98131073199994, -5.130985970999973], [-79.98135670099998, -5.131020822999972], [-79.98146292499996, -5.131088040999941], [-79.98162899399995, -5.131246166999972], [-79.98185272999996, -5.1314687269999695], [-79.98213671699995, -5.131727130999934], [-79.98236356099994, -5.131991432999939], [-79.98255424699994, -5.132239058999971], [-79.98282679599998, -5.132504593999954], [-79.98308671399997, -5.132729336999944], [-79.98332664999998, -5.132944193999947], [-79.98351747299995, -5.133106030999954], [-79.98379588199998, -5.13327882699997], [-79.98387482299995, -5.133338271999946], [-79.98402957599995, -5.133427592999965], [-79.98419423699994, -5.133474034999949], [-79.98438184899999, -5.133457908999958], [-79.98455649599998, -5.133411813999942], [-79.98472768199997, -5.13334619699998], [-79.98489886799996, -5.133280579999962], [-79.98514935899993, -5.133244652999963], [-79.98536996099995, -5.133241717999965], [-79.98555745999994, -5.133298049999951], [-79.98571511699998, -5.133357812999975], [-79.98581209399998, -5.1334522589999665], [-79.98598965199994, -5.133573110999976], [-79.98613358899996, -5.133678257999975], [-79.98627212499997, -5.133785908999926], [-79.98642083599998, -5.1338831429999345], [-79.98665939999995, -5.1339631289999375], [-79.98689229299998, -5.134015860999966], [-79.98703888599994, -5.134047588999977], [-79.98717205999998, -5.13413436299993], [-79.98729505299997, -5.1342367719999515], [-79.98744682099993, -5.134408206999979], [-79.98754844799998, -5.134573379999949], [-79.98762685899999, -5.1347676919999685], [-79.98768346899999, -5.134898398999951], [-79.98776009999995, -5.135013873999981], [-79.98785577499996, -5.135129185999972], [-79.98796099599997, -5.135230214999979], [-79.98803740799997, -5.135283084999969], [-79.98814270399998, -5.135336000999928], [-79.98829635899995, -5.135317115999953], [-79.98845446599995, -5.13529340599996], [-79.98860781899998, -5.135264665999955], [-79.98873210699998, -5.135351425999943], [-79.98890000699998, -5.135356522999928], [-79.98913931799996, -5.135366368999939], [-79.98937899099997, -5.135347618999958], [-79.98955130499996, -5.135371850999945], [-79.98967689899996, -5.135435620999942], [-79.98981573399999, -5.1355558309999765], [-79.98993521599994, -5.13567137299998], [-79.99006929099994, -5.135791575999974], [-79.99015545199995, -5.135902040999952], [-79.99026069499996, -5.135988578999957], [-79.99040912099997, -5.136065714999972], [-79.99053344699996, -5.136128321999934], [-79.99061964699996, -5.136214828999925], [-79.99065784099997, -5.1363493709999375], [-79.99065285399996, -5.136493313999949], [-79.99063331099995, -5.1366086359999485], [-79.99058518599998, -5.136733188999926], [-79.99018809999995, -5.137787759999981], [-79.98998683599996, -5.138208462999955], [-79.98992042399993, -5.138639224999963], [-79.98975508199999, -5.139384657999926], [-79.99139222099996, -5.140595665999967], [-79.99083855799995, -5.143796986999973], [-79.99222130299995, -5.149119123999981], [-79.99410437899996, -5.151266973999952], [-79.99414549199997, -5.151196289999973], [-79.99437066099995, -5.151020073999973], [-79.99441018099998, -5.150970805999975], [-79.99441379499996, -5.150366764999944], [-79.99449618399996, -5.150245927999947], [-79.99469780599998, -5.1500481079999645], [-79.99477431999998, -5.150113798999939], [-79.99546904399995, -5.1509232579999775], [-79.99584346599994, -5.15112923199996], [-79.99624580799997, -5.1514991519999285], [-79.99653587099994, -5.151751494999928], [-79.99666059599997, -5.151881351999975], [-79.99584599699995, -5.152503865999961], [-79.99564466899994, -5.152754386999959], [-79.99534533299999, -5.152682403999961], [-79.99603710799994, -5.153471439999976], [-80.00132577699998, -5.154590181999936], [-80.00405966199997, -5.1563565859999585], [-80.00851273799998, -5.153991577999932], [-80.01229469099997, -5.149216911999929], [-80.01269392299997, -5.146290438999927], [-80.01149165399994, -5.145040408999932], [-80.00907847899998, -5.143471790999968], [-80.00587182599998, -5.146383972999956], [-79.99857269899996, -5.148955685999965], [-79.99636071099997, -5.145901720999973], [-79.99398060299995, -5.142740082999978], [-79.99369968499997, -5.138425078999944], [-79.99337178799993, -5.134427893999941], [-79.99474969499994, -5.12619736399995], [-79.99510239099999, -5.125989534999974], [-80.00432072399997, -5.1213950999999724], [-80.01568481399994, -5.135735256999965], [-80.01498284299998, -5.136422004999929], [-80.01566182199997, -5.136540501999946], [-80.01612735299994, -5.136863937999976], [-80.01845220399997, -5.138348965999967], [-80.01879942099998, -5.137962150999954], [-80.01897351899999, -5.137791725999932], [-80.01933380499997, -5.137749525999936], [-80.01979687399995, -5.137687880999977], [-80.01977014099998, -5.1372400899999775], [-80.01977497799999, -5.136659413999951], [-80.02029377899999, -5.1367920159999585], [-80.02065528899999, -5.136807269999963], [-80.02089790699995, -5.1366238809999345], [-80.02114319699996, -5.13629672999997], [-80.02129068199997, -5.135684258999959], [-80.02120456299997, -5.135140017999959], [-80.02115771999996, -5.134824867999953], [-80.02164907299994, -5.134745370999951], [-80.02219517999998, -5.134814154999958], [-80.02286576799997, -5.134805546999928], [-80.02324787299995, -5.134711141999958], [-80.02342233599995, -5.134557952999955], [-80.02374785099994, -5.134229080999944], [-80.02395606299996, -5.133776258999944], [-80.02395080099996, -5.133529196999973], [-80.02386408999996, -5.13322639699993], [-80.02350449699998, -5.132762738999929], [-80.02331671699994, -5.132559822999951], [-80.02318746599997, -5.132413135999968], [-80.02334510399999, -5.132277550999959], [-80.02366429599994, -5.1321902409999325], [-80.02413918799994, -5.132145582999954], [-80.02457690499995, -5.132239679999941], [-80.02496121299998, -5.13224869499993], [-80.02534527599994, -5.132246218999967], [-80.02565422999999, -5.132216609999944], [-80.02607669199995, -5.132132835999926], [-80.02633211399996, -5.13201240099994], [-80.02666080899996, -5.131832913999972], [-80.02682892799999, -5.131651116999933], [-80.02697801899996, -5.131383503999928], [-80.02455951299999, -5.128193281999927], [-80.02122473899999, -5.124511078999944], [-80.01921744199996, -5.121783397999934], [-80.01695685999994, -5.119814154999972], [-80.01532166799996, -5.118406346999961], [-80.01443998299999, -5.117384786999935], [-80.01299818199999, -5.116174022999928], [-80.01245217799999, -5.115963514999976], [-80.01149742699994, -5.116292098999963], [-80.00979312299995, -5.116939466999952], [-80.00716622699997, -5.1180217699999275], [-80.00428924199997, -5.119650211999954], [-80.00191629299997, -5.121101289999956], [-80.00124872799995, -5.12161980999997], [-80.00058116199995, -5.122138328999938], [-79.99861541599995, -5.12299780799998], [-79.99664966699999, -5.123857277999946], [-79.99608507999994, -5.124031831999957], [-79.99380342799998, -5.124743483999964], [-79.99255250399995, -5.123567725999976], [-79.98898395999998, -5.120214466999926], [-79.98263247699998, -5.1187684799999715], [-79.97864401299995, -5.1173070629999415], [-79.97728978899994, -5.118598302999942], [-79.97214870599998, -5.115542457999936]]]}}, {"type": "Feature", "properties": {"objectid": 17480, "anp_gid": 216, "acp_codi": "ACP136", "acp_nomb": "Knoya - Supru", "acp_suleg": 216.8014, "acp_balec": "R.M. N° 026-2019-MINAM", "acp_felec": 1550206800000, "acp_balem": " ", "acp_felem": null, "acp_fecad": "Perpetuo", "acp_ubpo": "MADRE DE DIOS", "acp_titu": "Comunidad Nativa Bélgica", "acp_tipro": "Comunidad Nativa", "acp_tirec": "Perpetuo", "acp_pareg": "P.E. Nº 03000190", "acp_obs": null, "met_link": null, "acp_orden": 136, "acp_id": 46}, "geometry": {"type": "Polygon", "coordinates": [[[-69.80362838699995, -10.939318970999977], [-69.80576028099995, -10.942005127999948], [-69.80899544599998, -10.94485021099996], [-69.83044521399995, -10.944792629999938], [-69.83043338199997, -10.940543081999976], [-69.82610186299996, -10.940479291999964], [-69.82341480399998, -10.940665997999929], [-69.82073646399994, -10.940063072999976], [-69.81673506399994, -10.937740933999976], [-69.81186219499995, -10.935456943999952], [-69.80873623699995, -10.934496194999952], [-69.80557494799996, -10.933894407999958], [-69.80423187099996, -10.934149176999938], [-69.80314504299997, -10.93515696399993], [-69.80311616299997, -10.93792059499998], [-69.80362838699995, -10.939318970999977]]]}}, {"type": "Feature", "properties": {"objectid": 17483, "anp_gid": 165, "acp_codi": "ACP107", "acp_nomb": "Tambopata Eco Lodge", "acp_suleg": 53.658, "acp_balec": "R.M. N° 310-2016-MINAM", "acp_felec": 1476939600000, "acp_balem": " ", "acp_felem": null, "acp_fecad": "2026-10-20", "acp_ubpo": "MADRE DE DIOS", "acp_titu": "Inversiones Maldonado SAC", "acp_tipro": "Privado", "acp_tirec": "10", "acp_pareg": " ", "acp_obs": null, "met_link": null, "acp_orden": 107, "acp_id": 16}, "geometry": {"type": "Polygon", "coordinates": [[[-69.42979528599994, -12.875986568999963], [-69.43103496799995, -12.87740108099996], [-69.43449881899994, -12.872614016999933], [-69.43249863099999, -12.871313156999975], [-69.42947630899994, -12.869563352999933], [-69.42643364899993, -12.867491413999971], [-69.42436067599994, -12.870631653999965], [-69.42751876999995, -12.873713219999956], [-69.42979528599994, -12.875986568999963]]]}}, {"type": "Feature", "properties": {"objectid": 17484, "anp_gid": 163, "acp_codi": "ACP107", "acp_nomb": "Tambopata Eco Lodge", "acp_suleg": 109.768, "acp_balec": "R.M. N° 310-2016-MINAM", "acp_felec": 1476939600000, "acp_balem": " ", "acp_felem": null, "acp_fecad": "2026-10-20", "acp_ubpo": "MADRE DE DIOS", "acp_titu": "Inversiones Maldonado SAC", "acp_tipro": "Privado", "acp_tirec": "10", "acp_pareg": " ", "acp_obs": null, "met_link": null, "acp_orden": 107, "acp_id": 16}, "geometry": {"type": "Polygon", "coordinates": [[[-69.39519721599999, -12.839475679999964], [-69.39735206299997, -12.83782324699996], [-69.39966296899996, -12.83626639399995], [-69.40291577299996, -12.833715006999967], [-69.40405651299994, -12.832880753999973], [-69.40360145899996, -12.831915232999961], [-69.40346237899996, -12.83161781399997], [-69.40327544299998, -12.831237380999937], [-69.40287624299998, -12.830459283999971], [-69.40245881299995, -12.829684469999961], [-69.40217364399996, -12.829172185999937], [-69.40158103199997, -12.82813906299998], [-69.40139528699996, -12.827834390999953], [-69.40131949799996, -12.827721040999961], [-69.40119278099996, -12.827550448999943], [-69.40106183899996, -12.827398757999958], [-69.40102804499998, -12.827364452999973], [-69.40088377199999, -12.82723882099998], [-69.40085022099998, -12.827213918999973], [-69.40074281599993, -12.827146274999961], [-69.40050842199997, -12.827022587999977], [-69.40036986799998, -12.826958606999938], [-69.40001569099996, -12.826820274999932], [-69.39987131399994, -12.826773027999934], [-69.39950519199994, -12.826673047999975], [-69.39912694299994, -12.826592523999977], [-69.39887983599994, -12.826549772999954], [-69.39831838199996, -12.82647241899997], [-69.39680016399996, -12.826306729999942], [-69.39613538899994, -12.826243991999945], [-69.39486147599996, -12.828806344999975], [-69.39358253399996, -12.83162004199994], [-69.39206403799994, -12.834335904999932], [-69.39298741599998, -12.83556266599993], [-69.39400443999995, -12.837432830999944], [-69.39519721599999, -12.839475679999964]]]}}, {"type": "Feature", "properties": {"objectid": 17485, "anp_gid": 331, "acp_codi": "ACP92", "acp_nomb": "Bosques Montanos y Páramos Chicuate - Chinguelas", "acp_suleg": 27107.45, "acp_balec": "R.M. N° 138-2016-MINAM", "acp_felec": 1465016400000, "acp_balem": " ", "acp_felem": null, "acp_fecad": "Perpetuo", "acp_ubpo": "PIURA", "acp_titu": "Comunidad Campesina Segunda y Cajas", "acp_tipro": "Comunidad Campesina", "acp_tirec": "Perpetuo", "acp_pareg": " ", "acp_obs": null, "met_link": null, "acp_orden": 92, "acp_id": 134}, "geometry": {"type": "Polygon", "coordinates": [[[-79.40430955699998, -4.904398206999929], [-79.39663001599996, -4.91363944099993], [-79.38896371599998, -4.917281728999967], [-79.36949027499998, -4.913486814999942], [-79.35777767999997, -4.9109757249999575], [-79.34061969799995, -4.908682947999978], [-79.33904087199994, -4.910473469999943], [-79.33781736299994, -4.91326976299996], [-79.32968369799994, -4.9216626829999655], [-79.33166538799998, -4.930532196999934], [-79.34279924999998, -4.938247009999941], [-79.34520657999997, -4.939288881999971], [-79.34687869399994, -4.934063617999925], [-79.34826666899994, -4.928439655999966], [-79.34874324899994, -4.920918472999972], [-79.35687625099996, -4.919617868999978], [-79.36001877799998, -4.922209648999967], [-79.36091266299997, -4.926082218999966], [-79.36245932699995, -4.932782789999976], [-79.36434451999997, -4.932618465999951], [-79.36880268699997, -4.929873115999953], [-79.37020632299993, -4.931653153999946], [-79.37155102499997, -4.93567501299998], [-79.37680641699995, -4.936678247999964], [-79.37733438399994, -4.935387510999931], [-79.37791703099998, -4.931225734999941], [-79.38025511399997, -4.931135732999962], [-79.38120875899995, -4.931377321999946], [-79.38454432999998, -4.933132076999925], [-79.38578112899995, -4.934666381999932], [-79.38290882599995, -4.940513298999974], [-79.38233245199996, -4.942091040999969], [-79.38218565799997, -4.94359805199997], [-79.37910351099998, -4.945528562999925], [-79.37888723499998, -4.946174047999932], [-79.38094132399993, -4.951964139999973], [-79.38190101299995, -4.952746841999954], [-79.38025738199997, -4.953833865999968], [-79.37789103899996, -4.953598372999977], [-79.37651817199998, -4.953078193999943], [-79.37331033399994, -4.953701968999951], [-79.37215777999995, -4.956742566999935], [-79.37111564099996, -4.961448703999963], [-79.37061745299997, -4.96296654799994], [-79.36858650799996, -4.9654620809999415], [-79.36639521999996, -4.971773197999937], [-79.36627670799999, -4.973395105999941], [-79.37333351599995, -4.981568707999941], [-79.37469768199998, -4.984229993999975], [-79.37756235899997, -4.985043402999963], [-79.38257572399993, -4.983715876999952], [-79.38520204199995, -4.982908831999964], [-79.39080946599995, -4.9801309969999465], [-79.39231301199999, -4.979919332999941], [-79.39332183999994, -4.982136884999932], [-79.39317078899995, -4.987530303999961], [-79.39299156299995, -4.990108237999948], [-79.37967967099996, -4.994818432999978], [-79.37831571199996, -4.99646598399994], [-79.37651717599994, -5.000194049999948], [-79.37435205599996, -5.007438366999963], [-79.37170058899994, -5.00872379599997], [-79.36619199899997, -5.007633380999948], [-79.36523418399997, -5.006371849999937], [-79.36580817699996, -5.002208897999935], [-79.36122696399997, -5.00105459599996], [-79.36064760699998, -5.003138750999938], [-79.35374896499997, -5.008301013999926], [-79.35178022399998, -5.013917467999931], [-79.35244029599994, -5.018671904999962], [-79.35043375499998, -5.022521075999975], [-79.35203235199998, -5.024979228999939], [-79.35449280599994, -5.027685151999947], [-79.35659130199997, -5.028121116999955], [-79.36025309499996, -5.03371967399994], [-79.36040496099997, -5.036890218999929], [-79.35910841899994, -5.042509594999956], [-79.35151206699999, -5.045458344999929], [-79.35070545999997, -5.0474086619999525], [-79.34789144799998, -5.05061716299997], [-79.34960279899997, -5.0532055289999676], [-79.35303670899998, -5.053960752999956], [-79.35995968399999, -5.052808216999949], [-79.36896934399994, -5.048660684999959], [-79.37415489499995, -5.067188848999933], [-79.37885408699998, -5.074028160999944], [-79.38293044699998, -5.076258843999938], [-79.37687972199996, -5.082662665999976], [-79.37478527899998, -5.085289283999941], [-79.37769613599994, -5.090141699999947], [-79.37894691099996, -5.0909224569999765], [-79.37936118999994, -5.092239448999976], [-79.37382226799997, -5.093893883999954], [-79.37265459699995, -5.095649511999966], [-79.37093648299998, -5.097601585999939], [-79.37214670299994, -5.100436275999925], [-79.37363097399998, -5.102612511999951], [-79.37888206499997, -5.1077316679999285], [-79.38193184399995, -5.113839469999959], [-79.38371581399997, -5.1161169779999796], [-79.38264468699998, -5.120014596999965], [-79.38042939699994, -5.12011918099995], [-79.38050112699995, -5.122094494999942], [-79.38443575099996, -5.125080883999942], [-79.38832329299998, -5.128191177999952], [-79.38967118699998, -5.1308767299999545], [-79.38854440099999, -5.132955487999936], [-79.38093968699997, -5.136971840999934], [-79.37346857299997, -5.13479198899995], [-79.36076451099996, -5.130501738999953], [-79.35855806399996, -5.1313221159999785], [-79.35347607799997, -5.123733357999981], [-79.35169148199998, -5.116892407999956], [-79.34931202099995, -5.115256527999975], [-79.34440438299998, -5.113620648999927], [-79.34336336799998, -5.112133485999948], [-79.34529667999999, -5.107523279999953], [-79.34410694999997, -5.105887400999961], [-79.34055767199999, -5.105214039999964], [-79.33667113399997, -5.100384896999969], [-79.33741471599996, -5.097856719999925], [-79.32923531899996, -5.089677322999933], [-79.33218755799999, -5.087471475999962], [-79.33547960199996, -5.08776710099994], [-79.33887218999996, -5.085146404999932], [-79.34175170699996, -5.082541110999955], [-79.34193654699999, -5.081173023999952], [-79.34084874899997, -5.081074522999927], [-79.33895825599996, -5.081356767999978], [-79.33432044699998, -5.079896213999973], [-79.33200088499996, -5.081188333999933], [-79.32554787199996, -5.078597205999927], [-79.32046944099994, -5.077112579999948], [-79.31543325899997, -5.073151731999928], [-79.31881886399998, -5.060288554999943], [-79.33185093099996, -5.050631806999945], [-79.33021274199996, -5.0461176329999375], [-79.32732222199996, -5.04581286399997], [-79.32539766699995, -5.042673631999946], [-79.32594543599998, -5.036071535999952], [-79.32553073899999, -5.034963902999948], [-79.31607263499995, -5.029580157999931], [-79.31606655699994, -5.027787236999927], [-79.31735156199994, -5.023960932999955], [-79.31560128299998, -5.018022857999938], [-79.31298980499997, -5.015936282999974], [-79.30996023299997, -5.0111433369999645], [-79.30787499699994, -5.0102407359999575], [-79.30863323099999, -5.005308050999929], [-79.30897132899997, -5.001391111999965], [-79.30796399799993, -4.998816513999941], [-79.30515100299993, -4.994258610999964], [-79.30222765999997, -4.995514318999938], [-79.29450720999995, -4.991934189999938], [-79.29176426099997, -4.989859905999936], [-79.28793436399997, -4.98743825899993], [-79.28084858799997, -4.988756770999942], [-79.27750952199995, -4.989076201999978], [-79.27429273099995, -4.992289942999946], [-79.27574781399994, -4.994001447999949], [-79.27544860299997, -4.9972796109999535], [-79.27351607699995, -5.000968565999926], [-79.27040705799999, -5.00023304299998], [-79.26403494299996, -4.998300900999936], [-79.26214685099995, -5.001854740999931], [-79.26008549799997, -5.003254860999959], [-79.25405874599994, -5.004345346999969], [-79.25077034699996, -5.007386987999951], [-79.25107002499999, -5.012106893999942], [-79.24866332299996, -5.016794697999956], [-79.24819254199997, -5.021860508999964], [-79.24840768299998, -5.032582536999939], [-79.24942174499995, -5.038786573999971], [-79.25108450799996, -5.052663895999956], [-79.25297359399997, -5.049464431999979], [-79.25939813799994, -5.0389948039999695], [-79.26463295299999, -5.036853288999964], [-79.26844008999996, -5.036853288999964], [-79.27653025799998, -5.03590150399998], [-79.28057534099997, -5.040422479999961], [-79.28081328699994, -5.0566028149999624], [-79.28188404499997, -5.065287846999979], [-79.27998047599993, -5.0704036889999315], [-79.28698986199998, -5.083850630999962], [-79.28620484499999, -5.091333702999975], [-79.29681419599996, -5.1006686769999305], [-79.29620319299994, -5.10751105199995], [-79.29830232599994, -5.109426848999931], [-79.32864045299993, -5.1194205849999435], [-79.33292348299995, -5.123941560999981], [-79.34427351199997, -5.160847000999979], [-79.34608190199998, -5.1633216399999355], [-79.35312510699998, -5.164749316999973], [-79.37016204799994, -5.173791268999935], [-79.37339811499999, -5.181250878999947], [-79.37898984799995, -5.188270288999945], [-79.37910882099999, -5.190471289999948], [-79.37800239699999, -5.1921233299999585], [-79.38723469399997, -5.194949453999925], [-79.39055128799998, -5.196429463999948], [-79.39651685199993, -5.19209525499997], [-79.39797705499996, -5.1891364129999715], [-79.39874928399996, -5.183772421999947], [-79.39209825699999, -5.184046851999938], [-79.38845648799997, -5.182142610999961], [-79.38834528999996, -5.173279989999969], [-79.38498985099994, -5.168282001999955], [-79.38291036399994, -5.161666332999971], [-79.38406702799995, -5.157247685999948], [-79.39351469799999, -5.146854049999945], [-79.40358040099994, -5.133062674999962], [-79.40482972199999, -5.129875842999979], [-79.41151578799997, -5.126562195999952], [-79.40865775699996, -5.110739839999951], [-79.40553099499994, -5.099746909999965], [-79.40471544999997, -5.091789276999975], [-79.40159001099994, -5.089156107999941], [-79.39658997899994, -5.0784676479999575], [-79.39882564399994, -5.062059556999941], [-79.39151311799998, -5.054187454999976], [-79.39018600599996, -5.04356686999995], [-79.39129647199996, -5.040746289999959], [-79.40489597499999, -5.049838682999962], [-79.40667672499995, -5.053432061999956], [-79.41240263699996, -5.053685372999951], [-79.41895904399996, -5.055854806999946], [-79.42315055999995, -5.049285123999937], [-79.43211373799994, -5.042846551999958], [-79.43396835099998, -5.035597149999944], [-79.43696444299997, -5.0249089589999585], [-79.45083459399996, -5.016651273999969], [-79.45423801199996, -5.018191867999974], [-79.45683480299994, -5.021941442999946], [-79.46009806499995, -5.019221437999931], [-79.46404239299994, -5.016036425999971], [-79.46396215699997, -5.004293987999972], [-79.46663792599998, -5.002906378999967], [-79.46784979299997, -4.994773890999966], [-79.46385185499997, -4.990314048999949], [-79.46137460699998, -4.988230837999936], [-79.46179975399997, -4.980983381999977], [-79.46438458599994, -4.977486449999958], [-79.46148085399994, -4.970366063999961], [-79.45689613199994, -4.966945704999944], [-79.45182647999997, -4.9617655369999625], [-79.44805709099995, -4.951491906999934], [-79.44811246399996, -4.933357676999947], [-79.42636559499994, -4.92899964399993], [-79.41529446799996, -4.919713638999951], [-79.40430955699998, -4.904398206999929]]]}}, {"type": "Feature", "properties": {"objectid": 17486, "anp_gid": 229, "acp_codi": "ACP142", "acp_nomb": "Kuntur Wachana", "acp_suleg": 1289.13, "acp_balec": "R.M. N° 014-2020-MINAM", "acp_felec": 1579150800000, "acp_balem": " ", "acp_felem": null, "acp_fecad": "16/01/2030", "acp_ubpo": "CUSCO", "acp_titu": "Cooperativa Agraria de Usuarios José Zúñiga Letona de Huarán Ltda.", "acp_tipro": "Comunal", "acp_tirec": "10", "acp_pareg": "P. E. N° 02054058", "acp_obs": null, "met_link": null, "acp_orden": 142, "acp_id": 53}, "geometry": {"type": "MultiPolygon", "coordinates": [[[-72.01627804999998, -13.226235495999958], [-72.02162336299995, -13.238516218999962], [-72.02358594299994, -13.243514120999976], [-72.02538481899995, -13.253277909999952], [-72.02533947799998, -13.25593323399994], [-72.02568579799998, -13.256927118999954], [-72.02652102599995, -13.260327759999939], [-72.02446625299996, -13.27948968499993], [-72.02369265699997, -13.280586054999958], [-72.01838872299999, -13.283035932999951], [-72.01740189499998, -13.284832507999965], [-72.01772163799995, -13.28866503699993], [-72.01606512099994, -13.290820391999944], [-72.01371454799994, -13.291080315999977], [-72.01270914199995, -13.290477327999952], [-72.01161719499999, -13.28762071899996], [-72.01146062399994, -13.286331649999966], [-72.01088569599995, -13.28443694799995], [-72.01085940899998, -13.282850344999929], [-72.01023201099997, -13.280942429999982], [-72.00959555999998, -13.284541880999939], [-72.00903030199999, -13.285763567999936], [-72.00840248999998, -13.288134232999937], [-72.00842874499995, -13.289497470999947], [-72.00767576299995, -13.291306070999951], [-72.00816627199998, -13.29240653599993], [-72.00814455199998, -13.296137016999978], [-72.00995047299995, -13.30141793499996], [-72.01111602299994, -13.30274002799996], [-72.01159314799997, -13.302942506999955], [-72.01173063699997, -13.301432869999928], [-72.01107968899998, -13.298806241999955], [-72.01214468499995, -13.296954899999946], [-72.01424938699995, -13.296587746999933], [-72.01638685399996, -13.297480771999972], [-72.01797619099995, -13.299881341999935], [-72.01892647399995, -13.300294446999942], [-72.02049394399995, -13.29964820999993], [-72.02118694699993, -13.30044012199994], [-72.02187048299999, -13.300409901999956], [-72.02249836799996, -13.290553014999944], [-72.02315655099994, -13.289009212999929], [-72.02449321799998, -13.288626456999964], [-72.02647160699996, -13.289808876999928], [-72.02802778499995, -13.29008244199997], [-72.02926820699997, -13.289198445999943], [-72.02927778899993, -13.286808948999976], [-72.02805698399999, -13.284481544999949], [-72.02939212699994, -13.282387435999965], [-72.02893392099998, -13.279944683999929], [-72.02972439599995, -13.279141445999926], [-72.03058279299995, -13.280776401999958], [-72.03147370999994, -13.283749919999934], [-72.03182273699997, -13.287147244999971], [-72.03268639699996, -13.288352131999943], [-72.03456542899994, -13.288943396999969], [-72.03411120399994, -13.286166780999963], [-72.03758639699998, -13.282437267999967], [-72.03801235099996, -13.270479182999964], [-72.03632083299993, -13.264379239999926], [-72.03622877399994, -13.26291281999994], [-72.03674375499997, -13.261025080999957], [-72.03632283999997, -13.25677501499996], [-72.03614327699995, -13.254911526999933], [-72.03663328299996, -13.253240215999938], [-72.03657901899999, -13.249585120999939], [-72.03570926999998, -13.243565223999951], [-72.03519282799994, -13.242581860999962], [-72.03436387099998, -13.239850198999932], [-72.03418631399995, -13.235565193999946], [-72.03347388199995, -13.230117315999962], [-72.02970458899995, -13.226400791999936], [-72.02759159399994, -13.222025172999963], [-72.02590805999995, -13.217618797999933], [-72.02577905499999, -13.216414403999977], [-72.02614547399997, -13.214922545999968], [-72.02628774999994, -13.213189974999977], [-72.02694714199998, -13.211798544999965], [-72.02663553499997, -13.210464018999971], [-72.02592331899996, -13.20935506799998], [-72.02258290899994, -13.209508762999974], [-72.01950703899996, -13.209736736999957], [-72.02023351199995, -13.211507900999948], [-72.02028825799994, -13.213688425999976], [-72.02003614199998, -13.215225142999941], [-72.01812405999993, -13.220945943999936], [-72.01627804999998, -13.226235495999958]], [[-72.02863059999999, -13.23483783499995], [-72.02763846099998, -13.234906573999979], [-72.02761140599995, -13.233919826999966], [-72.02852150299998, -13.233857778999948], [-72.02863059999999, -13.23483783499995]]]}}, {"type": "Feature", "properties": {"objectid": 17487, "anp_gid": 175, "acp_codi": "ACP107", "acp_nomb": "Tambopata Eco Lodge", "acp_suleg": 41.045, "acp_balec": "R.M. N° 310-2016-MINAM", "acp_felec": 1476939600000, "acp_balem": " ", "acp_felem": null, "acp_fecad": "2026-10-20", "acp_ubpo": "MADRE DE DIOS", "acp_titu": "Inversiones Maldonado SAC", "acp_tipro": "Privado", "acp_tirec": "10", "acp_pareg": " ", "acp_obs": null, "met_link": null, "acp_orden": 107, "acp_id": 16}, "geometry": {"type": "Polygon", "coordinates": [[[-69.39759659799995, -12.846374382999954], [-69.39796990799994, -12.847402600999942], [-69.40292763099995, -12.84478732499997], [-69.40582238299999, -12.842877013999953], [-69.40661075099996, -12.842356742999982], [-69.40626141699994, -12.840233535999971], [-69.40617995199995, -12.838387293999972], [-69.40526159399997, -12.839025455999945], [-69.40309252299994, -12.84053270399994], [-69.39976667299999, -12.84288774199996], [-69.39812877899993, -12.843952374999958], [-69.39712570599994, -12.844663889999936], [-69.39759659799995, -12.846374382999954]]]}}, {"type": "Feature", "properties": {"objectid": 17488, "anp_gid": 217, "acp_codi": "ACP136", "acp_nomb": "Knoya - Supru", "acp_suleg": 2333.2739, "acp_balec": "R.M. N° 026-2019-MINAM", "acp_felec": 1550206800000, "acp_balem": " ", "acp_felem": null, "acp_fecad": "Perpetuo", "acp_ubpo": "MADRE DE DIOS", "acp_titu": "Comunidad Nativa Bélgica", "acp_tipro": "Comunidad Nativa", "acp_tirec": "Perpetuo", "acp_pareg": "P.E. Nº 03000190", "acp_obs": null, "met_link": null, "acp_orden": 136, "acp_id": 46}, "geometry": {"type": "Polygon", "coordinates": [[[-69.78081102499993, -10.943351333999942], [-69.78087279999994, -10.966919296999947], [-69.76431745599996, -10.966961263999963], [-69.76434334199996, -10.977034664999962], [-69.74746895299995, -10.97707655299996], [-69.74750347599996, -10.990798321999932], [-69.72449274799999, -10.99085400499996], [-69.72451173299999, -10.998631278999937], [-69.79695040599995, -10.99844997599996], [-69.79684284899997, -10.958329398999979], [-69.79657088399995, -10.95791883399994], [-69.79556663299996, -10.955887668999935], [-69.79453125199996, -10.95352758599995], [-69.79364568899996, -10.949591281999972], [-69.79283755599994, -10.946171831999948], [-69.79232221999996, -10.943589060999955], [-69.79117984599998, -10.941941063999934], [-69.78995426199998, -10.940867522999952], [-69.78896009599998, -10.940319772999942], [-69.78753086999996, -10.940060263999953], [-69.78586040399995, -10.940136346999964], [-69.78421521799999, -10.940619113999958], [-69.78213627199995, -10.94189257499994], [-69.78081102499993, -10.943351333999942]]]}}, {"type": "Feature", "properties": {"objectid": 17489, "anp_gid": 321, "acp_codi": "ACP83", "acp_nomb": "Siete Cataratas - Qanchis Paccha", "acp_suleg": 1008.51, "acp_balec": "R.M. N° 214-2015-MINAM", "acp_felec": 1440133200000, "acp_balem": " ", "acp_felem": null, "acp_fecad": "2025-08-21", "acp_ubpo": "CUSCO", "acp_titu": "Comunidad Campesina Quishuarani Collana", "acp_tipro": "Comunidad Campesina", "acp_tirec": "10", "acp_pareg": " ", "acp_obs": null, "met_link": null, "acp_orden": 83, "acp_id": 125}, "geometry": {"type": "Polygon", "coordinates": [[[-72.03842750099994, -13.154487609999933], [-72.03806837799993, -13.154746325999952], [-72.03781263099995, -13.154924987999948], [-72.03773432399998, -13.154947980999964], [-72.03755985999999, -13.154994331999944], [-72.03738844499998, -13.155054483999947], [-72.03716390799997, -13.155071009999972], [-72.03698824799994, -13.155078539999977], [-72.03685676199996, -13.155062683999972], [-72.03675969699998, -13.155023329999949], [-72.03658960299998, -13.15497357299995], [-72.03631745299998, -13.15489396199996], [-72.03613777899994, -13.154829756999959], [-72.03605511299997, -13.154809684999975], [-72.03572439199996, -13.154734175999977], [-72.03551517299996, -13.15469352599996], [-72.03540760899995, -13.15471617999998], [-72.03522185299994, -13.154752268999971], [-72.03504079999993, -13.154802748999941], [-72.03487948199995, -13.154834340999969], [-72.03478666099994, -13.154847605999976], [-72.03463509599999, -13.154879309999956], [-72.03445415799996, -13.154920232999928], [-72.03425371499998, -13.154960929999959], [-72.03409721599996, -13.154997355999967], [-72.03392935799997, -13.155033474999982], [-72.02941941499995, -13.154598692999969], [-72.02231315799997, -13.157479470999931], [-72.01651815099996, -13.160805395999944], [-72.01675517099994, -13.165396186999942], [-72.02274653399996, -13.174017569999933], [-72.02180890799997, -13.18351850099998], [-72.03980049199998, -13.183481721999954], [-72.04859619499996, -13.17480719599996], [-72.04984954799994, -13.167165006999937], [-72.05390185299996, -13.15865655999994], [-72.05402344899994, -13.154030267999929], [-72.05353853499997, -13.153877627999975], [-72.05311323199999, -13.153857672999948], [-72.05279045499998, -13.153838893999932], [-72.05237045899997, -13.153803924999977], [-72.05193134899997, -13.153866710999978], [-72.05139755399995, -13.15391584799994], [-72.05076081099998, -13.153998971999954], [-72.05019107099997, -13.154052717999946], [-72.05006309399994, -13.154036173999941], [-72.04940059299997, -13.15391551099998], [-72.04890943199996, -13.153829473999963], [-72.04853587499997, -13.153769910999927], [-72.04843618999996, -13.153959690999955], [-72.04831051199994, -13.154179317999933], [-72.04811891499998, -13.15433789499997], [-72.04783492299998, -13.15450545699997], [-72.04766473299998, -13.15458891399993], [-72.04725137399998, -13.15464193899993], [-72.04702111199998, -13.15460411999993], [-72.04690398999998, -13.154537454999968], [-72.04677679599996, -13.154455601999928], [-72.04664501699995, -13.154328476999979], [-72.04651329899997, -13.154196327999955], [-72.04640226599997, -13.15404934399993], [-72.04639375899995, -13.153903538999941], [-72.04631468799994, -13.153656435999949], [-72.04622084099998, -13.15335891799998], [-72.04622205699997, -13.15324077899993], [-72.04620136999995, -13.153204793999976], [-72.04616110499995, -13.153200567999932], [-72.04611318299999, -13.153194371999973], [-72.04598084699995, -13.153183441999943], [-72.04591756899998, -13.15317706999997], [-72.04582935999997, -13.15316852899997], [-72.04576224299996, -13.15316211299995], [-72.04569900999996, -13.153151977999926], [-72.04563187099996, -13.153147441999977], [-72.04536150699994, -13.153119871999934], [-72.04514676499997, -13.153096704999939], [-72.04480822199997, -13.15299121299995], [-72.04471066299993, -13.152961867999977], [-72.04451362599997, -13.152903157999958], [-72.04448295799995, -13.152899041999945], [-72.04439479399997, -13.152886738999939], [-72.04429129599998, -13.152872376999937], [-72.04422422499994, -13.15286219799998], [-72.04411496799997, -13.152847769999937], [-72.04403450499996, -13.152833673999965], [-72.04390417899998, -13.152815240999928], [-72.04370454599996, -13.152812941999969], [-72.04348774899995, -13.15280103799995], [-72.04337835799998, -13.152797895999981], [-72.04319216199997, -13.152795751999975], [-72.04305020499999, -13.152786590999938], [-72.04280646799998, -13.152780020999955], [-72.04251858099997, -13.152772940999967], [-72.04236964599994, -13.152705376999961], [-72.04216348699998, -13.152607049999972], [-72.04204180899995, -13.152507815999968], [-72.04189725599997, -13.152395147999925], [-72.04186125799998, -13.152355223999962], [-72.04169832199995, -13.152174612999943], [-72.04156189899999, -13.152024410999957], [-72.04143414699996, -13.151951445999941], [-72.04124149299997, -13.151847629999963], [-72.04103994199994, -13.151845306999974], [-72.04099652699995, -13.151859274999936], [-72.04063150999997, -13.151964770999939], [-72.04053047399998, -13.15206520199996], [-72.04041963799995, -13.152182451999977], [-72.04030701799996, -13.152288392999935], [-72.04019039999997, -13.152407456999981], [-72.04003496299998, -13.15256182099995], [-72.03990477199994, -13.152692016999936], [-72.03979398099995, -13.152805503999957], [-72.03961923399999, -13.153128969999955], [-72.03944996699994, -13.15340972599995], [-72.03929656599996, -13.153594348999945], [-72.03903451099995, -13.153892421999956], [-72.03867326499994, -13.154327948999935], [-72.03858973699994, -13.15437955799996], [-72.03842750099994, -13.154487609999933]]]}}, {"type": "Feature", "properties": {"objectid": 17490, "anp_gid": 250, "acp_codi": "ACP150", "acp_nomb": "Bosque Urum", "acp_suleg": 505.9514, "acp_balec": "R.M. Nº 029-2021-MINAM", "acp_felec": 1613624400000, "acp_balem": " ", "acp_felem": null, "acp_fecad": "Perpetuo", "acp_ubpo": "LAMBAYEQUE", "acp_titu": "Empresa EWS TINAJONES SAC", "acp_tipro": "Privado", "acp_tirec": "Perpetuo", "acp_pareg": "P.E. Nº 11296152", "acp_obs": null, "met_link": null, "acp_orden": 150, "acp_id": 144}, "geometry": {"type": "Polygon", "coordinates": [[[-79.46329396899995, -6.604678953999951], [-79.46560456599997, -6.6052101259999745], [-79.47287520999998, -6.601187958999958], [-79.48497214899999, -6.594495436999978], [-79.48827507199996, -6.5886112119999325], [-79.50522378199997, -6.571313992999933], [-79.50071661699997, -6.566994999999963], [-79.48695358199996, -6.583429169999931], [-79.48335444099996, -6.585473394999951], [-79.48249055599996, -6.585901072999945], [-79.48195905499995, -6.586504045999959], [-79.47961929299998, -6.5870426109999585], [-79.47483827099995, -6.589155914999935], [-79.46940875399997, -6.592225706999955], [-79.45829948199997, -6.600527967999938], [-79.45410930699995, -6.599717307999981], [-79.45364891599996, -6.604131333999931], [-79.45779062799994, -6.604790987999934], [-79.45812620199996, -6.602987012999961], [-79.46329396899995, -6.604678953999951]]]}}, {"type": "Feature", "properties": {"objectid": 17491, "anp_gid": 256, "acp_codi": "ACP20", "acp_nomb": "Tambo Ilusión", "acp_suleg": 14.29, "acp_balec": "R.M. N° 075-2010-MINAM", "acp_felec": 1273122000000, "acp_balem": "R.M. Nº 082-2021-MINAM", "acp_felem": 1621486800000, "acp_fecad": "Perpetuo", "acp_ubpo": "SAN MARTIN", "acp_titu": "Armando Daniel Rodríguez Tynan y Dorís Rosa Valdivia Vargas", "acp_tipro": "Privado", "acp_tirec": "Perpetuo", "acp_pareg": " ", "acp_obs": "Área total del predio inscrito en la Partida Registral N° 11046461 del Registro de Propiedad Inmueble de la Oficina Registral de Tarapoto de la Zona Registral N° III - Sede Moyobamba", "met_link": null, "acp_orden": 20, "acp_id": 62}, "geometry": {"type": "Polygon", "coordinates": [[[-76.32863118299997, -6.499477482999964], [-76.32828430299998, -6.499567292999927], [-76.32748856299997, -6.499696361999952], [-76.32734485999998, -6.499790187999963], [-76.32697978499993, -6.500237911999932], [-76.32677684899994, -6.500349925999956], [-76.32738315599994, -6.501640299999963], [-76.32757740999995, -6.502017255999931], [-76.32777067699999, -6.502431618999935], [-76.32800330199996, -6.502927470999964], [-76.32837633599996, -6.503448701999957], [-76.32939549999998, -6.50452684499993], [-76.33003574599996, -6.505170265999936], [-76.33010239099997, -6.505925273999935], [-76.33037795099995, -6.5057434399999465], [-76.33061539599998, -6.505691302999935], [-76.33157966799996, -6.504911659999948], [-76.33084641799996, -6.503750282999931], [-76.33088197299998, -6.503716501999975], [-76.32923613299994, -6.501438356999927], [-76.32863118299997, -6.499477482999964]]]}}, {"type": "Feature", "properties": {"objectid": 17492, "anp_gid": 346, "acp_codi": "ACP152", "acp_nomb": "Lomas de Quebrada Río Seco", "acp_suleg": 787.82, "acp_balec": "R.M. Nº 117-2021-MINAM", "acp_felec": 1625806800000, "acp_balem": " ", "acp_felem": null, "acp_fecad": "09/07/2031", "acp_ubpo": "LIMA", "acp_titu": "Empresa Unión Andina de Cementos S.A.A.", "acp_tipro": "Privado", "acp_tirec": "10", "acp_pareg": "", "acp_obs": null, "met_link": null, "acp_orden": 152, "acp_id": 146}, "geometry": {"type": "Polygon", "coordinates": [[[-76.83690711799994, -12.188285478999944], [-76.81336378699996, -12.18328543299998], [-76.80697548099994, -12.18777156699997], [-76.80054873899996, -12.206870694999964], [-76.80277862799994, -12.207768977999933], [-76.80456470399997, -12.207041389999972], [-76.80542674599997, -12.207247792999965], [-76.80745336699994, -12.207478266999942], [-76.80824565199998, -12.209588723999957], [-76.80898024299995, -12.211988884999926], [-76.80987757899999, -12.213547281999979], [-76.81085761199995, -12.214124339999955], [-76.81124635899994, -12.21555116099995], [-76.81186756299996, -12.215902317999962], [-76.81284748599995, -12.215385047999973], [-76.81360915099998, -12.215621087999978], [-76.81474086599997, -12.215408225999965], [-76.81581083499998, -12.21576700199995], [-76.81667755699993, -12.216470425999944], [-76.82115843699995, -12.20315188799998], [-76.82556016899997, -12.205631487999938], [-76.83552295699997, -12.190401436999935], [-76.83690711799994, -12.188285478999944]]]}}, {"type": "Feature", "properties": {"objectid": 17493, "anp_gid": 350, "acp_codi": "ACP153", "acp_nomb": "Ni Meraya", "acp_suleg": 13.18, "acp_balec": "R.M. Nº 172-2021-MINAM", "acp_felec": 1632286800000, "acp_balem": " ", "acp_felem": null, "acp_fecad": "Perpetuo", "acp_ubpo": "LORETO", "acp_titu": "Silvia Patricia Arispe Bazán y la sociedad conyugal Luis Carlos Nevado Tavara y Cecilia María Chiara Mezzano", "acp_tipro": "Privado", "acp_tirec": "Perpetuo", "acp_pareg": "P.E. Nº 11083915", "acp_obs": null, "met_link": null, "acp_orden": 153, "acp_id": 147}, "geometry": {"type": "Polygon", "coordinates": [[[-73.13816073799995, -4.019221887999947], [-73.13700156099998, -4.020351696999967], [-73.13436754399999, -4.021569607999936], [-73.13703617699997, -4.022992131999956], [-73.13997873999995, -4.021907276999968], [-73.13926225099993, -4.019963615999927], [-73.13882610899998, -4.019782720999956], [-73.13816073799995, -4.019221887999947]]]}}, {"type": "Feature", "properties": {"objectid": 17495, "anp_gid": 140, "acp_codi": "ACP03", "acp_nomb": "Pacllón", "acp_suleg": 12896.5625, "acp_balec": "R.M. N° 908-2005-AG", "acp_felec": 1134450000000, "acp_balem": " ", "acp_felem": null, "acp_fecad": "Perpetuo", "acp_ubpo": "ANCASH", "acp_titu": "Comunidad Campesina Pacllón", "acp_tipro": "Comunidad Campesina", "acp_tirec": "Perpetuo", "acp_pareg": " ", "acp_obs": null, "met_link": null, "acp_orden": 3, "acp_id": 3}, "geometry": {"type": "Polygon", "coordinates": [[[-76.94182609699999, -10.233951918999935], [-76.94069003499999, -10.232406022999953], [-76.93725146699995, -10.23082530499994], [-76.93387571299996, -10.231524664999938], [-76.93079970699995, -10.23319263999997], [-76.92635912399999, -10.236033180999925], [-76.92229796999999, -10.23844444499997], [-76.92042347799998, -10.239542392999965], [-76.91804372099995, -10.241342022999959], [-76.91616942799999, -10.242478767999955], [-76.91515587899994, -10.243377533999933], [-76.91262442299995, -10.24603200799993], [-76.91146991199997, -10.24957117599996], [-76.91124035699994, -10.250504142999944], [-76.90961676799998, -10.250979492999932], [-76.90809439999998, -10.251997686999971], [-76.90672576399999, -10.252510345999951], [-76.90575505899994, -10.254029919999937], [-76.90662746299995, -10.255732769999952], [-76.90706343699998, -10.256545377999942], [-76.90685547199996, -10.261088237999957], [-76.90648307599997, -10.264351088999945], [-76.90620075799995, -10.266293618999953], [-76.90562589099994, -10.268470770999954], [-76.90913657599998, -10.272215419999952], [-76.91185461999999, -10.274489633999963], [-76.91530244799998, -10.277535850999982], [-76.91769579699996, -10.277948693999974], [-76.91972539999995, -10.276539266999976], [-76.92116756299998, -10.27521094499997], [-76.92297464699999, -10.27589894199997], [-76.92587842799998, -10.276463964999948], [-76.92963380599997, -10.27849893499996], [-76.93360596899998, -10.280726644999959], [-76.93616249699994, -10.282186420999949], [-76.93848199299998, -10.283337056999926], [-76.94206541399996, -10.286071581999977], [-76.94456370099994, -10.287609259999954], [-76.94750845399994, -10.288445531999969], [-76.95072447599995, -10.288775526999927], [-76.95222265899997, -10.290202706999935], [-76.95474778099998, -10.292904618999955], [-76.95677607999994, -10.294483834999937], [-76.96031721399999, -10.296674933999952], [-76.96294923599999, -10.297629384999937], [-76.96680832699997, -10.30051715899998], [-76.96946215799994, -10.301820759999941], [-76.97173617799996, -10.301923354999929], [-76.97365961699995, -10.302377416999946], [-76.97518893699998, -10.302484529999958], [-76.97620002099995, -10.30119743199998], [-76.97845878199996, -10.29885467899993], [-76.97993895999997, -10.297370626999964], [-76.98057573099999, -10.295775284999934], [-76.98133998599997, -10.292626531999929], [-76.98368019199995, -10.29078786499997], [-76.98461209499999, -10.289384790999975], [-76.98459293999997, -10.28631846899998], [-76.98598179699997, -10.282777732999932], [-76.98755645399996, -10.280749666999952], [-76.98902801599996, -10.277907100999926], [-76.99176897899997, -10.277502117999973], [-76.99467643299994, -10.278648708999981], [-76.99791255799994, -10.282199798999955], [-77.00108732599995, -10.282219027999929], [-77.00198799999998, -10.282097018999934], [-77.00605240599998, -10.283352788999935], [-77.01060845099994, -10.284877157999972], [-77.01174157099996, -10.284326712999928], [-77.01568087599998, -10.27820827599993], [-77.01984273399995, -10.273214062999955], [-77.02148279699998, -10.272272288999943], [-77.02768028599996, -10.270021166999982], [-77.03167686299997, -10.269879721999928], [-77.03376481199996, -10.271574483999927], [-77.03577241499994, -10.272959216999936], [-77.03920772399994, -10.273907999999949], [-77.04105312299998, -10.274439793999932], [-77.04478836499999, -10.276318168999978], [-77.04766671299996, -10.279017005999947], [-77.05026702299995, -10.281135352999968], [-77.05222648699998, -10.284150456999953], [-77.05619678799997, -10.285988362999944], [-77.07175781999996, -10.283249890999969], [-77.07813061499996, -10.277891623999949], [-77.08336009399994, -10.27452010299993], [-77.08664709999994, -10.273761516999969], [-77.09029387799995, -10.27109872799997], [-77.09719434599998, -10.26562034999995], [-77.09951637099994, -10.267119049999962], [-77.10689917799994, -10.272388575999969], [-77.11333189399994, -10.276189193999926], [-77.11494841299998, -10.277653537999981], [-77.11581752699993, -10.278695809999931], [-77.11896552399998, -10.28061587999997], [-77.12156128699996, -10.281996151999977], [-77.12273927799998, -10.282337750999943], [-77.12523657599996, -10.283641006999972], [-77.12629493099996, -10.283672876999958], [-77.12780847899995, -10.281450632999963], [-77.12955895599998, -10.279498516999979], [-77.13143373899999, -10.278554698999926], [-77.13181390999995, -10.276805644999968], [-77.13231111999994, -10.27497819599995], [-77.13359155099994, -10.273067971999978], [-77.13433011899997, -10.27217042999996], [-77.13497989499996, -10.269720981999967], [-77.13736564099997, -10.266095737999933], [-77.13888034599995, -10.264067524999973], [-77.13960428099995, -10.260996592999959], [-77.13881014599997, -10.259449336999978], [-77.13825113099995, -10.257900528999926], [-77.13898945399995, -10.254053259999978], [-77.13670269099998, -10.251972443999932], [-77.13477485199996, -10.250820743999952], [-77.13311612399997, -10.248891015999959], [-77.13227171999995, -10.24567512799996], [-77.13106883499995, -10.244518641999946], [-77.12960323499993, -10.242160682999952], [-77.12766978799993, -10.24015508499997], [-77.12719338099998, -10.23922669999996], [-77.12550824399995, -10.239198899999963], [-77.12421364699998, -10.238974477999932], [-77.12288502999996, -10.239526525999963], [-77.12056779599999, -10.238726570999972], [-77.11778062999997, -10.237968467999963], [-77.11579544199998, -10.237011061999965], [-77.11465630099997, -10.236591524999938], [-77.11382060799997, -10.23465631099998], [-77.11271116199998, -10.232800495999982], [-77.11285736799994, -10.231208219999928], [-77.11190364599997, -10.229196135999928], [-77.11142345699994, -10.227685545999975], [-77.11117785299996, -10.226095807999968], [-77.11073890599994, -10.224895450999952], [-77.11038920799996, -10.222374874999957], [-77.11030059999996, -10.22082293099993], [-77.11064785399998, -10.22000560999993], [-77.11048062899994, -10.218415361999973], [-77.11082711299997, -10.217481607999957], [-77.10999484199994, -10.216050914999926], [-77.10962404799994, -10.213297591999947], [-77.10837656899997, -10.211287380999977], [-77.10793561999998, -10.20977652299996], [-77.10729468999995, -10.207645944999967], [-77.10599026999995, -10.205907776999936], [-77.10667814599998, -10.203264047999937], [-77.10592021899998, -10.201211843999943], [-77.10493921199998, -10.200985290999938], [-77.10270829499996, -10.201348981999956], [-77.10020743899997, -10.202374220999957], [-77.09832911599995, -10.202735616999973], [-77.09637623599997, -10.203679681999972], [-77.09484949899996, -10.203883548999954], [-77.09387178199995, -10.204161514999953], [-77.09215218199995, -10.204832368999973], [-77.09096994499998, -10.203791980999938], [-77.08977673299995, -10.204071314999965], [-77.08888293699994, -10.205202626999949], [-77.08598437199998, -10.205337603999965], [-77.08433855499999, -10.205309303999968], [-77.08158560299995, -10.20373551199998], [-77.07864709899997, -10.203754234999963], [-77.07712385699995, -10.20450139199994], [-77.07672378799998, -10.206250556999976], [-77.07527964399998, -10.207113645999925], [-77.07398768999997, -10.207277113999965], [-77.07336306199994, -10.207630407999943], [-77.07179533099998, -10.207562735999943], [-77.07011055899994, -10.207573427999932], [-77.06901675799998, -10.208084945999929], [-77.06647826599993, -10.209381891999953], [-77.06576568799994, -10.21128829099996], [-77.06349842299994, -10.212117734999936], [-77.06143430199995, -10.21407149099997], [-77.06038464099998, -10.21535898999997], [-77.05961024499999, -10.216800005999971], [-77.05907568499998, -10.21897697399993], [-77.06030634099994, -10.221453302999976], [-77.06055769399995, -10.223974630999976], [-77.05961530199994, -10.223670075999962], [-77.05768709099993, -10.222401389999959], [-77.05630745399998, -10.221129228999928], [-77.05405045499998, -10.220522431999939], [-77.05107007399994, -10.220153056999948], [-77.04926642199996, -10.219970328999977], [-77.04690626299998, -10.21854902399997], [-77.04525736399995, -10.218054784999936], [-77.04408237999996, -10.21813978199998], [-77.04263014099996, -10.21776073899997], [-77.04076623899994, -10.217345450999971], [-77.03932192199994, -10.218208408999942], [-77.03736945399999, -10.219268610999961], [-77.03652324499996, -10.221758036999972], [-77.03528222499995, -10.22378415299994], [-77.03420163099997, -10.226391485999955], [-77.03295909999997, -10.228184719999945], [-77.03253424499997, -10.229157739999948], [-77.03105930299995, -10.231379382999933], [-77.02938312999999, -10.235853534999933], [-77.02861027399996, -10.237566203999961], [-77.02673922699995, -10.239130455999941], [-77.02528566199999, -10.238557282999977], [-77.02445710299997, -10.237669695999955], [-77.02365912399995, -10.235423393999952], [-77.02078926199994, -10.233966253999938], [-77.01933842699998, -10.233819995999966], [-77.01759100599998, -10.233248604999972], [-77.01531018199995, -10.231981831999974], [-77.01405772699997, -10.232222472999979], [-77.01260298499994, -10.231455163999954], [-77.01107940799994, -10.232202066999946], [-77.00823554899995, -10.231753835999939], [-77.00639286599994, -10.231609933999948], [-77.00455627199995, -10.23243636799998], [-77.00330282499993, -10.232521712999926], [-77.00259602699998, -10.232293168999945], [-77.00107168499994, -10.232923587999949], [-76.99856672099997, -10.233404759999928], [-76.99636097799998, -10.234738020999941], [-76.99314797399995, -10.234796524999979], [-76.98965195599999, -10.233459362999952], [-76.98725388699995, -10.232231905999981], [-76.98499949599994, -10.232051577999925], [-76.98405975899993, -10.232173752999927], [-76.98383042899997, -10.233106729999975], [-76.98117131699996, -10.234015686999953], [-76.97611965499993, -10.234589813999946], [-76.97424398799996, -10.235455146999982], [-76.97361220699997, -10.23468265799994], [-76.97277041699994, -10.234804207999957], [-76.97132530899995, -10.235589283999957], [-76.96932248399997, -10.234902716999954], [-76.96740855899998, -10.235923510999953], [-76.96651371699994, -10.236976955999978], [-76.96153363899998, -10.236463579999963], [-76.95973151499999, -10.23655206799998], [-76.95800466899993, -10.236135480999963], [-76.95482790799997, -10.235727594999958], [-76.95263129799997, -10.235391430999925], [-76.95185253999995, -10.236211247999961], [-76.95111391299997, -10.237186089999966], [-76.95033822899995, -10.23851050099995], [-76.94955234699995, -10.23816586099997], [-76.94728160599993, -10.238528805999977], [-76.94613357499998, -10.23663365899995], [-76.94526317799995, -10.235280278999937], [-76.94498177699995, -10.234117460999926], [-76.94347017999996, -10.234397994999938], [-76.94182609699999, -10.233951918999935]]]}}, {"type": "Feature", "properties": {"objectid": 17496, "anp_gid": 205, "acp_codi": "ACP126", "acp_nomb": "Bioparque Amazónico: Bosque de Huayo", "acp_suleg": 10.758995, "acp_balec": "R.M. N° 270-2018-MINAM", "acp_felec": 1532408400000, "acp_balem": " ", "acp_felem": null, "acp_fecad": "2068-07-27", "acp_ubpo": "LORETO", "acp_titu": "Pompeyo Cambero Alva y Yolanda Reátegui Torrejón", "acp_tipro": "Privado", "acp_tirec": "50", "acp_pareg": " ", "acp_obs": null, "met_link": null, "acp_orden": 126, "acp_id": 35}, "geometry": {"type": "Polygon", "coordinates": [[[-73.35333867499997, -3.8806909699999323], [-73.35287819099995, -3.8806478199999788], [-73.35134531999995, -3.8808379839999247], [-73.35132657399998, -3.8813306189999253], [-73.35116923099997, -3.881433094999977], [-73.35131673899997, -3.882475519999957], [-73.35131652199993, -3.8825020589999326], [-73.35133147399995, -3.8825683749999484], [-73.35133125299996, -3.8826823819999277], [-73.35132396999995, -3.882858093999971], [-73.35120864299995, -3.8838326489999417], [-73.35151091499995, -3.8843118269999763], [-73.35172165999995, -3.885156494999933], [-73.35214280499997, -3.885112855999978], [-73.35289248699996, -3.8848308119999615], [-73.35342226199998, -3.8846651719999272], [-73.35345472299997, -3.883436802999938], [-73.35333867499997, -3.8806909699999323]]]}}, {"type": "Feature", "properties": {"objectid": 17497, "anp_gid": 218, "acp_codi": "ACP137", "acp_nomb": "Comunal San Pablo - Catarata Gocta", "acp_suleg": 2603.5732, "acp_balec": "R.M. N° 115-2019-MINAM", "acp_felec": 1556514000000, "acp_balem": " ", "acp_felem": null, "acp_fecad": "Perpetuo", "acp_ubpo": "AMAZONAS", "acp_titu": "Comunidad Campesina San Pablo", "acp_tipro": "Comunal", "acp_tirec": "Perpetuo", "acp_pareg": "PE N° 02008897", "acp_obs": null, "met_link": null, "acp_orden": 137, "acp_id": 47}, "geometry": {"type": "Polygon", "coordinates": [[[-77.84640312399995, -5.999581429999978], [-77.84159777399998, -6.010432659999935], [-77.84194964899996, -6.010399129999939], [-77.84317123299996, -6.010109842999952], [-77.84392880599995, -6.010019955999951], [-77.84566012699997, -6.010749873999941], [-77.84583961099997, -6.010893927999973], [-77.84624967899998, -6.011434576999932], [-77.84664899399996, -6.011766820999981], [-77.84712028799999, -6.011912461999941], [-77.84833886399997, -6.01184920999998], [-77.84949711599995, -6.0113221349999435], [-77.84979364799995, -6.01124468699993], [-77.84997035599997, -6.011268386999973], [-77.85041119799996, -6.0114358179999385], [-77.85160312099998, -6.0115972949999446], [-77.85215388199998, -6.011527242999932], [-77.85290904199996, -6.011227461999965], [-77.85357953399995, -6.01081002799998], [-77.85430457199999, -6.010549967999964], [-77.85464681999997, -6.0105163839999705], [-77.85511686199999, -6.010536876999936], [-77.85596533799998, -6.010823254999934], [-77.85678537299998, -6.011242097999968], [-77.85794477799999, -6.0110819439999545], [-77.85872537899996, -6.0106026109999675], [-77.85910558099994, -6.010246934999941], [-77.85974350199996, -6.009790102999943], [-77.86006365199995, -6.009617978999927], [-77.86152331399995, -6.009655992999967], [-77.86227865299998, -6.009566267999958], [-77.86271143799996, -6.009454898999934], [-77.86389340799997, -6.0090437779999775], [-77.86492653399995, -6.008887873999981], [-77.86568161699995, -6.009055794999938], [-77.86665599899999, -6.009492576999946], [-77.86758902599996, -6.009738209999966], [-77.86802002099995, -6.009735946999967], [-77.87001435999997, -6.0093044939999345], [-77.87034751199997, -6.00926807999997], [-77.87077995499999, -6.009314454999981], [-77.87137843299996, -6.00946705399997], [-77.87314595299995, -6.010156873999961], [-77.87478633699999, -6.011433102999945], [-77.87528401899993, -6.01203284099995], [-77.87632385299997, -6.013118167999949], [-77.87716062099997, -6.013859425999954], [-77.87835474199994, -6.014602338999964], [-77.87938573799994, -6.01495856899993], [-77.88074926599995, -6.015234668999938], [-77.88170626199997, -6.015572757999962], [-77.88262254099999, -6.016187680999963], [-77.88382660199994, -6.017314108999926], [-77.88452040599998, -6.0176788799999485], [-77.88471967999999, -6.017708873999936], [-77.88510355499994, -6.017858934999936], [-77.88522064299997, -6.017904964999957], [-77.88552540299997, -6.018246093999949], [-77.88570892799999, -6.01874713199993], [-77.88583438499995, -6.01933035299993], [-77.88585497399998, -6.02023356199993], [-77.88593651899998, -6.0206682269999305], [-77.88599977299998, -6.02125743199997], [-77.88602662199997, -6.021932611999944], [-77.88612455299995, -6.022333401999958], [-77.88621239699995, -6.022689422999974], [-77.88645984699997, -6.023255560999928], [-77.88704785899995, -6.023650467999971], [-77.88740660699995, -6.023983537999925], [-77.88758100499996, -6.02422495299993], [-77.88801305899995, -6.025821828999938], [-77.88910476799998, -6.027214577999928], [-77.88932101599994, -6.028087461999974], [-77.88935747299996, -6.028602722999949], [-77.88932092099998, -6.029081512999937], [-77.88930567499995, -6.029311916999973], [-77.88930878699995, -6.03010435799996], [-77.88944831799995, -6.031448877999935], [-77.88949682999998, -6.031906761999949], [-77.88962032199998, -6.032679794999979], [-77.88982465099997, -6.033389472999943], [-77.88994800899997, -6.034066343999939], [-77.89002052599994, -6.03415115699994], [-77.89010031099997, -6.034390835999943], [-77.89025637999998, -6.034560975999966], [-77.89151473799996, -6.035778991999962], [-77.89151958799994, -6.036153032999948], [-77.89144726499995, -6.0364719569999465], [-77.89125320899996, -6.036784519999969], [-77.89083772699996, -6.037219869999944], [-77.89048923899998, -6.038670227999944], [-77.89057756499994, -6.039335114999972], [-77.89064881299998, -6.0408503839999526], [-77.89072427499997, -6.041041575999941], [-77.89166709499995, -6.042301561999977], [-77.89218608999994, -6.042858260999935], [-77.89242320899996, -6.043260132999933], [-77.89249342699998, -6.043561010999952], [-77.89249197299995, -6.043937896999978], [-77.89216310199998, -6.045501126999966], [-77.89229491599997, -6.045680668999978], [-77.89248065899994, -6.04576286899993], [-77.89326710499995, -6.045645368999942], [-77.89379910999997, -6.045729069999936], [-77.89429653399998, -6.046372787999928], [-77.89440861299994, -6.046814688999973], [-77.89461295199999, -6.0470806229999425], [-77.89496717799994, -6.047322086999941], [-77.89533947199999, -6.047458749999976], [-77.89608403599993, -6.047548007999978], [-77.89718872999998, -6.047043215999963], [-77.89775830099995, -6.047023749999937], [-77.89973989399994, -6.047544603999938], [-77.90125165799998, -6.04839867499993], [-77.90151094399994, -6.048142644999928], [-77.90152637399996, -6.04745410299995], [-77.90140619699997, -6.046412492999934], [-77.90129040699998, -6.046193186999972], [-77.89766413999996, -6.0435599439999805], [-77.89775941099998, -6.041270536999946], [-77.90016519999995, -6.039210583999932], [-77.90057989099995, -6.038610748999929], [-77.90094394899995, -6.038143856999966], [-77.90153812299997, -6.036720736999939], [-77.90164792799999, -6.035816546999968], [-77.90151348799998, -6.034784573999957], [-77.90140203399994, -6.0343963289999465], [-77.90464738799994, -6.034270690999961], [-77.90598661199994, -6.033808601999965], [-77.90659020699997, -6.033372104999955], [-77.90681992599997, -6.031811097999935], [-77.90597725999999, -6.032053897999958], [-77.90499974999994, -6.032118172999958], [-77.90458111999999, -6.031976978999978], [-77.90415610699995, -6.031758127999979], [-77.90387299399998, -6.031281541999931], [-77.90369831699996, -6.030787906999933], [-77.90358377899997, -6.029597015999968], [-77.90336565599995, -6.02927322499994], [-77.90312600999994, -6.028971210999941], [-77.90297814599995, -6.028029280999931], [-77.90115487199995, -6.028613434999954], [-77.90079734799997, -6.028799883999966], [-77.90042109099994, -6.02898562799993], [-77.89998784299996, -6.028901280999946], [-77.89918511399998, -6.028515607999964], [-77.89678124299996, -6.026831176999963], [-77.89620741799996, -6.02556726499995], [-77.89548162399996, -6.024913735999974], [-77.89490259699994, -6.023793276999925], [-77.89450115499994, -6.021882475999973], [-77.89314700599994, -6.018059412999946], [-77.89409428999994, -6.0161821809999765], [-77.89350438299994, -6.013001157999952], [-77.89352024899995, -6.012389104999954], [-77.89368305599999, -6.01185406999997], [-77.89441090899999, -6.011036138999941], [-77.89504869799998, -6.010631153999952], [-77.89581571299993, -6.010778043999949], [-77.89629610299994, -6.010933068999975], [-77.90116687899996, -6.013283887999933], [-77.90466752899994, -6.015298929999972], [-77.90760323399996, -6.015606118999926], [-77.91172336499994, -6.015798895999978], [-77.91301295299996, -6.0158641199999465], [-77.91624784199996, -6.017998250999938], [-77.92400109099998, -6.027683541999977], [-77.92715281699998, -6.030489542999931], [-77.92708621799994, -6.02988725199998], [-77.92733610599998, -6.0292198229999485], [-77.92828181999994, -6.028326623999931], [-77.92847055399994, -6.028071861999933], [-77.92875059099998, -6.027118806999965], [-77.92893660199996, -6.026356566999937], [-77.92988333099998, -6.025653672999965], [-77.93086548499997, -6.025648388999969], [-77.93146676899994, -6.025518280999961], [-77.93244789899995, -6.0253226909999285], [-77.93345411199994, -6.025050876999956], [-77.93533911799994, -6.024769955999943], [-77.93662569199995, -6.024507232999952], [-77.93732167599995, -6.024313172999939], [-77.93792278299998, -6.024151340999936], [-77.93839716099995, -6.023990192999975], [-77.93991960699998, -6.024299160999931], [-77.94109320799998, -6.024546569999927], [-77.94172633599999, -6.024447997999971], [-77.94236048899995, -6.024539727999979], [-77.94353408999996, -6.024787131999972], [-77.94394561299998, -6.024721471999953], [-77.94361011099994, -6.023777816999939], [-77.94353588299998, -6.023573240999951], [-77.94416725599996, -6.023206190999929], [-77.94469217999995, -6.0223604409999325], [-77.94463990999998, -6.021633444999964], [-77.94468199999994, -6.021125138999935], [-77.94494350199994, -6.020468996999966], [-77.94517994899996, -6.019549806999976], [-77.94524285399996, -6.018196263999926], [-77.94504966999995, -6.017572696999935], [-77.94489898399996, -6.01699264399997], [-77.94487454599994, -6.0165782809999655], [-77.94467756799997, -6.016047958999934], [-77.94466889399996, -6.0143039719999365], [-77.94456280499998, -6.014113648999967], [-77.94423634799995, -6.013924797999948], [-77.94401573499994, -6.0136606539999775], [-77.94524271499995, -6.012717476999967], [-77.94574446099995, -6.012113106999948], [-77.94621731599995, -6.011331764999966], [-77.94662688099999, -6.0103700509999385], [-77.94708359799995, -6.009784568999976], [-77.94794730999996, -6.008425989999978], [-77.94828200499995, -6.008060605999958], [-77.94874399499997, -6.007789909999929], [-77.94927021099994, -6.007474406999961], [-77.94975840899997, -6.007149068999979], [-77.95072778499997, -6.006259630999978], [-77.95027172299996, -6.006199616999936], [-77.94923025899999, -6.005509005999954], [-77.94887406699996, -6.005473637999955], [-77.94859320399996, -6.005752601999973], [-77.94667545399994, -6.005712985999935], [-77.94654610199996, -6.00585710699994], [-77.94619723099999, -6.006028705999938], [-77.94584895899999, -6.006533761999947], [-77.94447523099996, -6.007492544999934], [-77.94399419999996, -6.007952898999974], [-77.94331361099995, -6.0086007789999485], [-77.93629019599996, -6.007709901999931], [-77.92893474399995, -6.004562939999971], [-77.92388702599999, -6.0043198439999514], [-77.91981757399998, -6.003724859999977], [-77.91467592599997, -6.001080485999978], [-77.91301909999999, -6.002344674999961], [-77.89236522399995, -5.999291819999939], [-77.88219617399994, -5.997764225999958], [-77.87244688599998, -5.995970666999938], [-77.86549034499996, -5.9946366809999745], [-77.85715187599999, -5.992706689999977], [-77.84042692499997, -5.977832274999969], [-77.84025915999996, -5.977970864999975], [-77.84032132399994, -5.978171833999966], [-77.84043787699994, -5.979600107999943], [-77.84026950999998, -5.979980656999942], [-77.84066548299995, -5.9852370369999335], [-77.84210173999998, -5.989065642999947], [-77.84326221999999, -5.99118359199997], [-77.84524349099996, -5.995776534999948], [-77.84640312399995, -5.999581429999978]]]}}, {"type": "Feature", "properties": {"objectid": 17498, "anp_gid": 220, "acp_codi": "ACP139", "acp_nomb": "Hakim & Cumorah", "acp_suleg": 0.3318, "acp_balec": "R.M. N° 124-2019-MINAM", "acp_felec": 1557032400000, "acp_balem": " ", "acp_felem": null, "acp_fecad": "05/05/2019", "acp_ubpo": "LORETO", "acp_titu": "Carlos Daniel Lozano Escudero y Gabriela Hurtado Hidalgo", "acp_tipro": "Privado", "acp_tirec": "10", "acp_pareg": "PE N° 11052649, 11052650, 11052651, 11052652 y 11052653", "acp_obs": null, "met_link": null, "acp_orden": 139, "acp_id": 49}, "geometry": {"type": "Polygon", "coordinates": [[[-73.50261900099997, -4.282711402999951], [-73.50318174199998, -4.283017528999949], [-73.50343377399997, -4.282720230999928], [-73.50360924399996, -4.282358537999926], [-73.50261900099997, -4.282711402999951]]]}}, {"type": "Feature", "properties": {"objectid": 17499, "anp_gid": 221, "acp_codi": "ACP139", "acp_nomb": "Hakim & Cumorah", "acp_suleg": 10.7106, "acp_balec": "R.M. N° 124-2019-MINAM", "acp_felec": 1557032400000, "acp_balem": " ", "acp_felem": null, "acp_fecad": "05/05/2019", "acp_ubpo": "LORETO", "acp_titu": "Carlos Daniel Lozano Escudero y Gabriela Hurtado Hidalgo", "acp_tipro": "Privado", "acp_tirec": "10", "acp_pareg": "PE N° 11052649, 11052650, 11052651, 11052652 y 11052653", "acp_obs": null, "met_link": null, "acp_orden": 139, "acp_id": 49}, "geometry": {"type": "Polygon", "coordinates": [[[-73.49032221199997, -4.287093105999929], [-73.49062828199999, -4.287732200999926], [-73.49113058999995, -4.28759662899995], [-73.49146836399996, -4.287606167999968], [-73.49399421399994, -4.287058651999928], [-73.49437810299997, -4.287131134999925], [-73.49487443499999, -4.2869900919999395], [-73.49651883599995, -4.28606439999993], [-73.49680532699995, -4.285873476999939], [-73.49705932399996, -4.285575714999936], [-73.49718632399998, -4.285312936999958], [-73.49760092299994, -4.2848615089999385], [-73.49802805199994, -4.284583058999942], [-73.49904146799997, -4.2842714239999395], [-73.49948816499995, -4.284014122999963], [-73.49980215199997, -4.283996729999956], [-73.50028624499998, -4.283803441999964], [-73.50064401299994, -4.283550453999965], [-73.50079309499995, -4.283362043999944], [-73.49032221199997, -4.287093105999929]]]}}, {"type": "Feature", "properties": {"objectid": 17500, "anp_gid": 222, "acp_codi": "ACP139", "acp_nomb": "Hakim & Cumorah", "acp_suleg": 19.9865, "acp_balec": "R.M. N° 124-2019-MINAM", "acp_felec": 1557032400000, "acp_balem": " ", "acp_felem": null, "acp_fecad": "05/05/2019", "acp_ubpo": "LORETO", "acp_titu": "Carlos Daniel Lozano Escudero y Gabriela Hurtado Hidalgo", "acp_tipro": "Privado", "acp_tirec": "10", "acp_pareg": "PE N° 11052649, 11052650, 11052651, 11052652 y 11052653", "acp_obs": null, "met_link": null, "acp_orden": 139, "acp_id": 49}, "geometry": {"type": "Polygon", "coordinates": [[[-73.50099781299997, -4.28328909499993], [-73.50071138699997, -4.283613432999971], [-73.50032942399997, -4.283883528999979], [-73.49982178999994, -4.284086216999981], [-73.49950510099995, -4.284103759999937], [-73.49908597999996, -4.28435120599994], [-73.49806220599999, -4.284668626999974], [-73.49765948099997, -4.284931166999968], [-73.49726157099997, -4.285364423999965], [-73.49713530499997, -4.285625682999978], [-73.49686559699995, -4.285941860999969], [-73.49655673999996, -4.286147688999961], [-73.49490032699998, -4.2870784959999355], [-73.49438712299997, -4.287224859999981], [-73.49399655099995, -4.287151115999961], [-73.49147538899996, -4.287696963999963], [-73.49114655899996, -4.287687097999935], [-73.49066886499998, -4.28781694099996], [-73.49116437099997, -4.288851587999943], [-73.50357413199998, -4.284449280999979], [-73.50335554099996, -4.284187004999978], [-73.50371384299996, -4.284154332999947], [-73.50352689499994, -4.283650879999925], [-73.50374897599994, -4.283743190999928], [-73.50393685099993, -4.28357035099998], [-73.50385050699998, -4.2831986249999545], [-73.50328743499995, -4.283441486999948], [-73.50315013299996, -4.283120407999945], [-73.50239006799995, -4.282792980999943], [-73.50099781299997, -4.28328909499993]]]}}, {"type": "Feature", "properties": {"objectid": 17501, "anp_gid": 227, "acp_codi": "ACP141", "acp_nomb": "Zoo Perú I", "acp_suleg": 40.3125, "acp_balec": "R.M. N° 367-2019-MINAM", "acp_felec": 1575262800000, "acp_balem": " ", "acp_felem": null, "acp_fecad": "02/12/2029", "acp_ubpo": "LORETO", "acp_titu": "Antony James Taggart", "acp_tipro": "Privado", "acp_tirec": "10", "acp_pareg": "P.E. N° 04006332 y N° 04006330 ", "acp_obs": null, "met_link": null, "acp_orden": 141, "acp_id": 52}, "geometry": {"type": "Polygon", "coordinates": [[[-73.53114201599993, -4.116737064999938], [-73.52790905899997, -4.1177188279999655], [-73.53071192199997, -4.127024716999927], [-73.53394493099995, -4.126042952999967], [-73.53114201599993, -4.116737064999938]]]}}, {"type": "Feature", "properties": {"objectid": 17502, "anp_gid": 228, "acp_codi": "ACP141", "acp_nomb": "Zoo Perú I", "acp_suleg": 40.3125, "acp_balec": "R.M. N° 367-2019-MINAM", "acp_felec": 1575262800000, "acp_balem": " ", "acp_felem": null, "acp_fecad": "02/12/2029", "acp_ubpo": "LORETO", "acp_titu": "Antony James Taggart", "acp_tipro": "Privado", "acp_tirec": "10", "acp_pareg": "P.E. N° 04006332 y N° 04006330 ", "acp_obs": null, "met_link": null, "acp_orden": 141, "acp_id": 52}, "geometry": {"type": "Polygon", "coordinates": [[[-73.52790905899997, -4.1177188279999655], [-73.52467608999996, -4.11870057699997], [-73.52747892199994, -4.1280064619999735], [-73.53071192199997, -4.127024716999927], [-73.52790905899997, -4.1177188279999655]]]}}, {"type": "Feature", "properties": {"objectid": 17503, "anp_gid": 245, "acp_codi": "ACP147", "acp_nomb": "La Niebla Forest", "acp_suleg": 70.2821, "acp_balec": "R.M. N° 059-2020-MINAM", "acp_felec": 1582693200000, "acp_balem": " ", "acp_felem": null, "acp_fecad": "Perpetuo", "acp_ubpo": "JUNIN", "acp_titu": "Moisés Sandro Pimentel Alarcón y Heleen Johanna Rosa Diederick Vanderheyden ", "acp_tipro": "Privado", "acp_tirec": "Perpetuo", "acp_pareg": "P.E. N° 11082201 ", "acp_obs": null, "met_link": null, "acp_orden": 147, "acp_id": 58}, "geometry": {"type": "Polygon", "coordinates": [[[-75.42393145999995, -11.10452709699996], [-75.42554988699999, -11.102873767999938], [-75.42616755899996, -11.102786753999965], [-75.42626938599994, -11.102836858999979], [-75.42636429999999, -11.103131040999926], [-75.42634330799996, -11.10369099099995], [-75.42490758799994, -11.10536560099996], [-75.42917818899997, -11.108187856999962], [-75.43064069099995, -11.106941503999963], [-75.43164752099995, -11.106231787999945], [-75.43206403799996, -11.106097192999925], [-75.43244712999996, -11.10629763999998], [-75.43267157899999, -11.106530616999976], [-75.43379482099994, -11.10508613299993], [-75.43270252199994, -11.103687904999958], [-75.43178557899995, -11.102907965999975], [-75.43118525899996, -11.102436243999932], [-75.43014862299998, -11.101809610999965], [-75.42935837599998, -11.101540737999926], [-75.42882018899996, -11.101307008999981], [-75.42664890399999, -11.10094638299995], [-75.42473915199997, -11.099995620999948], [-75.42420566399994, -11.099655395999946], [-75.42278041299994, -11.098329382999964], [-75.42199577699995, -11.097145636999926], [-75.42173447599998, -11.096611435999932], [-75.42145885199994, -11.097004244999937], [-75.42110574299994, -11.096580310999968], [-75.42081179999997, -11.096446124999943], [-75.42046051599993, -11.096449606999954], [-75.42054582299994, -11.09765546999995], [-75.42116193099997, -11.098173851999945], [-75.42158651999995, -11.098603966999974], [-75.42207208199994, -11.099315151999974], [-75.42190337699998, -11.099931040999934], [-75.42132889199996, -11.100565942999935], [-75.42073568599994, -11.100818017999927], [-75.42393145999995, -11.10452709699996]]]}}, {"type": "Feature", "properties": {"objectid": 17504, "anp_gid": 276, "acp_codi": "ACP39", "acp_nomb": "La Huerta del Chaparrí", "acp_suleg": 100.0001, "acp_balec": "R.M. N° 266-2011-MINAM", "acp_felec": 1320987600000, "acp_balem": " ", "acp_felem": null, "acp_fecad": "Perpetuo", "acp_ubpo": "LAMBAYEQUE", "acp_titu": "Sr. Heinz Augusto Ricardo E. Plenge Sánchez y la Sra. Ana María Pardo Díaz de Plenge", "acp_tipro": "Privado", "acp_tirec": "Perpetuo", "acp_pareg": " ", "acp_obs": null, "met_link": null, "acp_orden": 39, "acp_id": 81}, "geometry": {"type": "Polygon", "coordinates": [[[-79.48124546899999, -6.533977056999959], [-79.47225522599996, -6.5340715569999475], [-79.47204886499998, -6.543129500999953], [-79.48113655899994, -6.543014362999941], [-79.48124546899999, -6.533977056999959]]]}}, {"type": "Feature", "properties": {"objectid": 17505, "anp_gid": 191, "acp_codi": "ACP114", "acp_nomb": "Chakra Educativa", "acp_suleg": 9.33675, "acp_balec": "R.M. N° 380-2016-MINAM", "acp_felec": 1481259600000, "acp_balem": " ", "acp_felem": null, "acp_fecad": "Perpetuo", "acp_ubpo": "LORETO", "acp_titu": "Thomas Hefti Schieeg y Liri Seopa de Hefti", "acp_tipro": "Privado", "acp_tirec": "Perpetuo", "acp_pareg": " ", "acp_obs": null, "met_link": null, "acp_orden": 114, "acp_id": 23}, "geometry": {"type": "Polygon", "coordinates": [[[-76.14191463599997, -5.92269607399993], [-76.14102980599995, -5.922887831999958], [-76.14032567699996, -5.923013898999955], [-76.14003694099995, -5.9231682499999465], [-76.14011934999996, -5.9237107559999345], [-76.14018695999994, -5.92371813699998], [-76.14072555499996, -5.924197915999969], [-76.14149594999998, -5.925462570999969], [-76.14265102599995, -5.92490847199997], [-76.14321154799995, -5.925142474999973], [-76.14376302899996, -5.925465267999925], [-76.14412293799995, -5.92453659499995], [-76.14444655099999, -5.924011360999941], [-76.14337013299996, -5.9232809719999295], [-76.14254734399998, -5.922893751999936], [-76.14191463599997, -5.92269607399993]]]}}, {"type": "Feature", "properties": {"objectid": 17511, "anp_gid": 351, "acp_codi": "ACP154", "acp_nomb": "Paraje Capiro Llaylla", "acp_suleg": 350.180975, "acp_balec": "R.M. Nº 177-2021-MINAM", "acp_felec": 1632546000000, "acp_balem": " ", "acp_felem": null, "acp_fecad": "25/09/2041", "acp_ubpo": "JUNIN", "acp_titu": "Jhordyn Tolentino Avellaneda Medina", "acp_tipro": "Privado", "acp_tirec": "20", "acp_pareg": "P.E. Nº 11073674", "acp_obs": null, "met_link": null, "acp_orden": 154, "acp_id": 148}, "geometry": {"type": "Polygon", "coordinates": [[[-74.66676190599998, -11.391536550999945], [-74.66039689599995, -11.394046252999942], [-74.66039117899999, -11.398862191999967], [-74.66396218199998, -11.39901010999995], [-74.66402838199997, -11.397570593999944], [-74.66439307799999, -11.396496609999929], [-74.66490058499994, -11.395726658999934], [-74.66519854799998, -11.395195222999973], [-74.66523153199995, -11.394579248999946], [-74.66529425699997, -11.394001841999966], [-74.66545997599997, -11.393784626999945], [-74.66573601199997, -11.393560743999956], [-74.66611317599995, -11.393030116999967], [-74.66625168599995, -11.39262898499993], [-74.66641754999995, -11.392445531999954], [-74.66668673199996, -11.392445836999968], [-74.66685919699995, -11.392520848999936], [-74.66693489799997, -11.392711377999944], [-74.66694153099996, -11.392942636999976], [-74.66682375199997, -11.393323388999931], [-74.66650539899996, -11.393991719999974], [-74.66611126399994, -11.394603409999945], [-74.66596564399998, -11.395181373999947], [-74.66549886999996, -11.396319992999963], [-74.66515608099996, -11.396841698999935], [-74.66487912499997, -11.397700666999981], [-74.66475483599999, -11.398565247999954], [-74.66473454899995, -11.399042097999939], [-74.66519624599994, -11.399061217999929], [-74.66563284299997, -11.401211571999966], [-74.66635958899997, -11.401040474999945], [-74.66699145999996, -11.400856512999951], [-74.66766523999996, -11.400446879999947], [-74.66858880899997, -11.400119605999976], [-74.66924816499994, -11.400175068999943], [-74.66972961399995, -11.400078237999935], [-74.67020198999995, -11.399757291999947], [-74.67032731099994, -11.399429114999975], [-74.67024462299997, -11.398902346999932], [-74.66993951699999, -11.398306616999946], [-74.66993342199999, -11.39756706299994], [-74.67024697999994, -11.396827868999935], [-74.67068335399995, -11.396474445999957], [-74.67106838999996, -11.395504997999979], [-74.67146725699996, -11.394645621999928], [-74.67208065799997, -11.393826760999957], [-74.67231606299998, -11.39319930199997], [-74.67232789399998, -11.392626657999926], [-74.67236162199998, -11.392450492999956], [-74.67250869099996, -11.392338638999945], [-74.67272328799999, -11.392343193999977], [-74.67291146899998, -11.392468561999976], [-74.67293754899998, -11.39264122399993], [-74.67289312899999, -11.393312669999943], [-74.67275244699994, -11.393778621999957], [-74.67234452699995, -11.394313328999942], [-74.67195783199998, -11.394980629999964], [-74.67174258499995, -11.395541445999982], [-74.67154078999994, -11.396100047999937], [-74.67139225499994, -11.396518656999945], [-74.67122429699998, -11.396710843999927], [-74.67090554699996, -11.397013426999933], [-74.67078167599993, -11.397318931999962], [-74.67069331099998, -11.397460192999972], [-74.67067371299999, -11.397755660999962], [-74.67071185899994, -11.398075591999941], [-74.67084565399995, -11.398389708999957], [-74.67095527799995, -11.398681476999968], [-74.67104733899998, -11.398961132999943], [-74.67104910699999, -11.399438688999965], [-74.67219786999993, -11.398400726999967], [-74.67323601199996, -11.397486497999978], [-74.67404148899993, -11.39657664899994], [-74.67495877299996, -11.39579501399993], [-74.67641241299998, -11.394472152999981], [-74.67706027499997, -11.393818802999931], [-74.67777616799998, -11.39339380499996], [-74.67824635599999, -11.392854256999954], [-74.67839393999998, -11.392564192999941], [-74.67851781199994, -11.392238445999965], [-74.67869157399997, -11.392086580999944], [-74.67898572899998, -11.392072646999964], [-74.67913014299995, -11.392291383999975], [-74.67918288599998, -11.392663503999927], [-74.67910529799997, -11.393053058999953], [-74.67893678799999, -11.39334616399998], [-74.67835686299998, -11.39381351999998], [-74.67766652399996, -11.394241382999951], [-74.67892414799996, -11.39431585099993], [-74.67937406999994, -11.394332677999955], [-74.67965258499999, -11.394527144999927], [-74.67973402299998, -11.394759281999939], [-74.67969532799998, -11.394981815999927], [-74.67934919799995, -11.395085623999933], [-74.67839294099997, -11.395008807999943], [-74.67752649399995, -11.394901353999956], [-74.67663355299999, -11.395208393999951], [-74.67531119099993, -11.396495048999952], [-74.67456705099994, -11.396962627999926], [-74.67410157999996, -11.397409115999949], [-74.67368135599997, -11.397956230999966], [-74.67279449799997, -11.398697185999936], [-74.67215878399998, -11.399255232999963], [-74.67148890599998, -11.399936166999964], [-74.67061445499996, -11.400565172999961], [-74.67002453399994, -11.400743311999975], [-74.66946877699996, -11.400798562999967], [-74.66912855699996, -11.400798179999981], [-74.66872018999999, -11.400887120999926], [-74.66959529599995, -11.401329296999961], [-74.67023229699998, -11.401558076999947], [-74.67056113799998, -11.401764011999944], [-74.67063429599995, -11.40202177499998], [-74.67051660499999, -11.402163512999948], [-74.67028442599997, -11.40221536799993], [-74.66989374199994, -11.40213096499997], [-74.66943173099997, -11.40201460399993], [-74.66895519699995, -11.401754730999926], [-74.66803012999998, -11.401244369999972], [-74.66742843999998, -11.401456676999942], [-74.66697337999994, -11.401614208999945], [-74.66635314799998, -11.401682596999933], [-74.66619149499996, -11.401779079999926], [-74.66597060099997, -11.401834983999947], [-74.66576443099996, -11.401859670999954], [-74.66631551199998, -11.404573833999962], [-74.67200024299996, -11.402682896999977], [-74.67405170299998, -11.402657670999929], [-74.67888489099994, -11.402020084999947], [-74.68358048499994, -11.402909955999974], [-74.68576978699997, -11.40331871199993], [-74.68643423499998, -11.402602410999975], [-74.68702913899995, -11.401707543999976], [-74.68736661999998, -11.400643171999945], [-74.68756889499997, -11.399771045999955], [-74.68759458599999, -11.39892845099996], [-74.68762572499998, -11.398201411999935], [-74.68770335099998, -11.397728511999958], [-74.68772243199999, -11.397298840999952], [-74.68775428399994, -11.396909551999954], [-74.68790258599995, -11.396776985999963], [-74.68808219899995, -11.396750631999964], [-74.68839189899995, -11.39682616999994], [-74.68857499999996, -11.396995979999929], [-74.68870589299996, -11.39720284699996], [-74.68882219199998, -11.39755669799996], [-74.68890263999998, -11.398101887999928], [-74.68884961399993, -11.399035440999967], [-74.68872208499994, -11.400056133999954], [-74.68860976099995, -11.400788665999926], [-74.68835590299994, -11.401772353999945], [-74.68787724899994, -11.40265975799997], [-74.68717569499995, -11.403581193999969], [-74.69215698899995, -11.404511140999944], [-74.69263745799998, -11.403427155999964], [-74.69250658899995, -11.40113028099995], [-74.69185813699994, -11.398823641999968], [-74.69130930199998, -11.398089269999957], [-74.69002803699993, -11.397175210999933], [-74.68913544399999, -11.39514787099995], [-74.68866412899996, -11.393085381999981], [-74.68857227599995, -11.391170778999935], [-74.66676190599998, -11.391536550999945]]]}}, {"type": "Feature", "properties": {"objectid": 17512, "anp_gid": 354, "acp_codi": "ACP156", "acp_nomb": "San Lorenzo", "acp_suleg": 191.14, "acp_balec": "R.M. Nº 194-2021-MINAM", "acp_felec": 1634446800000, "acp_balem": " ", "acp_felem": null, "acp_fecad": "Perpetuo", "acp_ubpo": "AMAZONAS", "acp_titu": "Comunidad Campesina San Lucas de Pomacochas", "acp_tipro": "Comunidad Campesina", "acp_tirec": "Perpetuo", "acp_pareg": "P.E. Nº 02013017", "acp_obs": null, "met_link": null, "acp_orden": 156, "acp_id": 150}, "geometry": {"type": "Polygon", "coordinates": [[[-78.03325091099998, -5.799914222999973], [-78.03280555199996, -5.800553330999946], [-78.03170839799998, -5.801631702999941], [-78.03087081599995, -5.801374341999974], [-78.02910038599998, -5.801825796999935], [-78.02786881799994, -5.802731797999968], [-78.02648460899997, -5.803501474999962], [-78.02514255999995, -5.804831498999931], [-78.02443388599994, -5.805794443999957], [-78.02356896599997, -5.807307659999935], [-78.02278949699996, -5.808008230999974], [-78.02160172799995, -5.809158362999938], [-78.02058534399998, -5.810309394999933], [-78.02041964599994, -5.810940923999965], [-78.02044892999999, -5.8122329859999695], [-78.02442658799998, -5.812335279999957], [-78.02512421399996, -5.811760757999934], [-78.02632575899997, -5.811423782999952], [-78.02774688199997, -5.81050072599993], [-78.03004963299998, -5.808317484999975], [-78.03085369699994, -5.808086817999936], [-78.03139611699999, -5.807863808999969], [-78.03251637599999, -5.80754445599996], [-78.03316661699995, -5.807403320999981], [-78.03393057899996, -5.807940363999933], [-78.03438038099995, -5.80817762199996], [-78.03477624899995, -5.808378457999936], [-78.03552373299993, -5.808617276999939], [-78.03637124899996, -5.808703034999951], [-78.03843802099993, -5.808515118999935], [-78.03999755999996, -5.80872205299994], [-78.04061814699998, -5.809077649999949], [-78.04217179299997, -5.810413860999972], [-78.04317919099998, -5.810979276999944], [-78.04441494099996, -5.811003816999971], [-78.04429397799998, -5.809982283999943], [-78.04426044099995, -5.80949424399995], [-78.04431748899998, -5.8089344029999666], [-78.04434208199996, -5.807678733999978], [-78.04440077699996, -5.806802692999952], [-78.04435127099998, -5.805917050999938], [-78.04425581299995, -5.805193789999976], [-78.04312095299997, -5.80485357699996], [-78.04260917999994, -5.804390138999963], [-78.04216121099995, -5.803800551999927], [-78.04181965299995, -5.803563867999969], [-78.04095673799998, -5.802972108999938], [-78.04029978999995, -5.802670531999979], [-78.03962390599997, -5.802540510999961], [-78.03892180999998, -5.802247730999966], [-78.03813942699998, -5.801782874999958], [-78.03744890199994, -5.801002292999954], [-78.03663898799994, -5.800627636999934], [-78.03628591299997, -5.800869716999955], [-78.03570222199994, -5.800360728999976], [-78.03521426399999, -5.80052079099994], [-78.03486340799998, -5.800338262999958], [-78.03458528399995, -5.800047701999972], [-78.03325091099998, -5.799914222999973]]]}}, {"type": "Feature", "properties": {"objectid": 17514, "anp_gid": 352, "acp_codi": "ACP155", "acp_nomb": "Comunidad Nativa Once de Agosto Río Ucayali", "acp_suleg": 1070.63, "acp_balec": "R.M. N° 179-2021-MINAM", "acp_felec": 1632978000000, "acp_balem": " ", "acp_felem": null, "acp_fecad": "Perpetuo", "acp_ubpo": "LORETO", "acp_titu": "Comunidad Nativa Once de Agosto", "acp_tipro": "Comunidad Campesina", "acp_tirec": "Perpetuo", "acp_pareg": "P.E. Nº 11091804", "acp_obs": null, "met_link": null, "acp_orden": 155, "acp_id": 149}, "geometry": {"type": "Polygon", "coordinates": [[[-73.72534970199996, -4.900428544999954], [-73.73619351499997, -4.907880942999952], [-73.73485063799995, -4.9518462839999415]]]}}, {"type": "Feature", "properties": {"objectid": 17515, "anp_gid": 366, "acp_codi": "ACP162", "acp_nomb": "Juningue", "acp_suleg": 25.85, "acp_balec": "R.M. Nº 026-2022-MINAM", "acp_felec": 1643432400000, "acp_balem": " ", "acp_felem": null, "acp_fecad": "Parcial", "acp_ubpo": "SAN MARTIN", "acp_titu": "César Hoyos Salazar,Margarita Hoyos Salazar,Teresa Hoyos Salazar,Carlos Hoyos Salazar,Ciro Reymer Tapia,Teolinda Hoyos Salazar,Julio Hoyos Salazar,Abel Hoyos Salazar,Jorge Hoyos Salazar,Juan Reymer Hoyos,Patricia Reymer Hoyos y Virginia Reymer Hoyos", "acp_tipro": "Privado", "acp_tirec": "Perpetuo", "acp_pareg": "P.E. N° 04017542", "acp_obs": null, "met_link": null, "acp_orden": 162, "acp_id": 156}, "geometry": {"type": "Polygon", "coordinates": [[[-76.91183638399997, -6.040091062999977], [-76.91241163599994, -6.040555833999974], [-76.91241166299994, -6.040555855999969], [-76.91342980299999, -6.041499639999927], [-76.91386793399994, -6.04190577199995], [-76.91386795799997, -6.041905798999949], [-76.91425310599999, -6.0424280879999515], [-76.91456374299997, -6.042918767999936], [-76.91470883099998, -6.043147947999955], [-76.91474780599998, -6.043133707999971], [-76.91488564999997, -6.043341588999965], [-76.91499016799997, -6.043370419999974], [-76.91577221399996, -6.043253038999978], [-76.91661221699997, -6.043330892999961], [-76.91716906499994, -6.043474106999952], [-76.91815800099994, -6.043270928999959], [-76.91904363599997, -6.043321227999968], [-76.91911233199994, -6.043307967999965], [-76.91915021399996, -6.043300691999946], [-76.91924815199997, -6.042750999999953], [-76.92027895899997, -6.043038979999949], [-76.92058000899993, -6.042409292999935], [-76.92100674499994, -6.0417761119999795], [-76.92032013499994, -6.04136172099993], [-76.92012465899995, -6.041954051999937], [-76.91941130499998, -6.041600135999943], [-76.91881434299995, -6.04099821799997], [-76.91866579699996, -6.040458434999948], [-76.91852605299994, -6.040269112999965], [-76.91832207999994, -6.040179802999944], [-76.91591201399996, -6.04007969099996], [-76.91380663099994, -6.039700251999932], [-76.91281987799994, -6.039090657999964], [-76.91238941699999, -6.039556970999968], [-76.91183638399997, -6.040091062999977]]]}}, {"type": "Feature", "properties": {"objectid": 17516, "anp_gid": 367, "acp_codi": "ACP162", "acp_nomb": "Juningue", "acp_suleg": 38.37, "acp_balec": "R.M. Nº 026-2022-MINAM", "acp_felec": 1643432400000, "acp_balem": " ", "acp_felem": null, "acp_fecad": "Parcial", "acp_ubpo": "SAN MARTIN", "acp_titu": "César Hoyos Salazar,Margarita Hoyos Salazar,Teresa Hoyos Salazar,Carlos Hoyos Salazar,Ciro Reymer Tapia,Teolinda Hoyos Salazar,Julio Hoyos Salazar,Abel Hoyos Salazar,Jorge Hoyos Salazar,Juan Reymer Hoyos,Patricia Reymer Hoyos y Virginia Reymer Hoyos", "acp_tipro": "Privado", "acp_tirec": "Perpetuo", "acp_pareg": "P.E. N° 04017542", "acp_obs": null, "met_link": null, "acp_orden": 162, "acp_id": 156}, "geometry": {"type": "Polygon", "coordinates": [[[-76.91863521599998, -6.038039311999967], [-76.91880377999996, -6.0376856949999365], [-76.91906509399996, -6.037312894999957], [-76.91938025499996, -6.037019868999948], [-76.91999076499997, -6.036592849999977], [-76.92064273699998, -6.03629303799994], [-76.92075607999999, -6.036190384999941], [-76.92069971399997, -6.035888757999942], [-76.92007278299997, -6.035072955999965], [-76.91993173799995, -6.0346830419999264], [-76.91974094999995, -6.034362422999948], [-76.91896370099994, -6.033967246999964], [-76.91862128299994, -6.033868974999962], [-76.91800370299995, -6.03356873499996], [-76.91776147899998, -6.03341259299998], [-76.91767022899995, -6.0333856359999345], [-76.91722764799994, -6.033632413999953], [-76.91550365099994, -6.0343215189999455], [-76.91445219799994, -6.034741796999981], [-76.91461639499994, -6.035634125999934], [-76.91454491899998, -6.03609436499994], [-76.91422188399997, -6.036692223999978], [-76.91403900499995, -6.037090268999975], [-76.91391039599995, -6.037661870999955], [-76.91336179599995, -6.038657780999927], [-76.91311623399997, -6.0390393209999615], [-76.91334336999995, -6.039244200999974], [-76.91371613399997, -6.039149578999968], [-76.91443380299995, -6.039479292999943], [-76.91519418599995, -6.039524043999961], [-76.91583815499996, -6.039677840999957], [-76.91612942299997, -6.039927442999954], [-76.91784772799997, -6.0400360279999745], [-76.91821720899998, -6.040008874999955], [-76.91870966299996, -6.0401556959999425], [-76.91884531899996, -6.040635078999969], [-76.91893069099996, -6.040752244999965], [-76.91900891399996, -6.04075822599998], [-76.91915528199996, -6.040631681999969], [-76.91934288899995, -6.04055148499998], [-76.91919923199998, -6.040415244999963], [-76.91915283399999, -6.040253216999929], [-76.91889362099994, -6.03995598299997], [-76.91861782899997, -6.039369853999972], [-76.91848068399997, -6.038893792999943], [-76.91847793599999, -6.038553669999942], [-76.91863521599998, -6.038039311999967]]]}}, {"type": "Feature", "properties": {"objectid": 17517, "anp_gid": 353, "acp_codi": "ACP155", "acp_nomb": "Comunidad Nativa Once de Agosto Río Ucayali", "acp_suleg": 29.387096, "acp_balec": "R.M. N° 179-2021-MINAM", "acp_felec": 1632978000000, "acp_balem": " ", "acp_felem": null, "acp_fecad": "Perpetuo", "acp_ubpo": "LORETO", "acp_titu": "Comunidad Nativa Once de Agosto", "acp_tipro": "Comunidad Campesina", "acp_tirec": "Perpetuo", "acp_pareg": "P.E. Nº 11091804", "acp_obs": null, "met_link": null, "acp_orden": 155, "acp_id": 149}, "geometry": {"type": "Polygon", "coordinates": [[[-73.71909978099995, -4.900073212999928], [-73.71905779899998, -4.900328800999944], [-73.71904347899994, -4.900396703999945], [-73.71897858399996, -4.90064784499998], [-73.71896355899997, -4.900698701999943], [-73.71894507199994, -4.900748397999962], [-73.71891054099996, -4.9008322719999455], [-73.71878357099996, -4.901140667999925], [-73.71865052899994, -4.901489819999938], [-73.71863055099993, -4.901537395999981], [-73.71861896299998, -4.901562591999948], [-73.71843153199995, -4.901970092999932], [-73.71815124899996, -4.90262458199993], [-73.71814740199994, -4.902633962999971], [-73.71811726499999, -4.902698720999979], [-73.71808126199994, -4.902760390999958], [-73.71800229699994, -4.9028822819999505], [-73.71796370399994, -4.902936549999936], [-73.71788284399997, -4.903040414999964], [-73.71779100599997, -4.903278551999961], [-73.71767771599997, -4.90366093199998], [-73.71767010299999, -4.903686629999925], [-73.71764840899993, -4.903749693999941], [-73.71750887899998, -4.9041045669999335], [-73.71736839099998, -4.904496742999925], [-73.71735595699994, -4.904666759999941], [-73.71735400799997, -4.904693410999926], [-73.71734864999996, -4.904743817999929], [-73.71733999299994, -4.90479376299993], [-73.71732807199999, -4.90484302699997], [-73.71727041499997, -4.905051106999963], [-73.71725610099998, -4.905097119999937], [-73.71723894099995, -4.905142142999978], [-73.71723826699997, -4.905143758999941], [-73.71711660999995, -4.905435035999972], [-73.71703830299998, -4.905740721999962], [-73.71690063699998, -4.906316983999943], [-73.71689728099994, -4.906329902999971], [-73.71688789799998, -4.906364768999936], [-73.71678914099994, -4.906731751999928], [-73.71677722999993, -4.9067716759999485], [-73.71669361399995, -4.90702655399997], [-73.71665483899994, -4.907144746999961], [-73.71663889699994, -4.907188776999931], [-73.71650224599995, -4.90753310499997], [-73.71648993099996, -4.907562361999965], [-73.71634956799994, -4.907877497999948], [-73.71624276199998, -4.908132039999941], [-73.71615062799998, -4.908468336999931], [-73.71609091399995, -4.90871187099998], [-73.71608096199998, -4.908752454999956], [-73.71608001699997, -4.908756266999944], [-73.71607664299995, -4.9087692499999775], [-73.71607304299994, -4.908782172999963], [-73.71606921899996, -4.908795030999954], [-73.71606517199996, -4.9088078189999464], [-73.71606090299997, -4.908820534999961], [-73.71605641399998, -4.908833173999938], [-73.71605170399994, -4.908845732999964], [-73.71604677799996, -4.90885820799997], [-73.71600826799994, -4.908965207999927], [-73.71593407299997, -4.909087107999937], [-73.71585034899994, -4.909201810999946], [-73.71573616699999, -4.9093400009999755], [-73.71579586299998, -4.909344651999959], [-73.71586503899994, -4.909267307999926], [-73.71593970499998, -4.909172368999975], [-73.71602347299995, -4.909057024999925], [-73.71608340299997, -4.908958747999975], [-73.71612306599997, -4.908895877999953], [-73.71616611999997, -4.908811764999939], [-73.71616943999999, -4.908805669999936], [-73.71622789299994, -4.908714783999926], [-73.71625308299997, -4.908673457999953], [-73.71627742299995, -4.908631541999966], [-73.71630091599997, -4.908588696999971], [-73.71634730299996, -4.908498510999948], [-73.71641508499994, -4.908359044999941], [-73.71670652299997, -4.90774244499994], [-73.71682094699997, -4.907504804999974], [-73.71714909899998, -4.906844871999965], [-73.71722152299998, -4.906704144999935], [-73.71722312799994, -4.906701120999969], [-73.71727510199997, -4.906606206999925], [-73.71730165699995, -4.906560823999939], [-73.71730369699998, -4.906557450999969], [-73.71733134399994, -4.9065132029999745], [-73.71733393699998, -4.906509208999978], [-73.71736272799996, -4.9064665389999504], [-73.71736495599998, -4.906463335999945], [-73.71739583999994, -4.906420314999934], [-73.71742763899994, -4.906377891999966], [-73.71742971499998, -4.906375195999942], [-73.71752652399994, -4.906252670999947], [-73.71772335799994, -4.906011732999957], [-73.71784809399998, -4.905853263999973], [-73.71790561699999, -4.90577361499993], [-73.71796069899995, -4.905691928999943], [-73.71801513799994, -4.905607982999925], [-73.71809638199994, -4.905479714999956], [-73.71820368499993, -4.905307378999964], [-73.71825605199996, -4.905221553999979], [-73.71830701299996, -4.905135512999948], [-73.71833101499993, -4.905093425999951], [-73.71838105699999, -4.905001225999968], [-73.71842976299996, -4.904907419999972], [-73.71850228099999, -4.904764220999937], [-73.71876587599996, -4.904235701999937], [-73.71881177499995, -4.904140260999952], [-73.71883811799995, -4.904083487999969], [-73.71889089699994, -4.903961864999928], [-73.71894879199994, -4.903819099999964], [-73.71906272899997, -4.9035286499999415], [-73.71915646199994, -4.903286304999938], [-73.71921059099998, -4.903141652999977], [-73.71924443399996, -4.903045696999925], [-73.71925965399998, -4.902999891999968], [-73.71935092799998, -4.9027125139999725], [-73.71935215699995, -4.90270882599998], [-73.71938677399999, -4.90260993499993], [-73.71940526299994, -4.9025617659999625], [-73.71942507499995, -4.9025127659999725], [-73.71946551999997, -4.902417748999937], [-73.71963004499997, -4.902048997999941], [-73.71968871999997, -4.9019103509999695], [-73.71974574699993, -4.9017660989999285], [-73.71980152799995, -4.901620011999967], [-73.72002274599998, -4.901027332999945], [-73.72002393699995, -4.90102425799995], [-73.72006316399995, -4.9009264719999805], [-73.72006465199996, -4.900922907999927], [-73.72008727099995, -4.900871022999979], [-73.72010948499997, -4.900823965999962], [-73.72011219699993, -4.900818538999943], [-73.72013629099996, -4.900772897999957], [-73.72013881899994, -4.900768325999934], [-73.72014054699997, -4.9007654219999495], [-73.72016723999997, -4.900721795999971], [-73.72017316099993, -4.900712920999979], [-73.72020133799998, -4.900674090999928], [-73.72020730099996, -4.900666462999936], [-73.72023808099993, -4.900629899999956], [-73.72024412699994, -4.900623185999962], [-73.72028358399996, -4.900582650999979], [-73.72031837199995, -4.900551102999941], [-73.72032233999994, -4.900547642999925], [-73.72032623899997, -4.900544494999963], [-73.72036287499998, -4.900516022999966], [-73.72037304199995, -4.900508846999969], [-73.72041162099998, -4.900484192999954], [-73.72041689299994, -4.900480990999938], [-73.72042540899997, -4.900476476999927], [-73.72046619199995, -4.900456693999956], [-73.72047906399996, -4.900451253999961], [-73.72048407699998, -4.900449544999958], [-73.72054691699998, -4.900430511999957], [-73.72059736899996, -4.900420874999952], [-73.72060794199996, -4.900419364999948], [-73.72065892099994, -4.900414156999943], [-73.72066765199997, -4.900413549999939], [-73.72071968499995, -4.900411629999951], [-73.72072575899995, -4.90041154499994], [-73.72077928999994, -4.900412309999979], [-73.72078529499998, -4.9004125289999365], [-73.72083833599999, -4.900415658999975], [-73.72084417699995, -4.900416130999929], [-73.72090363599995, -4.900422391999939], [-73.72095664999995, -4.900430384999936], [-73.72096164799996, -4.900431242999957], [-73.72100956399998, -4.900440819999972], [-73.72101409499999, -4.9004418079999255], [-73.72106044599997, -4.900452754999947], [-73.72106439099997, -4.900453748999951], [-73.72124761499998, -4.900502898999946], [-73.72129064999996, -4.900513580999927], [-73.72133244499997, -4.900522697999975], [-73.72137393699995, -4.900530060999927], [-73.72141525499995, -4.90053566399996], [-73.72149589599996, -4.90054121999998], [-73.72153402099997, -4.900540780999961], [-73.72157002999995, -4.900537871999973], [-73.72161071699998, -4.900531143999956], [-73.72165325799995, -4.900520983999968], [-73.72169783299995, -4.900507920999928], [-73.72174388299999, -4.9004926139999725], [-73.72179063399994, -4.900475765999943], [-73.72188744499994, -4.90043837099995], [-73.72213469699994, -4.900338339999962], [-73.72223469999994, -4.900299090999965], [-73.72223770499994, -4.900297952999949], [-73.72234163599995, -4.900260063999951], [-73.72239204899995, -4.900243400999955], [-73.72239606099998, -4.900242143999947], [-73.72244689599995, -4.900227079999979], [-73.72245171199995, -4.900225749999947], [-73.72250023799995, -4.900213304999966], [-73.72250416099996, -4.900212361999934], [-73.72255306999995, -4.900201366999966], [-73.72255602199994, -4.900200737999967], [-73.72260521699997, -4.900190828999939], [-73.72260823199997, -4.900190256999963], [-73.72270738899994, -4.900172620999967], [-73.72281026699994, -4.900156341999946], [-73.72296226999998, -4.900134866999963], [-73.72306352399994, -4.900122612999951], [-73.72306736699994, -4.900122203999956], [-73.72316749599997, -4.900113003999934], [-73.72317185699995, -4.900112673999956], [-73.72322572499996, -4.900109480999959], [-73.72322927299996, -4.900109317999977], [-73.72333720899996, -4.900105768999936], [-73.72334028199998, -4.9001057029999515], [-73.72350323399996, -4.900104065999926], [-73.72399119499994, -4.900104921999969], [-73.72431322199998, -4.9001100419999375], [-73.72445789599993, -4.900116158999936], [-73.72514271799997, -4.900152231999925], [-73.72524591899997, -4.900155955999935], [-73.72529645899994, -4.9001569939999285], [-73.72534655499999, -4.900157226999966], [-73.72539589299998, -4.900156382999967], [-73.72544575499995, -4.900154200999964], [-73.72549591199999, -4.900150903999929], [-73.72559930499995, -4.900141846999929], [-73.72575671899995, -4.900125056999968], [-73.72618194599994, -4.90007707999996], [-73.72634728399998, -4.900062066999965], [-73.72645413399994, -4.900056025999959], [-73.72645816999994, -4.900055857999973], [-73.72656676099996, -4.900052985999935], [-73.72667624699994, -4.900051855999948], [-73.72682501799994, -4.9000520829999346], [-73.72094613899998, -4.8965009029999464], [-73.72078912099994, -4.89662151999994], [-73.72065411999995, -4.896727749999968], [-73.72051550299994, -4.896854314999928], [-73.72033987999998, -4.897032109999941], [-73.72023355799996, -4.897132754999973], [-73.72007470499994, -4.89745996399995], [-73.71986747199998, -4.897817416999942], [-73.71973680799994, -4.8980522639999435], [-73.71963618899997, -4.898233110999968], [-73.71954522999994, -4.898625038999967], [-73.71953156799998, -4.898675927999932], [-73.71951446099996, -4.8987257589999444], [-73.71937448099999, -4.899092208999946], [-73.71934351999994, -4.899205441999925], [-73.71918147599996, -4.899798068999928], [-73.71915620199997, -4.899890495999955], [-73.71909978099995, -4.900073212999928]]]}}, {"type": "Feature", "properties": {"objectid": 17518, "anp_gid": 368, "acp_codi": "ACP162", "acp_nomb": "Juningue", "acp_suleg": 1.34, "acp_balec": "R.M. Nº 026-2022-MINAM", "acp_felec": 1643432400000, "acp_balem": " ", "acp_felem": null, "acp_fecad": "Parcial", "acp_ubpo": "SAN MARTIN", "acp_titu": "César Hoyos Salazar,Margarita Hoyos Salazar,Teresa Hoyos Salazar,Carlos Hoyos Salazar,Ciro Reymer Tapia,Teolinda Hoyos Salazar,Julio Hoyos Salazar,Abel Hoyos Salazar,Jorge Hoyos Salazar,Juan Reymer Hoyos,Patricia Reymer Hoyos y Virginia Reymer Hoyos", "acp_tipro": "Privado", "acp_tirec": "Perpetuo", "acp_pareg": "P.E. N° 04017542", "acp_obs": null, "met_link": null, "acp_orden": 162, "acp_id": 156}, "geometry": {"type": "Polygon", "coordinates": [[[-76.91488877699999, -6.043380138999964], [-76.91488870899997, -6.043380119999938], [-76.91488874599997, -6.043380225999954], [-76.91492126399999, -6.0434724499999675], [-76.91530019199996, -6.044062045999965], [-76.91554626099997, -6.044441481999968], [-76.91570475499998, -6.044253166999965], [-76.91601589999993, -6.043929893999973], [-76.91637972799998, -6.043719789999955], [-76.91661245599994, -6.043633285999931], [-76.91688208799997, -6.043533064999963], [-76.91708818299998, -6.04349076699998], [-76.91690949299993, -6.043444802999943], [-76.91675775099998, -6.043405770999925], [-76.91664766199995, -6.043377452999948], [-76.91660603099996, -6.043366743999968], [-76.91606441699997, -6.043316508999965], [-76.91577317999997, -6.0432894969999325], [-76.91559307599994, -6.0433165259999555], [-76.91524271799994, -6.043369104999954], [-76.91520961599997, -6.043374072999939], [-76.91498793299996, -6.043407340999977], [-76.91493454999994, -6.043392695999955], [-76.91492674099999, -6.043390553999927], [-76.91491890099996, -6.043388402999938], [-76.91491394399998, -6.043387042999939], [-76.91490932499994, -6.04338577599998], [-76.91490635299994, -6.043384959999969], [-76.91490594799996, -6.043384848999949], [-76.91490199199995, -6.043383763999941], [-76.91490155599996, -6.0433836439999595], [-76.91489811499997, -6.043382699999938], [-76.91489700199998, -6.0433823949999805], [-76.91489406399995, -6.043381588999978], [-76.91489337599995, -6.04338139999993], [-76.91489045599997, -6.043380598999931], [-76.91489040299996, -6.043380584999966], [-76.91488949099994, -6.043380334999938], [-76.91488943299998, -6.043380318999937], [-76.91488925499993, -6.043380269999943], [-76.91488877699999, -6.043380138999964]]]}}, {"type": "Feature", "properties": {"objectid": 17521, "anp_gid": 370, "acp_codi": "ACP163", "acp_nomb": "El Bosque Encantado de Sho'llet", "acp_suleg": 10.4985, "acp_balec": "R.M. Nº 131-2022-MINAM", "acp_felec": 1653800400000, "acp_balem": " ", "acp_felem": null, "acp_fecad": "29/05/2032", "acp_ubpo": "PASCO", "acp_titu": "Janek Igor Kobylinski Valverde y Catherine Guerra Trujillo", "acp_tipro": "Privado", "acp_tirec": "10", "acp_pareg": "P.E. Nº 11071838", "acp_obs": null, "met_link": null, "acp_orden": 163, "acp_id": 157}, "geometry": {"type": "Polygon", "coordinates": [[[-75.31855363399995, -10.670103731999973], [-75.31871842399994, -10.672023920999948], [-75.32078568399999, -10.67379168399998], [-75.32114866099994, -10.67384247299998], [-75.32157861799999, -10.671339927999952], [-75.32341620699998, -10.671057667999946], [-75.32219050499998, -10.670402614999944], [-75.32196272999994, -10.670547183999929], [-75.32161708099994, -10.670712354999978], [-75.32126506999998, -10.670700507999982], [-75.32102409399994, -10.670572565999976], [-75.32088196399997, -10.670481146999975], [-75.32067806699996, -10.670377582999947], [-75.32063482599995, -10.67036541899995], [-75.32006665099993, -10.670329374999937], [-75.31986274099995, -10.670213601999933], [-75.31972681899998, -10.670152697999981], [-75.31949210299996, -10.670104103999961], [-75.31904129899993, -10.670104563999928], [-75.31867694999994, -10.670104934999927], [-75.31857628899996, -10.670103708999932], [-75.31855363399995, -10.670103731999973]]]}}, {"type": "Feature", "properties": {"objectid": 17522, "anp_gid": 369, "acp_codi": "ACP163", "acp_nomb": "El Bosque Encantado de Sho'llet", "acp_suleg": 2.4815, "acp_balec": "R.M. Nº 131-2022-MINAM", "acp_felec": 1653800400000, "acp_balem": " ", "acp_felem": null, "acp_fecad": "29/05/2032", "acp_ubpo": "PASCO", "acp_titu": "Janek Igor Kobylinski Valverde y Catherine Guerra Trujillo", "acp_tipro": "Privado", "acp_tirec": "10", "acp_pareg": "P.E. Nº 11071829", "acp_obs": null, "met_link": null, "acp_orden": 163, "acp_id": 157}, "geometry": {"type": "Polygon", "coordinates": [[[-75.31677668499998, -10.670363490999932], [-75.31871842399994, -10.672023920999948], [-75.31855363399995, -10.670103731999973], [-75.31844106199998, -10.67010384699995], [-75.31829780699996, -10.670124679999958], [-75.31813361299999, -10.670134394999934], [-75.31795168699995, -10.67012184899994], [-75.31789370899997, -10.670099629999982], [-75.31771980699995, -10.670063205999952], [-75.31752494999995, -10.669999751999967], [-75.31748360399996, -10.66997274299996], [-75.31744988099996, -10.66995002799996], [-75.31742928599994, -10.669905361999952], [-75.31742843699999, -10.66987936399994], [-75.31743574899997, -10.669853128999932], [-75.31740400999996, -10.669851929999936], [-75.31735661899995, -10.66985400599998], [-75.31731492099993, -10.669856186999937], [-75.31727446999997, -10.669864908999955], [-75.31723023099994, -10.669879332999926], [-75.31718642799996, -10.669895736999933], [-75.31714326899998, -10.669913298999973], [-75.31710492899998, -10.669929046999926], [-75.31707416299997, -10.669943633999935], [-75.31704842899995, -10.669959511999934], [-75.31702098699998, -10.669980915999929], [-75.31699309899994, -10.67000167599997], [-75.31698392699997, -10.670009100999948], [-75.31698497199994, -10.670032600999946], [-75.31697714499995, -10.670053010999936], [-75.31696969199999, -10.67006457399998], [-75.31696546699999, -10.67007020799997], [-75.31696386299996, -10.670072636999976], [-75.31696000899996, -10.67007906699996], [-75.31695480799993, -10.670086405999939], [-75.31695039199997, -10.67009279299998], [-75.31694602299996, -10.670099380999943], [-75.31693882099995, -10.670109708999973], [-75.31693244799999, -10.670116915999927], [-75.31692659099997, -10.670125163999955], [-75.31691699899994, -10.670135045999928], [-75.31691402599995, -10.670137764999936], [-75.31691219999993, -10.67014020399995], [-75.31690665999997, -10.670148066999957], [-75.31689946999995, -10.670158320999974], [-75.31689357299996, -10.670166310999946], [-75.31688559799994, -10.670178844999953], [-75.31687890499995, -10.670185627999956], [-75.31687772899994, -10.670187716999976], [-75.31687254999997, -10.67019758999993], [-75.31686347499993, -10.670212732999971], [-75.31685506799994, -10.670222000999956], [-75.31685087499994, -10.67022808799993], [-75.31684533399994, -10.670236709999926], [-75.31683798699999, -10.670248735999962], [-75.31682856099997, -10.670260135999968], [-75.31682363599998, -10.670266247999962], [-75.31681694099996, -10.670276170999955], [-75.31680817499995, -10.670287944999927], [-75.31680369899993, -10.670295858999964], [-75.31679607199999, -10.670306577999952], [-75.31679191399996, -10.67031200699995], [-75.31678720499997, -10.670319695999979], [-75.31677930199999, -10.670329446999972], [-75.31677411099997, -10.67033656999996], [-75.31676937399999, -10.670343337999952], [-75.31677668499998, -10.670363490999932]]]}}, {"type": "Feature", "properties": {"objectid": 17523, "anp_gid": 371, "acp_codi": "ACP163", "acp_nomb": "El Bosque Encantado de Sho'llet", "acp_suleg": 7.8973, "acp_balec": "R.M. Nº 131-2022-MINAM", "acp_felec": 1653800400000, "acp_balem": " ", "acp_felem": null, "acp_fecad": "29/05/2032", "acp_ubpo": "PASCO", "acp_titu": "Janek Igor Kobylinski Valverde y Catherine Guerra Trujillo", "acp_tipro": "Privado", "acp_tirec": "10", "acp_pareg": "P.E. Nº 11071831", "acp_obs": null, "met_link": null, "acp_orden": 163, "acp_id": 157}, "geometry": {"type": "Polygon", "coordinates": [[[-75.31591865699994, -10.667998259999933], [-75.31672393099996, -10.670218069999976], [-75.31672859199995, -10.670211602999927], [-75.31673493899996, -10.67020219699998], [-75.31674318299997, -10.67019196299998], [-75.31674811199997, -10.670186000999934], [-75.31675206599994, -10.670179529999928], [-75.31675921499993, -10.67016840499997], [-75.31676851499998, -10.670154905999937], [-75.31677459299993, -10.670148205999965], [-75.31677658099994, -10.670144887999982], [-75.31678107599998, -10.670136318999937], [-75.31679015899994, -10.670120183999927], [-75.31679893899997, -10.670111285999951], [-75.31680272199998, -10.670105339999964], [-75.31681006499997, -10.670095390999961], [-75.31681656899997, -10.670086114999947], [-75.31682308199998, -10.670076871999981], [-75.31683197499996, -10.670064992999926], [-75.31684011099998, -10.670057552999936], [-75.31684162599998, -10.67005599199996], [-75.31684601299997, -10.670049812999935], [-75.31685207899994, -10.670042953999939], [-75.31685497499996, -10.670038800999976], [-75.31685922499997, -10.67003239199994], [-75.31686459599996, -10.67002462499994], [-75.31686775799994, -10.670020161999958], [-75.31686988599995, -10.670016611999927], [-75.31686184299997, -10.670004294999956], [-75.31687963699994, -10.669959422999966], [-75.31690037599998, -10.669936493999955], [-75.31692533199998, -10.669916289999946], [-75.31695401799993, -10.66989493799997], [-75.31698523099999, -10.669870591999938], [-75.31702124999998, -10.669848367999975], [-75.31706014299994, -10.669829927999956], [-75.31710135599997, -10.669812999999976], [-75.31714612199994, -10.669794784999965], [-75.31719361099994, -10.669776999999954], [-75.31724553099997, -10.669760070999928], [-75.31730024399997, -10.669748273999971], [-75.31735129499998, -10.669745603999957], [-75.31740367499998, -10.669743309999944], [-75.31745503999997, -10.66974524899996], [-75.31749880199999, -10.669748569999967], [-75.31753502299995, -10.669718477999936], [-75.31768297099995, -10.669637033999948], [-75.31812137899993, -10.669436064999957], [-75.31842290999998, -10.669419498999957], [-75.31877938099996, -10.66951126899994], [-75.31890548299998, -10.66951113999994], [-75.31906448699993, -10.669516397999928], [-75.31928385099997, -10.669570369999974], [-75.31952517999997, -10.669656836999934], [-75.31975549299995, -10.66969453799993], [-75.32020513699996, -10.66975369399995], [-75.32022706699996, -10.669753670999967], [-75.32046843699999, -10.66987807399994], [-75.32051778699997, -10.669883442999947], [-75.32098730999996, -10.67005772799996], [-75.32113851199995, -10.67009354499993], [-75.32127004799997, -10.670062971999926], [-75.32133720599995, -10.67003799899993], [-75.32141553799994, -10.669990877999965], [-75.32143675299994, -10.66993386799993], [-75.31833281999997, -10.66781255899997], [-75.31591865699994, -10.667998259999933]]]}}, {"type": "Feature", "properties": {"objectid": 17524, "anp_gid": 372, "acp_codi": "ACP164", "acp_nomb": "Suttoc y Pacchac", "acp_suleg": 1808.75, "acp_balec": "R.M. Nº 141-2022-MINAM", "acp_felec": 1656046800000, "acp_balem": " ", "acp_felem": null, "acp_fecad": "Perpetuo", "acp_ubpo": "CUSCO", "acp_titu": "Comunidad Campesina Suttoc y Pacchac", "acp_tipro": "Comunidad Campesina", "acp_tirec": "Perpetuo", "acp_pareg": "P.E. Nº 02128797", "acp_obs": null, "met_link": null, "acp_orden": 164, "acp_id": 158}, "geometry": {"type": "Polygon", "coordinates": [[[-72.13670265899998, -13.203920549999964], [-72.13631546699997, -13.203155294999931], [-72.13501159999998, -13.201683858999957], [-72.13460501899993, -13.199235950999935], [-72.13421257599998, -13.198252684999943], [-72.13349627999997, -13.197766697999953], [-72.13197829199999, -13.19742467499998], [-72.12991260999996, -13.19552790199998], [-72.12803915199999, -13.19388181599993], [-72.12507828799994, -13.191787609999949], [-72.12422076899998, -13.191701504999969], [-72.12035814099994, -13.191638969999929], [-72.11710076299994, -13.191544954999927], [-72.11441768999998, -13.190730877999954], [-72.11234570099998, -13.191113524999935], [-72.10531656599994, -13.19084601399993], [-72.10291449699997, -13.191742532999967], [-72.10146167499994, -13.191748821999965], [-72.09848108899996, -13.191351815999951], [-72.09763159699997, -13.192240733999938], [-72.09602418299994, -13.192872517999945], [-72.09024801299995, -13.193916400999967], [-72.08915072899998, -13.196660970999972], [-72.08560851499993, -13.196525067999971], [-72.08338319999996, -13.198723641999948], [-72.07985320499995, -13.201611010999954], [-72.07885028499999, -13.20343465999997], [-72.07831006499998, -13.203907826999966], [-72.07806498999997, -13.204804059999958], [-72.07732898199998, -13.207235529999934], [-72.07627673599995, -13.208989334999956], [-72.07661693999995, -13.209584013999972], [-72.07816889099996, -13.210879913999975], [-72.08344855099995, -13.212477552999928], [-72.08678244499998, -13.21250454699998], [-72.08811631899994, -13.214980405999938], [-72.08908457499996, -13.215848015999939], [-72.09087504799999, -13.21967792299995], [-72.09215093299997, -13.220618572999967], [-72.09546959099998, -13.22446905199996], [-72.09613405999994, -13.226533797999934], [-72.09934423699997, -13.23098224399996], [-72.09990442399999, -13.230506740999942], [-72.10166672799994, -13.230001006999942], [-72.10483348699995, -13.230371501999969], [-72.10618748499996, -13.231390552999926], [-72.10837950799998, -13.227543963999949], [-72.10970952699995, -13.226459725999973], [-72.11036056399996, -13.225033228999962], [-72.11280348099996, -13.224726286999953], [-72.11481469199998, -13.223793099999966], [-72.11590020799997, -13.222753853999961], [-72.11661964299998, -13.219655253999974], [-72.11716070199998, -13.219278992999932], [-72.11925930899997, -13.219207069999982], [-72.11926828899993, -13.218442437999954], [-72.12103104999994, -13.217888752999954], [-72.12259196499997, -13.217906333999963], [-72.12404635799999, -13.218687441999975], [-72.12686537699994, -13.215421222999964], [-72.12778992699998, -13.21562279899996], [-72.13077603099998, -13.214748208999936], [-72.13480616199996, -13.207760126999972], [-72.13590428499998, -13.207123535999926], [-72.13616316599996, -13.20500426999996], [-72.13626450899994, -13.204680388999975], [-72.13670265899998, -13.203920549999964]]]}}, {"type": "Feature", "properties": {"objectid": 17525, "anp_gid": 373, "acp_codi": "ACP165", "acp_nomb": "Fundo Miguel I", "acp_suleg": 6.6641, "acp_balec": "R.M. N° 160-2022-MINAM", "acp_felec": 1660366800000, "acp_balem": " ", "acp_felem": null, "acp_fecad": "13/08/2032", "acp_ubpo": "UCAYALI", "acp_titu": "Honorio Marcos Velásquez Casanova", "acp_tipro": "Privado", "acp_tirec": "10", "acp_pareg": "P.E. Nº 11034935", "acp_obs": null, "met_link": null, "acp_orden": 165, "acp_id": 159}, "geometry": {"type": "Polygon", "coordinates": [[[-75.55305709299995, -9.077828914999941], [-75.55307243999994, -9.077903947999971], [-75.55312018399997, -9.077967359999946], [-75.55317788399998, -9.078012396999952], [-75.55326659999997, -9.078077280999935], [-75.55339286899994, -9.07816209799995], [-75.55345585699996, -9.078181804999929], [-75.55352418999996, -9.078213715999937], [-75.55366370799999, -9.078279878999979], [-75.55376234399995, -9.078401178999968], [-75.55379538099999, -9.078512629999977], [-75.55379515099997, -9.078607131999945], [-75.55379771999998, -9.078667533999976], [-75.55614590699997, -9.07640807699994], [-75.55424144099999, -9.075115817999972], [-75.55419446499997, -9.075163546999931], [-75.55413164899994, -9.075254161999965], [-75.55408112899994, -9.075339062999944], [-75.55396432099997, -9.075550216999943], [-75.55389804799995, -9.075687227999936], [-75.55384806499995, -9.075777917999972], [-75.55381576099995, -9.075851485999976], [-75.55376758999995, -9.075951213999929], [-75.55371755099998, -9.076007537999942], [-75.55367662599997, -9.076036717999955], [-75.55362217499999, -9.076052716999925], [-75.55355005599995, -9.07604748999995], [-75.55348780799994, -9.076019731999963], [-75.55345311699995, -9.07600432099997], [-75.55343743099996, -9.076002355999947], [-75.55339759499998, -9.076007388999926], [-75.55337307699995, -9.076019181999982], [-75.55333321599994, -9.076058941999975], [-75.55329421399995, -9.076117236999949], [-75.55327290199995, -9.076165561999971], [-75.55326060299996, -9.076220108999962], [-75.55325002699993, -9.076271581999947], [-75.55324830199999, -9.076321954999969], [-75.55325403999996, -9.076343104999978], [-75.55327098999999, -9.07638721099994], [-75.55328429699995, -9.07645248199998], [-75.55328203199997, -9.076541649999967], [-75.55326896899999, -9.076635807999935], [-75.55325241299994, -9.07670184899996], [-75.55323781499999, -9.07677322099994], [-75.55323094999994, -9.076847384999951], [-75.55323378399999, -9.076884546999963], [-75.55324788299998, -9.076928022999937], [-75.55327323099993, -9.076968136999938], [-75.55328850399997, -9.076994157999934], [-75.55331960599995, -9.07701943099994], [-75.55339119899998, -9.077072586999975], [-75.55343140399998, -9.077161328999978], [-75.55343955599994, -9.077241256999969], [-75.55343433099995, -9.077308092999942], [-75.55340908499994, -9.077383551999958], [-75.55336748099995, -9.077461385999982], [-75.55329974499995, -9.077523794999934], [-75.55321556999996, -9.077584057999957], [-75.55312661399995, -9.077657262999935], [-75.55309101699999, -9.077687881999964], [-75.55306630899997, -9.077722914999981], [-75.55305204699994, -9.077768422999952], [-75.55305709299995, -9.077828914999941]]]}}, {"type": "Feature", "properties": {"objectid": 17527, "anp_gid": 375, "acp_codi": "ACP167", "acp_nomb": "Pablito II", "acp_suleg": 12.5246, "acp_balec": "R.M. N° 214-2022-MINAM", "acp_felec": 1666069200000, "acp_balem": " ", "acp_felem": null, "acp_fecad": "18/10/2032", "acp_ubpo": "UCAYALI", "acp_titu": "Honorio Marcos Velásquez Casanova", "acp_tipro": "Privado", "acp_tirec": "10", "acp_pareg": "P.E. N° 11097351", "acp_obs": "Área total del predio inscrito en la Partida Electrónica N° 11097351 del Registro de Propiedad Inmueble de la Zona Registral N° VI – Sede Pucallpa de la Oficina Registral de Pucallpa de SUNARP", "met_link": null, "acp_orden": 167, "acp_id": 161}, "geometry": {"type": "Polygon", "coordinates": [[[-75.55591688599998, -9.073705573999973], [-75.55588165099994, -9.073628671999927], [-75.55503006099997, -9.071770975999925], [-75.55168777799997, -9.072436723999942], [-75.55187613799995, -9.07554945399994], [-75.55411383299997, -9.075013852999973], [-75.55410324599995, -9.074870275999956], [-75.55416745399998, -9.074757321999925], [-75.55416443299998, -9.074646637999933], [-75.55416698499994, -9.074500497999963], [-75.55419734699996, -9.074433713999952], [-75.55424995199996, -9.074387694999928], [-75.55435105799995, -9.07435950799993], [-75.55443088299995, -9.074350523999954], [-75.55441775299994, -9.074302344999978], [-75.55441105899996, -9.074243574999969], [-75.55443450999996, -9.074171645999968], [-75.55448342699998, -9.074118217999967], [-75.55455623399996, -9.07408320099995], [-75.55460575599994, -9.074082583999939], [-75.55464847499996, -9.074097801999926], [-75.55468781199994, -9.074060121999935], [-75.55473496399998, -9.074030660999938], [-75.55478783799998, -9.074013217999948], [-75.55482925099994, -9.074008271999958], [-75.55490760999999, -9.073973427999931], [-75.55495394299999, -9.073947945999976], [-75.55503550799995, -9.073899622999932], [-75.55509429599994, -9.07387285599998], [-75.55514297799994, -9.073861930999954], [-75.55517959499997, -9.073861693999959], [-75.55520699099998, -9.073866625999926], [-75.55523844999993, -9.073878605999937], [-75.55525925299997, -9.073890871999936], [-75.55527033499999, -9.073875843999929], [-75.55528599299998, -9.07385972399993], [-75.55531305199997, -9.073840239999981], [-75.55540364099994, -9.073805014999948], [-75.55549770299996, -9.073783168999967], [-75.55568666299996, -9.073746166999967], [-75.55577840399997, -9.073728302999939], [-75.55585419399995, -9.073730357999978], [-75.55590436599994, -9.073712556999965], [-75.55591688599998, -9.073705573999973]]]}}, {"type": "Feature", "properties": {"objectid": 17528, "anp_gid": 142, "acp_codi": "ACP06", "acp_nomb": "Huiquilla", "acp_suleg": 1140.5429, "acp_balec": "R.M. N° 1458-2006-AG", "acp_felec": 1164862800000, "acp_balem": " ", "acp_felem": null, "acp_fecad": "Perpetuo", "acp_ubpo": "AMAZONAS", "acp_titu": "Familia La Torre Montoya", "acp_tipro": "Privado", "acp_tirec": "Perpetuo", "acp_pareg": " ", "acp_obs": null, "met_link": null, "acp_orden": 6, "acp_id": 5}, "geometry": {"type": "Polygon", "coordinates": [[[-77.98304768199995, -6.389571179999962], [-77.98357610499994, -6.390539745999945], [-77.98387683999994, -6.390488492999964], [-77.98395776399997, -6.390449808999961], [-77.98429304699994, -6.390212749999932], [-77.98434828099994, -6.39020248199995], [-77.98450896999998, -6.390260036999962], [-77.98486454599998, -6.3901976419999755], [-77.98509801799997, -6.389867694999964], [-77.98512289799999, -6.389672730999962], [-77.98518111399994, -6.3895273679999605], [-77.98526367599999, -6.389392830999952], [-77.98537043799996, -6.389413640999976], [-77.98573193399994, -6.389624746999971], [-77.98588415999996, -6.389680614999975], [-77.98624910399997, -6.3897294119999515], [-77.98706585899998, -6.390291169999955], [-77.98717575899997, -6.390356426999972], [-77.98735634299999, -6.39041715299993], [-77.98738681299994, -6.390406567999946], [-77.98746542499998, -6.390428560999965], [-77.98750402899998, -6.390464093999981], [-77.98754595899999, -6.390531136999925], [-77.98760801799995, -6.390654280999968], [-77.98769447099994, -6.390686565999943], [-77.98790536699994, -6.390639127999975], [-77.98806544199994, -6.390614202999927], [-77.98812099599996, -6.390607854999928], [-77.98830381499994, -6.390503016999958], [-77.98857302199997, -6.3903334909999785], [-77.98891851699995, -6.390409639999973], [-77.98938072499999, -6.390442036999957], [-77.98953436099998, -6.390358173999971], [-77.98974402999994, -6.390137434999929], [-77.99027059499997, -6.389782461999971], [-77.99042735299997, -6.389655150999943], [-77.99053665399998, -6.389488115999939], [-77.99059089099995, -6.389228747999937], [-77.99042696399994, -6.389055126999949], [-77.99039661199998, -6.388873220999926], [-77.99047491699997, -6.388258094999969], [-77.99052288299998, -6.388032107999948], [-77.99059707799995, -6.387870634999956], [-77.99062963799997, -6.387713326999972], [-77.99080185599996, -6.387605023999981], [-77.99086990099994, -6.387594926999952], [-77.99104088699994, -6.387491494999949], [-77.99113593499999, -6.3874148169999785], [-77.99120656999997, -6.38734896099993], [-77.99123821299997, -6.387282635999952], [-77.99133471599998, -6.387148671999967], [-77.99148739199995, -6.387060505999955], [-77.99161323699997, -6.386952901999962], [-77.99167272199998, -6.386767310999971], [-77.99167356099997, -6.386605217999943], [-77.99172914399998, -6.386311792999948], [-77.99183459799997, -6.386067155999967], [-77.99185135399995, -6.385885375999976], [-77.99186104199998, -6.385684793999928], [-77.99185542999999, -6.385332149999954], [-77.99179503599998, -6.385054633999971], [-77.99172983399995, -6.384902158999978], [-77.99182423699995, -6.384712204999971], [-77.99192258899996, -6.38464601499993], [-77.99212912399997, -6.3845406419999335], [-77.99227659299999, -6.384498540999971], [-77.99236665299998, -6.3843333839999445], [-77.99238223299994, -6.384250307999935], [-77.99229797899994, -6.384032625999964], [-77.99222240999995, -6.383927324999945], [-77.99226978599995, -6.383787846999951], [-77.99231901199994, -6.3837279069999795], [-77.99231879399997, -6.383690429999945], [-77.99220531999998, -6.383511733999967], [-77.99205993199996, -6.383369361999939], [-77.99197150799995, -6.383138806999966], [-77.99195407999997, -6.383036230999949], [-77.99204956999995, -6.3826897099999655], [-77.99223078999995, -6.382411020999939], [-77.99246777599996, -6.382406257999946], [-77.99273247699995, -6.382509677999963], [-77.99289263199995, -6.382684808999954], [-77.99328872799998, -6.383258090999959], [-77.99359957199994, -6.383537611999941], [-77.99406931899995, -6.38360986899994], [-77.99431520299999, -6.383415473999946], [-77.99450963499999, -6.383041840999965], [-77.99451648799999, -6.382732302999955], [-77.99460794899994, -6.382477076999976], [-77.99472955599998, -6.382387319999964], [-77.99488198199998, -6.382298534999961], [-77.99517041499996, -6.382168864999926], [-77.99549660799994, -6.382143656999972], [-77.99560930299998, -6.382188248999967], [-77.99566545499994, -6.3821769529999415], [-77.99570337599994, -6.382095835999962], [-77.99566416399995, -6.381954837999956], [-77.99560871299997, -6.381850953999958], [-77.99557428299994, -6.381825102999926], [-77.99553827399995, -6.381751334999933], [-77.99553010299996, -6.381668708999939], [-77.99548727499996, -6.381577633999939], [-77.99546467299996, -6.381493169999942], [-77.99546152099998, -6.381433090999963], [-77.99549744799998, -6.381329059999928], [-77.99559512699994, -6.381264083999952], [-77.99570471799996, -6.381145725999943], [-77.99576423299999, -6.381071899999938], [-77.99587734099998, -6.380903013999955], [-77.99589413599995, -6.3807984989999795], [-77.99583902699999, -6.380632524999953], [-77.99577967099998, -6.38052528399993], [-77.99576166099996, -6.380458958999952], [-77.99577166299997, -6.380313839999928], [-77.99585364399996, -6.380189993999977], [-77.99599555899994, -6.380114603999971], [-77.99606180699999, -6.3800830379999525], [-77.99612901599994, -6.380032159999928], [-77.99618087299996, -6.3798654859999715], [-77.99620975499994, -6.37970723899997], [-77.99620239599994, -6.379555681999932], [-77.99617617199993, -6.379502708999951], [-77.99606679799996, -6.37943787599994], [-77.99593557499998, -6.379400499999974], [-77.99582007899994, -6.379260429999931], [-77.99580112299998, -6.379138042999955], [-77.99582307999998, -6.378879887999972], [-77.99595739699998, -6.378764408999928], [-77.99619124999998, -6.378708399999937], [-77.99621309499997, -6.37871539899993], [-77.99625582099998, -6.378715150999938], [-77.99629415099997, -6.378687213999967], [-77.99637111999994, -6.378615894999939], [-77.99660574599994, -6.3785065929999405], [-77.99678321399995, -6.378437865999956], [-77.99701727899998, -6.378286513999967], [-77.99711066599997, -6.378091610999945], [-77.99717323599998, -6.377894799999979], [-77.99716587399996, -6.377770072999965], [-77.99714954699994, -6.377477327999941], [-77.99739664299995, -6.377233368999953], [-77.99758098599995, -6.377010733999953], [-77.99781977899994, -6.3768835929999454], [-77.99803837899998, -6.37688830899998], [-77.99828702399998, -6.376910814999974], [-77.99847136599999, -6.3766881789999275], [-77.99858669599996, -6.376326821999953], [-77.99863075399998, -6.376179855999965], [-77.99878516399997, -6.375984493999965], [-77.99907325299995, -6.375595957999963], [-77.99936636899997, -6.375343399999963], [-77.99978335799995, -6.375184759999968], [-78.00031106499995, -6.375095852999948], [-78.00106218299999, -6.374820768999939], [-78.00172824999999, -6.374100178999981], [-78.00225718499996, -6.373410193999973], [-78.00252600499994, -6.3728570629999695], [-78.00336522999999, -6.370976611999936], [-78.00392793699996, -6.370539304999966], [-78.00539846199996, -6.369995770999935], [-78.00760898499993, -6.3693543699999395], [-78.00843458299994, -6.368996275999962], [-78.00970310899999, -6.368433724999932], [-78.01045106799995, -6.367931460999955], [-78.01126344699998, -6.367038478999973], [-78.01170619799996, -6.366803741999945], [-78.01284821699994, -6.365856379999968], [-78.01486947299998, -6.3623109859999545], [-78.01575790399994, -6.358501930999978], [-78.01586526499995, -6.35796488699998], [-78.01624620799998, -6.357582010999977], [-78.01656672999997, -6.35725021199994], [-78.01681629799998, -6.3567829749999305], [-78.01689322599998, -6.356604156999936], [-78.01712001499999, -6.356390473999966], [-78.01744228299998, -6.355755750999947], [-78.01782286899999, -6.355276773999947], [-78.01886370999995, -6.35355644699996], [-78.01881806699998, -6.353409795999937], [-78.01888124399994, -6.352841087999934], [-78.01905708199996, -6.352749080999956], [-78.01908331199996, -6.352626572999952], [-78.01923533599995, -6.352410290999956], [-78.01929472999996, -6.352381983999976], [-78.01930564699995, -6.352296974999945], [-78.01933582299995, -6.352256534999981], [-78.01941029399995, -6.352128794999942], [-78.01945559099994, -6.352114120999943], [-78.01951271799999, -6.352069415999949], [-78.01953084899998, -6.3520051939999576], [-78.01951291999995, -6.3519623609999485], [-78.01948425599994, -6.351896779999947], [-78.01952182599996, -6.351753942999949], [-78.01986498699995, -6.351410729999941], [-78.02009238699998, -6.351104174999932], [-78.02015618999997, -6.350921625999945], [-78.02021424899993, -6.350845627999945], [-78.02027780199995, -6.350642069999935], [-78.02039178499996, -6.3503946599999495], [-78.02045850799993, -6.350265383999954], [-78.02050510599997, -6.35010073199993], [-78.02055253899994, -6.3500481669999544], [-78.02061380699996, -6.349989937999965], [-78.02065391699995, -6.349782602999937], [-78.02070152399995, -6.349586669999951], [-78.02072641299998, -6.349542293999946], [-78.01798660199995, -6.349878119999971], [-78.01664662699994, -6.35099850499995], [-78.01138410399994, -6.35036822099994], [-78.00848118799996, -6.352173602999926], [-78.00165264399999, -6.353540234999969], [-77.99587343299999, -6.351814092999973], [-77.99235128899994, -6.355148371999974], [-77.99124367599995, -6.356959003999975], [-77.98987240699995, -6.357119405999981], [-77.98370147099996, -6.359634946999961], [-77.97845395399997, -6.368185077999954], [-77.97610397999995, -6.370765991999974], [-77.97468435899998, -6.371588095999925], [-77.97703650099999, -6.379258288999949], [-77.98178579399996, -6.387599150999961], [-77.98199366199998, -6.388316775999954], [-77.98190443299995, -6.388659877999942], [-77.98178503299994, -6.388781789999939], [-77.98175405199999, -6.389148431999956], [-77.98171461999993, -6.389386195999975], [-77.98167474699994, -6.38964124499995], [-77.98152875899996, -6.389696830999981], [-77.98129757099997, -6.389918919999957], [-77.98105793199994, -6.390021085999933], [-77.98082256399994, -6.390133940999931], [-77.98067664699994, -6.390247496999962], [-77.98064391599996, -6.390443140999935], [-77.98069278599996, -6.390496837999933], [-77.98083655199997, -6.390447399999971], [-77.98093815399994, -6.390404177999926], [-77.98100931899995, -6.390383473999975], [-77.98120197799994, -6.39036669799998], [-77.98136220199996, -6.390371702999971], [-77.98161114399994, -6.390389595999977], [-77.98193737199995, -6.390406931999962], [-77.98207135499996, -6.390392099999929], [-77.98226667799997, -6.390354050999974], [-77.98240451999999, -6.390251040999942], [-77.98253733199994, -6.39008926799994], [-77.98258902299995, -6.39002497599995], [-77.98278356699996, -6.389773411999954], [-77.98292619299997, -6.389626910999937], [-77.98300178599999, -6.389542133999953], [-77.98304768199995, -6.389571179999962]]]}}, {"type": "Feature", "properties": {"objectid": 17529, "anp_gid": 357, "acp_codi": "ACP157", "acp_nomb": "Nihii Eupa Francisco", "acp_suleg": 2103.75, "acp_balec": "R.M. N° 243-2021-MINAM ", "acp_felec": 1640926800000, "acp_balem": " ", "acp_felem": null, "acp_fecad": "Parcial", "acp_ubpo": "MADRE DE DIOS", "acp_titu": "Comunidad Nativa Boca Pariamanu", "acp_tipro": "Comunidad Nativa", "acp_tirec": "10", "acp_pareg": null, "acp_obs": null, "met_link": null, "acp_orden": 157, "acp_id": 151}, "geometry": {"type": "Polygon", "coordinates": [[[-69.31745228899996, -12.38958321399997], [-69.31734603299998, -12.389253949999954], [-69.31717131699997, -12.388866280999935], [-69.31701773699996, -12.388525509999965], [-69.31687247899998, -12.388203202999932], [-69.31673617899997, -12.387900771999966], [-69.31658290099995, -12.387560666999946], [-69.31644290999998, -12.387250043999927], [-69.31627023699997, -12.386866901999952], [-69.31612243199999, -12.386538938999934], [-69.31600421899998, -12.386276634999945], [-69.31582997199996, -12.385889997999982], [-69.31567797099996, -12.385552719999964], [-69.31547859499995, -12.385110320999956], [-69.31534662699994, -12.384817494999936], [-69.31521287999993, -12.384520717999976], [-69.31499343499996, -12.38403378399994], [-69.31479198199997, -12.383586768999976], [-69.31445355999995, -12.382835823999926], [-69.31424918499994, -12.382382320999966], [-69.31401938099998, -12.381872389999955], [-69.31384257799994, -12.381480064999948], [-69.30034785499998, -12.381526446999942], [-69.27494446199995, -12.380104355999947], [-69.27502425499995, -12.383256746999962], [-69.27336239999994, -12.386129594999943], [-69.27228384399996, -12.388197920999971], [-69.27126373299996, -12.390309250999962], [-69.27011184099996, -12.392104880999966], [-69.26897471499996, -12.394072760999961], [-69.26826072399996, -12.395666966999954], [-69.26816035499996, -12.397490258999937], [-69.26911119199997, -12.398982325999953], [-69.26971119799998, -12.40015890999996], [-69.26996137199995, -12.401996208999947], [-69.26977355999998, -12.403991857999927], [-69.26949821899996, -12.406088083999975], [-69.26919333899997, -12.407868509999957], [-69.26926856299997, -12.41000745499997], [-69.26965056299997, -12.412203517999956], [-69.27032403099997, -12.413767632999964], [-69.27155268699994, -12.41548910399996], [-69.27254720299999, -12.41676577499993], [-69.27395096199996, -12.418300432999956], [-69.27487229099995, -12.419404897999982], [-69.27577883899994, -12.42033710499993], [-69.27727007499993, -12.421685029999935], [-69.27826441399998, -12.422746340999936], [-69.27906935599998, -12.424252872999944], [-69.27981594299996, -12.42581688599995], [-69.28001117499997, -12.427978312999926], [-69.28024284399999, -12.427907829999981], [-69.28073547099996, -12.427701467999952], [-69.28099301799995, -12.427559473999963], [-69.28132406799995, -12.427482115999965], [-69.28190287399997, -12.427536412999928], [-69.28219311699996, -12.42770663999994], [-69.28238128599997, -12.428016827999954], [-69.28242851799996, -12.428388397999981], [-69.28239014599995, -12.42923768199995], [-69.28242845299997, -12.430819393999968], [-69.28247767799996, -12.431504296999947], [-69.28245522199995, -12.432008847999953], [-69.28247115099998, -12.432429112999955], [-69.28258021599999, -12.432915739999942], [-69.28278558199997, -12.433599607999952], [-69.28291606899995, -12.433847853999964], [-69.28304160899995, -12.433920211999975], [-69.28317826499995, -12.433841215999962], [-69.28327425199996, -12.433687095999971], [-69.28357183799994, -12.43306576699996], [-69.28387960399994, -12.43228271199996], [-69.28402067399998, -12.431792267999981], [-69.28416820199993, -12.431331342999954], [-69.28426371099994, -12.43085861399993], [-69.28445995699997, -12.430403001999935], [-69.28476581299998, -12.429656267999974], [-69.28489411999993, -12.429210646999934], [-69.28481596199998, -12.426548984999954], [-69.28448546099997, -12.426180418999934], [-69.28403469099999, -12.42532369199995], [-69.28384744499994, -12.424727831999974], [-69.28385729299998, -12.42410373599995], [-69.28399076099998, -12.423761654999964], [-69.28424864699997, -12.423486744999934], [-69.28476600799996, -12.423225102999936], [-69.28497866099997, -12.422696434999978], [-69.28505006899996, -12.421206945999927], [-69.28523738799998, -12.419974541999977], [-69.28550966999995, -12.41852671199996], [-69.28564816199997, -12.417168745999959], [-69.28565260999994, -12.415667361999965], [-69.28553552799997, -12.414333591999934], [-69.28532714299996, -12.412981971999955], [-69.28490567899996, -12.411552814999936], [-69.28428368199997, -12.41038705799997], [-69.28347334199998, -12.409502630999953], [-69.28297377799998, -12.408994716999928], [-69.28236453299996, -12.40835532099993], [-69.28143236799997, -12.407351382999934], [-69.28074390499995, -12.406604396999967], [-69.27985453499997, -12.405773873999976], [-69.27898944299994, -12.40487752599995], [-69.27763127199995, -12.403826157999958], [-69.27646809099997, -12.403007865999939], [-69.27551153099995, -12.401914206999948], [-69.27572934699998, -12.400717665999935], [-69.27656827499999, -12.399909296999965], [-69.27777264599996, -12.399411593999957], [-69.27859429899996, -12.39953636599995], [-69.27950142099996, -12.399918254999932], [-69.28011644199995, -12.400294461999977], [-69.28138832399998, -12.400335017999964], [-69.28202657999998, -12.399677575999931], [-69.28252153399995, -12.398184054999945], [-69.28302598299996, -12.396470399999941], [-69.28383292399997, -12.395378514999948], [-69.28489338799994, -12.394640470999946], [-69.28638338199994, -12.394945161999942], [-69.28822389899995, -12.395259042999953], [-69.29002487099996, -12.39502743199995], [-69.29159225299998, -12.394872624999948], [-69.29386027399994, -12.394382081999936], [-69.29512542599997, -12.39387347099995], [-69.29658511399998, -12.393201941999962], [-69.29793770599997, -12.392540093999969], [-69.29947503999995, -12.391667483999981], [-69.30088598999998, -12.39096727499998], [-69.30234558099994, -12.390238291999935], [-69.30385913799995, -12.389526839999974], [-69.30476910699997, -12.389565645999937], [-69.30601620199997, -12.390310746999944], [-69.30619253199995, -12.391486001999965], [-69.30612913199997, -12.393474352999931], [-69.30601378699998, -12.394752149999931], [-69.30584759199996, -12.396259696999948], [-69.30570333599997, -12.397795929999972], [-69.30532577099996, -12.399648253999942], [-69.30453947299998, -12.40168048399994], [-69.30425619299996, -12.402987178999979], [-69.30371758099994, -12.404516674999968], [-69.30317150299999, -12.405909798999971], [-69.30219426799994, -12.407044996999957], [-69.30085154699998, -12.407879125999955], [-69.29931214699997, -12.409151316999953], [-69.29840836699998, -12.410688382999979], [-69.29846849799998, -12.412188497999978], [-69.29892329799998, -12.413968115999978], [-69.29943616699995, -12.41543184099993], [-69.29993501099995, -12.417398033999973], [-69.30013399099994, -12.418969771999969], [-69.30035464299993, -12.42033332799997], [-69.30057564299995, -12.421998353999982], [-69.30060651199994, -12.42344107599996], [-69.30027348699997, -12.425982418999979], [-69.30011643499995, -12.427013337999938], [-69.30019114099997, -12.428472759999977], [-69.30044835999996, -12.42987216299997], [-69.30070518299993, -12.43092463499994], [-69.30127896599998, -12.432395463999967], [-69.30183489499996, -12.433177998999952], [-69.30220571099994, -12.432610404999934], [-69.30254819499999, -12.432337201999928], [-69.30299786299997, -12.43196702299997], [-69.30356394799998, -12.431657647999941], [-69.30402740799997, -12.431571750999979], [-69.30468864899996, -12.431575565999935], [-69.30513838399997, -12.431745757999977], [-69.30556923299997, -12.432024112999954], [-69.30588053899999, -12.432297179999978], [-69.30607712099999, -12.432755132999944], [-69.30615610099994, -12.433221533999927], [-69.30628963499998, -12.434011650999935], [-69.30641035699995, -12.434424386999979], [-69.30660630299997, -12.43467267699998], [-69.30708429799995, -12.43499260599998], [-69.30733751399998, -12.43513158099995], [-69.30757987199996, -12.435179724999955], [-69.30781649399995, -12.435075722999954], [-69.30806139999999, -12.434860181999966], [-69.30826782999998, -12.434097276999978], [-69.30790676199996, -12.43340135699998], [-69.30750627699996, -12.432912034999958], [-69.30668688099996, -12.431697508999946], [-69.30666573399998, -12.430271526999945], [-69.30757945199997, -12.42889233699998], [-69.30835688099995, -12.427551580999932], [-69.30930994099998, -12.42654220299994], [-69.30925744299998, -12.426045268999928], [-69.30941626499998, -12.425501462999932], [-69.30963751999997, -12.425178125999935], [-69.30990025799997, -12.42486045499993], [-69.31015143299999, -12.42468133999995], [-69.31069231899994, -12.42427915899998], [-69.31110109799994, -12.42417904399997], [-69.31167346399997, -12.424296537999965], [-69.31214980499993, -12.424453012999948], [-69.31291264199996, -12.424878254999953], [-69.31321178899998, -12.425022321999961], [-69.31357575299995, -12.42522248299997], [-69.31436173799995, -12.42586044999996], [-69.31475634099996, -12.426229538999962], [-69.31533478199998, -12.42671881299998], [-69.31621439199995, -12.426977861999944], [-69.31812276899996, -12.426832069999932], [-69.31888920499995, -12.426493232999974], [-69.31912951899994, -12.426218465999966], [-69.31941850899995, -12.42592192899997], [-69.31987095899996, -12.425441023999952], [-69.32041298999997, -12.425092525999958], [-69.32081708099997, -12.424400376999927], [-69.32080015299994, -12.422505436999927], [-69.32211361599997, -12.421628177999935], [-69.32306401399995, -12.422445324999956], [-69.32389557899995, -12.42165476599996], [-69.32480004399997, -12.420763625999939], [-69.32545825599993, -12.421523691999937], [-69.32574159599994, -12.421734071999936], [-69.32625103599997, -12.42202211199998], [-69.32670867499996, -12.422284041999944], [-69.32755847599998, -12.422643857999958], [-69.33202104599997, -12.42139849199998], [-69.33197568099996, -12.420178308999937], [-69.33150643999994, -12.418714596999962], [-69.33109634299996, -12.417817863999971], [-69.33064240499994, -12.416899649999948], [-69.33015905099995, -12.415816378999978], [-69.32960993099994, -12.414697297999965], [-69.32919242799994, -12.413707257999931], [-69.32872398899997, -12.412860836999926], [-69.32804352299996, -12.411813689999974], [-69.32770288499995, -12.41061453499998], [-69.32771540799996, -12.408949250999967], [-69.32724644399997, -12.407672153999954], [-69.32632470999994, -12.406381244999977], [-69.32684100899996, -12.404760494999948], [-69.32605632799994, -12.404055612999969], [-69.32548274099997, -12.402800171999957], [-69.32495800499998, -12.401676264999935], [-69.32388565299993, -12.400600862999966], [-69.32384698399994, -12.398854288999928], [-69.32302682899996, -12.396993799999962], [-69.32138083899997, -12.396555508999938], [-69.32042564599993, -12.395714431999977], [-69.31964554799998, -12.394739157999936], [-69.31969287699997, -12.393628920999959], [-69.31900038099997, -12.392624829999932], [-69.31863866399993, -12.391409796999937], [-69.31788798099996, -12.390587610999944], [-69.31745228899996, -12.38958321399997]]]}}, {"type": "Feature", "properties": {"objectid": 17530, "anp_gid": 358, "acp_codi": "ACP158", "acp_nomb": "Predio Collpapampa (Huadquiña-Mesada Chico)", "acp_suleg": 43.0, "acp_balec": "R.M. Nº 244-2021-MINAM\r", "acp_felec": 1640926800000, "acp_balem": " ", "acp_felem": null, "acp_fecad": "Total", "acp_ubpo": "CUSCO", "acp_titu": "Mountain Lodges of Peru S.A.C.", "acp_tipro": "Privado", "acp_tirec": "10", "acp_pareg": null, "acp_obs": null, "met_link": null, "acp_orden": 158, "acp_id": 152}, "geometry": {"type": "Polygon", "coordinates": [[[-72.66679649199995, -13.312367974999972], [-72.66530494599994, -13.312881197999957], [-72.66351534699999, -13.31599992899993], [-72.66181487999995, -13.31804105599997], [-72.66174904299999, -13.318651766999949], [-72.66307465099999, -13.322351246999972], [-72.66363383899994, -13.322405294999953], [-72.66422053299993, -13.32242531099996], [-72.66460686599999, -13.322613815999944], [-72.66508148699995, -13.322915184999943], [-72.66549140199999, -13.323093619999952], [-72.66575980199997, -13.32301831999996], [-72.66596917599998, -13.322888151999962], [-72.66591112899994, -13.322611922999954], [-72.66591223099994, -13.322496993999948], [-72.66584307399995, -13.32229390599997], [-72.66573296999997, -13.322218762999967], [-72.66571792399998, -13.32214750299994], [-72.66589326999997, -13.32188928499994], [-72.66596950199994, -13.32167219799993], [-72.66600159099994, -13.321228253999948], [-72.66609025699995, -13.320689559999948], [-72.66618438599994, -13.320215873999928], [-72.66618012499998, -13.320025292999958], [-72.66626924899998, -13.31975599599997], [-72.66651121199999, -13.319307846999948], [-72.66667918499996, -13.318600347999961], [-72.66672222799997, -13.317150906999927], [-72.66669553199995, -13.31710873999998], [-72.66667636799997, -13.317010228999948], [-72.66672764799995, -13.316955015999952], [-72.66676404799995, -13.316898814999945], [-72.66684386399999, -13.316793908999955], [-72.66722466199997, -13.315346167999962], [-72.66744964899993, -13.314251314999979], [-72.66740866299995, -13.31301381999998], [-72.66679649199995, -13.312367974999972]]]}}, {"type": "Feature", "properties": {"objectid": 17531, "anp_gid": 359, "acp_codi": "ACP159", "acp_nomb": "Los Amigos", "acp_suleg": 140.3457, "acp_balec": "R.M. Nº 245-2021-MINAM", "acp_felec": 1640926800000, "acp_balem": " ", "acp_felem": null, "acp_fecad": "Total", "acp_ubpo": "MADRE DE DIOS", "acp_titu": "Asociación para la Conservación de la Cuenca Amazónica - ACCA", "acp_tipro": null, "acp_tirec": "Perpetuo", "acp_pareg": null, "acp_obs": null, "met_link": null, "acp_orden": 159, "acp_id": 153}, "geometry": {"type": "Polygon", "coordinates": [[[-70.08810037899997, -12.574859243999981], [-70.08644672499997, -12.579783973999952], [-70.08205173099998, -12.584728560999963], [-70.08978451999997, -12.586985567999932], [-70.09225545999993, -12.58002394999994], [-70.09714815499996, -12.574412921999965], [-70.10042107999993, -12.571661841999969], [-70.09028130399997, -12.570770909999965], [-70.08810037899997, -12.574859243999981]]]}}, {"type": "Feature", "properties": {"objectid": 17532, "anp_gid": 360, "acp_codi": "ACP160", "acp_nomb": "Misquiyaco", "acp_suleg": 1797.91, "acp_balec": "R.M. Nº 246-2021-MINAM", "acp_felec": 1640926800000, "acp_balem": " ", "acp_felem": null, "acp_fecad": "Parcial", "acp_ubpo": "CUSCO", "acp_titu": "Comunidad Campesina Misquiyaco-Urpaypugio", "acp_tipro": "Comunidad Campesina", "acp_tirec": "10", "acp_pareg": null, "acp_obs": null, "met_link": null, "acp_orden": 160, "acp_id": 154}, "geometry": {"type": "Polygon", "coordinates": [[[-72.49195892399996, -13.46208973299997], [-72.49277219699997, -13.46228386699994], [-72.49333688699994, -13.461834827999951], [-72.49408616999995, -13.461381398999947], [-72.49541508599998, -13.461335476999977], [-72.49543762299999, -13.461615979999976], [-72.49598161299997, -13.461932820999948], [-72.49610364999995, -13.461977634999926], [-72.49632399499995, -13.462207166999974], [-72.49655754999998, -13.462237521999953], [-72.49661459099997, -13.462259889999928], [-72.49690112699994, -13.461632117999955], [-72.49774233599999, -13.460905542999967], [-72.49864016099997, -13.460241811999936], [-72.49848979799998, -13.460167130999935], [-72.49830419499995, -13.460115456999972], [-72.49805933999994, -13.459947966999948], [-72.49786967699998, -13.459827738999934], [-72.49774939299994, -13.459767370999941], [-72.49742356099995, -13.45927831199998], [-72.49719272399994, -13.458833795999965], [-72.49697396999994, -13.458604280999964], [-72.49687441599997, -13.458539448999943], [-72.49670604899995, -13.458360261999928], [-72.49657962999999, -13.458278033999932], [-72.49699192399999, -13.458101515999942], [-72.49765184799998, -13.457672097999932], [-72.49802166699999, -13.457908565999958], [-72.49784420599997, -13.456920374999982], [-72.49773890299997, -13.456336969999938], [-72.49797702999996, -13.45638605299996], [-72.49849301599994, -13.456335131999936], [-72.49859215999999, -13.456286291999959], [-72.49881496199998, -13.456279165999945], [-72.49934194699995, -13.45608821299993], [-72.49987619899997, -13.455810132999943], [-72.50001423199996, -13.455693165999946], [-72.50029551399996, -13.455263086999935], [-72.50048986099995, -13.45493179899995], [-72.50055052499994, -13.454650945999958], [-72.50092686799996, -13.45182637499994], [-72.50142368699994, -13.448979455999961], [-72.49840493999994, -13.441887085999952], [-72.49886337899994, -13.43743898699995], [-72.49911009799996, -13.43617693699997], [-72.49904382499994, -13.434615830999974], [-72.49700569099997, -13.428394147999938], [-72.49596681099996, -13.423884088999955], [-72.49584495499994, -13.421057932999929], [-72.49402884499995, -13.41587420199994], [-72.49358878699996, -13.414672658999962], [-72.49307577099995, -13.404000246999942], [-72.49242849899997, -13.403327726999976], [-72.49209874599995, -13.401999417999946], [-72.49175895799993, -13.399796867999953], [-72.49119377299996, -13.399541989999932], [-72.49017880199995, -13.398743730999968], [-72.48954048199994, -13.398128820999943], [-72.48879212299994, -13.397286772999962], [-72.48900139999995, -13.396506285999976], [-72.48926940899997, -13.39559193699995], [-72.48975656399995, -13.393836238999938], [-72.49003206499998, -13.392897411999968], [-72.49027536499995, -13.392270748999977], [-72.49020613099998, -13.391534018999948], [-72.48990608099996, -13.390238649999958], [-72.48964839699994, -13.389992701999972], [-72.48878565899997, -13.389352343999974], [-72.48725817699994, -13.38780120399997], [-72.48645619099995, -13.386999275999926], [-72.48542837899998, -13.385737229999961], [-72.48520577599999, -13.385526317999961], [-72.48524623499998, -13.385051508999936], [-72.48535588499993, -13.383609251999928], [-72.48532613599997, -13.383052611999972], [-72.48541208899996, -13.382746294999947], [-72.48570808299996, -13.381777891999945], [-72.48617623499996, -13.381388370999957], [-72.48672305399998, -13.38104466699997], [-72.48737095499996, -13.380459966999979], [-72.48789756199994, -13.380150318999938], [-72.48873409299995, -13.379754704999982], [-72.48932741399994, -13.379294373999926], [-72.49054258199999, -13.378374298999972], [-72.49117465899997, -13.377872113999956], [-72.49076859099995, -13.37514991699993], [-72.49076933099997, -13.375123182999971], [-72.49083709899998, -13.372632134999947], [-72.49075870799999, -13.369917296999972], [-72.49078201899994, -13.369474422999929], [-72.49042525899995, -13.368904061999956], [-72.48994438999995, -13.368411116999937], [-72.48982240599997, -13.368410112999982], [-72.48968506199998, -13.36836337699998], [-72.48957064199993, -13.368362422999951], [-72.48944848799994, -13.368342410999958], [-72.48914329899998, -13.368204135999974], [-72.48898313899997, -13.368112562999954], [-72.48884576499995, -13.368084005999947], [-72.48870089099995, -13.368037219999962], [-72.48856354699996, -13.367990498999973], [-72.48847193499995, -13.367926618999945], [-72.48834988199997, -13.367879873999982], [-72.48818972099997, -13.367806430999963], [-72.48768951599999, -13.367688249999958], [-72.48722839999994, -13.367372562999947], [-72.48699953599998, -13.367279048999933], [-72.48683159899997, -13.367278098999975], [-72.48655694399997, -13.367184658999975], [-72.48638912499996, -13.367164653999964], [-72.48610036899998, -13.367088514999978], [-72.48559568999997, -13.366958643999965], [-72.48541006799996, -13.366891360999944], [-72.48522187299994, -13.36679176399997], [-72.48513032799997, -13.36672783399996], [-72.48503875299997, -13.366654427999947], [-72.48491669499998, -13.366590514999928], [-72.48482509699994, -13.366498988999979], [-72.48441244999998, -13.36624001499996], [-72.48367072599996, -13.365774510999927], [-72.48270522799999, -13.36552278399995], [-72.48201901299996, -13.365237782999941], [-72.48155345899994, -13.365108835999933], [-72.48095513199996, -13.365033135999965], [-72.48049761899995, -13.365018550999935], [-72.47850129699998, -13.365129125999943], [-72.47805982999995, -13.365124454999943], [-72.47771263899995, -13.365033449999942], [-72.47724753199998, -13.364799973999936], [-72.47543519999994, -13.365007428999945], [-72.47527281799995, -13.366718072999959], [-72.47535494999994, -13.367949109999927], [-72.47547494599996, -13.368707571999948], [-72.47576459099997, -13.36913255199994], [-72.47624495299993, -13.369665406999957], [-72.47678771699998, -13.370213518999947], [-72.47633080399999, -13.371550121999974], [-72.47549093599997, -13.373145351999938], [-72.47490408099998, -13.37477481299993], [-72.47511772399997, -13.377580145999957], [-72.47548932099994, -13.379395708999937], [-72.47548021499995, -13.37979056699993], [-72.47539096799994, -13.380262391999963], [-72.47483500899995, -13.38243315799997], [-72.47443209799997, -13.38297388899997], [-72.47353226299998, -13.384269191999977], [-72.47339622099997, -13.384828957999957], [-72.47336653899998, -13.38560453499997], [-72.47291622999995, -13.386549908999939], [-72.47254847899995, -13.387602131999927], [-72.47238771699995, -13.388374538999926], [-72.47230085599995, -13.389579220999963], [-72.47235913499998, -13.390484778999962], [-72.47211451199996, -13.391402846999938], [-72.47197216499995, -13.39189535099996], [-72.47170100799997, -13.392471539999974], [-72.47145205399994, -13.393230615999926], [-72.47114184199995, -13.39378443299995], [-72.47142878999995, -13.394873587999939], [-72.47127355499998, -13.396385291999934], [-72.47113955999998, -13.39688879199997], [-72.47097453699996, -13.39723550399998], [-72.47075364199998, -13.397670020999954], [-72.47075568599996, -13.397802744999979], [-72.47016253899994, -13.398912209999935], [-72.46992139699995, -13.399634639999931], [-72.46946187999998, -13.401148468999963], [-72.46929192799996, -13.401233920999971], [-72.46926433999994, -13.403808695999942], [-72.46939437999998, -13.40406675099996], [-72.46947309299998, -13.404469026999948], [-72.46961118399997, -13.40798058799993], [-72.47053785399999, -13.410218826999937], [-72.47060097599996, -13.410821060999979], [-72.47068235199998, -13.411276223999948], [-72.47069789399995, -13.411633816999938], [-72.47062457399994, -13.411760197999968], [-72.47046099099998, -13.411881267999945], [-72.47040250899994, -13.413568435999935], [-72.47366874899996, -13.424080131999972], [-72.47360218299997, -13.427503703999946], [-72.47452532999995, -13.42847739299998], [-72.47500661399994, -13.429622613999982], [-72.47541121099994, -13.430444626999929], [-72.47542320599996, -13.43101866099994], [-72.47528601299996, -13.431596232999937], [-72.47751959499993, -13.43600540899996], [-72.48336362499998, -13.431255458999942], [-72.48402365399994, -13.43133595699993], [-72.48449499899993, -13.431018494999932], [-72.48477550599995, -13.430945949999966], [-72.48532904099994, -13.430833553999946], [-72.48600559599998, -13.430275803999962], [-72.48676887599999, -13.429833556999938], [-72.48863185899995, -13.429527737999933], [-72.48990330799995, -13.42896996099995], [-72.49118891999996, -13.428570372999957], [-72.49249229299994, -13.428416865999964], [-72.49544149599996, -13.428191209999966], [-72.49548301999994, -13.43139228299998], [-72.49531229899998, -13.434026806999952], [-72.49422846099998, -13.43790162199997], [-72.49199263999998, -13.440810498999952], [-72.49178983799999, -13.440907166999978], [-72.49082276699994, -13.441481608999936], [-72.49015362699998, -13.442061412999976], [-72.48974238399995, -13.442919065999945], [-72.48964334499993, -13.443349350999938], [-72.48942071999994, -13.444328096999982], [-72.48931489399996, -13.444468962999963], [-72.48897107699997, -13.44498260599994], [-72.48868221899994, -13.44553235799998], [-72.48848186299995, -13.446233800999948], [-72.48836144099994, -13.446950306999952], [-72.48839174799997, -13.447247742999934], [-72.48827583099995, -13.448257964999982], [-72.48814385599997, -13.448806833999981], [-72.48808317299995, -13.448942428999942], [-72.48789071099998, -13.449112019999973], [-72.48775748899999, -13.449401767999973], [-72.48781421199999, -13.450036349999948], [-72.48791216399997, -13.45032519199998], [-72.48849626099997, -13.451282153999955], [-72.48849728399995, -13.451547639999944], [-72.48867083299996, -13.451857656999948], [-72.48870411499996, -13.452377904999935], [-72.48861127599997, -13.452777286999947], [-72.48849062399995, -13.453057900999966], [-72.48839647799997, -13.453578099999959], [-72.48829623099994, -13.453800737999927], [-72.48831694899997, -13.453955642999972], [-72.48824061099998, -13.45435675999994], [-72.48815517499997, -13.454476974999977], [-72.48819834499994, -13.454915932999938], [-72.48819723999998, -13.455108679999967], [-72.48827864499998, -13.455487109999979], [-72.48833154599998, -13.455686055999934], [-72.48863924799997, -13.455833738999956], [-72.48859921199994, -13.45604857099994], [-72.48864748599993, -13.456361812999944], [-72.48863197199995, -13.456696276999935], [-72.48857675499994, -13.456884053999943], [-72.48857992699999, -13.457074094999939], [-72.48886193399994, -13.457262206999928], [-72.48956551899994, -13.459168345999956], [-72.49002555099997, -13.46014689499998], [-72.49076764999995, -13.460997561999932], [-72.49091974399994, -13.461378814999932], [-72.49118466099998, -13.461789292999981], [-72.49195892399996, -13.46208973299997]]]}}, {"type": "Feature", "properties": {"objectid": 17533, "anp_gid": 361, "acp_codi": "ACP161", "acp_nomb": "Tambopata Eco Lodge I", "acp_suleg": 47.2976, "acp_balec": "R.M. Nº 247-2021-MINAM", "acp_felec": 1640926800000, "acp_balem": " ", "acp_felem": null, "acp_fecad": "Total", "acp_ubpo": "MADRE DE DIOS", "acp_titu": "Inversiones Maldonado Sociedad Anónima Cerrada", "acp_tipro": "Privado", "acp_tirec": "10", "acp_pareg": null, "acp_obs": null, "met_link": null, "acp_orden": 161, "acp_id": 155}, "geometry": {"type": "Polygon", "coordinates": [[[-69.38553711799995, -12.818257910999932], [-69.38663664799998, -12.81616725999993], [-69.38859503199996, -12.812445134999962], [-69.38958162899996, -12.810620899999947], [-69.38536204199994, -12.809308010999928], [-69.38175313099998, -12.807964421999941], [-69.38155686999994, -12.809533521999981], [-69.38147422699996, -12.810209012999962], [-69.38191543799996, -12.81049117899994], [-69.38248917499993, -12.810930467999981], [-69.38284781999994, -12.811381730999926], [-69.38308319299995, -12.811816356999941], [-69.38328294699994, -12.812764568999967], [-69.38333187299997, -12.813261216999933], [-69.38340339099994, -12.81372474099993], [-69.38347560099999, -12.814192422999952], [-69.38354762299997, -12.814635965999969], [-69.38368921899996, -12.815462297999943], [-69.38379924599997, -12.815762934999952], [-69.38404171899998, -12.816215540999963], [-69.38433162399997, -12.816477581999948], [-69.38465314299998, -12.81679201399993], [-69.38484012199996, -12.81702717099995], [-69.38499592699998, -12.817348806999973], [-69.38504318699995, -12.817446471999972], [-69.38505683399995, -12.817476105999958], [-69.38523684899997, -12.817777905999947], [-69.38532462099994, -12.817882744999963], [-69.38542332399999, -12.818030602999954], [-69.38550550599996, -12.818206422999936], [-69.38553711799995, -12.818257910999932]]]}}, {"type": "Feature", "properties": {"objectid": 17534, "anp_gid": 362, "acp_codi": "ACP161", "acp_nomb": "Tambopata Eco Lodge I", "acp_suleg": 52.413, "acp_balec": "R.M. Nº 247-2021-MINAM", "acp_felec": 1640926800000, "acp_balem": " ", "acp_felem": null, "acp_fecad": "Total", "acp_ubpo": "MADRE DE DIOS", "acp_titu": "Inversiones Maldonado Sociedad Anónima Cerrada", "acp_tipro": "Privado", "acp_tirec": "10", "acp_pareg": null, "acp_obs": null, "met_link": null, "acp_orden": 161, "acp_id": 155}, "geometry": {"type": "Polygon", "coordinates": [[[-69.39206403899993, -12.834335903999943], [-69.39358253399996, -12.83162004199994], [-69.39486147599996, -12.828806344999975], [-69.39613538899994, -12.826243991999945], [-69.39197971399994, -12.825664987999971], [-69.39039073499998, -12.825089896999941], [-69.38993817499994, -12.826638764999927], [-69.38923613599997, -12.829275465999956], [-69.38837809999995, -12.83212703099997], [-69.38785672299997, -12.833761436999964], [-69.39023429799994, -12.833930692999957], [-69.39206403899993, -12.834335903999943]]]}}, {"type": "Feature", "properties": {"objectid": 17535, "anp_gid": 363, "acp_codi": "ACP161", "acp_nomb": "Tambopata Eco Lodge I", "acp_suleg": 58.0039, "acp_balec": "R.M. Nº 247-2021-MINAM", "acp_felec": 1640926800000, "acp_balem": " ", "acp_felem": null, "acp_fecad": "Total", "acp_ubpo": "MADRE DE DIOS", "acp_titu": "Inversiones Maldonado Sociedad Anónima Cerrada", "acp_tipro": "Privado", "acp_tirec": "10", "acp_pareg": null, "acp_obs": null, "met_link": null, "acp_orden": 161, "acp_id": 155}, "geometry": {"type": "Polygon", "coordinates": [[[-69.37730859899995, -12.816327805999947], [-69.38054262799994, -12.817427521999946], [-69.38093365199995, -12.814492752999968], [-69.38140306899999, -12.810790278999946], [-69.38142513599996, -12.81060942399995], [-69.38108941799999, -12.810394641999949], [-69.38049576099996, -12.810046241999942], [-69.37998013999999, -12.809748358999968], [-69.37939050299997, -12.809494610999934], [-69.37883064099998, -12.809232862999977], [-69.37846947499997, -12.809020914999962], [-69.37795930999994, -12.808759635999934], [-69.37764393499998, -12.808528273999968], [-69.37736877999998, -12.80820996999995], [-69.37710041899999, -12.807912267999939], [-69.37384876099998, -12.807492513999932], [-69.37455904499996, -12.810160895999957], [-69.37536031599996, -12.81366165299994], [-69.37597247999997, -12.816291201999945], [-69.37606983399996, -12.81666129699994], [-69.37730859899995, -12.816327805999947]]]}}, {"type": "Feature", "properties": {"objectid": 17536, "anp_gid": 364, "acp_codi": "ACP161", "acp_nomb": "Tambopata Eco Lodge I", "acp_suleg": 5.7896, "acp_balec": "R.M. Nº 247-2021-MINAM", "acp_felec": 1640926800000, "acp_balem": " ", "acp_felem": null, "acp_fecad": "Total", "acp_ubpo": "MADRE DE DIOS", "acp_titu": "Inversiones Maldonado Sociedad Anónima Cerrada", "acp_tipro": "Privado", "acp_tirec": "10", "acp_pareg": null, "acp_obs": null, "met_link": null, "acp_orden": 161, "acp_id": 155}, "geometry": {"type": "Polygon", "coordinates": [[[-69.38147422699996, -12.810209012999962], [-69.38155686999994, -12.809533521999981], [-69.38175313099998, -12.807964421999941], [-69.37773804599993, -12.807995435999942], [-69.37765741099997, -12.807984792999946], [-69.37789808699995, -12.808263095999962], [-69.37815625799993, -12.808452497999951], [-69.37864938999996, -12.808705030999931], [-69.37900485099993, -12.808913730999961], [-69.37954372699994, -12.809165653999969], [-69.38014826599994, -12.809425618999967], [-69.38068381099998, -12.809735226999976], [-69.38128469199995, -12.810087864999957], [-69.38147422699996, -12.810209012999962]]]}}, {"type": "Feature", "properties": {"objectid": 17537, "anp_gid": 365, "acp_codi": "ACP161", "acp_nomb": "Tambopata Eco Lodge I", "acp_suleg": 21.3106, "acp_balec": "R.M. Nº 247-2021-MINAM", "acp_felec": 1640926800000, "acp_balem": " ", "acp_felem": null, "acp_fecad": "Total", "acp_ubpo": "MADRE DE DIOS", "acp_titu": "Inversiones Maldonado Sociedad Anónima Cerrada", "acp_tipro": "Privado", "acp_tirec": "10", "acp_pareg": null, "acp_obs": null, "met_link": null, "acp_orden": 161, "acp_id": 155}, "geometry": {"type": "Polygon", "coordinates": [[[-69.38502715499999, -12.818097364999971], [-69.38493344499994, -12.817985300999965], [-69.38473865199995, -12.817658840999968], [-69.38473141199995, -12.817645107999965], [-69.38466296199994, -12.817504166999981], [-69.38452453599996, -12.817218217999937], [-69.38437668999995, -12.817032277999942], [-69.38407655399993, -12.816738698999927], [-69.38374518099994, -12.816439378999974], [-69.38346110099997, -12.815908899999954], [-69.38333123699994, -12.815554134999957], [-69.38318389199998, -12.81469435899993], [-69.38311133499997, -12.81424801399993], [-69.38303897199995, -12.81377897599998], [-69.38296591899996, -12.813305689999936], [-69.38291791999995, -12.81281880499995], [-69.38273286199995, -12.811940368999956], [-69.38253741599993, -12.811579278999943], [-69.38222658099994, -12.81118824999993], [-69.38170099799999, -12.810785778999957], [-69.38142513599996, -12.81060942399995], [-69.38140306899999, -12.810790278999946], [-69.38093365199995, -12.814492752999968], [-69.38054262799994, -12.817427521999946], [-69.38499532199995, -12.818901075999975], [-69.38501674399998, -12.818846977999954], [-69.38512855699997, -12.818670964999967], [-69.38520945999994, -12.818555752999941], [-69.38522005899995, -12.818529608999938], [-69.38522312499998, -12.818447419999927], [-69.38517901999995, -12.81837560799994], [-69.38509981099998, -12.818206112999974], [-69.38502715499999, -12.818097364999971]]]}}, {"type": "Feature", "properties": {"objectid": 17538, "anp_gid": 376, "acp_codi": "ACP168", "acp_nomb": "Yasgolca-Santa Lucia, Montevideo", "acp_suleg": 4725.69, "acp_balec": "R.M. N° 065-2023-MINAM", "acp_felec": 1677042000000, "acp_balem": " ", "acp_felem": null, "acp_fecad": "Perpetuo", "acp_ubpo": "AMAZONAS", "acp_titu": "Comunidad Campesina Montevideo", "acp_tipro": "Comunidad Campesina", "acp_tirec": "Perpetuo", "acp_pareg": "P.E. N° 02013530", "acp_obs": null, "met_link": null, "acp_orden": 168, "acp_id": 162}, "geometry": {"type": "Polygon", "coordinates": [[[-77.73071597399996, -6.628382503999944], [-77.70531751499993, -6.635692773999949], [-77.69715610499998, -6.63284862699993], [-77.69710754599998, -6.632723528999975], [-77.69714764599996, -6.627696554999943], [-77.69735288099997, -6.626686519999964], [-77.69734934899998, -6.625278987999934], [-77.69693313799996, -6.624088316999973], [-77.69589906499994, -6.62417049499993], [-77.69493798599996, -6.624163793999969], [-77.69360570499998, -6.624000007999939], [-77.69256796999997, -6.623794005999969], [-77.69157040199997, -6.623546246999979], [-77.69075786699995, -6.6239254139999275], [-77.68997722999995, -6.6244466139999645], [-77.68926767099998, -6.6249532689999455], [-77.68852242299994, -6.625450125999976], [-77.68756200299998, -6.626042139999981], [-77.68644290099996, -6.626455911999926], [-77.68577329799996, -6.626402931999962], [-77.68454321799999, -6.626441596999939], [-77.68371259599996, -6.626932933999967], [-77.68266975799997, -6.627150356999948], [-77.68143674199996, -6.628172222999979], [-77.68099083899995, -6.628763366999976], [-77.68055987499997, -6.629304371999979], [-77.67984138599996, -6.629933669999957], [-77.67897366999995, -6.630621427999927], [-77.67803821099994, -6.6315600209999275], [-77.67722803799995, -6.632149351999942], [-77.67635887499995, -6.6326706689999355], [-77.67547797999998, -6.633275150999964], [-77.67425733599998, -6.633952860999955], [-77.67349505999994, -6.634148067999945], [-77.67319907199999, -6.634013738999954], [-77.67222137499994, -6.634009731999981], [-77.67152435699995, -6.633754913999951], [-77.67016888299997, -6.633571343999961], [-77.66899264599994, -6.633801128999949], [-77.66797518799996, -6.634445882999955], [-77.66728124599996, -6.634827776999941], [-77.66598050099998, -6.635333670999955], [-77.66543070699998, -6.635384725999927], [-77.66428562499993, -6.635986478999939], [-77.66381616899997, -6.63630931299997], [-77.66350644199997, -6.636185129999944], [-77.66256534099995, -6.636689191999949], [-77.66246450299997, -6.637627159999965], [-77.66219086299998, -6.638946918999977], [-77.66196506599994, -6.640129900999966], [-77.66164517099998, -6.640944159999947], [-77.66102826299993, -6.641749829999981], [-77.66049465499998, -6.642093177999925], [-77.66022599699994, -6.643092971999977], [-77.65972079899996, -6.643794382999943], [-77.65911314699997, -6.644881827999939], [-77.65865427499995, -6.645509097999934], [-77.65837749299999, -6.645767319999948], [-77.65790724899995, -6.6454534639999565], [-77.65722973299995, -6.645251985999948], [-77.65719867499996, -6.646046324999929], [-77.65671175399996, -6.646698447999938], [-77.65623213499998, -6.647022818999972], [-77.65584167199995, -6.646953244999963], [-77.65558085299995, -6.646134373999928], [-77.65485713399994, -6.64539035599995], [-77.65445515199997, -6.646413260999964], [-77.65448381299996, -6.646957978999978], [-77.65439159799996, -6.647044385999948], [-77.65324583099994, -6.6470319949999634], [-77.65218759199996, -6.646860814999968], [-77.65158742799997, -6.646840901999951], [-77.65102248799997, -6.646764158999929], [-77.65023627299996, -6.646603456999969], [-77.64981155399994, -6.646274624999933], [-77.64874616099996, -6.645740803999956], [-77.64767617599995, -6.646170577999953], [-77.64733912899999, -6.646213166999928], [-77.64612876799998, -6.645817789999967], [-77.64583659999994, -6.64668116799993], [-77.64552676999995, -6.646807390999925], [-77.64507766599996, -6.646803827999975], [-77.64466643099996, -6.646321126999965], [-77.64426823499997, -6.647113454999953], [-77.64392038999995, -6.64796043399997], [-77.64335208999995, -6.648713894999958], [-77.64249616299998, -6.649652726999932], [-77.64186880899996, -6.650062817999981], [-77.64090553699998, -6.650595025999962], [-77.63991289399996, -6.651368623999929], [-77.63986309499995, -6.652367303999938], [-77.63966016699999, -6.652863381999964], [-77.63934332599996, -6.6529926979999345], [-77.63855784199995, -6.652919557999951], [-77.63808014399996, -6.652704657999948], [-77.63782315899994, -6.6536256689999504], [-77.63747277299996, -6.6540777609999395], [-77.63669047899998, -6.654489091999949], [-77.63564100099995, -6.65508686499993], [-77.63546115999998, -6.656277211999964], [-77.63527967099998, -6.657014401999959], [-77.63492150999997, -6.657732934999956], [-77.63423795999995, -6.6588078089999385], [-77.63376969299998, -6.659485332999964], [-77.63295256199996, -6.660468919999971], [-77.63217482499994, -6.66128271499997], [-77.63160547299998, -6.6621585429999755], [-77.63092652799997, -6.663078096999925], [-77.63071182599998, -6.66379700899995], [-77.63041665999998, -6.66421222699995], [-77.62990096099998, -6.664583352999955], [-77.62888551399999, -6.664327432999926], [-77.62873374199995, -6.665508866999971], [-77.62926855499995, -6.666322131999948], [-77.62958879099995, -6.667281922999962], [-77.62976759399999, -6.6679438259999415], [-77.62950175499998, -6.6687295779999545], [-77.62914895899996, -6.668815937999966], [-77.62879497499995, -6.668662409999968], [-77.62821686699994, -6.668030896999937], [-77.62761900799995, -6.66903521699993], [-77.62729634099998, -6.669155506999971], [-77.62680253799994, -6.6688482679999765], [-77.62629377499997, -6.669652640999971], [-77.62641453899994, -6.670181194999941], [-77.62623971899995, -6.670700430999943], [-77.62580056599995, -6.671019657999977], [-77.62502481599995, -6.671062568999957], [-77.62462863299999, -6.670606796999948], [-77.62440230299995, -6.670167864999939], [-77.62358215899997, -6.67082585299994], [-77.62325364399999, -6.6709298379999495], [-77.62245181199995, -6.67125270899993], [-77.62151489999997, -6.6713637059999655], [-77.62115598099996, -6.672481649999952], [-77.62082794199995, -6.673661878999951], [-77.62040214199999, -6.674309532999928], [-77.61978293199996, -6.674617099999978], [-77.61946323699993, -6.6745185149999315], [-77.61917691499997, -6.673944304999964], [-77.61879472199996, -6.67496179799997], [-77.61873352699996, -6.6755902519999495], [-77.61952784299996, -6.676397459999976], [-77.61981093099996, -6.67688699699994], [-77.61962159699993, -6.677147312999978], [-77.61952530899998, -6.677540672999953], [-77.61965513199993, -6.678319718999944], [-77.61976910799996, -6.678639922999935], [-77.61967176299999, -6.67900900799998], [-77.61871474899993, -6.680733999999973], [-77.61914000199994, -6.681389887999956], [-77.62102283799999, -6.6812096659999725], [-77.62196233699996, -6.680716558999961], [-77.62232060299993, -6.6811357989999465], [-77.62456724899994, -6.682016805999979], [-77.62627771999996, -6.681473038999968], [-77.62682299599999, -6.681827589999955], [-77.62772861299999, -6.682562098999938], [-77.62882069699998, -6.683134827999936], [-77.63025363999998, -6.684087956999974], [-77.63175220599999, -6.684293969999942], [-77.63233360999999, -6.684235104999971], [-77.63311916999999, -6.684183111999971], [-77.63367835399998, -6.684135837999975], [-77.63487254899997, -6.685156974999927], [-77.63588165399995, -6.685210629999972], [-77.63700928199995, -6.685925939999947], [-77.63741362099995, -6.6845896309999375], [-77.63744262799997, -6.684031640999933], [-77.63798789099997, -6.683781537999948], [-77.63965957899995, -6.684594661999938], [-77.64111025899996, -6.68347720099996], [-77.64167166699997, -6.682767372999933], [-77.64258757999994, -6.682528182999931], [-77.64448294399995, -6.681254709999962], [-77.64585938699997, -6.680573151999965], [-77.64766796199996, -6.67947836299993], [-77.64938582199994, -6.678401017999931], [-77.65056693299994, -6.67693060299996], [-77.65126796799996, -6.675272073999963], [-77.65177959399995, -6.674282614999981], [-77.65284515099995, -6.674148211999977], [-77.65468539599993, -6.673192451999967], [-77.65441408899994, -6.6717437259999315], [-77.65493417599998, -6.67081354499993], [-77.65632170999999, -6.670424562999926], [-77.65715949199995, -6.669225930999971], [-77.65829753899999, -6.669266885999946], [-77.65918699599996, -6.668798726999967], [-77.65992073999996, -6.669370103999938], [-77.66153615299999, -6.668792857999961], [-77.66296673899996, -6.668080122999925], [-77.66442754199994, -6.66756305499996], [-77.66600114899995, -6.667650838999975], [-77.66692437799998, -6.667987013999948], [-77.66859357099997, -6.666622993999965], [-77.66962671799996, -6.666006836999941], [-77.67114757699994, -6.665993046999972], [-77.67189718399999, -6.666719806999936], [-77.67327010999998, -6.666246538999928], [-77.67338488599995, -6.666180212999961], [-77.67427196099999, -6.6666998879999255], [-77.67559704299998, -6.6674187699999266], [-77.67596442599995, -6.668347338999979], [-77.67616389099999, -6.669371294999962], [-77.67675499499995, -6.671383343999935], [-77.67860298399995, -6.67198663299996], [-77.67875209199997, -6.6719865369999525], [-77.68043022199998, -6.673061043999951], [-77.68192464799995, -6.673996690999957], [-77.68344368499999, -6.673973774999979], [-77.68396882899998, -6.674213007999981], [-77.68433520099995, -6.674692068999946], [-77.68564727499995, -6.6763279039999475], [-77.68670840099998, -6.677275440999949], [-77.68953000399995, -6.678012093999939], [-77.69199522899999, -6.677636047999954], [-77.69410178899994, -6.676870764999933], [-77.69519028799994, -6.677033520999942], [-77.69724454999994, -6.675944045999927], [-77.69779274999996, -6.675653637999972], [-77.70004116699994, -6.676322833999961], [-77.70254985999998, -6.67614965599995], [-77.70508208199999, -6.675008785999978], [-77.70749993899994, -6.674287478999929], [-77.70982094899995, -6.672156591999965], [-77.70988550399994, -6.669677571999955], [-77.71019676999998, -6.668327938999937], [-77.71091088999998, -6.666013507999935], [-77.71135053099994, -6.664469752999935], [-77.71201774999997, -6.662365507999937], [-77.71300579599995, -6.659727837999981], [-77.71350072399997, -6.658006519999958], [-77.71393119899994, -6.656569656999977], [-77.71477183399998, -6.656187823999971], [-77.71665383499999, -6.655797560999929], [-77.71912005999997, -6.65554042399998], [-77.72119293699996, -6.655080806999933], [-77.72622014099994, -6.654994460999944], [-77.73344122199995, -6.653557828999965], [-77.73516432799994, -6.652455384999939], [-77.73577876699994, -6.651958081999965], [-77.73814505999997, -6.651196920999951], [-77.73920882999994, -6.650708334999933], [-77.74201223199998, -6.650219518999961], [-77.74001319199994, -6.646805643999926], [-77.73833273199995, -6.641540301999953], [-77.73564292099996, -6.629987533999952], [-77.73083283099999, -6.628308635999929], [-77.73071597399996, -6.628382503999944]]]}}, {"type": "Feature", "properties": {"objectid": 17539, "anp_gid": 378, "acp_codi": "ACP169", "acp_nomb": "Pampacorral", "acp_suleg": 767.56, "acp_balec": "R.M. N° 066-2023-MINAM", "acp_felec": 1677042000000, "acp_balem": " ", "acp_felem": null, "acp_fecad": "22/02/2033", "acp_ubpo": "CUSCO", "acp_titu": "Comunidad Campesina Pampa Corral", "acp_tipro": "Comunidad Campesina", "acp_tirec": "10", "acp_pareg": "P.E. N° 11044013", "acp_obs": null, "met_link": null, "acp_orden": 169, "acp_id": 163}, "geometry": {"type": "Polygon", "coordinates": [[[-71.97862789299995, -13.159675068999945], [-71.95088493899993, -13.184137587999942], [-71.95094315699998, -13.185148475999938], [-71.95106968599998, -13.185706987999936], [-71.95107466799993, -13.186890091999942], [-71.95168456299996, -13.18778623999998], [-71.95149698399996, -13.188285148999967], [-71.95155629399994, -13.188618640999948], [-71.95189340599995, -13.188718371999926], [-71.95287945599995, -13.187673071999939], [-71.95417542199993, -13.186357509999937], [-71.95417588399994, -13.186356972999931], [-71.95417772499997, -13.186355730999935], [-71.95501197599998, -13.185931078999943], [-71.95501457599994, -13.185929754999961], [-71.95527260099993, -13.185873681999965], [-71.95550651199994, -13.185874745999968], [-71.95550704399994, -13.185874842999965], [-71.95760603099995, -13.186005511999952], [-71.95760663899995, -13.18600551999998], [-71.95760785599998, -13.186005442999942], [-71.95988467299998, -13.185688368999934], [-71.95988566499994, -13.185688116999927], [-71.95988612299993, -13.18568794099997], [-71.96223636499997, -13.184914755999955], [-71.96223720599994, -13.184914314999958], [-71.96285280799998, -13.184593312999937], [-71.96422982799999, -13.183829784999944], [-71.96423082399997, -13.183829165999953], [-71.96423136099997, -13.183828810999955], [-71.96569937699996, -13.182588257999953], [-71.96652174199994, -13.181831145999979], [-71.96727252899996, -13.180856934999952], [-71.96805424099995, -13.179999743999929], [-71.96805454899999, -13.179999476999967], [-71.96805508599994, -13.17999894199994], [-71.96891109099994, -13.179273638999973], [-71.96983613999998, -13.178433664999943], [-71.96983683399998, -13.178432861999966], [-71.97056002999994, -13.17750011499993], [-71.97102124199995, -13.176797402999966], [-71.97118439599996, -13.176495588999956], [-71.97118555299994, -13.176494247999926], [-71.97169763099998, -13.175986805999969], [-71.97247434099995, -13.175329803999944], [-71.97247457199995, -13.17532962599995], [-71.97247510899996, -13.175329179999949], [-71.97346983499995, -13.174661023999931], [-71.97434429599997, -13.174292479999963], [-71.97434513599995, -13.17429212899998], [-71.97434551699996, -13.174291952999965], [-71.97731589999995, -13.173469661999945], [-71.97825513199996, -13.173284346999935], [-71.97825665199997, -13.173284273999968], [-71.97875349199995, -13.173348096999973], [-71.97875417499995, -13.17334819599995], [-71.97875463099996, -13.173348200999953], [-71.98023297599997, -13.173770309999952], [-71.98023358199998, -13.173770496999964], [-71.98023464399995, -13.173770690999959], [-71.98124601099994, -13.17389411299996], [-71.98195006599997, -13.17395432099994], [-71.98195082699993, -13.173954238999954], [-71.98264191099997, -13.173931853999932], [-71.98346426099994, -13.17387679199993], [-71.98346562799998, -13.173876897999946], [-71.98400341099995, -13.173955097999965], [-71.98400409399994, -13.173955195999952], [-71.98445541499996, -13.173969444999955], [-71.98509264299997, -13.174001046999933], [-71.98509416499996, -13.174000793999937], [-71.98558197799997, -13.17385889999997], [-71.98558358199995, -13.173858286999973], [-71.98586897199993, -13.173676540999963], [-71.98602997199998, -13.17357405499996], [-71.98603127499996, -13.173573076999958], [-71.98603235599995, -13.173571825999943], [-71.98702406999996, -13.172221494999974], [-71.98759317299994, -13.171509988999958], [-71.98759447799995, -13.171508919999951], [-71.98759516699994, -13.171508476999975], [-71.98907834999994, -13.17066007099993], [-71.98907896099996, -13.170659807999982], [-71.99061218399999, -13.169981820999965], [-71.99061302399997, -13.169981468999936], [-71.99061355799995, -13.169981384999971], [-71.99319618699997, -13.169341968999959], [-71.99319664399997, -13.169341793999934], [-71.99319740699997, -13.169341532999965], [-71.99341588599998, -13.169249014999934], [-71.99365979999999, -13.169145778999962], [-71.99366109999994, -13.169145070999946], [-71.99366225099999, -13.169144271999926], [-71.99366332799997, -13.16914320099994], [-71.99415158199997, -13.168553164999935], [-71.99415204799993, -13.168552446999968], [-71.99451871299993, -13.167949516999954], [-71.99451894599997, -13.167949067999928], [-71.99451933599994, -13.167948259999946], [-71.99590970199995, -13.164518744999953], [-71.99636141699995, -13.163446372999942], [-71.99636211699993, -13.16344511699998], [-71.99680044399997, -13.162859632999982], [-71.99680129199999, -13.162858739999933], [-71.99758870899996, -13.162163027999952], [-71.99904627899997, -13.161051850999968], [-71.99904758099996, -13.161051052999937], [-71.99904895599997, -13.161050436999972], [-71.99994031499995, -13.16083584599994], [-72.00048229399994, -13.160692924999978], [-72.00048290199999, -13.16069293199996], [-72.00075293699996, -13.16067802899994], [-72.00075430399994, -13.160678134999955], [-72.00075574499994, -13.160678332999964], [-72.00149483899997, -13.160867377999978], [-72.00209241399995, -13.16107066099994], [-72.00209377499993, -13.161071217999961], [-72.00286478499999, -13.161648087999936], [-72.00286538599994, -13.161648635999939], [-72.00286650999993, -13.161649913999952], [-72.00286740599995, -13.161651277999965], [-72.00286799399998, -13.161652820999961], [-72.00297488099994, -13.162012086999937], [-72.00297495099994, -13.162012538999932], [-72.00297516799998, -13.162013354999942], [-72.00322140799994, -13.164111337999941], [-72.00322147299994, -13.16411224199993], [-72.00316257799994, -13.165124117999937], [-72.00303096099998, -13.16633541799996], [-72.00299393099993, -13.166718105999962], [-72.00299384699997, -13.16671873699994], [-72.00278989399999, -13.167697765999947], [-72.00240795199994, -13.168939188999957], [-72.00212478299994, -13.17028180799997], [-72.00212462499996, -13.170282438999948], [-72.00212454399997, -13.17028279899995], [-72.00201410899996, -13.171507257999963], [-72.00177542299997, -13.173053287999949], [-72.00177533199997, -13.173054460999936], [-72.00179470199998, -13.17350453399996], [-72.00179469499994, -13.173505165999927], [-72.00165398699994, -13.175679526999943], [-72.00166188399999, -13.17632883799996], [-72.00163155999996, -13.177838477999956], [-72.00163169399997, -13.177840013999969], [-72.00173359899998, -13.178240126999981], [-72.00173411399999, -13.178241578999973], [-72.00173493299997, -13.17824294299993], [-72.00183323199997, -13.178383777999954], [-72.00183367999995, -13.178384413999936], [-72.00224200099996, -13.178829287999974], [-72.00224297199998, -13.178830561999973], [-72.00250099499993, -13.179316926999945], [-72.00259170699997, -13.179487922999954], [-72.00259229799997, -13.179489373999957], [-72.00259251599994, -13.179490188999978], [-72.00281299799997, -13.180456662999973], [-72.00281313899995, -13.180457565999973], [-72.00286362599996, -13.181166968999946], [-72.00303307899998, -13.183646001999932], [-72.00302926099994, -13.18503856999996], [-72.00302893699995, -13.185040191999974], [-72.00302838899995, -13.185041629999944], [-72.00279119399994, -13.185521388999973], [-72.00265645899998, -13.185856790999935], [-72.00265621399996, -13.185858233999966], [-72.00265627199997, -13.185859678999975], [-72.00269508199995, -13.186211107999952], [-72.00269552099996, -13.186212557999966], [-72.00269618799996, -13.186213919999943], [-72.00287953299994, -13.18652342699994], [-72.00288065399997, -13.186524885999972], [-72.00370430199996, -13.187259766999944], [-72.00475510499996, -13.18815847999997], [-72.00475638599994, -13.188159397999982], [-72.00475789699993, -13.188160137999944], [-72.00475948699994, -13.188160607999976], [-72.00476115799995, -13.18816071799995], [-72.00476275499994, -13.188160554999968], [-72.00476512199998, -13.188159861999964], [-72.00476657599995, -13.188158974999965], [-72.00567213199997, -13.18751709299994], [-72.00567289999998, -13.18751647099998], [-72.00649148399998, -13.186707877999936], [-72.00649202399995, -13.186707251999962], [-72.00671821199995, -13.186407136999946], [-72.00681291799998, -13.186281558999951], [-72.00681385399997, -13.186279493999962], [-72.00681417699997, -13.186277961999963], [-72.00686493499995, -13.185897962999945], [-72.00686494299998, -13.185897330999978], [-72.00686488699995, -13.185896154999966], [-72.00680564099997, -13.185168319999946], [-72.00673390999998, -13.184286474999965], [-72.00673376799995, -13.184285660999933], [-72.00659379999996, -13.183659004999981], [-72.00620861699997, -13.181223948999957], [-72.00609060699998, -13.180679085999941], [-72.00609046099999, -13.180678631999967], [-72.00609016699997, -13.180677726999932], [-72.00596892399994, -13.180367320999949], [-72.00596862899994, -13.180366594999953], [-72.00596826799995, -13.180365055999971], [-72.00596828799996, -13.180363429999943], [-72.00602114799995, -13.179579296999975], [-72.00602101399994, -13.17957784999993], [-72.00584132999995, -13.178548827999975], [-72.00546885499995, -13.17710617199998], [-72.00546864399996, -13.17710481499995], [-72.00546858499996, -13.177103368999951], [-72.00550397599994, -13.176599486999976], [-72.00550413799994, -13.176598584999965], [-72.00561621799994, -13.176106523999977], [-72.00561646399996, -13.176105081999935], [-72.00559134299994, -13.175190101999931], [-72.00554756799994, -13.17387182899995], [-72.00554757599997, -13.173871195999936], [-72.00560723899997, -13.173058608999952], [-72.00560718099996, -13.17305698299998], [-72.00552089299998, -13.172259663999967], [-72.00552082799999, -13.172258941999928], [-72.00548749799998, -13.170775098999968], [-72.00548767199996, -13.17077338599995], [-72.00548814699994, -13.170771765999973], [-72.00607131199996, -13.169374579999953], [-72.00636704199997, -13.168665966999981], [-72.00636743499996, -13.168664886999977], [-72.00654141899997, -13.16801227999997], [-72.00654166499999, -13.168010838999976], [-72.00654168199998, -13.168009393999967], [-72.00654153899995, -13.16800866999995], [-72.00650399799997, -13.16775847699995], [-72.00650392799997, -13.167757933999951], [-72.00624775599994, -13.16675655499995], [-72.00597551799996, -13.165570331999959], [-72.00574620799995, -13.164247364999937], [-72.00566822799993, -13.163797779999982], [-72.00566816299994, -13.163797055999964], [-72.00563646199998, -13.163203900999974], [-72.00563670799994, -13.163202368999976], [-72.00563710599994, -13.16320092799998], [-72.00563780699997, -13.163199491999933], [-72.00563927299999, -13.16319770299998], [-72.00564050099996, -13.163196723999931], [-72.00564187699996, -13.163196017999951], [-72.00564340299997, -13.163195494999968], [-72.00599643799995, -13.163136046999966], [-72.00224468299996, -13.15623882999995], [-71.98479594399998, -13.15454572799996], [-71.97862789299995, -13.159675068999945]]]}}, {"type": "Feature", "properties": {"objectid": 17540, "anp_gid": 377, "acp_codi": "ACP170", "acp_nomb": "Utco", "acp_suleg": 3060.36, "acp_balec": "R.M. N° 067-2023-MINAM", "acp_felec": 1677042000000, "acp_balem": " ", "acp_felem": null, "acp_fecad": "Perpetuo", "acp_ubpo": "CAJAMARCA", "acp_titu": "Comunidad Campesina de Utco", "acp_tipro": "Comunidad Campesina", "acp_tirec": "Perpetuo", "acp_pareg": "P.E. N° 02286473", "acp_obs": null, "met_link": null, "acp_orden": 170, "acp_id": 164}, "geometry": {"type": "Polygon", "coordinates": [[[-78.00428820699995, -6.913814349999939], [-78.00488464999995, -6.914279904999944], [-78.00544458299998, -6.915380544999948], [-78.00660410599994, -6.9181373179999355], [-78.00743533699995, -6.920974976999958], [-78.00755769499995, -6.922433789999957], [-78.00873466499996, -6.923421195999936], [-78.01078128599994, -6.924316072999943], [-78.01336917199995, -6.926888714999961], [-78.01366104399995, -6.927765588999932], [-78.01421428299994, -6.929427690999944], [-78.01451467599998, -6.931191320999972], [-78.01451677899996, -6.931202884999948], [-78.01451668599998, -6.93120877399997], [-78.01449335399997, -6.931495452999968], [-78.01438168999994, -6.931981675999964], [-78.01438106999996, -6.931984064999938], [-78.01421968699998, -6.932542360999946], [-78.01432941899998, -6.9336675189999255], [-78.01319976799994, -6.935700969999971], [-78.01183100199995, -6.937804362999941], [-78.01181998899995, -6.9378153079999265], [-78.00966534199995, -6.939394884999956], [-78.00761680699998, -6.938633314999947], [-78.00760782199995, -6.938643322999951], [-78.00655534999999, -6.939275391999956], [-78.00655058899997, -6.939277876999938], [-78.00654035499997, -6.93928107399995], [-78.00572019799995, -6.939433630999929], [-78.00430574099994, -6.939643506999971], [-78.00429991099998, -6.939643237999974], [-78.00261838199998, -6.9396027559999425], [-78.00199114299994, -6.94113581299996], [-78.00280370799999, -6.941995267999971], [-78.00280892699999, -6.941998596999952], [-78.00359874599997, -6.941977903999941], [-78.00505099499998, -6.942086476999975], [-78.00650127899996, -6.942726659999948], [-78.00726463299998, -6.943056551999973], [-78.00815260999997, -6.943348986999979], [-78.00907789199994, -6.9437946319999355], [-78.01008831899998, -6.944393786999967], [-78.01120586699994, -6.944697227999939], [-78.01149174999995, -6.944880689999934], [-78.01258089999999, -6.945136143999946], [-78.01372353699998, -6.945286762999956], [-78.01422697499999, -6.945110667999927], [-78.01453130499993, -6.945214170999975], [-78.01509814599996, -6.945414937999942], [-78.01592539999996, -6.945097465999936], [-78.01657957799995, -6.944725121999966], [-78.01685506499996, -6.944661123999936], [-78.01770851399993, -6.945171560999938], [-78.01804112399998, -6.944775065999977], [-78.01845731599997, -6.9438857469999675], [-78.01845980499996, -6.943879845999959], [-78.01885152599993, -6.94302436199996], [-78.01908607399997, -6.942619513999944], [-78.01909336799997, -6.94261008899997], [-78.01970486399995, -6.942005305999942], [-78.01970580499994, -6.94200443099993], [-78.02017194499996, -6.941583252999976], [-78.02018150799995, -6.9415780979999795], [-78.02104905399995, -6.9412378859999535], [-78.02105347399998, -6.941236880999952], [-78.02189682099998, -6.941089125999952], [-78.02249032299994, -6.940997287999949], [-78.02337562799994, -6.940830222999978], [-78.02490728799995, -6.9407059799999615], [-78.02544999599996, -6.940747570999974], [-78.02546328499994, -6.940750667999964], [-78.02650976399997, -6.941119278999963], [-78.02651071699995, -6.941119579999963], [-78.02734925199996, -6.94143020599995], [-78.02906700799997, -6.941593307999938], [-78.02989539699996, -6.941185429999962], [-78.02990151099993, -6.941181764999953], [-78.03038449099995, -6.9410300639999605], [-78.03086705399994, -6.940802746999964], [-78.03243468599999, -6.940202752999937], [-78.03318754199995, -6.9399568679999675], [-78.03319321799995, -6.939955415999975], [-78.03479802399994, -6.939603273999978], [-78.03541518499998, -6.939376829999958], [-78.03605301099998, -6.939322496999978], [-78.03605483099994, -6.939322379999965], [-78.03680233099999, -6.939307886999927], [-78.03745044499993, -6.93940659499998], [-78.03771067199995, -6.9393340719999514], [-78.03771239199995, -6.939333679999947], [-78.03825307799997, -6.939221631999942], [-78.03904194799998, -6.939207135999936], [-78.03996072899997, -6.939193744999955], [-78.03996423099994, -6.939193828999976], [-78.04103228099996, -6.939261254999963], [-78.04175274999994, -6.939438614999972], [-78.04257433699996, -6.939760957999965], [-78.04424615699998, -6.940297219999934], [-78.04456440199993, -6.94018882499995], [-78.04498824399997, -6.9401179049999655], [-78.04500040999994, -6.9401175509999575], [-78.04543419899994, -6.940163767999934], [-78.04614590799997, -6.940296362999959], [-78.04782915799996, -6.940107075999947], [-78.04818680099999, -6.940094496999961], [-78.04855159499994, -6.9398536789999525], [-78.04878236499997, -6.93958327799993], [-78.04879146599995, -6.939575150999929], [-78.04936210099999, -6.939096420999931], [-78.04937232699996, -6.939088844999958], [-78.04966034399996, -6.9389328769999565], [-78.04967461799998, -6.938928006999959], [-78.04986896599996, -6.938928582999949], [-78.05013213799998, -6.938638456999968], [-78.05013570599993, -6.938632929999926], [-78.05034221399995, -6.938428452999972], [-78.05064963499996, -6.938196895999965], [-78.05066126199995, -6.9381905849999725], [-78.05067421999996, -6.938187907999975], [-78.05068085199997, -6.938188017999948], [-78.05091756799999, -6.938244725999937], [-78.05133366399997, -6.938047406999942], [-78.05174972899994, -6.937411016999931], [-78.05175006499996, -6.937410540999963], [-78.05202962799996, -6.937019678999945], [-78.05240796899994, -6.9367359469999315], [-78.05241716599994, -6.936730625999928], [-78.05242216899995, -6.936728810999966], [-78.05314339899996, -6.936409396999977], [-78.05381843899994, -6.935812877999979], [-78.05384838799995, -6.935508889999937], [-78.05385009099996, -6.93550324499995], [-78.05401225599996, -6.935197682999956], [-78.05401967799997, -6.9351874839999255], [-78.05402963299997, -6.935179732999927], [-78.05420607599996, -6.935078553999972], [-78.05420982699997, -6.935077024999941], [-78.05464491899994, -6.934576804999949], [-78.05499565999997, -6.933814955999935], [-78.05528649499996, -6.933200114999977], [-78.05559012099997, -6.932518166999955], [-78.05576750899996, -6.931730352999978], [-78.05645279199996, -6.930225015999952], [-78.05702227699999, -6.928863303999947], [-78.05765895599995, -6.927638548999937], [-78.05783462699998, -6.92694057999995], [-78.05793812099995, -6.926580127999955], [-78.05823072099997, -6.925748975999966], [-78.05866837299999, -6.9246043349999695], [-78.05867314399995, -6.924595167999939], [-78.05925502099996, -6.923734899999943], [-78.06056059999997, -6.922089531999973], [-78.06097314899995, -6.921484054999951], [-78.06125069199999, -6.920569888999978], [-78.06107352299995, -6.9201138559999436], [-78.06068138499995, -6.919397616999959], [-78.06067230099995, -6.919387464999943], [-78.06066900899998, -6.91938147999997], [-78.06056561299994, -6.9190179929999545], [-78.06038646799993, -6.918749907999938], [-78.06002718099995, -6.91768084399996], [-78.06002606199996, -6.917676933999928], [-78.05965121399998, -6.916306430999953], [-78.05902131699997, -6.915503930999932], [-78.05343209699998, -6.921134337999945], [-78.04215267299998, -6.929275711999935], [-78.03337258499994, -6.931980303999978], [-78.03335764999997, -6.931983514999956], [-78.03334249799997, -6.931981571999927], [-78.03333538599998, -6.931978713999968], [-78.03332310599995, -6.931969633999927], [-78.03073226899994, -6.922661136999977], [-78.04794149399999, -6.914470406999953], [-78.05963828999995, -6.902581874999953], [-78.05963469499994, -6.902576348999958], [-78.05937426199995, -6.901880880999954], [-78.05885860699993, -6.900930292999931], [-78.05860855699996, -6.900568461999967], [-78.05833623299998, -6.90012457399996], [-78.05808608399997, -6.899605125999926], [-78.05743852399996, -6.898459180999964], [-78.05743425199995, -6.898451096999963], [-78.05727196999999, -6.898050228999978], [-78.05622451499994, -6.896955251999941], [-78.05579363299995, -6.896615717999964], [-78.05543237099994, -6.896261615999947], [-78.05542861399994, -6.896255651999979], [-78.05514202199998, -6.895709245999967], [-78.05500223399997, -6.894816746999936], [-78.05500194699994, -6.89480507199994], [-78.05500293699998, -6.894799303999946], [-78.05518758899996, -6.893813094999928], [-78.05524699699998, -6.893547054999942], [-78.05502278799997, -6.892916106999962], [-78.05496995999994, -6.892628188999936], [-78.05301687799994, -6.891931246999945], [-78.01755178299999, -6.87977043099994], [-78.01532343999997, -6.87987099999998], [-78.01398305499998, -6.880030930999965], [-78.01380010599996, -6.88022052599996], [-78.01348208799999, -6.880543918999933], [-78.01348065299999, -6.880545314999949], [-78.01313993699995, -6.880861977999928], [-78.01313567199998, -6.8808647719999385], [-78.01248365199996, -6.8813963419999595], [-78.01126159799998, -6.883161493999978], [-78.01047500399994, -6.8843572039999685], [-78.01003072499998, -6.885042676999944], [-78.01003003099999, -6.885043715999927], [-78.00933744699995, -6.886416462999932], [-78.00933696199996, -6.886417657999971], [-78.00912284199995, -6.886924151999949], [-78.00912272099998, -6.886924414999953], [-78.00882959399996, -6.887557747999949], [-78.00849627599996, -6.888116589999981], [-78.00803869699996, -6.888492114999963], [-78.00803852299998, -6.8884922559999495], [-78.00734628599997, -6.889133045999927], [-78.00743566699998, -6.889576645999966], [-78.00744941599999, -6.890479596999967], [-78.00744923799994, -6.890484328999946], [-78.00714947599994, -6.892004139999926], [-78.00708194499998, -6.8924003769999445], [-78.00690320199999, -6.893150988999935], [-78.00667713499996, -6.893730390999963], [-78.00636228199994, -6.8942794809999555], [-78.00598322199994, -6.894797590999929], [-78.00550501399994, -6.895412317999956], [-78.00550091199995, -6.895416907999959], [-78.00512137099997, -6.89569819999997], [-78.00481517399999, -6.89585307599998], [-78.00458694599996, -6.896169137999948], [-78.00432011099997, -6.896408160999954], [-78.00431721899997, -6.896410539999977], [-78.00385213999994, -6.896761503999926], [-78.00265637699994, -6.897516423999946], [-78.00212805699994, -6.898263441999973], [-78.00212419499996, -6.898268691999931], [-78.00188839999998, -6.898544276999928], [-78.00160233299994, -6.898732817999928], [-78.00135661199994, -6.898850833999973], [-78.00137664399995, -6.901713771999937], [-78.00161453599998, -6.905252466999968], [-78.00164431699994, -6.9072752259999675], [-78.00182280299998, -6.909419322999952], [-78.00182258099994, -6.909423440999944], [-78.00164313599998, -6.911213923999981], [-78.00143827699998, -6.911752256999932], [-78.00283060199996, -6.912725259999945], [-78.00428820699995, -6.913814349999939]]]}}, {"type": "Feature", "properties": {"objectid": 18338, "anp_gid": 380, "acp_codi": "ACP171", "acp_nomb": "San Juan Bautista", "acp_suleg": 72.2044, "acp_balec": "R.M. N° 274-2023-MINAM", "acp_felec": 1693976400000, "acp_balem": " ", "acp_felem": null, "acp_fecad": "Perpetuo", "acp_ubpo": "MADRE DE DIOS", "acp_titu": "Nemesio Dario Barrientos Ortiz y Herminia Sotelo Ceron", "acp_tipro": "Privado", "acp_tirec": "Perpetuo", "acp_pareg": "P.E. N° 05003574", "acp_obs": null, "met_link": null, "acp_orden": 171, "acp_id": 165}, "geometry": {"type": "Polygon", "coordinates": [[[-70.09921588999998, -12.883885222999936], [-70.09618596099995, -12.881912070999931], [-70.09478590099997, -12.900448230999928], [-70.09811025199997, -12.901879389999976], [-70.09921588999998, -12.883885222999936]]]}}, {"type": "Feature", "properties": {"objectid": 18738, "anp_gid": 381, "acp_codi": "ACP172", "acp_nomb": "Totorabamba", "acp_suleg": 412.49, "acp_balec": "R.M. N° 321-2023-MINAM", "acp_felec": 1698210000000, "acp_balem": " ", "acp_felem": null, "acp_fecad": "05/10/2033", "acp_ubpo": "AYACUCHO", "acp_titu": "Comunidad Campesina Totorabamba ", "acp_tipro": "Comunidad Campesina", "acp_tirec": "10", "acp_pareg": "P.E N° 40047725", "acp_obs": null, "met_link": null, "acp_orden": 172, "acp_id": 166}, "geometry": {"type": "Polygon", "coordinates": [[[-74.49414742099998, -13.31953859999993], [-74.49065925799994, -13.323412287999929], [-74.48556531399998, -13.32485930599995], [-74.47336924999996, -13.325727172999962], [-74.47047043599997, -13.327672341999971], [-74.47161628999999, -13.331014525999933], [-74.47040989499999, -13.331243595999979], [-74.47211544799995, -13.334261578999929], [-74.47044907399999, -13.339013020999971], [-74.46633830899998, -13.340708414999938], [-74.46495147899998, -13.34465313499993], [-74.45691588699998, -13.344634045999953], [-74.45272302899997, -13.340873143999943], [-74.44967862199996, -13.340143122999962], [-74.44892810999994, -13.341062363999981], [-74.45178596299996, -13.34223831199995], [-74.45647645499997, -13.346719512999982], [-74.46380921899998, -13.346860491999962], [-74.46373796899996, -13.348494283999969], [-74.46592336499998, -13.34910277199998], [-74.46657168399997, -13.34549132899997], [-74.46750377299998, -13.342132589999949], [-74.47240896899996, -13.341638548999981], [-74.47438735799994, -13.334563275999926], [-74.47797533199997, -13.335840960999974], [-74.48119338199996, -13.333980632999953], [-74.48427095399995, -13.330176280999979], [-74.48803216899995, -13.32857508799998], [-74.49165269699995, -13.330465058999948], [-74.49324956999999, -13.329381233999982], [-74.49347116099995, -13.327030933999936], [-74.49702566699995, -13.327069447999975], [-74.50228837599997, -13.327345858999934], [-74.50550960899994, -13.328729994999946], [-74.50959724299997, -13.324405530999968], [-74.50277520899994, -13.319902061999926], [-74.49414742099998, -13.31953859999993]]]}}, {"type": "Feature", "properties": {"objectid": 19142, "anp_gid": 386, "acp_codi": "ACP173", "acp_nomb": "Huella Verde", "acp_suleg": 9.83422, "acp_balec": "R.M. N° 189-2024-MINAM", "acp_felec": 1719032400000, "acp_balem": " ", "acp_felem": null, "acp_fecad": "21/06/2074", "acp_ubpo": "LORETO", "acp_titu": "Ursula del Pilar Vera Hernández", "acp_tipro": "Privado", "acp_tirec": "50", "acp_pareg": null, "acp_obs": null, "met_link": null, "acp_orden": 173, "acp_id": 167}, "geometry": {"type": "Polygon", "coordinates": [[[-73.29401710899998, -3.6582982109999307], [-73.29422983099994, -3.6590010439999787], [-73.29460595699999, -3.660243765999951], [-73.29475228399997, -3.6602725029999306], [-73.29476050899996, -3.6602743889999374], [-73.29491621999995, -3.660315263999962], [-73.29514327299995, -3.66035665499993], [-73.29516434599998, -3.660362293999981], [-73.29535964399997, -3.660431960999972], [-73.29553195699998, -3.660472709999965], [-73.29575962699994, -3.6605303469999626], [-73.29598155799994, -3.6605466989999513], [-73.29612311599993, -3.6605224549999775], [-73.29624625099996, -3.660471184999949], [-73.29642298599998, -3.660377288999939], [-73.29652170399999, -3.660305446999928], [-73.29656492999999, -3.660225716999946], [-73.29616960899995, -3.6591024649999326], [-73.29555746999995, -3.657363152999949], [-73.29389527699993, -3.6578674529999375], [-73.29371368799997, -3.657002962999968], [-73.29190617099994, -3.656530281999949], [-73.29171104699998, -3.6578711479999697], [-73.29401710899998, -3.6582982109999307]]]}}, {"type": "Feature", "properties": {"objectid": 19544, "anp_gid": 387, "acp_codi": "ACP174", "acp_nomb": "Bosque Nublado Miraflores", "acp_suleg": 5.7, "acp_balec": "R.M. N° 00305-2024-MINAM", "acp_felec": 1727413200000, "acp_balem": " ", "acp_felem": null, "acp_fecad": "27/09/2034", "acp_ubpo": "PASCO", "acp_titu": "Rocio del Pilar Huamán Turpo", "acp_tipro": "Privado", "acp_tirec": "10", "acp_pareg": "P.E. N° 11072935", "acp_obs": null, "met_link": null, "acp_orden": 174, "acp_id": 168}, "geometry": {"type": "Polygon", "coordinates": [[[-75.38578786399995, -10.593964839999956], [-75.38613376199999, -10.593465187999982], [-75.38593869399995, -10.59336252299994], [-75.38574295099994, -10.593259406999948], [-75.38554705699994, -10.593156290999957], [-75.38534829499997, -10.593051640999931], [-75.38514681799995, -10.592945547999932], [-75.38498532199998, -10.592860924999968], [-75.38482374899996, -10.592776214999958], [-75.38395690199997, -10.592324241999961], [-75.38344367099995, -10.59205232599993], [-75.38264343199995, -10.591635716999974], [-75.38221347899997, -10.591408455999954], [-75.38069189599997, -10.590603888999965], [-75.38013742199996, -10.59129983799994], [-75.38092975599994, -10.591606958999932], [-75.38111365199995, -10.591701862999969], [-75.38212825299996, -10.592225460999941], [-75.38352581599997, -10.592946710999968], [-75.38392197499996, -10.59315122299995], [-75.38569924899997, -10.59406837499995], [-75.38578786399995, -10.593964839999956]]]}}, {"type": "Feature", "properties": {"objectid": 19944, "anp_gid": 388, "acp_codi": "ACP175", "acp_nomb": "Don Aarón", "acp_suleg": 25.0679, "acp_balec": "R.M. N° 00034-2025-MINAM", "acp_felec": 1738990800000, "acp_balem": " ", "acp_felem": null, "acp_fecad": "Perpetuo", "acp_ubpo": "MADRE DE DIOS", "acp_titu": "REFORESTADORA MISNI S.A.C.", "acp_tipro": "Privado", "acp_tirec": "Perpetuo", "acp_pareg": "P.E. Nº 11173771, 11173772 y 11173773", "acp_obs": null, "met_link": null, "acp_orden": 175, "acp_id": 169}, "geometry": {"type": "Polygon", "coordinates": [[[-69.60552267599996, -11.03440100399996], [-69.60425349699995, -11.035337120999941], [-69.60539034699997, -11.039600759999928], [-69.60649230199994, -11.040381498999977], [-69.60654189699994, -11.040254776999973], [-69.60658407999995, -11.040147888999968], [-69.60660315799998, -11.040095002999976], [-69.60662409599996, -11.040027519999967], [-69.60665215599994, -11.039931257999967], [-69.60667252999997, -11.039858853999931], [-69.60668574599998, -11.039809950999938], [-69.60670528099996, -11.039734567999972], [-69.60672428299995, -11.039658970999938], [-69.60674255799995, -11.03958352799998], [-69.60675382699998, -11.03953394399997], [-69.60676373499996, -11.039485734999971], [-69.60678608399996, -11.039363562999938], [-69.60679603899996, -11.039312734999953], [-69.60680794899997, -11.039260763999948], [-69.60682189799996, -11.03920914799994], [-69.60682973499996, -11.039182958999959], [-69.60683802999995, -11.039157100999944], [-69.60684704799996, -11.03913106999994], [-69.60685696099995, -11.039104907999956], [-69.60686738299995, -11.039079913999956], [-69.60687829399996, -11.039055646999941], [-69.60688971499997, -11.039031665999971], [-69.60691302499998, -11.038985819999937], [-69.60693774999999, -11.03894069599994], [-69.60695111499996, -11.03891772399993], [-69.60696493699999, -11.038895092999951], [-69.60697965899993, -11.038872251999976], [-69.60699455299994, -11.038850077999939], [-69.60706593899994, -11.038746850999928], [-69.60710520299995, -11.038685888999964], [-69.60721911899998, -11.038499849999937], [-69.60735819899998, -11.038267262999966], [-69.60738517999994, -11.038223607999953], [-69.60741367899993, -11.03818006199998], [-69.60742944299994, -11.038157583999975], [-69.60744681899996, -11.03813427199998], [-69.60746461599996, -11.038111538999942], [-69.60753300199997, -11.03802834499993], [-69.60756538399994, -11.037988119999966], [-69.60764414099998, -11.037883610999927], [-69.60766155399995, -11.03786127099994], [-69.60769689699998, -11.037818469999934], [-69.60773305799995, -11.037776956999949], [-69.60776957399997, -11.03773642899995], [-69.60780664999999, -11.037696444999938], [-69.60784516699994, -11.03765618899996], [-69.60790336799994, -11.037597135999931], [-69.60794340099994, -11.037557823999975], [-69.60798472199997, -11.03751910099993], [-69.60800685199996, -11.03749952499993], [-69.60802759299997, -11.03748206499995], [-69.60806825199995, -11.03744963899993], [-69.60826683899995, -11.03729943999997], [-69.60830462599995, -11.037269862999949], [-69.60834117499996, -11.037240055999973], [-69.60837505899997, -11.037210498999968], [-69.60844227499996, -11.03714821899996], [-69.60850244699998, -11.037094225999965], [-69.60851976399994, -11.037078203999954], [-69.60853602499998, -11.03706243399995], [-69.60856523299998, -11.037032001999933], [-69.60860318099998, -11.03698957499995], [-69.60862978899996, -11.036957593999944], [-69.60864212399997, -11.036941897999952], [-69.60865413699997, -11.036925897999936], [-69.60866543299994, -11.03690998899998], [-69.60867844699999, -11.03689032699998], [-69.60869089899995, -11.036870247999957], [-69.60871585099994, -11.036826966999968], [-69.60873960199996, -11.036782461999962], [-69.60875086299995, -11.036760153999978], [-69.60878493599995, -11.036688836999929], [-69.60880644899999, -11.036641154999927], [-69.60881649799995, -11.036617917999934], [-69.60884443299994, -11.036549287999947], [-69.60887113799998, -11.036479846999953], [-69.60889664899997, -11.036410445999934], [-69.60892086199993, -11.03634175999997], [-69.60896068599999, -11.036226031999945], [-69.60904331099994, -11.035982351999962], [-69.60907090599994, -11.035898027999963], [-69.60910882099995, -11.035777253999981], [-69.60912350999996, -11.035733668999967], [-69.60914064499997, -11.035687021999934], [-69.60915921099996, -11.035640894999972], [-69.60916990999993, -11.035616293999965], [-69.60919133799996, -11.035569834999933], [-69.60922436999994, -11.035501969999927], [-69.60931484099996, -11.03532218099997], [-69.60934631099997, -11.035257848999947], [-69.60936603399995, -11.035215391999941], [-69.60937500999995, -11.035194986999954], [-69.60939319899995, -11.035150747999978], [-69.60947783899996, -11.034934072999931], [-69.60966992299996, -11.03444630599995], [-69.60970750599995, -11.034348062999982], [-69.60986656099993, -11.033925893999935], [-69.60991191399995, -11.033769028999927], [-69.60623850199994, -11.033902625999929], [-69.60552267599996, -11.03440100399996]]]}}, {"type": "Feature", "properties": {"objectid": 19945, "anp_gid": 389, "acp_codi": "ACP175", "acp_nomb": "Don Aarón", "acp_suleg": 44.7558, "acp_balec": "R.M. N° 00034-2025-MINAM", "acp_felec": 1738990800000, "acp_balem": " ", "acp_felem": null, "acp_fecad": "Perpetuo", "acp_ubpo": "MADRE DE DIOS", "acp_titu": "REFORESTADORA MISNI S.A.C.", "acp_tipro": "Privado", "acp_tirec": "Perpetuo", "acp_pareg": "P.E. Nº 11173771, 11173772 y 11173773", "acp_obs": null, "met_link": null, "acp_orden": 175, "acp_id": 169}, "geometry": {"type": "Polygon", "coordinates": [[[-69.61919157599993, -11.036674543999936], [-69.61910941799994, -11.033434091999936], [-69.61011760599996, -11.033761562999928], [-69.61010120099996, -11.033789274999947], [-69.61008970499995, -11.033816972999944], [-69.61008537299995, -11.033827653999936], [-69.60987893399994, -11.034411579999926], [-69.60984087399999, -11.034511065999936], [-69.60964856099997, -11.034999419999963], [-69.60959517599997, -11.03513890499994], [-69.60967437699998, -11.035203253999953], [-69.60970001399994, -11.035223497999937], [-69.60974291299993, -11.035253414999943], [-69.60976219899999, -11.035264749999953], [-69.60978239899998, -11.035275836999972], [-69.60991044099995, -11.035342510999953], [-69.60993109999998, -11.03535459699998], [-69.60995171999997, -11.035367794999956], [-69.60999237099998, -11.03539821499993], [-69.61001137199997, -11.035414309999965], [-69.61002970899995, -11.03543089699997], [-69.61006482199997, -11.03546563499998], [-69.61008307999998, -11.035485415999972], [-69.61011716199994, -11.035525006999933], [-69.61019812999996, -11.03562734899998], [-69.61023115599994, -11.035671073999936], [-69.61035891799997, -11.035842910999975], [-69.61043731499996, -11.035945132999927], [-69.61053130699997, -11.03606139599998], [-69.61057708399994, -11.036120396999934], [-69.61063566499996, -11.036200495999935], [-69.61066398599996, -11.036241294999968], [-69.61073042299995, -11.036339190999968], [-69.61076957899996, -11.036393016999966], [-69.61078336699995, -11.03641016399996], [-69.61079767099994, -11.036427019999962], [-69.61082756199994, -11.036459772999933], [-69.61084300899995, -11.036475490999976], [-69.61085875899994, -11.03649063599994], [-69.61089442099995, -11.036521901999947], [-69.61091314099997, -11.03653716499997], [-69.61093209799998, -11.036552051999934], [-69.61101123899994, -11.036608916999967], [-69.61103098599995, -11.036621518999937], [-69.61105163099995, -11.036633817999927], [-69.61114045599999, -11.03668098999998], [-69.61120953199998, -11.03671487899993], [-69.61131898899998, -11.036766855999929], [-69.61136025899998, -11.036788282999964], [-69.61138465199997, -11.03680273699996], [-69.61140825299998, -11.036817889999952], [-69.61151624999997, -11.036891063999974], [-69.61153688099995, -11.036903645999928], [-69.61155792699998, -11.036915801999953], [-69.61173896199995, -11.03701050099994], [-69.61178517799993, -11.037035195999977], [-69.61180859599995, -11.037048372999948], [-69.61185507399995, -11.037076912999964], [-69.61187854299999, -11.037093118999962], [-69.61190135899994, -11.037109980999958], [-69.61198637799998, -11.03717894099998], [-69.61204776999995, -11.037231925999947], [-69.61208840299997, -11.037268103999963], [-69.61214712899994, -11.03732313699993], [-69.61218310599997, -11.037358815999937], [-69.61227101099996, -11.037447369999938], [-69.61232337099995, -11.037497234999933], [-69.61236255399996, -11.03753119399994], [-69.61238230699996, -11.037547513999925], [-69.61248579199997, -11.037628193999979], [-69.61252783599997, -11.03765862399996], [-69.61254866699994, -11.037672875999931], [-69.61260837699996, -11.037709390999964], [-69.61271134499998, -11.037765311999976], [-69.61275257199998, -11.037788741999975], [-69.61279467799994, -11.037815832999968], [-69.61281833599998, -11.037833435999971], [-69.61284086999996, -11.03785180899996], [-69.61290355499995, -11.037909042999956], [-69.61294320999997, -11.037948625999945], [-69.61298157099998, -11.037989233999951], [-69.61302927999998, -11.038043561999928], [-69.61312254199999, -11.038155919999951], [-69.61315325299995, -11.03818941999998], [-69.61316894499998, -11.038204511999936], [-69.61318438899997, -11.038217771999939], [-69.61321795499998, -11.03824265999998], [-69.61323572299995, -11.038254239999958], [-69.61325390799993, -11.038265122999974], [-69.61329104099997, -11.03828429899994], [-69.61331151099995, -11.038293072999977], [-69.61333302299994, -11.038301367999964], [-69.61342771599993, -11.038335956999958], [-69.61345440099996, -11.038347218999945], [-69.61348065399994, -11.038359348999961], [-69.61353194699996, -11.038386084999956], [-69.61355701399998, -11.03840084899997], [-69.61357834399996, -11.038414498999941], [-69.61361921299994, -11.038443313999949], [-69.61363894499993, -11.038458427999956], [-69.61365837299996, -11.038474060999931], [-69.61374866499995, -11.038549601999932], [-69.61378467999998, -11.038577744999941], [-69.61382414499997, -11.038606407999964], [-69.61386680699997, -11.038634797999975], [-69.61388851999993, -11.038648208999973], [-69.61391042699995, -11.038660911999955], [-69.61395020499998, -11.038681757999939], [-69.61399203499997, -11.038701487999958], [-69.61403463799996, -11.038719829999934], [-69.61408266699993, -11.038738550999938], [-69.61413215399995, -11.038756331999934], [-69.61418203099998, -11.038772954999956], [-69.61425616999998, -11.038795146999973], [-69.61430610199994, -11.038808815999971], [-69.61435610899997, -11.038821330999951], [-69.61440475499995, -11.038831663999929], [-69.61444958599998, -11.038838870999939], [-69.61447167099993, -11.038841771999955], [-69.61456355799999, -11.038850784999966], [-69.61458948499995, -11.038852541999972], [-69.61464243999995, -11.038855374999969], [-69.61480262899994, -11.038860969999973], [-69.61491104299995, -11.038863326999945], [-69.61493944199998, -11.038864472999933], [-69.61499787299994, -11.038869770999952], [-69.61502586299997, -11.038874445999966], [-69.61505313199996, -11.038880259999928], [-69.61513145999999, -11.03890180899998], [-69.61515748499994, -11.03891010999996], [-69.61520778999994, -11.038927400999967], [-69.61532848599995, -11.038971230999948], [-69.61535044199996, -11.03897793799996], [-69.61537162899998, -11.038983322999968], [-69.61540989499997, -11.038988470999982], [-69.61542768299995, -11.038987862999932], [-69.61544691499995, -11.038985361999949], [-69.61548911599994, -11.038975781999966], [-69.61551148099994, -11.038969337999958], [-69.61553426799998, -11.038962212999934], [-69.61570491899994, -11.038906260999966], [-69.61580497299997, -11.038875988999962], [-69.61590550399995, -11.038847102999966], [-69.61603529099995, -11.03881476099997], [-69.61608951199997, -11.038803948999941], [-69.61622231199993, -11.038779086999966], [-69.61629811599994, -11.038762162999944], [-69.61632212199999, -11.038755444999936], [-69.61634535599995, -11.03874794799998], [-69.61641625399994, -11.038720766999973], [-69.61646395699995, -11.038700431999928], [-69.61651161599997, -11.03867917399998], [-69.61660476699996, -11.03863432199995], [-69.61662667799999, -11.03862255599995], [-69.61664760799994, -11.038610563999953], [-69.61671022499996, -11.038571341999955], [-69.61675141299997, -11.038543604999973], [-69.61679178699995, -11.038514877999944], [-69.61682963699997, -11.038485656999967], [-69.61684742299997, -11.038470564999955], [-69.61686473699996, -11.038454613999932], [-69.61689860199994, -11.038420250999934], [-69.61691503299994, -11.038402356999939], [-69.61694763499997, -11.038364757999943], [-69.61697773599997, -11.038326969999957], [-69.61699171699996, -11.038307783999926], [-69.61701759599998, -11.038267902999962], [-69.61702963899995, -11.038247249999927], [-69.61704098199993, -11.038226349999945], [-69.61706088299997, -11.038184459999968], [-69.61706900299998, -11.038163667999981], [-69.61707622599994, -11.038141233999966], [-69.61708794999998, -11.038093524999965], [-69.61709280299993, -11.038068648999968], [-69.61709709899998, -11.038043413999958], [-69.61710404499996, -11.037992628999973], [-69.61710656899999, -11.037967415999958], [-69.61710829099997, -11.037942408999982], [-69.61710887699996, -11.037870639999937], [-69.61710599899999, -11.03779635199993], [-69.61709990099996, -11.037696362999952], [-69.61709118499994, -11.037597367999979], [-69.61708534799993, -11.037547437999933], [-69.61706934199998, -11.03742069599997], [-69.61705670799995, -11.037289362999957], [-69.61705422699998, -11.037234345999934], [-69.61705271599993, -11.037179658999946], [-69.61705205599998, -11.037042848999931], [-69.61705291599998, -11.03701469799995], [-69.61705447999998, -11.036986314999979], [-69.61706023099998, -11.036933446999967], [-69.61706426099994, -11.03690955899998], [-69.61706914099994, -11.036885825999946], [-69.61708178199996, -11.036838484999976], [-69.61709025099998, -11.036813695999967], [-69.61709983599997, -11.036789388999978], [-69.61712232799994, -11.036742066999977], [-69.61713442799999, -11.036720715999934], [-69.61714748699995, -11.036699967999937], [-69.61717878999997, -11.036657612999932], [-69.61719710199998, -11.036636506999969], [-69.61721433399998, -11.03661851399994], [-69.61725042699999, -11.036585061999972], [-69.61727138299995, -11.036567745999946], [-69.61729322399998, -11.036551239999937], [-69.61733369299998, -11.03652466899996], [-69.61735462899998, -11.036512731999949], [-69.61737227199995, -11.036503597999967], [-69.61741872499994, -11.036483758999964], [-69.61744171399994, -11.036476138999944], [-69.61746473599999, -11.036469780999937], [-69.61751014499998, -11.036460790999968], [-69.61753252499994, -11.036458103999962], [-69.61755515799996, -11.03645662799994], [-69.61759738099994, -11.036457502999951], [-69.61761870099997, -11.036459837999928], [-69.61764276699995, -11.036464158999934], [-69.61769587399993, -11.036479835999955], [-69.61772084999996, -11.036489568999968], [-69.61774497199997, -11.036500066999963], [-69.61780665999999, -11.036529770999948], [-69.61784465599999, -11.036549972999978], [-69.61786816499995, -11.036563548999936], [-69.61799783999999, -11.036645291999946], [-69.61803981499997, -11.036670390999973], [-69.61805822899998, -11.036680549999971], [-69.61809610299997, -11.036699645999931], [-69.61811517299998, -11.036708312999963], [-69.61813421399995, -11.036716240999965], [-69.61818112599997, -11.036732693999966], [-69.61820535299995, -11.036739866999937], [-69.61823022299996, -11.036746490999974], [-69.61830696899995, -11.036763769999936], [-69.61835890899994, -11.036773388999961], [-69.61838420399994, -11.036777370999971], [-69.61848968399994, -11.03678919999993], [-69.61854315199997, -11.036793466999939], [-69.61856946499995, -11.036795192999932], [-69.61865714399994, -11.036797842999931], [-69.61867906099997, -11.036797392999972], [-69.61870113799995, -11.036796418999927], [-69.61874449199996, -11.036792701999957], [-69.61876438999997, -11.036790003999954], [-69.61878439299994, -11.036786677999942], [-69.61882441199998, -11.03677837999993], [-69.61884396399995, -11.036773538999967], [-69.61888925099998, -11.036760508999976], [-69.61903062899995, -11.03671609199995], [-69.61903195299993, -11.036715733999927], [-69.61919157599993, -11.036674543999936]]]}}, {"type": "Feature", "properties": {"objectid": 19946, "anp_gid": 390, "acp_codi": "ACP175", "acp_nomb": "Don Aarón", "acp_suleg": 99.2519, "acp_balec": "R.M. N° 00034-2025-MINAM", "acp_felec": 1738990800000, "acp_balem": " ", "acp_felem": null, "acp_fecad": "Perpetuo", "acp_ubpo": "MADRE DE DIOS", "acp_titu": "REFORESTADORA MISNI S.A.C.", "acp_tipro": "Privado", "acp_tirec": "Perpetuo", "acp_pareg": "P.E. Nº 11173771, 11173772 y 11173773", "acp_obs": null, "met_link": null, "acp_orden": 175, "acp_id": 169}, "geometry": {"type": "Polygon", "coordinates": [[[-69.60664297499994, -11.040488253999968], [-69.61514167399997, -11.046509140999945], [-69.61934970099998, -11.042910819999975], [-69.61906119599996, -11.036820339999963], [-69.61901541999998, -11.036834154999951], [-69.61887268899994, -11.03687830499996], [-69.61882699799997, -11.036889005999967], [-69.61880410199996, -11.036893448999933], [-69.61875756699999, -11.036900468999931], [-69.61870749199994, -11.036904767999943], [-69.61868265399994, -11.036905863999948], [-69.61860964899995, -11.036905763999926], [-69.61853508999997, -11.036901698999941], [-69.61847981899996, -11.036897287999977], [-69.61836860199998, -11.036884805999932], [-69.61828508399998, -11.036870128999965], [-69.61823045399996, -11.036858300999938], [-69.61817527999995, -11.03684425399996], [-69.61812063999997, -11.036827140999947], [-69.61809352899996, -11.036817067999948], [-69.61804879599998, -11.036797601999979], [-69.61800585099996, -11.036775950999981], [-69.61793960399996, -11.036737322999954], [-69.61785358699996, -11.03668248899993], [-69.61779088699996, -11.03664462699993], [-69.61772057699994, -11.03660868299994], [-69.61769939599998, -11.036598817999959], [-69.61765819399994, -11.036581811999952], [-69.61761893999994, -11.036570179999956], [-69.61760280799996, -11.036567283999943], [-69.61757395999996, -11.036565006999979], [-69.61754277799997, -11.036566192999942], [-69.61752616899997, -11.036568186999943], [-69.61749165399993, -11.036575028999948], [-69.61745686999996, -11.036585582999976], [-69.61743482099996, -11.036594413999978], [-69.61740760299995, -11.036607827999944], [-69.61737404299998, -11.036627905999978], [-69.61735798299998, -11.036638934999928], [-69.61732252399997, -11.036666967999963], [-69.61729258499997, -11.036694711999928], [-69.61727875499997, -11.036709153999936], [-69.61725046999999, -11.036743570999931], [-69.61722904999993, -11.036775902999977], [-69.61720997099997, -11.036811648999958], [-69.61720131299995, -11.036831020999955], [-69.61718669599998, -11.036870762999968], [-69.61717639299997, -11.03690938799997], [-69.61717230099998, -11.036929285999975], [-69.61716628699998, -11.036969394999971], [-69.61716267999998, -11.037019284999928], [-69.61716189699996, -11.037044886999979], [-69.61716254999993, -11.037177476999943], [-69.61716637899997, -11.03728289399993], [-69.61717020599997, -11.037333375999935], [-69.61719441899999, -11.037534495999978], [-69.61720547999994, -11.03763749899997], [-69.61720949999994, -11.037688920999926], [-69.61721872299995, -11.037868344999936], [-69.61721802099999, -11.037947901999928], [-69.61721605499997, -11.037976439999966], [-69.61720972999996, -11.038032545999954], [-69.61720091899997, -11.038087918999963], [-69.61718923099994, -11.038143444999946], [-69.61718175499993, -11.038171508999937], [-69.61716237899998, -11.03822606999995], [-69.61713866999997, -11.03827602399997], [-69.61712566399996, -11.03829998599997], [-69.61709744799998, -11.03834670499998], [-69.61706590699998, -11.038391722999961], [-69.61704927199997, -11.038413134999928], [-69.61699744799995, -11.038474126999972], [-69.61696048199997, -11.038513509999973], [-69.61694105399994, -11.038532694999958], [-69.61689981299997, -11.03856916899997], [-69.61685717699999, -11.038602091999962], [-69.61681446399996, -11.038632483999947], [-69.61672676799998, -11.038689959999942], [-69.61668047899997, -11.03871718399995], [-69.61665571699996, -11.03873048099996], [-69.61655765199998, -11.038777710999966], [-69.61645843699995, -11.03882097899998], [-69.61640770499997, -11.038841041999945], [-69.61635415899997, -11.038859271999968], [-69.61629845799996, -11.038873898999952], [-69.61611060799999, -11.038910452999971], [-69.61605853799995, -11.038920835999932], [-69.61593501099998, -11.038951643999951], [-69.61573793299993, -11.03900976999995], [-69.61566462399998, -11.039033227999937], [-69.61554343999995, -11.039073172999963], [-69.61549203599998, -11.039087042999938], [-69.61546504299997, -11.039092461999928], [-69.61540716299999, -11.039097151999954], [-69.61534795699998, -11.03908936299996], [-69.61532051099994, -11.039082385999961], [-69.61524366599997, -11.039056624999944], [-69.61512255199995, -11.039013005999948], [-69.61509916799997, -11.039005546999931], [-69.61502810299999, -11.038985943999933], [-69.61498250799997, -11.03897726599996], [-69.61495837799998, -11.038974559999929], [-69.61490759099996, -11.038971799999956], [-69.61471858299996, -11.038967020999962], [-69.61458275399997, -11.038960862999943], [-69.61455502699994, -11.038958983999976], [-69.61445834399996, -11.038949497999965], [-69.61438502199996, -11.03893844099997], [-69.61435748099996, -11.038932930999977], [-69.61427794099995, -11.038913718999936], [-69.61417417199993, -11.038884291999977], [-69.61414795899998, -11.038876130999938], [-69.61404414099997, -11.03884018499997], [-69.61399211099996, -11.038819900999954], [-69.61394640999998, -11.038800224999932], [-69.61387868299994, -11.03876744799993], [-69.61383158399997, -11.038741029999926], [-69.61380747499999, -11.038726137999959], [-69.61376042399996, -11.038694822999958], [-69.61367958499994, -11.038633989999937], [-69.61366051399995, -11.038618416999952], [-69.61357058799996, -11.038543390999962], [-69.61353520599994, -11.038517002999981], [-69.61351717599996, -11.038504657999965], [-69.61347738599994, -11.038480295999932], [-69.61343252999995, -11.038456918999941], [-69.61338623299997, -11.038436459999957], [-69.61336445499995, -11.038428100999965], [-69.61326966199994, -11.038393431999964], [-69.61322146799995, -11.038371386999927], [-69.61319888799994, -11.038359077999928], [-69.61315565799998, -11.038332069999967], [-69.61311439599996, -11.038301457999978], [-69.61309453999996, -11.03828440999996], [-69.61305635299993, -11.038245960999973], [-69.61294508299994, -11.03811327699998], [-69.61291519499997, -11.038078810999934], [-69.61286399499994, -11.038023830999975], [-69.61278850199994, -11.037950894999938], [-69.61276953999999, -11.037934360999941], [-69.61273076199996, -11.037904135999952], [-69.61269606199994, -11.037881824999943], [-69.61265748799997, -11.037859902999969], [-69.61251116099999, -11.037778344999936], [-69.61246408899996, -11.037747016999958], [-69.61241965599999, -11.037714857999958], [-69.61231249199994, -11.037631304999934], [-69.61224963799998, -11.03757769899994], [-69.61219336399995, -11.037524145999953], [-69.61210497299999, -11.03743510199996], [-69.61205252699995, -11.037383587999955], [-69.61197485399998, -11.03731309899996], [-69.61191483199997, -11.03726129699993], [-69.61183413299995, -11.037195826999948], [-69.61179386999999, -11.03716705599993], [-69.61177389799997, -11.037154364999935], [-69.61173185599995, -11.037130083999955], [-69.61154990599994, -11.037035384999967], [-69.61150365199995, -11.037010162999934], [-69.61145720899998, -11.036982592999948], [-69.61134703099998, -11.036908009999934], [-69.61132644799994, -11.036894794999967], [-69.61128844899997, -11.036873225999955], [-69.61116130199997, -11.036812384999962], [-69.61109069999998, -11.036777746999974], [-69.61099655299995, -11.036727732999964], [-69.61094992599993, -11.03669898499993], [-69.61086479499994, -11.03663783199994], [-69.61084399299995, -11.036621495999952], [-69.61080332699999, -11.03658758599994], [-69.61076527099993, -11.036552183999959], [-69.61074778399995, -11.036534389999929], [-69.61071433899997, -11.036497743999973], [-69.61068260699994, -11.036459329999957], [-69.61066764099996, -11.036439611999981], [-69.61057306199996, -11.036302199999966], [-69.61051767199996, -11.036223812999935], [-69.61048921099996, -11.03618553299998], [-69.61035096399996, -11.036012220999964], [-69.61027064299998, -11.035907505999944], [-69.61014286399995, -11.035735644999932], [-69.61007889799998, -11.035651852999933], [-69.61000062599999, -11.035557148999942], [-69.60998477999993, -11.035539980999943], [-69.60995431099997, -11.035509838999928], [-69.60992243199996, -11.035481924999942], [-69.60990616699996, -11.035469163999949], [-69.60987322199998, -11.035446859999979], [-69.60983770499996, -11.03542676099994], [-69.60970742699993, -11.035358834999954], [-69.60968450499996, -11.035345362999976], [-69.60963294199996, -11.035309464999955], [-69.60955225099997, -11.035244538999962], [-69.60954380799996, -11.035265072999948], [-69.60951195399997, -11.035334924999972], [-69.60938885399997, -11.035581417999936], [-69.60935716299997, -11.035646528999962], [-69.60932841899995, -11.035710019999954], [-69.60929645099998, -11.035793097999942], [-69.60928313199997, -11.035832615999936], [-69.60921722599994, -11.036038894999933], [-69.60909398999996, -11.03640060899994], [-69.60906915599998, -11.036471057999961], [-69.60901496099996, -11.036615149999932], [-69.60897425799993, -11.036713504999966], [-69.60895135799996, -11.036764260999973], [-69.60890252499996, -11.03686500799995], [-69.60884854799997, -11.036962268999957], [-69.60881703899997, -11.037011439999958], [-69.60880263599995, -11.037031722999927], [-69.60877284999998, -11.037070496999945], [-69.60870030699994, -11.037154142999952], [-69.60866663099995, -11.037189230999957], [-69.60862658399998, -11.037227181999981], [-69.60849830699993, -11.037344278999967], [-69.60846008199997, -11.03737762399993], [-69.60837934999995, -11.03744213799996], [-69.60814449399999, -11.037621288999958], [-69.60812731399994, -11.037635750999925], [-69.60807096099995, -11.037687589999962], [-69.60797729499996, -11.03778140299994], [-69.60794069199994, -11.037819659999968], [-69.60787083899999, -11.037896079999939], [-69.60780505299994, -11.037973630999943], [-69.60779011499994, -11.03799279499998], [-69.60767572099996, -11.038141645999929], [-69.60759297299995, -11.038243232999946], [-69.60757844099999, -11.038262728999939], [-69.60754021599996, -11.038319848999947], [-69.60737627299994, -11.038592655999935], [-69.60721880699998, -11.03884643799995], [-69.60714643199998, -11.038951094999959], [-69.60712056299997, -11.038990397999953], [-69.60709765299998, -11.039028823999956], [-69.60707537699994, -11.039069479999966], [-69.60704481399995, -11.039130864999947], [-69.60702738899994, -11.039171070999942], [-69.60701943299995, -11.039192067999977], [-69.60700480999998, -11.039235921999932], [-69.60698574799994, -11.039304073999972], [-69.60697524799997, -11.039349889999926], [-69.60694355699997, -11.03951981399996], [-69.60692092099998, -11.039624387999936], [-69.60690216599994, -11.039701811999976], [-69.60686288499994, -11.039855705999969], [-69.60682833199996, -11.03998050399997], [-69.60679960599998, -11.040079049999974], [-69.60675564399997, -11.040211108999927], [-69.60666049499997, -11.040453312999944], [-69.60664297499994, -11.040488253999968]]]}}, {"type": "Feature", "properties": {"objectid": 19947, "anp_gid": 391, "acp_codi": "ACP176", "acp_nomb": "Comunidad Nativa Nueva Unión", "acp_suleg": 193.915057, "acp_balec": "R.M. N° 00054-2025-MINAM", "acp_felec": 1740632400000, "acp_balem": " ", "acp_felem": null, "acp_fecad": "27/02/2035", "acp_ubpo": "LORETO", "acp_titu": "Comunidad Nativa Nueva Unión", "acp_tipro": "Comunidad Nativa", "acp_tirec": "10", "acp_pareg": "P.E. N° 11135843", "acp_obs": null, "met_link": null, "acp_orden": 176, "acp_id": 170}, "geometry": {"type": "Polygon", "coordinates": [[[-73.27773246999999, -2.958051325999975], [-73.27112693399994, -2.942596893999962], [-73.26852896699995, -2.9458292849999452], [-73.26451554099998, -2.9517732489999275], [-73.26105068099997, -2.9544987639999363], [-73.25878732199999, -2.955300017999946], [-73.25952060499998, -2.956232590999946], [-73.26131058899995, -2.957173710999939], [-73.26341933999998, -2.958282424999936], [-73.26583246599995, -2.95896403699993], [-73.26857038699995, -2.959737384999926], [-73.27155881699997, -2.959384292999971], [-73.27370666299998, -2.9591305119999447], [-73.27550045899994, -2.9586496569999667], [-73.27773246999999, -2.958051325999975]]]}}, {"type": "Feature", "properties": {"objectid": 19948, "anp_gid": 392, "acp_codi": "ACP176", "acp_nomb": "Comunidad Nativa Nueva Unión", "acp_suleg": 784.38422, "acp_balec": "R.M. N° 00054-2025-MINAM", "acp_felec": 1740632400000, "acp_balem": " ", "acp_felem": null, "acp_fecad": "27/02/2035", "acp_ubpo": "LORETO", "acp_titu": "Comunidad Nativa Nueva Unión", "acp_tipro": "Comunidad Nativa", "acp_tirec": "10", "acp_pareg": "P.E. N° 11135843", "acp_obs": null, "met_link": null, "acp_orden": 176, "acp_id": 170}, "geometry": {"type": "Polygon", "coordinates": [[[-73.21991415999997, -3.0128629039999737], [-73.22164200499998, -3.0259782939999695], [-73.22109544999995, -3.027610830999947], [-73.22171130499999, -3.0275283469999295], [-73.22325318099996, -3.0269521539999573], [-73.22468056299994, -3.0262582149999275], [-73.22604938599994, -3.0252748089999386], [-73.22747639399995, -3.0244633079999517], [-73.22984556399996, -3.023336851999943], [-73.23044509699997, -3.0231841079999526], [-73.23198932099996, -3.0235845169999607], [-73.23319325099999, -3.0247891739999773], [-73.23336095699995, -3.0269969059999653], [-73.23297704699996, -3.029500093999957], [-73.23292392699994, -3.0310553609999715], [-73.23321384199994, -3.0325478899999325], [-73.23322314199999, -3.035821381999938], [-73.23242707299994, -3.037556282999958], [-73.23111613799995, -3.038883409999926], [-73.23054870799996, -3.0403745279999725], [-73.23045806599998, -3.04114268099994], [-73.23032467099995, -3.04227313399997], [-73.23032935399993, -3.0438827489999767], [-73.23020021299999, -3.04454175799998], [-73.23965119799993, -3.0486451559999637], [-73.24142039599997, -3.0425786229999403], [-73.24195894799993, -3.0333321929999784], [-73.24602054199994, -3.0261061289999702], [-73.23637759599995, -3.016565820999972], [-73.23420528899999, -3.0058914219999338], [-73.23541345599995, -2.9968347889999336], [-73.23754195699996, -2.994140639999955], [-73.23050676599996, -2.993096479999963], [-73.22975922299997, -2.99576048199998], [-73.21991415999997, -3.0128629039999737]]]}}, {"type": "Feature", "properties": {"objectid": 20765, "anp_gid": 401, "acp_codi": "ACP177", "acp_nomb": "Don Abraham", "acp_suleg": 34.046021, "acp_balec": "R.M. N° 00157-2025-MINAM", "acp_felec": 1749790800000, "acp_balem": " ", "acp_felem": null, "acp_fecad": "Perpetuo", "acp_ubpo": "MADRE DE DIOS", "acp_titu": "Reforestadora Misni S.A.C.", "acp_tipro": "Privado", "acp_tirec": "Perpetuo", "acp_pareg": "P.E. N° 11011442, 05002655, 05003489, 11011441, 05007953, 05005189, 05003864 y 11160527", "acp_obs": "Área total del predio inscrito en la Partida Registral N° 11046461 del Registro de Propiedad Inmueble de la Oficina Registral de Tarapoto de la Zona Registral N° III - Sede Moyobamba", "met_link": null, "acp_orden": 177, "acp_id": 171}, "geometry": {"type": "Polygon", "coordinates": [[[-69.57396449199996, -11.028665226999976], [-69.57395152399994, -11.028673932999936], [-69.57393983899993, -11.028681639999945], [-69.57392875699998, -11.028689165999936], [-69.57391872899996, -11.028695604999939], [-69.57391473399997, -11.028698505999955], [-69.57390734999996, -11.028705662999926], [-69.57389016699994, -11.028720162999946], [-69.57387749999998, -11.028728142999967], [-69.57387056599998, -11.028733852999949], [-69.57384531299994, -11.028752075999932], [-69.57383558799995, -11.028758965999941], [-69.57382247199996, -11.02876839499993], [-69.57380799499998, -11.028777463999972], [-69.57379306799999, -11.028787075999958], [-69.57377836199998, -11.028794608999931], [-69.57377051899994, -11.028799144999937], [-69.57376275499996, -11.028804313999956], [-69.57375265299999, -11.028811566999934], [-69.57373945999996, -11.028820633999942], [-69.57371525899998, -11.028836050999928], [-69.57370613599994, -11.028842035999958], [-69.57369535699996, -11.028850102999968], [-69.57368314299998, -11.028858083999978], [-69.57366942299996, -11.02886796499996], [-69.57365660399995, -11.028874951999967], [-69.57364861299999, -11.028880392999952], [-69.57363768099998, -11.028887555999972], [-69.57362795599994, -11.028894536999928], [-69.57360609499995, -11.028910220999933], [-69.57359395899994, -11.02891901399994], [-69.57358385699996, -11.028926086999945], [-69.57357420899996, -11.028933609999967], [-69.57356440899997, -11.028941042999975], [-69.57355318099997, -11.028950557999963], [-69.57353991199994, -11.028960077999955], [-69.57353456099997, -11.028964155999972], [-69.57352589499999, -11.028972128999953], [-69.57351669999997, -11.028979651999975], [-69.57349854199998, -11.028997859999947], [-69.57348618299994, -11.029008371999964], [-69.57347533199999, -11.029018339999936], [-69.57346568499997, -11.02902604299993], [-69.57346055999994, -11.029030754999951], [-69.57345332799997, -11.02903809299994], [-69.57344601999995, -11.029045791999977], [-69.57343803499998, -11.029054668999947], [-69.57342681199998, -11.029067257999941], [-69.57340714899993, -11.029087187999949], [-69.57339825899999, -11.029096698999979], [-69.57338846699997, -11.029107567999972], [-69.57337791999998, -11.029118799999935], [-69.57336646899995, -11.029130846999976], [-69.57335117299993, -11.029145523999944], [-69.57334386199994, -11.029151143999968], [-69.57334250599996, -11.029152773999954], [-69.57333384599997, -11.029163640999968], [-69.57332608999997, -11.029173420999939], [-69.57331321699996, -11.02919198199993], [-69.57330463399995, -11.029203842999948], [-69.57330034399996, -11.029210270999954], [-69.57329628099995, -11.029217330999927], [-69.57329056599997, -11.029228553999928], [-69.57328507599993, -11.029239324999935], [-69.57327928699993, -11.029251360999979], [-69.57327289499995, -11.029264122999962], [-69.57326574999996, -11.029277969999953], [-69.57325935699998, -11.029289646999928], [-69.57325274399994, -11.029305482999973], [-69.57324846499995, -11.029317697999943], [-69.57324388399996, -11.029330003999974], [-69.57324200899996, -11.029336154999953], [-69.57323976599997, -11.029347371999961], [-69.57323399599994, -11.02936944499993], [-69.57322798499996, -11.02938383299994], [-69.57322536099997, -11.029393242999959], [-69.57322048399993, -11.029408622999938], [-69.57321230499997, -11.029434136999953], [-69.57320787699996, -11.02944743699993], [-69.57320442799994, -11.029459107999969], [-69.57320030199998, -11.029473129999928], [-69.57319730199998, -11.02948263099995], [-69.57319498399994, -11.02949456999994], [-69.57319033799996, -11.029511758999945], [-69.57318606399997, -11.029526866999959], [-69.57318238899995, -11.029538989999935], [-69.57317976799999, -11.029549845999952], [-69.57317257699998, -11.029578883999932], [-69.57316942899996, -11.029590644999928], [-69.57316613299997, -11.029604123999945], [-69.57316238499993, -11.029617602999963], [-69.57315849099996, -11.029633795999928], [-69.57315316299997, -11.029649629999938], [-69.57314978699998, -11.029660576999959], [-69.57314678899996, -11.029672155999947], [-69.57314289399994, -11.029687896999974], [-69.57313441499997, -11.029714315999968], [-69.57313149199996, -11.029724809999948], [-69.57312887299997, -11.02973684099993], [-69.57312535199998, -11.029751042999976], [-69.57312070699999, -11.029768954999952], [-69.57311394799996, -11.029786870999942], [-69.57310838899997, -11.029800895999927], [-69.57310327899995, -11.029813022999974], [-69.57309892199999, -11.029824513999927], [-69.57309373899994, -11.029837363999945], [-69.57308344699999, -11.029863152999951], [-69.57308257099999, -11.029878706999966], [-69.57308003799994, -11.029895710999938], [-69.57307832599997, -11.029908733999946], [-69.57307624199996, -11.02992374799993], [-69.57307407999997, -11.029937495999945], [-69.57307199299999, -11.029951786999959], [-69.57306938199997, -11.029967343999942], [-69.57306691699995, -11.029981181999972], [-69.57306108699999, -11.030011574999946], [-69.57305884599998, -11.030023513999936], [-69.57305623399998, -11.03003916199998], [-69.57305248999995, -11.030054720999942], [-69.57305024699997, -11.030065846999946], [-69.57304718299997, -11.030082037999932], [-69.57304298599996, -11.030097869999963], [-69.57303991599997, -11.030110081999965], [-69.57303631899998, -11.030124284999943], [-69.57303309699995, -11.030136768999967], [-69.57302823399993, -11.030159112999968], [-69.57302554599994, -11.030174307999971], [-69.57302127699995, -11.030192037999939], [-69.57301737899996, -11.030206060999944], [-69.57301408299998, -11.030219177999982], [-69.57300883799996, -11.030239260999963], [-69.57300072399994, -11.030259440999941], [-69.57299568899998, -11.030271293999931], [-69.57299223499996, -11.03028115799998], [-69.57299043499995, -11.030286856999965], [-69.57298444999998, -11.030314897999972], [-69.57298062899997, -11.030329643999949], [-69.57297770699995, -11.030340770999942], [-69.57297538799997, -11.030352439999945], [-69.57297202399997, -11.030368902999953], [-69.57296782399999, -11.03038328699995], [-69.57296602899999, -11.030391519999966], [-69.57296445999998, -11.030399930999977], [-69.57296289699997, -11.030411598999933], [-69.57295931999994, -11.030435656999941], [-69.57295849999997, -11.030441082999971], [-69.58365378699995, -11.031414936999965], [-69.58371754599995, -11.028798510999934], [-69.57508902199999, -11.027644693999946], [-69.57507816899994, -11.027654207999944], [-69.57506754199994, -11.027662637999981], [-69.57505849899997, -11.027670249999971], [-69.57504704199994, -11.027679404999958], [-69.57504063499994, -11.027684299999976], [-69.57502232899998, -11.027703593999945], [-69.57501622499996, -11.027709301999948], [-69.57500643099996, -11.02771899499993], [-69.57499482399999, -11.027728600999978], [-69.57498532899996, -11.027736938999965], [-69.57497304299994, -11.027746907999926], [-69.57496173799996, -11.027755699999943], [-69.57494681299994, -11.027766759999963], [-69.57493836699996, -11.027771386999973], [-69.57491997699998, -11.027786430999981], [-69.57490445499997, -11.02780101899998], [-69.57489382399996, -11.027807548999931], [-69.57488184299996, -11.027818873999934], [-69.57486713799995, -11.02782667899993], [-69.57486412299994, -11.027828943999964], [-69.57485515399998, -11.027836375999982], [-69.57483374799995, -11.027853325999956], [-69.57482039699994, -11.027858504999926], [-69.57481067299994, -11.027865665999968], [-69.57479356999994, -11.027882244999944], [-69.57477095199994, -11.027897206999967], [-69.57475534099996, -11.027905103999956], [-69.57474470899996, -11.02791100099995], [-69.57473784699994, -11.027914901999964], [-69.57473272199996, -11.02791898099997], [-69.57472435599993, -11.02792577799994], [-69.57471380599998, -11.027935020999962], [-69.57470438399997, -11.027942362999966], [-69.57468388599995, -11.02796039499998], [-69.57468154999998, -11.027962479999928], [-69.57467025499994, -11.02797714899998], [-69.57465623399997, -11.027987301999929], [-69.57464809899994, -11.02799663199994], [-69.57463505899995, -11.028006421999976], [-69.57463332699996, -11.028008413999942], [-69.57462255599995, -11.028020911999931], [-69.57460921899997, -11.028033415999971], [-69.57459972499998, -11.028042113999959], [-69.57456746499997, -11.028067311999962], [-69.57455698299998, -11.028073208999956], [-69.57454959499995, -11.028078195999967], [-69.57454401599995, -11.028081914999973], [-69.57453715799994, -11.02808771399998], [-69.57452592599998, -11.02809614499995], [-69.57451145399995, -11.028107202999934], [-69.57450353599995, -11.028111557999978], [-69.57449803799994, -11.02811771699993], [-69.57448160799999, -11.028131672999962], [-69.57447181099997, -11.028139919999944], [-69.57446646399995, -11.028146620999962], [-69.57445659899997, -11.028158574999964], [-69.57444740699998, -11.028168176999941], [-69.57443776799994, -11.028180130999942], [-69.57442865099995, -11.028188918999945], [-69.57442405799998, -11.028194713999937], [-69.57441675299998, -11.028203950999966], [-69.57441035399995, -11.028212824999969], [-69.57439130299997, -11.02823736399995], [-69.57438618699996, -11.028246415999945], [-69.57436833599996, -11.028266432999942], [-69.57435823899993, -11.028276217999974], [-69.57435206199995, -11.028283190999957], [-69.57434211999998, -11.02829460299995], [-69.57433006599996, -11.028306922999946], [-69.57432057299997, -11.028316163999932], [-69.57430897099994, -11.028328121999948], [-69.57430196199994, -11.028333921999945], [-69.57428923399993, -11.028349678999973], [-69.57427891399993, -11.028360910999936], [-69.57426934799997, -11.028372050999963], [-69.57426015799996, -11.02838165199995], [-69.57425187299998, -11.028391523999971], [-69.57423936799995, -11.028404928999976], [-69.57422964899996, -11.028414261999956], [-69.57422015799995, -11.028424948999941], [-69.57421021199997, -11.028434551999965], [-69.57419575099993, -11.028451668999935], [-69.57418769199995, -11.028461087999972], [-69.57418144299999, -11.028469327999971], [-69.57417014899994, -11.028484448999961], [-69.57415914999996, -11.02849622499997], [-69.57415079099997, -11.028506095999944], [-69.57414190199995, -11.02851605899997], [-69.57413015299994, -11.02853009699993], [-69.57411704199995, -11.028542237999943], [-69.57410724699997, -11.028551479999976], [-69.57408433799998, -11.028572138999948], [-69.57407288399997, -11.028582377999953], [-69.57405984499997, -11.028593071999978], [-69.57404936699999, -11.02860131999995], [-69.57403851499998, -11.028610382999943], [-69.57402509899998, -11.028620987999943], [-69.57401198299993, -11.028630867999937], [-69.57400059899999, -11.028638755999964], [-69.57398974599994, -11.028647276999948], [-69.57396449199996, -11.028665226999976]]]}}, {"type": "Feature", "properties": {"objectid": 20766, "anp_gid": 402, "acp_codi": "ACP177", "acp_nomb": "Don Abraham", "acp_suleg": 10.4527, "acp_balec": "R.M. N° 00157-2025-MINAM", "acp_felec": 1749790800000, "acp_balem": " ", "acp_felem": null, "acp_fecad": "Perpetuo", "acp_ubpo": "MADRE DE DIOS", "acp_titu": "Reforestadora Misni S.A.C.", "acp_tipro": "Privado", "acp_tirec": "Perpetuo", "acp_pareg": "P.E. N° 11011442, 05002655, 05003489, 11011441, 05007953, 05005189, 05003864 y 11160527", "acp_obs": "Área total del predio inscrito en la Partida Registral N° 11046461 del Registro de Propiedad Inmueble de la Oficina Registral de Tarapoto de la Zona Registral N° III - Sede Moyobamba", "met_link": null, "acp_orden": 177, "acp_id": 171}, "geometry": {"type": "Polygon", "coordinates": [[[-69.60309801699998, -11.012201277999964], [-69.59954884699994, -11.013136558999975], [-69.59956763399998, -11.013169524999967], [-69.59961167799997, -11.013262389999966], [-69.59965171699997, -11.013352820999955], [-69.59969220299996, -11.01344071899996], [-69.59973314299998, -11.013528797999982], [-69.59976992699995, -11.013614985999936], [-69.59981229299996, -11.013699082999949], [-69.59985594599993, -11.013785075999976], [-69.59990238999995, -11.013869797999973], [-69.59995616699996, -11.01396047399993], [-69.60000156099994, -11.014048633999948], [-69.60005244599995, -11.01412728899993], [-69.60011072199995, -11.014202944999965], [-69.60018145999999, -11.01428210399996], [-69.60023709499995, -11.014358217999927], [-69.60029482599998, -11.014425556999981], [-69.60035015099999, -11.014497511999934], [-69.60039694599993, -11.014569121999955], [-69.60043860499997, -11.01463956699996], [-69.60099398399996, -11.015328913999952], [-69.60106055399996, -11.01539958099994], [-69.60112772399998, -11.01546843799997], [-69.60119760299995, -11.01553285999995], [-69.60127773999994, -11.015593733999935], [-69.60135153599998, -11.015654259999963], [-69.60142306299997, -11.015712709999946], [-69.60157507699995, -11.015818109999941], [-69.60165495599995, -11.015862979999952], [-69.60180798899995, -11.01594984199994], [-69.60193850699994, -11.016026529999976], [-69.60201987799996, -11.016062988999977], [-69.60208102999997, -11.016104821999932], [-69.60215306999999, -11.016155223999931], [-69.60219997399997, -11.01620621799998], [-69.60224573799997, -11.016253326999959], [-69.60228327399994, -11.016299998999955], [-69.60232177599994, -11.016339526999957], [-69.60237530799998, -11.016383092999945], [-69.60246761299999, -11.016488067999944], [-69.60251187999995, -11.016541236999956], [-69.60259497699997, -11.016646863999938], [-69.60262237899997, -11.016684513999962], [-69.60309801699998, -11.012201277999964]]]}}, {"type": "Feature", "properties": {"objectid": 20767, "anp_gid": 403, "acp_codi": "ACP177", "acp_nomb": "Don Abraham", "acp_suleg": 43.75681, "acp_balec": "R.M. N° 00157-2025-MINAM", "acp_felec": 1749790800000, "acp_balem": " ", "acp_felem": null, "acp_fecad": "Perpetuo", "acp_ubpo": "MADRE DE DIOS", "acp_titu": "Reforestadora Misni S.A.C.", "acp_tipro": "Privado", "acp_tirec": "Perpetuo", "acp_pareg": "P.E. N° 11011442, 05002655, 05003489, 11011441, 05007953, 05005189, 05003864 y 11160527", "acp_obs": "Área total del predio inscrito en la Partida Registral N° 11046461 del Registro de Propiedad Inmueble de la Oficina Registral de Tarapoto de la Zona Registral N° III - Sede Moyobamba", "met_link": null, "acp_orden": 177, "acp_id": 171}, "geometry": {"type": "Polygon", "coordinates": [[[-69.58458510599996, -11.017661700999952], [-69.58423086499994, -11.02528054499993], [-69.58859163899996, -11.026238972999977], [-69.58932488499994, -11.018103457999928], [-69.58458510599996, -11.017661700999952]]]}}, {"type": "Feature", "properties": {"objectid": 20768, "anp_gid": 396, "acp_codi": "ACP177", "acp_nomb": "Don Abraham", "acp_suleg": 39.989201, "acp_balec": "R.M. N° 00157-2025-MINAM", "acp_felec": 1749790800000, "acp_balem": " ", "acp_felem": null, "acp_fecad": "Perpetuo", "acp_ubpo": "MADRE DE DIOS", "acp_titu": "Reforestadora Misni S.A.C.", "acp_tipro": "Privado", "acp_tirec": "Perpetuo", "acp_pareg": "P.E. N° 11011442, 05002655, 05003489, 11011441, 05007953, 05005189, 05003864 y 11160527", "acp_obs": "Área total del predio inscrito en la Partida Registral N° 11046461 del Registro de Propiedad Inmueble de la Oficina Registral de Tarapoto de la Zona Registral N° III - Sede Moyobamba", "met_link": null, "acp_orden": 177, "acp_id": 171}, "geometry": {"type": "Polygon", "coordinates": [[[-69.58346145099995, -11.037273889999938], [-69.58338517499993, -11.034388915999955], [-69.57254370199996, -11.03313910099996], [-69.57254219799995, -11.03314172599994], [-69.57252909699997, -11.033159292999926], [-69.57252134499998, -11.033171875999926], [-69.57251472299998, -11.033182285999942], [-69.57251269199998, -11.03318644999996], [-69.57251050899998, -11.033189346999961], [-69.57250870799999, -11.033195046999936], [-69.57250894799995, -11.03320182799996], [-69.57250410599994, -11.033235382999976], [-69.57249324099996, -11.033277448999968], [-69.57248866999998, -11.033294636999926], [-69.57248460999995, -11.033303324999963], [-69.57247731199993, -11.033316087999935], [-69.57247121899997, -11.03332704099995], [-69.57246911199996, -11.03333048099995], [-69.57246745899994, -11.033334733999936], [-69.57246610699997, -11.033338171999958], [-69.57288173599994, -11.034615565999957], [-69.57329494899994, -11.03585173199997], [-69.57355437299998, -11.036689344999957], [-69.58346145099995, -11.037273889999938]]]}}, {"type": "Feature", "properties": {"objectid": 20769, "anp_gid": 398, "acp_codi": "ACP177", "acp_nomb": "Don Abraham", "acp_suleg": 47.778267, "acp_balec": "R.M. N° 00157-2025-MINAM", "acp_felec": 1749790800000, "acp_balem": " ", "acp_felem": null, "acp_fecad": "Perpetuo", "acp_ubpo": "MADRE DE DIOS", "acp_titu": "Reforestadora Misni S.A.C.", "acp_tipro": "Privado", "acp_tirec": "Perpetuo", "acp_pareg": "P.E. N° 11011442, 05002655, 05003489, 11011441, 05007953, 05005189, 05003864 y 11160527", "acp_obs": "Área total del predio inscrito en la Partida Registral N° 11046461 del Registro de Propiedad Inmueble de la Oficina Registral de Tarapoto de la Zona Registral N° III - Sede Moyobamba", "met_link": null, "acp_orden": 177, "acp_id": 171}, "geometry": {"type": "Polygon", "coordinates": [[[-69.58423086599998, -11.02528054499993], [-69.58371754599995, -11.028798510999934], [-69.58365378699995, -11.031414936999965], [-69.58338517499993, -11.034388915999955], [-69.58769147299995, -11.034838209999975], [-69.58816409699995, -11.030274340999938], [-69.58859163899996, -11.026238972999977], [-69.58423086599998, -11.02528054499993]]]}}, {"type": "Feature", "properties": {"objectid": 20770, "anp_gid": 399, "acp_codi": "ACP177", "acp_nomb": "Don Abraham", "acp_suleg": 65.727252, "acp_balec": "R.M. N° 00157-2025-MINAM", "acp_felec": 1749790800000, "acp_balem": " ", "acp_felem": null, "acp_fecad": "Perpetuo", "acp_ubpo": "MADRE DE DIOS", "acp_titu": "Reforestadora Misni S.A.C.", "acp_tipro": "Privado", "acp_tirec": "Perpetuo", "acp_pareg": "P.E. N° 11011442, 05002655, 05003489, 11011441, 05007953, 05005189, 05003864 y 11160527", "acp_obs": "Área total del predio inscrito en la Partida Registral N° 11046461 del Registro de Propiedad Inmueble de la Oficina Registral de Tarapoto de la Zona Registral N° III - Sede Moyobamba", "met_link": null, "acp_orden": 177, "acp_id": 171}, "geometry": {"type": "Polygon", "coordinates": [[[-69.58137683799998, -11.018054048999943], [-69.58089502399997, -11.024946430999933], [-69.57727995299996, -11.024879098999975], [-69.57389546099995, -11.024482700999954], [-69.57376522799996, -11.02568056299998], [-69.57550154099994, -11.02654575799994], [-69.57567895799997, -11.02663412399994], [-69.57568238499994, -11.026649488999965], [-69.57568099299993, -11.026671553999961], [-69.57568026999996, -11.026687649999928], [-69.57567795299997, -11.026699589999964], [-69.57567721999999, -11.026710802999958], [-69.57567340899993, -11.02673088399996], [-69.57567048699997, -11.026742101999957], [-69.57566884099998, -11.026749609999968], [-69.57566749599994, -11.026757116999931], [-69.57566622999997, -11.026765980999926], [-69.57566444899999, -11.026781716999949], [-69.57566130199996, -11.026793838999936], [-69.57566018399996, -11.02680107499998], [-69.57565735099996, -11.02681916399996], [-69.57565285099997, -11.026834182999949], [-69.57565127799995, -11.026840514999947], [-69.57564941299995, -11.02685182099998], [-69.57564604499998, -11.026866836999943], [-69.57564319799997, -11.02687805499994], [-69.57564027999996, -11.026891170999932], [-69.57563593099997, -11.02690636999995], [-69.57563210399996, -11.026918402999968], [-69.57562857899995, -11.02693007399995], [-69.57562602799999, -11.026937945999975], [-69.57562296199995, -11.026952779999931], [-69.57561740399996, -11.026967438999975], [-69.57561672899993, -11.02696960999998], [-69.57561538999994, -11.026979558999926], [-69.57561134799994, -11.026997198999936], [-69.57560452799999, -11.02702280099993], [-69.57559618899995, -11.027043250999952], [-69.57559333699999, -11.027051846999939], [-69.57558763399999, -11.027069308999955], [-69.57558026699996, -11.02708550799997], [-69.57557598299996, -11.027094919999968], [-69.57557192699994, -11.027105596999945], [-69.57556178499993, -11.027130390999957], [-69.57555675299994, -11.02714369299997], [-69.57555036499997, -11.027158352999948], [-69.57554450299995, -11.027171926999927], [-69.57553788699994, -11.02718568299997], [-69.57553104599998, -11.027200163999964], [-69.57552292099996, -11.027214645999948], [-69.57551630099994, -11.027226412999937], [-69.57551156199997, -11.02723483099993], [-69.57550577399996, -11.027247500999977], [-69.57549561699994, -11.02726506199997], [-69.57548936999996, -11.027274657999953], [-69.57548245199996, -11.027288234999958], [-69.57546227699999, -11.027317206999953], [-69.57544940399998, -11.027335405999963], [-69.57543148099995, -11.027357502999962], [-69.57542206399995, -11.02736710499994], [-69.57541543599996, -11.027375164999967], [-69.57540330999996, -11.027388931999951], [-69.57538492499998, -11.027406688999974], [-69.57536450499998, -11.027426077999962], [-69.57534702199996, -11.027441572999976], [-69.57533775199994, -11.027449004999937], [-69.57533112099998, -11.027455256999929], [-69.57532102399995, -11.027464678999934], [-69.57530647999994, -11.02747790799998], [-69.57529276099996, -11.027487699999938], [-69.57528288599997, -11.027495132999945], [-69.57527414199996, -11.02750156899998], [-69.57526351599995, -11.027510721999931], [-69.57524979599998, -11.027520422999942], [-69.57524044899998, -11.027527221999947], [-69.57523245799996, -11.027533114999926], [-69.57522341499998, -11.027540817999977], [-69.57520977199994, -11.027551331999973], [-69.57519476999994, -11.027561668999965], [-69.57518187599999, -11.027569287999938], [-69.57517501499996, -11.027573640999947], [-69.57516800499997, -11.027578989999938], [-69.57515880999995, -11.027586330999952], [-69.57514697699997, -11.027596118999952], [-69.57513672599998, -11.027603733999968], [-69.57512888799994, -11.027610348999929], [-69.57511901499998, -11.027618595999968], [-69.57510936899996, -11.02762684299995], [-69.57509994899993, -11.027635088999943], [-69.57508902099994, -11.027644693999946], [-69.58371754599995, -11.028798510999934], [-69.58423086599998, -11.02528054499993], [-69.58458510699995, -11.017661700999952], [-69.58137683799998, -11.018054048999943]]]}}, {"type": "Feature", "properties": {"objectid": 20771, "anp_gid": 397, "acp_codi": "ACP177", "acp_nomb": "Don Abraham", "acp_suleg": 194.417218, "acp_balec": "R.M. N° 00157-2025-MINAM", "acp_felec": 1749790800000, "acp_balem": " ", "acp_felem": null, "acp_fecad": "Perpetuo", "acp_ubpo": "MADRE DE DIOS", "acp_titu": "Reforestadora Misni S.A.C.", "acp_tipro": "Privado", "acp_tirec": "Perpetuo", "acp_pareg": "P.E. N° 11011442, 05002655, 05003489, 11011441, 05007953, 05005189, 05003864 y 11160527", "acp_obs": "Área total del predio inscrito en la Partida Registral N° 11046461 del Registro de Propiedad Inmueble de la Oficina Registral de Tarapoto de la Zona Registral N° III - Sede Moyobamba", "met_link": null, "acp_orden": 177, "acp_id": 171}, "geometry": {"type": "Polygon", "coordinates": [[[-69.59936612199994, -11.013184660999968], [-69.58956571399995, -11.015766988999928], [-69.58937657199994, -11.017599808999933], [-69.58932488499994, -11.018103457999928], [-69.58859163899996, -11.026238972999977], [-69.59906126799996, -11.027301246999968], [-69.60007619699996, -11.027411179999945], [-69.60144393799999, -11.027512270999978], [-69.60151853199994, -11.027518000999976], [-69.60210908599998, -11.027561766999952], [-69.60205318799996, -11.026245185999926], [-69.60194179099994, -11.023620791999974], [-69.60207770199997, -11.021819179999966], [-69.60257186799998, -11.017161036999937], [-69.60255324999997, -11.017025985999965], [-69.60254026399997, -11.016950511999937], [-69.60252383099998, -11.01688743099993], [-69.60250878499994, -11.016838362999977], [-69.60244830399995, -11.016755115999956], [-69.60236891399995, -11.016654093999932], [-69.60232774999997, -11.01660471599996], [-69.60224717199998, -11.01651309999994], [-69.60219726999998, -11.016472509999971], [-69.60214537899998, -11.016419264999968], [-69.60210776799994, -11.016372501999967], [-69.60206616399995, -11.016329815999939], [-69.60203098599999, -11.016291457999955], [-69.60197595499994, -11.016252957999939], [-69.60192923999995, -11.016220860999965], [-69.60185361099997, -11.016187012999978], [-69.60171561099997, -11.016105998999933], [-69.60156416499996, -11.016020038999955], [-69.60147703099994, -11.015971113999967], [-69.60131193999996, -11.015856607999979], [-69.60123466599998, -11.01579346699998], [-69.60116344099998, -11.015735015999951], [-69.60107914599996, -11.015670984999929], [-69.60099928499994, -11.015597450999962], [-69.60092757599995, -11.015523899999948], [-69.60085502999993, -11.015447005999931], [-69.60028731599994, -11.01474213199998], [-69.60024103599994, -11.014664009999933], [-69.60020014799994, -11.01460142999997], [-69.60015186199996, -11.01453877399996], [-69.60009269299997, -11.014469628999962], [-69.60003834399998, -11.014395049999962], [-69.59996904399998, -11.014317786999982], [-69.59990236599998, -11.014231025999948], [-69.59984254699998, -11.014138824999975], [-69.59979541099995, -11.014047322999943], [-69.59974269399999, -11.013958453999976], [-69.59969367399998, -11.01386867399998], [-69.59964850499995, -11.013779970999963], [-69.59960348699997, -11.013690543999928], [-69.59956556499998, -11.013601825999956], [-69.59952568599994, -11.013515824999956], [-69.59948451799994, -11.013426571999958], [-69.59944485799997, -11.013336953999953], [-69.59940475599996, -11.013252399999942], [-69.59936612199994, -11.013184660999968]]]}}, {"type": "Feature", "properties": {"objectid": 20772, "anp_gid": 400, "acp_codi": "ACP177", "acp_nomb": "Don Abraham", "acp_suleg": 37.434236, "acp_balec": "R.M. N° 00157-2025-MINAM", "acp_felec": 1749790800000, "acp_balem": " ", "acp_felem": null, "acp_fecad": "Perpetuo", "acp_ubpo": "MADRE DE DIOS", "acp_titu": "Reforestadora Misni S.A.C.", "acp_tipro": "Privado", "acp_tirec": "Perpetuo", "acp_pareg": "P.E. N° 11011442, 05002655, 05003489, 11011441, 05007953, 05005189, 05003864 y 11160527", "acp_obs": "Área total del predio inscrito en la Partida Registral N° 11046461 del Registro de Propiedad Inmueble de la Oficina Registral de Tarapoto de la Zona Registral N° III - Sede Moyobamba", "met_link": null, "acp_orden": 177, "acp_id": 171}, "geometry": {"type": "Polygon", "coordinates": [[[-69.57263124499997, -11.032853297999964], [-69.57262848099998, -11.032868132999965], [-69.57262496699997, -11.032885860999954], [-69.57262121999997, -11.032900064999978], [-69.57262032399996, -11.03290476799998], [-69.57261951799995, -11.032917518999966], [-69.57261645899996, -11.03293606099993], [-69.57261437299996, -11.032950169999935], [-69.57261101199998, -11.032969255999944], [-69.57260659499997, -11.032987799999944], [-69.57260179499997, -11.033004355999935], [-69.57259767099998, -11.033018830999936], [-69.57259294699998, -11.03303475399997], [-69.57258678999995, -11.033052216999977], [-69.57258010199996, -11.03306850499996], [-69.57257318899997, -11.033084431999953], [-69.57256506499994, -11.033099456999935], [-69.57255912299996, -11.033110860999955], [-69.57255182799997, -11.033124889999954], [-69.57254370299995, -11.03313910099996], [-69.58338517499993, -11.034388915999955], [-69.58365378699995, -11.031414936999965], [-69.57295849999997, -11.030441082999971], [-69.57295760799997, -11.030448499999977], [-69.57295378199996, -11.030460532999939], [-69.57295213499998, -11.030467769999973], [-69.57294839099995, -11.030482966999955], [-69.57294531399998, -11.03049264799995], [-69.57294314399996, -11.030502869999964], [-69.57293917199996, -11.03051725399996], [-69.57293571999998, -11.030528562999962], [-69.57293279499999, -11.030538243999956], [-69.57292596799994, -11.030560137999942], [-69.57292514899996, -11.030565655999965], [-69.57292298799996, -11.030580216999965], [-69.57291947499994, -11.030598487999953], [-69.57291362499996, -11.030617849999942], [-69.57290904299998, -11.030629793999935], [-69.57290664199996, -11.03063739299995], [-69.57290364399995, -11.03064833999997], [-69.57289944299998, -11.030661819999978], [-69.57289621599995, -11.030671772999938], [-69.57289396799996, -11.030680728999926], [-69.57289127399997, -11.030692940999927], [-69.57288670299994, -11.030710037999938], [-69.57288242599998, -11.030723247999958], [-69.57287912699996, -11.030735189999973], [-69.57287515199994, -11.030748488999961], [-69.57287350299998, -11.030754730999945], [-69.57287171499996, -11.030766760999938], [-69.57286804599994, -11.030782409999972], [-69.57286370699995, -11.03080276299994], [-69.57285438699995, -11.030823486999964], [-69.57284905099993, -11.030836154999974], [-69.57284694799995, -11.030841402999954], [-69.57284522599997, -11.030849092999972], [-69.57284177899999, -11.03086202999998], [-69.57283885999993, -11.030875235999929], [-69.57283413799996, -11.030892515999938], [-69.57282986199994, -11.03090590499994], [-69.57282738499998, -11.030913686999952], [-69.57282469299997, -11.030926620999935], [-69.57282011799998, -11.030941820999942], [-69.57281839199999, -11.030947700999945], [-69.57281749899994, -11.030954212999973], [-69.57281541599997, -11.030970040999932], [-69.57281235199997, -11.030986231999975], [-69.57280950899997, -11.030999167999937], [-69.57280674499998, -11.03101436299994], [-69.57280269799998, -11.031029470999954], [-69.57280007799994, -11.031040687999962], [-69.57279753499995, -11.031053260999954], [-69.57279454499997, -11.031068366999932], [-69.57279087699999, -11.03108446799996], [-69.57278795399998, -11.031094871999926], [-69.57278683199996, -11.03110020899993], [-69.57278668299995, -11.031101655999976], [-69.57278708099994, -11.031112234999966], [-69.57278546199996, -11.031133576999935], [-69.57278195499998, -11.031155012999932], [-69.57277738199997, -11.031171658999938], [-69.57277310999996, -11.03118694799997], [-69.57276973199998, -11.031197352999982], [-69.57276703699995, -11.031208750999951], [-69.57276418799995, -11.031218973999955], [-69.57276314699993, -11.031227112999943], [-69.57276023999998, -11.031246288999967], [-69.57275566999994, -11.031264199999953], [-69.57275222399994, -11.03127804099995], [-69.57274840099996, -11.03129215399997], [-69.57274637799998, -11.031299571999966], [-69.57274555999999, -11.031305722999946], [-69.57274415299997, -11.031320010999934], [-69.57274041899996, -11.031341176999945], [-69.57273509899994, -11.03136134999994], [-69.57273082199998, -11.03137455999996], [-69.57272917299997, -11.031381253999939], [-69.57272775799998, -11.031390659999943], [-69.57272484299995, -11.031405675999963], [-69.57272222699999, -11.031419876999962], [-69.57271923699994, -11.031434800999932], [-69.57271624299995, -11.031448098999931], [-69.57271347399995, -11.031460762999927], [-69.57271070899998, -11.031474873999969], [-69.57270786699996, -11.031488441999954], [-69.57270479999994, -11.031503095999938], [-69.57270247799994, -11.031512593999935], [-69.57270158599994, -11.031519738999975], [-69.57270070399994, -11.031532309999932], [-69.57269929999995, -11.031548045999955], [-69.57269691999994, -11.031565952999927], [-69.57269385999996, -11.031584223999971], [-69.57269026599994, -11.031599239999935], [-69.57268832399996, -11.031610093999973], [-69.57268578599997, -11.031625017999943], [-69.57268286999994, -11.031639490999964], [-69.57268048099996, -11.031653239999969], [-69.57267823799998, -11.031664365999973], [-69.57267667499997, -11.031676302999927], [-69.57267421299997, -11.031690956999967], [-69.57267242299997, -11.031702351999968], [-69.57267093499996, -11.031713386999968], [-69.57266997599999, -11.03172478099998], [-69.57266909899994, -11.031739792999929], [-69.57266716399994, -11.031754354999975], [-69.57266694699996, -11.031758965999927], [-69.57266840799997, -11.03177270699996], [-69.57266716599997, -11.031794138999942], [-69.57266673999999, -11.031808335999926], [-69.57266592899998, -11.03181828399994], [-69.57266662399996, -11.03182623899994], [-69.57266725599999, -11.031840614999965], [-69.57266818899996, -11.031855080999946], [-69.57266889999994, -11.031871083999931], [-69.57266908299994, -11.031887810999933], [-69.57266903699997, -11.03190281999997], [-69.57266913599994, -11.031914936999954], [-69.57266938799995, -11.031927866999979], [-69.57266971199994, -11.03193934999996], [-69.57267086899998, -11.03195191499998], [-69.57267202999998, -11.031967374999965], [-69.57267235299997, -11.03197804399997], [-69.57267411199996, -11.031989704999944], [-69.57267649299996, -11.032011129999944], [-69.57267615399996, -11.032030751999969], [-69.57267587799998, -11.032043862999956], [-69.57267574399998, -11.032053085999962], [-69.57267636599994, -11.032061945999942], [-69.57267805699996, -11.032077856999933], [-69.57267846599996, -11.03209431299996], [-69.57267947599996, -11.032108777999952], [-69.57267987999995, -11.032122520999962], [-69.57268065299996, -11.032132013999956], [-69.57268295299997, -11.03215036499995], [-69.57268276299999, -11.032168991999981], [-69.57268339599995, -11.03218372899994], [-69.57268342199995, -11.032197382999982], [-69.57268428499998, -11.032213837999961], [-69.57268348599996, -11.032230113999958], [-69.57268381099993, -11.032242681999946], [-69.57268391699995, -11.032257871999946], [-69.57268410099994, -11.032275051999932], [-69.57268315299996, -11.032292233999954], [-69.57268264899994, -11.03230498399995], [-69.57268229799996, -11.032318999999973], [-69.57268157399994, -11.032334281999965], [-69.57268114899995, -11.03234884099993], [-69.57268071799996, -11.032360595999933], [-69.57268120199996, -11.032376418999945], [-69.57268018199994, -11.03239549899996], [-69.57267900299996, -11.032410239999933], [-69.57267834699996, -11.032422356999973], [-69.57267829699998, -11.032435920999944], [-69.57267788499996, -11.032456627999977], [-69.57267610399998, -11.032472635999966], [-69.57267537099995, -11.032484028999932], [-69.57267479699993, -11.03249931199997], [-69.57267361899994, -11.032514504999938], [-69.57267244299999, -11.032531323999933], [-69.57267043699994, -11.032547693999959], [-69.57266932299996, -11.032557461999943], [-69.57266897799997, -11.032574189999934], [-69.57266606999997, -11.032592460999979], [-69.57266487999993, -11.032602137999959], [-69.57266437399994, -11.032613441999956], [-69.57266364999998, -11.032629447999966], [-69.57266195799997, -11.032652417999941], [-69.57265903799998, -11.032664538999938], [-69.57265897099995, -11.032669149999947], [-69.57265901599999, -11.032692749999967], [-69.57265459999996, -11.032711836999965], [-69.57265311299994, -11.03272368499995], [-69.57265087599995, -11.032738155999937], [-69.57264953799995, -11.032748918999971], [-69.57264753499999, -11.032767097999965], [-69.57264394699996, -11.032785368999953], [-69.57264102899995, -11.032798756999966], [-69.57263901199997, -11.032809701999952], [-69.57263669799994, -11.032823268999948], [-69.57263385999994, -11.032839187999969], [-69.57263124499997, -11.032853297999964]]]}}, {"type": "Feature", "properties": {"objectid": 20773, "anp_gid": 404, "acp_codi": "ACP178", "acp_nomb": "Lluvias Eternas", "acp_suleg": 13.8029, "acp_balec": "R.M. N° 00176-2025-MINAM", "acp_felec": 1751086800000, "acp_balem": " ", "acp_felem": null, "acp_fecad": "28/06/2040", "acp_ubpo": "PASCO", "acp_titu": "David Elmer Orizano Gonzales y Bigta Betsabe Egoavil Izquierdo ", "acp_tipro": "Privado", "acp_tirec": "15", "acp_pareg": "P.E. N° 11025158", "acp_obs": "Predio inscrito en la Partida Electrónica Nº 11025158 del Registro de Propiedad Inmueble de la Zona Registral Nº VIII – Sede Huancayo de la Oficina Registral Selva Central de la Superintendencia Nacional de los Registros Públicos - SUNARP", "met_link": null, "acp_orden": 178, "acp_id": 172}, "geometry": {"type": "Polygon", "coordinates": [[[-75.56171280099994, -10.169814594999934], [-75.56169065899996, -10.16989456999994], [-75.56164713699997, -10.170922055999938], [-75.56248023899997, -10.170832550999933], [-75.56320547099995, -10.170831304999979], [-75.56444954099999, -10.17096814699994], [-75.56506556899996, -10.170852786999944], [-75.56576427599998, -10.170750665999947], [-75.56647648599994, -10.170664887999976], [-75.56690150199995, -10.170661438999957], [-75.56774963599997, -10.170601555999951], [-75.56796003299996, -10.170556068999929], [-75.56806441399993, -10.169900033999966], [-75.56825028599997, -10.16918074199998], [-75.56846554499998, -10.168563940999945], [-75.56886949299997, -10.168652940999948], [-75.56886531799995, -10.168633143999955], [-75.56885685299994, -10.168528898999966], [-75.56886571799998, -10.168263846999935], [-75.56888481899995, -10.168167510999979], [-75.56171280099994, -10.169814594999934]]]}}, {"type": "Feature", "properties": {"objectid": 20774, "anp_gid": 405, "acp_codi": "ACP179", "acp_nomb": "Comunidad Nativa Nueva York", "acp_suleg": 558.582238, "acp_balec": "R.M. N° 00177-2025-MINAM", "acp_felec": 1751432400000, "acp_balem": " ", "acp_felem": null, "acp_fecad": "02/07/2035", "acp_ubpo": "LORETO", "acp_titu": "Comunidad Nativa Nueva York", "acp_tipro": "Comunidad Nativa", "acp_tirec": "10", "acp_pareg": "P.E. N° 11050294", "acp_obs": "Predio inscrito en la P.E. N° 11050294 del Registro de Propiedad Inmueble de la Zona Registral N° IV - Sede Iquitos de la Oficina Registral Iquitos de la Superintendencia Nacional de los Registros Públicos", "met_link": null, "acp_orden": 179, "acp_id": 173}, "geometry": {"type": "Polygon", "coordinates": [[[-74.36731051299995, -4.263273053999967], [-74.36615894699997, -4.264336191999973], [-74.36370891699994, -4.268989064999971], [-74.36380552899993, -4.270512284999938], [-74.36296189299998, -4.272154300999944], [-74.36095847299998, -4.273052788999962], [-74.35760031599995, -4.272816080999974], [-74.35741966899997, -4.273760842999934], [-74.35768120799997, -4.277881067999942], [-74.35681616699998, -4.278214497999954], [-74.35519302999995, -4.278623213999936], [-74.35378777799997, -4.279359598999974], [-74.35342150999998, -4.281292144999952], [-74.35398037699997, -4.283780394999951], [-74.35488851499997, -4.283751348999942], [-74.35560096299997, -4.284689640999943], [-74.35530692799995, -4.285306742999978], [-74.35768673999996, -4.287699545999942], [-74.35940699999998, -4.287710038999933], [-74.36070691099997, -4.289393257999961], [-74.36092817099996, -4.292954139999949], [-74.36356628899995, -4.290728211999976], [-74.36977288499997, -4.286891749999938], [-74.37737465199996, -4.288574616999938], [-74.38529344099999, -4.28482342999996], [-74.37165112899999, -4.268474865999963], [-74.36731051299995, -4.263273053999967]]]}}, {"type": "Feature", "properties": {"objectid": 20775, "anp_gid": 406, "acp_codi": "ACP179", "acp_nomb": "Comunidad Nativa Nueva York", "acp_suleg": 1736.976489, "acp_balec": "R.M. N° 00177-2025-MINAM", "acp_felec": 1751432400000, "acp_balem": " ", "acp_felem": null, "acp_fecad": "02/07/2035", "acp_ubpo": "LORETO", "acp_titu": "Comunidad Nativa Nueva York", "acp_tipro": "Comunidad Nativa", "acp_tirec": "10", "acp_pareg": "P.E. N° 11050294", "acp_obs": "Predio inscrito en la P.E. N° 11050294 del Registro de Propiedad Inmueble de la Zona Registral N° IV - Sede Iquitos de la Oficina Registral Iquitos de la Superintendencia Nacional de los Registros Públicos", "met_link": null, "acp_orden": 179, "acp_id": 173}, "geometry": {"type": "Polygon", "coordinates": [[[-74.35732479899997, -4.251305810999952], [-74.35734324199996, -4.253851655999938], [-74.35213933199998, -4.258096317999957], [-74.34467672299996, -4.2586817109999515], [-74.33668257799997, -4.256809746999977], [-74.33395853299999, -4.255527262999976], [-74.33103884599996, -4.2530231839999715], [-74.32814912799995, -4.254016651999962], [-74.32585217799993, -4.2587929309999595], [-74.32601870799994, -4.261162635999938], [-74.32573765199999, -4.263032778999957], [-74.32300685299998, -4.271892559999969], [-74.32322462399998, -4.275560433999942], [-74.32476166499998, -4.277586417999942], [-74.32768372699996, -4.279394971999977], [-74.33147170399997, -4.279205517999969], [-74.33633290399996, -4.277444113999934], [-74.34134611599995, -4.27606018299997], [-74.34510414899995, -4.279811232999975], [-74.34443220999998, -4.286365399999966], [-74.33691717999994, -4.296504537999965], [-74.33467790499998, -4.298141021999925], [-74.33006121699998, -4.29955956799995], [-74.32701793299998, -4.299695679999957], [-74.32282812499994, -4.298567489999925], [-74.31722770099998, -4.291712920999942], [-74.31666527199997, -4.292465509999943], [-74.31751235099995, -4.294365872999947], [-74.31830372399997, -4.295172142999945], [-74.31872362299998, -4.296927564999976], [-74.31918993699998, -4.30151836899995], [-74.31896551099999, -4.3053202089999445], [-74.32150512099997, -4.3121354079999605], [-74.32275022199997, -4.3117986829999495], [-74.32583738099999, -4.312524497999959], [-74.32891412799995, -4.3107711719999315], [-74.33086434299997, -4.310489998999969], [-74.33817953399995, -4.30989380799997], [-74.34194886499995, -4.313850468999931], [-74.34393172899996, -4.312070283999958], [-74.33965923899996, -4.306970153999941], [-74.34158546599997, -4.304893887999981], [-74.35379430299997, -4.300210316999937], [-74.35774641199998, -4.294880838999973], [-74.35972227699995, -4.293997074999936], [-74.35958017699994, -4.290108215999965], [-74.35900675299996, -4.290073149999955], [-74.35829082399994, -4.289093531999981], [-74.35786525099996, -4.289184452999962], [-74.35666720399996, -4.288905864999947], [-74.35415469999998, -4.286701391999941], [-74.35314549099996, -4.285014468999975], [-74.35192559999996, -4.281423319999931], [-74.35225408499997, -4.2799645499999315], [-74.35335650699994, -4.277798650999955], [-74.35601922099994, -4.277146629999947], [-74.35613101399997, -4.274951059999978], [-74.35656055399994, -4.27136050699994], [-74.36064621399998, -4.2719115149999425], [-74.36258689099998, -4.2704798679999385], [-74.36239903799998, -4.266711172999976], [-74.36417896699999, -4.265745033999963], [-74.36419448199996, -4.264386869999953], [-74.36456363499997, -4.263754426999981], [-74.36644626099996, -4.262448008999968], [-74.36656432099994, -4.262378805999958], [-74.35732479899997, -4.251305810999952]]]}}, {"type": "Feature", "properties": {"objectid": 20776, "anp_gid": 407, "acp_codi": "ACP179", "acp_nomb": "Comunidad Nativa Nueva York", "acp_suleg": 1125.460842, "acp_balec": "R.M. N° 00177-2025-MINAM", "acp_felec": 1751432400000, "acp_balem": " ", "acp_felem": null, "acp_fecad": "02/07/2035", "acp_ubpo": "LORETO", "acp_titu": "Comunidad Nativa Nueva York", "acp_tipro": "Comunidad Nativa", "acp_tirec": "10", "acp_pareg": "P.E. N° 11050294", "acp_obs": "Predio inscrito en la P.E. N° 11050294 del Registro de Propiedad Inmueble de la Zona Registral N° IV - Sede Iquitos de la Oficina Registral Iquitos de la Superintendencia Nacional de los Registros Públicos", "met_link": null, "acp_orden": 179, "acp_id": 173}, "geometry": {"type": "Polygon", "coordinates": [[[-74.37030560599999, -4.2881238669999675], [-74.37077730199996, -4.289772116999927], [-74.35933504399998, -4.2967675889999555], [-74.35843225999997, -4.301389994999965], [-74.35281294599997, -4.303586679999967], [-74.34271589899998, -4.3069177099999365], [-74.34182386199996, -4.30624574999996], [-74.34125129799997, -4.307024343999956], [-74.34316168199996, -4.3083125679999625], [-74.34616651299996, -4.312259162999965], [-74.34276862299998, -4.315279173999954], [-74.33914646599999, -4.314061639999977], [-74.33798489299994, -4.311515807999967], [-74.32895523899998, -4.3120497929999715], [-74.32519261799996, -4.314561469999944], [-74.32280221199994, -4.313761761999956], [-74.32206326899995, -4.313909558999967], [-74.32218297899993, -4.314222769999958], [-74.32197493199999, -4.31583754199994], [-74.32147534799998, -4.317120619999969], [-74.32005343599997, -4.3184190089999674], [-74.31627700599995, -4.320130806999941], [-74.31370473999993, -4.319800445999931], [-74.31196866699997, -4.318754937999927], [-74.31099862399998, -4.31665931699996], [-74.30942593199995, -4.313369702999978], [-74.30589141999997, -4.313222100999951], [-74.30122872699997, -4.315088290999938], [-74.29777711999998, -4.323070928999925], [-74.29553113099996, -4.3309169819999624], [-74.29428345099996, -4.333952416999978], [-74.29228778099997, -4.3363174629999435], [-74.29102696499996, -4.337264101999949], [-74.29083877299996, -4.339524143999938], [-74.28429780399995, -4.348043178999944], [-74.29083019799998, -4.348705147999965], [-74.29672024099995, -4.337562287999958], [-74.30783458299999, -4.328391516999943], [-74.32090383899998, -4.324468619999948], [-74.32743785099996, -4.323162869999976], [-74.33789041999995, -4.3231720829999745], [-74.34507938799999, -4.31989936399998], [-74.34835196199998, -4.312688442999956], [-74.35227607599995, -4.307445437999945], [-74.35750337699994, -4.306138283999928], [-74.36338666199998, -4.301552654999966], [-74.37122000099998, -4.308772945999976], [-74.37304240399999, -4.309081711999966], [-74.37735160599993, -4.306491134999931], [-74.37775598499996, -4.304843535999964], [-74.37514769299997, -4.298939209999958], [-74.37319323499997, -4.292379620999952], [-74.37407241099999, -4.290178376999961], [-74.37394161099996, -4.289767169999948], [-74.37249201599997, -4.2895442969999635], [-74.37030560599999, -4.2881238669999675]]]}}, {"type": "Feature", "properties": {"objectid": 20777, "anp_gid": 408, "acp_codi": "ACP176", "acp_nomb": "Comunidad Nativa Nueva Unión", "acp_suleg": 373.792762, "acp_balec": "R.M. N° 00054-2025-MINAM", "acp_felec": 1740632400000, "acp_balem": " ", "acp_felem": null, "acp_fecad": "27/02/2035", "acp_ubpo": "LORETO", "acp_titu": "Comunidad Nativa Nueva Unión", "acp_tipro": "Comunidad Nativa", "acp_tirec": "10", "acp_pareg": "P.E. N° 11135843", "acp_obs": null, "met_link": null, "acp_orden": 176, "acp_id": 170}, "geometry": {"type": "Polygon", "coordinates": [[[-73.26550699299997, -2.9305421789999286], [-73.26603936699996, -2.9306938439999612], [-73.24851777599997, -2.889699180999969], [-73.24803345199996, -2.890726170999926], [-73.24657509099995, -2.894530943999939], [-73.24475568499997, -2.901104218999933], [-73.24395512199999, -2.9044686289999504], [-73.24333315499996, -2.9083998589999283], [-73.24487546999995, -2.912586830999942], [-73.24718843599999, -2.914492268999936], [-73.24924159299997, -2.916183668999963], [-73.25325659999999, -2.918568213999947], [-73.25481591799996, -2.9199943159999293], [-73.25768391899999, -2.9226172879999694], [-73.26004885599997, -2.925885459999961], [-73.26153775499995, -2.927428523999936], [-73.26378899399998, -2.9297616529999573], [-73.26550699299997, -2.9305421789999286]]]}}, {"type": "Feature", "properties": {"objectid": 20778, "anp_gid": 409, "acp_codi": "ACP180", "acp_nomb": "Ausangate", "acp_suleg": 12847.17, "acp_balec": "R.M. N° 00193-2025-MINAM", "acp_felec": 1754456400000, "acp_balem": " ", "acp_felem": null, "acp_fecad": "06/08/2035", "acp_ubpo": "CUSCO", "acp_titu": "Comunidad Campesina de Ausangate", "acp_tipro": null, "acp_tirec": "10", "acp_pareg": "P.E. N° 02068251", "acp_obs": "Predio inscrito en la Partida Electrónica N° 02068251 del Registro de Predios de la Zona Registral N° X - Sede Cusco de la Oficina Registral Cusco ", "met_link": null, "acp_orden": 180, "acp_id": 174}, "geometry": {"type": "Polygon", "coordinates": [[[-71.32540001899997, -13.67703143999995], [-71.30790862499998, -13.689545370999952], [-71.28067443999998, -13.677809858999979], [-71.30684863799996, -13.710002144999976], [-71.30652980899998, -13.71013063199996], [-71.30731240299997, -13.705276134999963], [-71.28805385199996, -13.691186028999937], [-71.32238298099998, -13.681611716999953], [-71.25549635199997, -13.712604389999967], [-71.25268245499996, -13.70696669299997], [-71.28615414499995, -13.687759362999941], [-71.28341790599995, -13.679089286999954], [-71.30908065699998, -13.713113051999926], [-71.31036404299994, -13.70838925199996]]]}}, {"type": "Feature", "properties": {"objectid": 21180, "anp_gid": 412, "acp_codi": "ACP181", "acp_nomb": "Palmas del Shanusi II", "acp_suleg": 949.712889, "acp_balec": "R.M. N° 00240-2025-MINAM", "acp_felec": 1759467600000, "acp_balem": " ", "acp_felem": null, "acp_fecad": "Perpetuo", "acp_ubpo": "LORETO", "acp_titu": "Palmas de Shanusi S.A.", "acp_tipro": null, "acp_tirec": "Perpetuo", "acp_pareg": "P.E. N° 11009543", "acp_obs": "Predio inscrito en la Partida Electrónica N° 04002669, cuya extensión es de 38.4980 ha, y por un área parcial del predio inscrito en la Partida Electrónica N° 11009543", "met_link": null, "acp_orden": 181, "acp_id": 175}, "geometry": {"type": "Polygon", "coordinates": [[[-76.03028788599994, -6.092858408999973], [-76.04994912399997, -6.096090495999931], [-76.05970675299994, -6.069651996999937], [-76.04776556899998, -6.065907385999935], [-76.03027532699997, -6.057764340999938], [-76.03028788599994, -6.092858408999973]]]}}, {"type": "Feature", "properties": {"objectid": 21181, "anp_gid": 413, "acp_codi": "ACP181", "acp_nomb": "Palmas del Shanusi II", "acp_suleg": 38.498, "acp_balec": "R.M. N° 00240-2025-MINAM", "acp_felec": 1759467600000, "acp_balem": " ", "acp_felem": null, "acp_fecad": "Perpetuo", "acp_ubpo": "LORETO", "acp_titu": "Palmas de Shanusi S.A.", "acp_tipro": null, "acp_tirec": "Perpetuo", "acp_pareg": "P.E. N° 11009543", "acp_obs": "Predio inscrito en la Partida Electrónica N° 04002669, cuya extensión es de 38.4980 ha, y por un área parcial del predio inscrito en la Partida Electrónica N° 11009543", "met_link": null, "acp_orden": 181, "acp_id": 175}, "geometry": {"type": "Polygon", "coordinates": [[[-76.09906988399996, -6.048465616999977], [-76.11230115099994, -6.0459694969999305], [-76.11256721199999, -6.043526902999929], [-76.09929091999999, -6.046068332999937], [-76.09906988399996, -6.048465616999977]]]}}, {"type": "Feature", "properties": {"objectid": 21981, "anp_gid": 418, "acp_codi": "ACP182", "acp_nomb": "Llollo", "acp_suleg": 8.8079, "acp_balec": "R.M. Nº D000202-2026-MINAM", "acp_felec": 1782622800000, "acp_balem": " ", "acp_felem": null, "acp_fecad": "Perpetuo", "acp_ubpo": "PASCO", "acp_titu": "Asociación Colectivo Ecológico Amazonía Regenerativa", "acp_tipro": "Privado", "acp_tirec": "Perpetuo", "acp_pareg": "P.E. N° 11071687, N° 11071729 y N° 11071731", "acp_obs": "Predios inscritos en las Partidas Electrónicas N° 11071687, N° 11071729 y N° 11071731 del Registro de Propiedad Inmueble de la Zona Registral N° VIII –Sede Huancayo Oficina Registral Selva Central", "met_link": null, "acp_orden": 182, "acp_id": 176}, "geometry": {"type": "Polygon", "coordinates": [[[-75.24457229799998, -10.293249082999978], [-75.24661374499993, -10.292328558999941], [-75.24595219799994, -10.28963500499998], [-75.24384197799998, -10.289548798999931], [-75.24404071099997, -10.290320640999937], [-75.24404138899996, -10.291203112999938], [-75.24409787999997, -10.292177467999977], [-75.24457229799998, -10.293249082999978]]]}}, {"type": "Feature", "properties": {"objectid": 21982, "anp_gid": 420, "acp_codi": "ACP182", "acp_nomb": "Llollo", "acp_suleg": 26.7692, "acp_balec": "R.M. Nº D000202-2026-MINAM", "acp_felec": 1782622800000, "acp_balem": " ", "acp_felem": null, "acp_fecad": "Perpetuo", "acp_ubpo": "PASCO", "acp_titu": "Asociación Colectivo Ecológico Amazonía Regenerativa", "acp_tipro": "Privado", "acp_tirec": "Perpetuo", "acp_pareg": "P.E. N° 11071687, N° 11071729 y N° 11071731", "acp_obs": "Predios inscritos en las Partidas Electrónicas N° 11071687, N° 11071729 y N° 11071731 del Registro de Propiedad Inmueble de la Zona Registral N° VIII –Sede Huancayo Oficina Registral Selva Central", "met_link": null, "acp_orden": 182, "acp_id": 176}, "geometry": {"type": "Polygon", "coordinates": [[[-75.24224950199994, -10.285834174999934], [-75.24279328499995, -10.288075244999959], [-75.24356282299993, -10.28883557499995], [-75.24384197799998, -10.289548798999931], [-75.24595219799994, -10.28963500499998], [-75.24364141099994, -10.280226007999943], [-75.24355940199996, -10.280186214999958], [-75.24334573399994, -10.280338086999961], [-75.24286384899995, -10.280679780999947], [-75.24257064799997, -10.281012884999939], [-75.24223462199996, -10.281501842999944], [-75.24201309299997, -10.28196238199996], [-75.24177156399998, -10.282904161999966], [-75.24177193599996, -10.283393426999965], [-75.24198409699994, -10.285164497999972], [-75.24224950199994, -10.285834174999934]]]}}, {"type": "Feature", "properties": {"objectid": 21983, "anp_gid": 419, "acp_codi": "ACP182", "acp_nomb": "Llollo", "acp_suleg": 23.028, "acp_balec": "R.M. Nº D000202-2026-MINAM", "acp_felec": 1782622800000, "acp_balem": " ", "acp_felem": null, "acp_fecad": "Perpetuo", "acp_ubpo": "PASCO", "acp_titu": "Asociación Colectivo Ecológico Amazonía Regenerativa", "acp_tipro": "Privado", "acp_tirec": "Perpetuo", "acp_pareg": "P.E. N° 11071687, N° 11071729 y N° 11071731", "acp_obs": "Predios inscritos en las Partidas Electrónicas N° 11071687, N° 11071729 y N° 11071731 del Registro de Propiedad Inmueble de la Zona Registral N° VIII –Sede Huancayo Oficina Registral Selva Central", "met_link": null, "acp_orden": 182, "acp_id": 176}, "geometry": {"type": "Polygon", "coordinates": [[[-75.23883570999999, -10.277894123999943], [-75.24123854599998, -10.279060071999936], [-75.24123918199996, -10.279059976999974], [-75.24255949599996, -10.27885392199994], [-75.24358564099998, -10.27843642299996], [-75.24419696799998, -10.27813789299995], [-75.24454359999999, -10.277857626999946], [-75.24549869499998, -10.27641605399998], [-75.24632894599995, -10.274801940999964], [-75.24413828799999, -10.27344351499994], [-75.24357064799995, -10.274422279999953], [-75.24262460799997, -10.275433430999954], [-75.24075164899995, -10.27674983399993], [-75.23883570999999, -10.277894123999943]]]}}, {"type": "Feature", "properties": {"objectid": 21984, "anp_gid": 421, "acp_codi": "ACP182", "acp_nomb": "Llollo", "acp_suleg": 1.43787, "acp_balec": "R.M. Nº D000202-2026-MINAM", "acp_felec": 1782622800000, "acp_balem": " ", "acp_felem": null, "acp_fecad": "Perpetuo", "acp_ubpo": "PASCO", "acp_titu": "Asociación Colectivo Ecológico Amazonía Regenerativa", "acp_tipro": "Privado", "acp_tirec": "Perpetuo", "acp_pareg": "P.E. N° 11071687, N° 11071729 y N° 11071731", "acp_obs": "Predios inscritos en las Partidas Electrónicas N° 11071687, N° 11071729 y N° 11071731 del Registro de Propiedad Inmueble de la Zona Registral N° VIII –Sede Huancayo Oficina Registral Selva Central", "met_link": null, "acp_orden": 182, "acp_id": 176}, "geometry": {"type": "Polygon", "coordinates": [[[-75.23928088799994, -10.278782030999935], [-75.23966557199998, -10.279030880999926], [-75.24012542399998, -10.279187415999957], [-75.24067234599994, -10.279187010999976], [-75.24123861199996, -10.279060103999939], [-75.23883570999999, -10.277894123999943], [-75.23896551699994, -10.27832949499998], [-75.23928088799994, -10.278782030999935]]]}}]}