{"type": "FeatureCollection", "features": [{"type": "Feature", "properties": {"objectid": 17235, "anp_gid": 344, "acr_codi": "ACR28", "acr_nomb": "Bosques Secos del Marañón", "acr_sect": "Sector A", "acr_ubpo": "Cajamarca", "acr_suleg": 10229.27, "acr_balec": "D.S. Nº 007-2021-MINAM", "acr_felec": 1620882000000, "acr_balem": " ", "acr_felem": null, "acr_obs": null, "met_link": null, "acr_orden": 28, "acr_id": 28}, "geometry": {"type": "Polygon", "coordinates": [[[-77.87955783399997, -7.283441537999977], [-77.88129280199996, -7.279576936999945], [-77.88636868899994, -7.268158969999945], [-77.88665533499994, -7.266376546999936], [-77.88675527199996, -7.263035783999953], [-77.88565596099994, -7.258709923999959], [-77.88446985299998, -7.256423009999935], [-77.88317301299998, -7.254835349999951], [-77.88301308299998, -7.253196536999951], [-77.88402681199995, -7.25091525199997], [-77.88610333999998, -7.24830721099994], [-77.89085067499997, -7.243603591999943], [-77.89266014099996, -7.243648816999951], [-77.89563698699999, -7.243693109999981], [-77.89758265099994, -7.243771059999972], [-77.89977338899996, -7.243973921999952], [-77.90210988299998, -7.242920038999955], [-77.90427250499994, -7.241560082999968], [-77.90610013399998, -7.24157551199994], [-77.90761268599994, -7.241836878999948], [-77.90860882599998, -7.240574711999955], [-77.90951460899998, -7.2393311909999625], [-77.91016267799995, -7.237402697999926], [-77.91090445399999, -7.235979536999935], [-77.92127505099995, -7.225240898999971], [-77.92433149699997, -7.222134081999968], [-77.92422310099994, -7.220752514999958], [-77.92382667899994, -7.2195986529999345], [-77.92593580199997, -7.213020207999932], [-77.92753185199996, -7.210244374999945], [-77.92798192599997, -7.2073846369999615], [-77.92579912499997, -7.20697400399996], [-77.92326047599994, -7.20603598799994], [-77.92244836199995, -7.204998842999942], [-77.92078932299995, -7.2043785349999325], [-77.91879218899999, -7.203482952999934], [-77.91833562299996, -7.202694235999957], [-77.91971091499994, -7.201321254999925], [-77.92197855499995, -7.19944567999994], [-77.92269458199996, -7.198248561999947], [-77.92482222299998, -7.195705332999978], [-77.92505399599997, -7.195170821999966], [-77.92496656499998, -7.19423180299998], [-77.92552201499996, -7.193388054999957], [-77.92729684399995, -7.190847081999948], [-77.92760950299999, -7.190230744999951], [-77.92914216699995, -7.188016559999937], [-77.93062541099994, -7.186561575999974], [-77.93212145899997, -7.185693741999955], [-77.93370624499994, -7.184111032999965], [-77.93422719699998, -7.183981808999931], [-77.93485562099994, -7.183236970999928], [-77.93538036899997, -7.18184232599998], [-77.93827894899994, -7.182456158999969], [-77.94129072299995, -7.18379198599996], [-77.94288927799994, -7.18480259599994], [-77.94422991299996, -7.185092115999964], [-77.94508968799994, -7.1851588649999485], [-77.94812415399997, -7.184814120999931], [-77.94953790199997, -7.185073602999978], [-77.95048531799995, -7.185837858999946], [-77.95131159299996, -7.186320383999941], [-77.95264318199997, -7.186609932999943], [-77.95350552399998, -7.18707415199998], [-77.95398500099998, -7.188086962999932], [-77.95406599199998, -7.188357435999933], [-77.95409045599996, -7.188439136999932], [-77.95410108899995, -7.188474644999928], [-77.95410258199996, -7.1884701999999265], [-77.95415442299998, -7.188321710999958], [-77.95904774899998, -7.174305373999971], [-77.95934120499999, -7.173526969999955], [-77.96070436599996, -7.170092319999981], [-77.96114275199994, -7.169317985999953], [-77.96209256999998, -7.166529353999977], [-77.96309753399998, -7.165276166999945], [-77.96341707399995, -7.164334559999929], [-77.96473333299997, -7.160866012999975], [-77.96536330299995, -7.158973825999965], [-77.96447231199994, -7.156865591999974], [-77.96266415299993, -7.154194109999935], [-77.96337715699997, -7.146934732999966], [-77.96245149699996, -7.145052556999929], [-77.96078186099999, -7.142364635999968], [-77.96057983399999, -7.140489739999964], [-77.96041345799995, -7.139369515999931], [-77.96003316999997, -7.138414375999957], [-77.95941312299993, -7.136724535999974], [-77.95968853499994, -7.135065471999951], [-77.96048476199996, -7.134322577999967], [-77.96147113299997, -7.133780146999925], [-77.96258822699997, -7.133108002999961], [-77.96352706199997, -7.132294352999963], [-77.96501951299996, -7.130906712999945], [-77.96611895999996, -7.129619441999978], [-77.96735172499996, -7.127901447999932], [-77.96854329299998, -7.125459169999942], [-77.97069667099998, -7.120251702999951], [-77.97359398699996, -7.116915637999966], [-77.97540035299994, -7.115330732999951], [-77.97707361799996, -7.11355714299998], [-77.97819546699998, -7.110802403999969], [-77.98061029299998, -7.107349522999925], [-77.98321526299998, -7.1040852999999515], [-77.98483148499997, -7.102424876999976], [-77.98737941099995, -7.1006512369999655], [-77.98825407299995, -7.099273830999948], [-77.98897661899997, -7.097877551999943], [-77.99034565399995, -7.096764299999961], [-77.99187106599999, -7.095817499999953], [-77.99487107599998, -7.09469345499997], [-77.99683906499996, -7.09354717399998], [-77.99856461899998, -7.092641468999943], [-78.00070373699998, -7.091792368999961], [-78.00157364499995, -7.091299417999949], [-78.00199196099999, -7.091072990999976], [-78.00250546899997, -7.090637097999945], [-78.00306627299994, -7.089959721999946], [-78.00359867599997, -7.08920496199994], [-78.00363430199997, -7.089037505999954], [-78.00355101499997, -7.088960601999929], [-78.00321589299995, -7.088717534999944], [-78.00242802999998, -7.088099504999946], [-78.00101689199994, -7.087448929999937], [-77.99894238299999, -7.08689226599995], [-77.99706320799999, -7.08657096099995], [-77.99591601499998, -7.086219829999948], [-77.99383646099994, -7.085437294999963], [-77.99324206199998, -7.085096932999932], [-77.99258269199998, -7.0846996239999385], [-77.99170265999999, -7.08459056099997], [-77.99068541399998, -7.084353306999958], [-77.98828138399995, -7.083343365999951], [-77.98718947399993, -7.0826584139999795], [-77.98676695799998, -7.082255983999971], [-77.98623440799997, -7.082044284999938], [-77.98568134099997, -7.081990472999962], [-77.98360445799995, -7.081620175999944], [-77.98109043199997, -7.080804500999932], [-77.97983443799995, -7.080429179999953], [-77.97856607899996, -7.080056996999929], [-77.97817625899995, -7.0799248669999315], [-77.97600072699998, -7.079815007999969], [-77.97471844899997, -7.079195631999937], [-77.97281460099998, -7.0778554519999375], [-77.97146264899999, -7.0765710179999814], [-77.97094877499995, -7.0763163479999776], [-77.96966837399998, -7.075995261999935], [-77.96800841799995, -7.075210855999956], [-77.96651354799997, -7.074786753999945], [-77.96424690799995, -7.073879720999969], [-77.96258661599995, -7.073041085999932], [-77.96136972399995, -7.072244792999925], [-77.95787192399996, -7.071137763999957], [-77.95403695399995, -7.069622815999935], [-77.95368433399995, -7.069637573999955], [-77.95250150699997, -7.068506764999938], [-77.95167968299995, -7.068683624999949], [-77.95142300099997, -7.069561571999941], [-77.95035890399998, -7.070038095999962], [-77.95000090999997, -7.070627589999958], [-77.94972215499996, -7.073375452999926], [-77.95057339399995, -7.077095248999967], [-77.95024326399994, -7.079272853999953], [-77.94850936299997, -7.080982345999928], [-77.94431459199996, -7.087967301999981], [-77.94410757599996, -7.091766116999963], [-77.94412044699999, -7.094075207999936], [-77.94097688699998, -7.095989735999979], [-77.93957850799995, -7.098634088999972], [-77.93599683499997, -7.101865706999945], [-77.93507670499997, -7.105067718999976], [-77.93190562999996, -7.106155086999934], [-77.93063889599995, -7.108828335999931], [-77.93013542799997, -7.113299177999977], [-77.92993354699996, -7.115592288999949], [-77.93076284099999, -7.120416139999975], [-77.93009326499998, -7.123816323999961], [-77.92910992799995, -7.127753371999972], [-77.92983111199999, -7.130841332999978], [-77.92902526499995, -7.133273822999968], [-77.92828927299996, -7.135993578999944], [-77.92732053499998, -7.137731859999974], [-77.92811714699997, -7.1402706159999525], [-77.92673423799994, -7.146690616999933], [-77.92786209999997, -7.153366365999943], [-77.92244062799995, -7.15894672099995], [-77.91515851299994, -7.162673702999939], [-77.91446166099996, -7.164042328999926], [-77.91479119399997, -7.164654584999937], [-77.91506016899996, -7.165700878999928], [-77.91524906099994, -7.166955472999973], [-77.91514517299998, -7.167687924999939], [-77.91393222099998, -7.16897851899995], [-77.91267420799994, -7.170296500999939], [-77.91208508399995, -7.1686920959999725], [-77.91142624499997, -7.167503716999931], [-77.90996782999997, -7.167178680999939], [-77.90885965899997, -7.166453901999944], [-77.90818217899994, -7.166602742999942], [-77.90790081299997, -7.167878393999956], [-77.90723220399997, -7.168000075999942], [-77.90665370299996, -7.168066977999956], [-77.90638062399995, -7.16779766999997], [-77.90646534799998, -7.166893678999941], [-77.90592102499994, -7.166644154999972], [-77.90486569999996, -7.167120625999928], [-77.90391971799994, -7.1677228879999575], [-77.90039802999996, -7.168693769999948], [-77.89914289099994, -7.1690450089999445], [-77.90143154999998, -7.173002159999953], [-77.90152821999999, -7.176396591999946], [-77.90009456699994, -7.179613382999946], [-77.89885150699996, -7.182950948999974], [-77.89500956499995, -7.184884714999953], [-77.89189462799999, -7.192960275999951], [-77.88903154799993, -7.190828099999976], [-77.88757955199998, -7.1901161069999375], [-77.88594239899999, -7.195076071999949], [-77.88412746599994, -7.198027249999939], [-77.88599782499995, -7.200979624999945], [-77.88571928699997, -7.203021134999972], [-77.88443725799993, -7.205223097999976], [-77.88330575299995, -7.209708474999957], [-77.88373687299998, -7.213152935999972], [-77.88472988199999, -7.2184175949999485], [-77.87799838599994, -7.225007416999972], [-77.87674291099995, -7.2263348719999385], [-77.87509001699993, -7.228410656999927], [-77.87328279999997, -7.231132023999976], [-77.86978033599996, -7.229917956999941], [-77.86661345099998, -7.228880785999934], [-77.86371982499998, -7.228574082999955], [-77.85833277299997, -7.2323846769999705], [-77.85320284699998, -7.233615880999935], [-77.85219533699996, -7.237408811999956], [-77.85487830899996, -7.24048640999996], [-77.85776005399998, -7.242513832999975], [-77.85886528799995, -7.243227560999969], [-77.85977052999993, -7.245945263999943], [-77.86008183399997, -7.2502080629999455], [-77.86072181699996, -7.253718977999938], [-77.86168369299997, -7.259963244999938], [-77.86096145599998, -7.264021059999948], [-77.85963788499998, -7.268504878999977], [-77.86496638899996, -7.280945646999953], [-77.86661834899996, -7.281500451999932], [-77.87149250699997, -7.281799640999964], [-77.87714726299998, -7.283753037999929], [-77.87955783399997, -7.283441537999977]]]}}, {"type": "Feature", "properties": {"objectid": 17236, "anp_gid": 343, "acr_codi": "ACR28", "acr_nomb": "Bosques Secos del Marañón", "acr_sect": "Sector B", "acr_ubpo": "Cajamarca", "acr_suleg": 11565.44, "acr_balec": "D.S. Nº 007-2021-MINAM", "acr_felec": 1620882000000, "acr_balem": " ", "acr_felem": null, "acr_obs": null, "met_link": null, "acr_orden": 28, "acr_id": 28}, "geometry": {"type": "Polygon", "coordinates": [[[-77.83970486099997, -7.298717247999946], [-77.83760179299998, -7.301665908999951], [-77.83535626599996, -7.304446258999974], [-77.83420999199996, -7.307473290999951], [-77.83412186299995, -7.3165779079999425], [-77.83556518599994, -7.318953986999929], [-77.83664899199994, -7.321399234999944], [-77.84381441899995, -7.326010673999974], [-77.84506191899999, -7.342675718999942], [-77.84227748299998, -7.350378564999971], [-77.83601417999995, -7.355705666999938], [-77.83438002199995, -7.354893821999951], [-77.83314039099997, -7.354938198999946], [-77.83264053899995, -7.354607061999957], [-77.83110415899995, -7.354942037999933], [-77.82926397899996, -7.355883884999969], [-77.82758714199997, -7.356915833999949], [-77.82567812599996, -7.359654420999959], [-77.82572782399996, -7.362761516999967], [-77.82466799299993, -7.370401357999981], [-77.82650869999998, -7.374118627999962], [-77.82691112199996, -7.378112460999944], [-77.82536188899996, -7.380515146999926], [-77.82093686099995, -7.386697105999929], [-77.81680134899995, -7.392546467999978], [-77.81637863499998, -7.394742045999976], [-77.81139827399994, -7.394873709999956], [-77.80712421599998, -7.39665931299993], [-77.80463707299998, -7.399628666999945], [-77.80132529899998, -7.404073706999952], [-77.79700654199996, -7.405404786999952], [-77.79289525399997, -7.406375072999936], [-77.79023671299996, -7.408008579999944], [-77.78680711199996, -7.408868005999977], [-77.78042072499994, -7.414700462999974], [-77.77918455899999, -7.416794433999939], [-77.77784218099998, -7.420321439999952], [-77.77457030399995, -7.422520086999953], [-77.77435809499997, -7.428636130999962], [-77.77215503899998, -7.432339258999946], [-77.78126172299994, -7.438271484999973], [-77.78194140999994, -7.441266976999941], [-77.78301311399997, -7.444140991999973], [-77.78390744799998, -7.444417404999967], [-77.78566736799996, -7.443574686999966], [-77.78865249299997, -7.442435991999957], [-77.79047218099998, -7.441861980999931], [-77.79254675799996, -7.444182119999937], [-77.79437283999994, -7.4460139679999315], [-77.79611239299999, -7.447683548999976], [-77.79683623199998, -7.450614444999928], [-77.79678876699995, -7.452192537999963], [-77.79650067799997, -7.4542361999999684], [-77.79896328199999, -7.4547126579999485], [-77.80049132099998, -7.455126250999967], [-77.80206000699997, -7.4553383539999345], [-77.80380695299993, -7.455161600999929], [-77.80708896599998, -7.455628297999965], [-77.81000886899994, -7.4564229139999725], [-77.81246533299998, -7.457680373999949], [-77.83237491599994, -7.454717089999974], [-77.83417378699994, -7.451516198999968], [-77.83514692799997, -7.449413837999941], [-77.83542541999998, -7.447677330999966], [-77.83634986599998, -7.4450422189999585], [-77.83644112299999, -7.443749627999978], [-77.83716399199994, -7.440736340999933], [-77.83736774899995, -7.438638914999956], [-77.83811300899998, -7.4348846179999555], [-77.83840629999997, -7.434042484999964], [-77.83849738699996, -7.432722792999925], [-77.83992896199999, -7.428720161999934], [-77.84091929899995, -7.427891637999949], [-77.84118492599998, -7.42978728199995], [-77.84223041099995, -7.43190379999993], [-77.84281989799996, -7.432080719999931], [-77.84664852999998, -7.4320561559999305], [-77.84729843799994, -7.433181348999938], [-77.85082525399997, -7.43688106299993], [-77.85242626199994, -7.436756954999964], [-77.85339512899998, -7.435898294999959], [-77.85543183199997, -7.436779121999962], [-77.85854418899999, -7.437945057999968], [-77.86120211699995, -7.437417730999925], [-77.86293737699998, -7.437064980999935], [-77.86524911999999, -7.436227871999961], [-77.86668119899997, -7.435134436999931], [-77.86675866999997, -7.434519570999953], [-77.86720611799996, -7.433730650999962], [-77.86726302299996, -7.432736457999965], [-77.86767680699995, -7.430944896999961], [-77.86828900699999, -7.42904363699995], [-77.86922457099996, -7.426760825999963], [-77.86930133799996, -7.426037548999943], [-77.86920139099993, -7.42458359799997], [-77.87170071399999, -7.419191760999979], [-77.87293709599999, -7.4172412969999755], [-77.87589925399999, -7.412862225999959], [-77.87603864599998, -7.4116481759999715], [-77.87682916799997, -7.408904179999979], [-77.87827173399995, -7.406654241999945], [-77.87974796499998, -7.4040155939999295], [-77.88312216499997, -7.3981844589999355], [-77.88309783999995, -7.395381203999932], [-77.88411519099998, -7.393615528999931], [-77.88598898599997, -7.392197377999935], [-77.88727958999993, -7.390343615999939], [-77.88820275899997, -7.388945257999978], [-77.88850052999999, -7.38808871699996], [-77.88885870699994, -7.38719716199995], [-77.89001700399996, -7.3856215479999605], [-77.89093056099995, -7.384707271999957], [-77.89159552999996, -7.383861538999952], [-77.89280657499995, -7.383280787999979], [-77.89641435999994, -7.382062185999928], [-77.89737498599999, -7.380657567999947], [-77.89828057399995, -7.379994329999931], [-77.89993906599994, -7.379123017999973], [-77.90096046999997, -7.37786142799996], [-77.90170838499995, -7.3768884609999645], [-77.90267085599999, -7.375770675999945], [-77.90370483999999, -7.374604618999967], [-77.90444272299999, -7.373930514999927], [-77.90496702299998, -7.373550620999936], [-77.90539345199994, -7.3729780409999535], [-77.90694249699999, -7.37043831099993], [-77.90767825799998, -7.369444005999981], [-77.90809372899997, -7.368532959999925], [-77.90836242099994, -7.367144793999955], [-77.90889696499994, -7.365401123999959], [-77.90919519899995, -7.364137065999955], [-77.90941650399998, -7.362825701999952], [-77.90944432799995, -7.361360461999936], [-77.90865307599995, -7.360313598999937], [-77.90868904299998, -7.359631130999958], [-77.90578476499996, -7.358574087999955], [-77.90540053399997, -7.359303670999964], [-77.90529917399994, -7.3602843859999325], [-77.90522510499994, -7.361778856999933], [-77.90448180399994, -7.363456950999932], [-77.90332936699997, -7.364814998999975], [-77.90280158599995, -7.365328312999964], [-77.90260821099997, -7.366218056999969], [-77.90176585299997, -7.3662437869999735], [-77.89956509799998, -7.365987023999935], [-77.89922339599997, -7.366323517999945], [-77.89864176799995, -7.367339156999947], [-77.89790547799998, -7.3668379939999795], [-77.89715837199998, -7.367457184999978], [-77.89650081899998, -7.3679312419999405], [-77.89570194599997, -7.367547929999944], [-77.89464539299996, -7.367898083999933], [-77.89367902499998, -7.369593806999944], [-77.89278822999995, -7.370385581999926], [-77.89111047499995, -7.371236655999951], [-77.89040472899995, -7.3712592889999655], [-77.88931333499994, -7.370426125999927], [-77.88841959899997, -7.370766182999944], [-77.88798375599998, -7.370543133999945], [-77.88735849299997, -7.369020318999958], [-77.88506564699998, -7.369920516999969], [-77.88378673599993, -7.369477035999978], [-77.88322794399994, -7.369832991999942], [-77.88100437299994, -7.36885351199993], [-77.88042245899999, -7.369833007999944], [-77.87983627999995, -7.37015299899997], [-77.87826602899997, -7.369440335999968], [-77.87763612299995, -7.368595127999981], [-77.87665323899995, -7.366342771999939], [-77.87506016799995, -7.366298806999964], [-77.87295786899995, -7.363068840999972], [-77.87310338799995, -7.361775936999948], [-77.87260223299995, -7.361246103999974], [-77.87095633299998, -7.361428324999963], [-77.86874919999997, -7.3629964619999555], [-77.86760503599999, -7.365208284999937], [-77.86714553999997, -7.365527447999966], [-77.86669478999994, -7.364391952999938], [-77.86590195899998, -7.363538725999945], [-77.86508801999997, -7.363625251999963], [-77.86378627199997, -7.363850421999928], [-77.86390710599994, -7.362937131999956], [-77.86363759099999, -7.361836607999976], [-77.86301293999998, -7.361804464999977], [-77.86229941599998, -7.362025865999954], [-77.86191515999997, -7.361377814999969], [-77.86184353399995, -7.358676855999931], [-77.86338270899995, -7.357375034999961], [-77.86498081099995, -7.356795618999968], [-77.86589022099997, -7.356076050999945], [-77.86643452099997, -7.356280367999943], [-77.86799078799999, -7.356234264999955], [-77.86887937199998, -7.35649961699994], [-77.87011560999997, -7.35734999999994], [-77.87189103799994, -7.357609658999934], [-77.87302101599994, -7.358822101999976], [-77.87350991699998, -7.358855102999939], [-77.87551111299996, -7.356231215999969], [-77.87649577099995, -7.354553467999949], [-77.87726580299994, -7.353274626999962], [-77.87797176199996, -7.353288161999956], [-77.87866434099999, -7.3540335939999295], [-77.87942599499996, -7.354263600999957], [-77.88037383699998, -7.353896119999945], [-77.88149268099994, -7.353382981999971], [-77.88194729999998, -7.353714340999943], [-77.88210509399994, -7.355728060999979], [-77.88259824699998, -7.3564205569999785], [-77.88312380299999, -7.357925964999936], [-77.88399031999995, -7.358977440999979], [-77.88493974099998, -7.35885387299993], [-77.88878297899998, -7.355612761999964], [-77.88955780699996, -7.353683387999979], [-77.89015802099993, -7.352739915999962], [-77.89066591699998, -7.3501165999999785], [-77.89005774799995, -7.348431046999963], [-77.88819608999995, -7.344621391999965], [-77.88806286799996, -7.343610369999965], [-77.88899736699994, -7.342583438999952], [-77.89032067599999, -7.340108463999968], [-77.89018839199997, -7.337841624999953], [-77.89002913599995, -7.337002429999927], [-77.89030738099996, -7.3352479209999615], [-77.89088184499997, -7.333121087999928], [-77.89108274399996, -7.3305991359999325], [-77.89178120599996, -7.328055913999947], [-77.89176883399995, -7.327541020999945], [-77.89156561699997, -7.322690736999959], [-77.89171297599995, -7.321686946999932], [-77.89083290499997, -7.319921815999976], [-77.88835312599997, -7.318456056999935], [-77.88393606399995, -7.3182675479999375], [-77.88306966299996, -7.317216039999948], [-77.88223464799995, -7.316823859999943], [-77.86676730599999, -7.322173197999973], [-77.85458203899998, -7.312146290999976], [-77.85167106799997, -7.304000410999947], [-77.85409058399995, -7.30028909899994], [-77.86345681099993, -7.302648612999974], [-77.86865396299999, -7.298765285999934], [-77.87323140299998, -7.295726563999949], [-77.86906551399994, -7.294657504999975], [-77.85798812599995, -7.29056554899995], [-77.85192238699995, -7.286925013999962], [-77.85032168999999, -7.286507584999981], [-77.84825490099996, -7.287712004999946], [-77.84475176699993, -7.288954179999962], [-77.84184159499995, -7.2909652149999715], [-77.84102265999996, -7.291902064999931], [-77.83970486099997, -7.298717247999946]]]}}, {"type": "Feature", "properties": {"objectid": 17263, "anp_gid": 106, "acr_codi": "ACR01", "acr_nomb": "Cordillera Escalera", "acr_sect": " ", "acr_ubpo": "San Martín", "acr_suleg": 149870.0, "acr_balec": "D.S. N° 045-2005-AG", "acr_felec": 1135227600000, "acr_balem": " ", "acr_felem": null, "acr_obs": null, "met_link": null, "acr_orden": 1, "acr_id": 1}, "geometry": {"type": "Polygon", "coordinates": [[[-76.69310711299994, -6.032792814999937], [-76.62874015399996, -6.016824348999933], [-76.58272036399995, -6.012094642999955], [-76.53204790999996, -6.013733083999966], [-76.50546472899998, -6.004234046999954], [-76.48302270099998, -6.022708051999928], [-76.46661204599997, -6.052806830999941], [-76.46228010899995, -6.0690494589999275], [-76.45043314699996, -6.096927717999961], [-76.45399926899995, -6.105400835999944], [-76.45563465699996, -6.107838135999941], [-76.45426074599999, -6.11179216499994], [-76.45373316899997, -6.117176112999971], [-76.45109883299995, -6.12175014099995], [-76.45093309299995, -6.127571226999976], [-76.45008336299998, -6.134766378999927], [-76.45108079699997, -6.140439378999929], [-76.45062338499997, -6.145363807999956], [-76.44912762999996, -6.149500709999927], [-76.44277639499995, -6.151778760999946], [-76.43734416299998, -6.1499485399999685], [-76.43079741499997, -6.150843332999955], [-76.42710297399998, -6.153602442999954], [-76.42526280199996, -6.156890154999928], [-76.42042022199996, -6.158918215999961], [-76.41500619999994, -6.168782590999967], [-76.40270916899993, -6.183764181999948], [-76.35356122699994, -6.221183424999936], [-76.33385272499999, -6.24351325899994], [-76.32308866799997, -6.262196243999938], [-76.31293287599993, -6.283928653999965], [-76.32332600099994, -6.2888919689999625], [-76.31786982699998, -6.2943790459999605], [-76.32007076499997, -6.300474551999969], [-76.31650639599997, -6.305197962999955], [-76.32033272299998, -6.3051331849999315], [-76.32335506499999, -6.30709448999994], [-76.32935002999994, -6.3086434639999425], [-76.33205961899995, -6.3110951269999305], [-76.32937981999999, -6.316334711999957], [-76.32990490499998, -6.3250134239999625], [-76.33161766899997, -6.331446986999936], [-76.33425362199995, -6.336491511999952], [-76.33592850999997, -6.338938242999973], [-76.34058627999997, -6.338727259999928], [-76.34469523499996, -6.337007351999944], [-76.34817688699997, -6.338047388999939], [-76.34841196299999, -6.340352932999963], [-76.34593516399997, -6.3425117829999635], [-76.34362829099996, -6.34550220899996], [-76.34082310799994, -6.346531422999931], [-76.33781069899999, -6.346077979999961], [-76.33759102099998, -6.34939761499993], [-76.33511714099996, -6.350751524999964], [-76.33475453599993, -6.35320332799995], [-76.33178889699997, -6.357660518999978], [-76.33096892499998, -6.3550580149999405], [-76.33194152399994, -6.352532290999932], [-76.33364864099997, -6.345202419999964], [-76.33452590799999, -6.341863000999979], [-76.32697214499996, -6.340426337999929], [-76.30926340099995, -6.362845924999931], [-76.28825326899994, -6.378520511999966], [-76.27739191999996, -6.388126407999948], [-76.27871200899995, -6.375656368999955], [-76.28459953499998, -6.365503453999963], [-76.28789341599997, -6.357799254999975], [-76.25974195199996, -6.337996457999964], [-76.26065131699994, -6.331113668999933], [-76.24928004299994, -6.325470504999942], [-76.21662584999996, -6.319533578999938], [-76.19518664099996, -6.31661463599994], [-76.17482367199995, -6.324124710999968], [-76.16056773599996, -6.328941216999965], [-76.14991125999995, -6.340252352999926], [-76.13794410199995, -6.3502909629999635], [-76.12695165099996, -6.362127101999931], [-76.11801089499994, -6.372909483999933], [-76.11205251699994, -6.38362202899998], [-76.10809500299996, -6.395478889999936], [-76.09058096399997, -6.394593794999935], [-76.07861468799996, -6.40232504599993], [-76.06647210399996, -6.412688432999971], [-76.04855041099995, -6.421762801999932], [-76.03160665899998, -6.419217707999962], [-76.01610610299997, -6.419899914999974], [-76.00245598099997, -6.425543644999948], [-75.98733055599996, -6.431633103999957], [-75.97141446899997, -6.437325696999949], [-75.95510279599995, -6.442946226999936], [-75.94340789899996, -6.454029968999976], [-75.94363307599997, -6.466059348999977], [-75.95157448199996, -6.481943394999973], [-75.94997934099996, -6.501530816999946], [-75.92586047699996, -6.500607719999948], [-75.91137435099995, -6.508105212999965], [-75.90929302199999, -6.515411836999931], [-75.92144751899997, -6.532616972999961], [-75.93087560499998, -6.5418254959999445], [-75.92595941299999, -6.549712745999955], [-75.92347522099999, -6.555815475999964], [-75.92159183799998, -6.564484452999977], [-75.92837686899998, -6.569770012999925], [-75.94401877399997, -6.556652762999931], [-75.94410305399998, -6.547821932999966], [-75.94730950099995, -6.547488845999965], [-75.95164620199995, -6.550523995999981], [-75.96048841599998, -6.540530650999926], [-75.96779257999998, -6.52951808399996], [-75.98402595399995, -6.534506515999965], [-76.00966289499996, -6.530041901999937], [-76.09411933199993, -6.5178462559999275], [-76.09580286699997, -6.511546717999977], [-76.10034931899997, -6.516204698999957], [-76.10409429899994, -6.518321897999954], [-76.14335163599998, -6.527278025999976], [-76.16917165199999, -6.529362274999926], [-76.20009375799998, -6.530890377999981], [-76.21716696499993, -6.505408234999948], [-76.24214461499997, -6.485414359999936], [-76.25936993999994, -6.454296631999966], [-76.26906836699999, -6.440110574999949], [-76.27139802099998, -6.434583677999967], [-76.32319396699995, -6.396476810999957], [-76.35842644099995, -6.368121706999943], [-76.37748394999994, -6.3524854169999685], [-76.36832057999999, -6.375647038999944], [-76.34873343999999, -6.393636141999934], [-76.31509163699997, -6.424529149999955], [-76.30137587499996, -6.434518354999966], [-76.28665087799999, -6.444407657999932], [-76.26944045999994, -6.46269035399996], [-76.25429860199995, -6.482213139999942], [-76.24700298099998, -6.493784238999979], [-76.24067997899994, -6.503812300999925], [-76.23430246999999, -6.513926410999943], [-76.21270823099997, -6.558879155999932], [-76.18385561999997, -6.58846008699993], [-76.17021980599998, -6.604634085999976], [-76.16243695199995, -6.617542576999938], [-76.17962402499995, -6.620657628999936], [-76.19502258799997, -6.619093267999972], [-76.20885710299996, -6.601423744999977], [-76.22793158299999, -6.571200678999958], [-76.23391505399997, -6.561919576999969], [-76.23351549399996, -6.555319078999958], [-76.23390675599995, -6.551809015999936], [-76.23649248499999, -6.5527975009999295], [-76.23599312299996, -6.550157862999981], [-76.23846740699997, -6.548243470999978], [-76.23944705199995, -6.545781070999965], [-76.24306191799997, -6.547083527999973], [-76.24268810399997, -6.544253665999975], [-76.24073435699995, -6.542711958999973], [-76.24320515699998, -6.540553371999977], [-76.24840299099998, -6.543289879999975], [-76.26213260399999, -6.532647899999972], [-76.27766007799994, -6.51451739099997], [-76.30777153099996, -6.479353664999962], [-76.31712844899994, -6.468425620999938], [-76.33338280199996, -6.460614695999936], [-76.34335418199998, -6.457446377999929], [-76.34341245399997, -6.455221467999934], [-76.34656038999998, -6.4551769809999655], [-76.34808209899995, -6.4582568609999385], [-76.34928137899993, -6.45501603799994], [-76.35506637099996, -6.448217918999944], [-76.35741329299998, -6.446909387999938], [-76.35975460999998, -6.44583599799995], [-76.36273961599994, -6.44479705599997], [-76.36206417599993, -6.442584060999934], [-76.36405085199993, -6.442493526999954], [-76.36681737299995, -6.441096340999934], [-76.36775682599995, -6.438263164999967], [-76.36891199099995, -6.438757469999928], [-76.36952634799997, -6.436985260999961], [-76.37192393099997, -6.435358027999939], [-76.37328928899996, -6.433853117999945], [-76.37400397699997, -6.4304507959999455], [-76.37560227599994, -6.427534453999954], [-76.37747286099994, -6.424915816999942], [-76.38581605999997, -6.412431236999964], [-76.39073992899995, -6.410238405999962], [-76.39187133799999, -6.406889218999936], [-76.39485551499996, -6.403788221999946], [-76.39742685099998, -6.403730271999962], [-76.39973413599995, -6.4057104709999635], [-76.40121696299997, -6.406275955999945], [-76.40144911199997, -6.403409422999971], [-76.40374183299997, -6.401263778999976], [-76.40459711699998, -6.395925610999939], [-76.40528457999994, -6.393187912999963], [-76.40643647599995, -6.39169258499993], [-76.40811995499996, -6.391224836999925], [-76.41082540999997, -6.388415862999977], [-76.41295846799994, -6.387815343999932], [-76.41358140099999, -6.387670954999976], [-76.41972234099995, -6.383229735999976], [-76.42378484299996, -6.381459895999967], [-76.42728202199999, -6.378465459999973], [-76.42898341499995, -6.3764465239999595], [-76.43145999199999, -6.374621925999975], [-76.43517803599997, -6.369146486999966], [-76.43679564899998, -6.365737686999978], [-76.43804857899994, -6.358045132999962], [-76.43739845199997, -6.353615671999933], [-76.43672050999999, -6.349538977999941], [-76.43393008699996, -6.348759935999965], [-76.43224041999997, -6.351748943999951], [-76.42878752499996, -6.352995968999949], [-76.39343142799999, -6.258615478999957], [-76.45018623199996, -6.247112357999981], [-76.45357473499996, -6.245719369999961], [-76.45517643299996, -6.241473600999939], [-76.46240599399994, -6.229507311999953], [-76.47582324399997, -6.21728862599997], [-76.48702878399996, -6.210709901999962], [-76.51462133099994, -6.187833892999947], [-76.52756193699997, -6.157637908999959], [-76.53935447299995, -6.14081119399998], [-76.54871145299995, -6.122191726999972], [-76.53631672199998, -6.100053712999966], [-76.55118570399998, -6.087812045999954], [-76.57777785999997, -6.067406460999962], [-76.58829339999994, -6.041739141999926], [-76.63255434999996, -6.029924866999977], [-76.65110035099997, -6.060756319999939], [-76.65078468999997, -6.097662943999978], [-76.64678500999997, -6.117740116999926], [-76.63310142899996, -6.129320347999965], [-76.62024688399998, -6.147502697999926], [-76.61167223399997, -6.173215424999967], [-76.61369143599995, -6.2222118459999365], [-76.60318975299998, -6.258515560999967], [-76.61633322699998, -6.266277899999977], [-76.64681099999996, -6.24907714099993], [-76.65407287799997, -6.235732101999929], [-76.67809221499994, -6.21649524999998], [-76.68835582899999, -6.199011032999977], [-76.70149595699996, -6.21022643699996], [-76.70794741399999, -6.19589218699997], [-76.72036512299997, -6.180159981999964], [-76.72637611299996, -6.167575067999962], [-76.73003609999995, -6.157408790999966], [-76.74905978599998, -6.085913173999927], [-76.76992586999995, -5.9930110639999725], [-76.75239448099995, -5.955054159999975], [-76.73822276099997, -5.965643158999967], [-76.73225271499996, -5.999054678999926], [-76.69310711299994, -6.032792814999937]]]}}, {"type": "Feature", "properties": {"objectid": 17265, "anp_gid": 107, "acr_codi": "ACR02", "acr_nomb": "Humedales de Ventanilla", "acr_sect": " ", "acr_ubpo": "Lima", "acr_suleg": 275.45, "acr_balec": "D.S. Nº 074-2006-AG", "acr_felec": 1166504400000, "acr_balem": "D.S. Nº 003-2012-MINAM", "acr_felem": 1346907600000, "acr_obs": null, "met_link": null, "acr_orden": 2, "acr_id": 2}, "geometry": {"type": "Polygon", "coordinates": [[[-77.15340172899994, -11.874188942999979], [-77.14690288499997, -11.874090434999971], [-77.14705715199995, -11.872264773999973], [-77.14184706499998, -11.872305559999973], [-77.14149189899996, -11.88128395299998], [-77.13989783899996, -11.88147470399997], [-77.13993724299996, -11.880774538999958], [-77.13962064499998, -11.880348738999942], [-77.13936885399994, -11.880172696999978], [-77.13934948599996, -11.880371759999946], [-77.13831163499998, -11.880297374999941], [-77.13804378999998, -11.880474548999928], [-77.13808834699995, -11.880528436999953], [-77.13814034399996, -11.880453754999962], [-77.13820638999994, -11.880427317999931], [-77.13840650999998, -11.880472978999933], [-77.13853179699998, -11.88052408699997], [-77.13862626199995, -11.880588351999961], [-77.13872362899997, -11.880636507999952], [-77.13886036599996, -11.880579258999944], [-77.13903805799998, -11.880361283999946], [-77.13909259899998, -11.880436243999952], [-77.13921174299998, -11.88044103599998], [-77.13944272099997, -11.880466489999947], [-77.13966297799999, -11.880775802999949], [-77.13959565199997, -11.88141400099994], [-77.13959585899994, -11.881510971999944], [-77.13967367399994, -11.881593346999978], [-77.13967738199995, -11.881856672999959], [-77.13951515699995, -11.882116554999982], [-77.13937400199995, -11.882266110999979], [-77.13935465699996, -11.882515059999946], [-77.13928509699997, -11.882596743999954], [-77.13916360599995, -11.88270277099997], [-77.13901884499995, -11.882907662999969], [-77.13905941799999, -11.882980017999955], [-77.13920368999999, -11.883123886999954], [-77.13917538699997, -11.883248005999974], [-77.13910414499998, -11.883408147999944], [-77.13896611699994, -11.883629256999939], [-77.13887258299997, -11.883849034999969], [-77.13889012899995, -11.884121835999963], [-77.13920832299993, -11.884116895999966], [-77.13949299199999, -11.884037287999945], [-77.13974023299994, -11.88395922899997], [-77.13997133999999, -11.883871620999969], [-77.14013752899996, -11.883754952999936], [-77.14034711699998, -11.883579120999968], [-77.14057957599994, -11.883535334999976], [-77.14071986299996, -11.883427448999953], [-77.14081260099994, -11.883246898999971], [-77.14107123699995, -11.883182940999973], [-77.14119537199997, -11.883063066999966], [-77.14134651999996, -11.882994590999942], [-77.14135728699995, -11.882998576999967], [-77.14017919899999, -11.886446100999933], [-77.14085759399995, -11.886444573999938], [-77.14117620699994, -11.887889877999953], [-77.14202976099995, -11.88889470099997], [-77.14290192799996, -11.888993821999975], [-77.14305931799998, -11.893110835999948], [-77.14449749999994, -11.89894762199998], [-77.14388830299998, -11.900101278999955], [-77.14275244299995, -11.900750938999977], [-77.14104661699997, -11.899795703999928], [-77.14143404699996, -11.904307176999964], [-77.14341021599995, -11.904320179999957], [-77.14418365699999, -11.901125692999926], [-77.14643996799998, -11.89608531999994], [-77.14886835499993, -11.891897761999928], [-77.15255505499994, -11.881080850999979], [-77.15261211199999, -11.880926778999935], [-77.15334880899997, -11.87893500399997], [-77.15340172899994, -11.874188942999979]]]}}, {"type": "Feature", "properties": {"objectid": 17273, "anp_gid": 122, "acr_codi": "ACR16", "acr_nomb": "Laguna de Huacachina", "acr_sect": " ", "acr_ubpo": "Ica", "acr_suleg": 2407.72, "acr_balec": "D.S. Nº 008-2014-MINAM", "acr_felec": 1407301200000, "acr_balem": " ", "acr_felem": null, "acr_obs": null, "met_link": null, "acr_orden": 16, "acr_id": 16}, "geometry": {"type": "Polygon", "coordinates": [[[-75.76309058999993, -14.088121267999952], [-75.76313396999996, -14.088164032999941], [-75.76318207999998, -14.088201670999979], [-75.76321092099994, -14.088146192999943], [-75.76333091399994, -14.08815672299994], [-75.76328303799994, -14.088231707999967], [-75.76376593699996, -14.088336744999935], [-75.76381549999996, -14.088357205999955], [-75.76386183999995, -14.088383905999933], [-75.76390413499996, -14.088416378999966], [-75.76394163599997, -14.08845404899995], [-75.76397367599998, -14.088496247999956], [-75.76405060699994, -14.088493194999955], [-75.76428530899994, -14.088587539999935], [-75.76466531299997, -14.088465318999965], [-75.76469817899994, -14.08842594899994], [-75.76474261299995, -14.088401621999935], [-75.76226382399994, -14.090628702999936], [-75.76225357199996, -14.090635214999963], [-75.76183164399998, -14.090448803999948], [-75.76168568099996, -14.090008272999967], [-75.76011301799997, -14.089107756999965], [-75.75981915299997, -14.089132273999951], [-75.75865749899998, -14.090342833999955], [-75.75784600399999, -14.090544510999962], [-75.75570249299994, -14.09262764999994], [-75.75650705299995, -14.093328379999946], [-75.75826943999994, -14.100872551999942], [-75.75884464599994, -14.10212325599997], [-75.75763068399993, -14.103882511999927], [-75.75715936099994, -14.107441536999943], [-75.75827602299995, -14.108479312999975], [-75.75840344799997, -14.109006159999979], [-75.75852532499994, -14.110226802999932], [-75.75868957099993, -14.110333698999966], [-75.75870938699995, -14.110791734999964], [-75.75836853399994, -14.111329954999974], [-75.75672888399998, -14.112553671999933], [-75.75583740999997, -14.113469545999976], [-75.75533020399996, -14.114293703999977], [-75.75527552999995, -14.114660833999949], [-75.75432921799995, -14.114937572999963], [-75.75368241499996, -14.114936455999953], [-75.75298437199996, -14.115383300999952], [-75.75254540399999, -14.115790931999982], [-75.75197578399997, -14.115862852999953], [-75.75144526099996, -14.115468816999964], [-75.75070830699997, -14.115472873999977], [-75.75065150499995, -14.115588463999927], [-75.75056595099994, -14.115868947999957], [-75.75056874399996, -14.116021882999974], [-75.75058938599994, -14.11616743999997], [-75.75062038699997, -14.116279880999969], [-75.75068809399994, -14.116428094999947], [-75.75075587699996, -14.116576216999931], [-75.75077947099999, -14.116667441999937], [-75.75079827499997, -14.116740146999973], [-75.75078237099996, -14.117062536999981], [-75.75078243499996, -14.117221987999926], [-75.75079747399997, -14.117382205999945], [-75.75079576599995, -14.117560827999966], [-75.75078740799995, -14.117737750999936], [-75.75077433699994, -14.117898056999934], [-75.75076488899998, -14.118045517999974], [-75.75076581799993, -14.118189327999971], [-75.75073550199994, -14.118402566999976], [-75.75071170099994, -14.118459137999935], [-75.75065326399994, -14.118552604999934], [-75.75058830599994, -14.118660735999981], [-75.75052328099997, -14.118748618999973], [-75.75046201099997, -14.11884019699994], [-75.75039122799996, -14.118896007999979], [-75.75030167999995, -14.118960193999953], [-75.75005835899998, -14.119047277999982], [-75.74999730199994, -14.119064008999942], [-75.74992825899994, -14.119091340999944], [-75.74987763999997, -14.119122774999937], [-75.74979261799996, -14.119169412999952], [-75.74974252999993, -14.119223260999945], [-75.74970836099999, -14.119286279999926], [-75.74967908999997, -14.119399000999977], [-75.74968085599994, -14.11965896299995], [-75.74965338499999, -14.11973760099994], [-75.74960823999999, -14.119854979999957], [-75.74956769599999, -14.119977768999945], [-75.74956282199997, -14.120075586999974], [-75.74956451599996, -14.120173385999976], [-75.74958803599998, -14.120310708999966], [-75.74960862999995, -14.12044153499994], [-75.74965701399998, -14.120567208999944], [-75.74970777899995, -14.120697034999978], [-75.74975851999994, -14.12084258799996], [-75.74982339299999, -14.120988010999952], [-75.74988459799994, -14.121133441999973], [-75.74992962299996, -14.121259668999926], [-75.74993231099995, -14.121380424999927], [-75.74990762099998, -14.12144621799996], [-75.74981530999997, -14.121692732999975], [-75.74978245799997, -14.121831949999944], [-75.74975612999998, -14.121980364999956], [-75.74972784899995, -14.122115138999959], [-75.74970808199998, -14.122237860999974], [-75.74970356299997, -14.122303951999982], [-75.74967874799995, -14.122331147999944], [-75.74960916899994, -14.122335069999963], [-75.74949490799997, -14.12231752799994], [-75.74939940299998, -14.122288900999934], [-75.74924730999999, -14.12221913999997], [-75.74912427099997, -14.122133649999967], [-75.74901540299999, -14.122036091999973], [-75.74890535099996, -14.121903739999937], [-75.74882610499998, -14.121825072999968], [-75.74878790199995, -14.121798979999937], [-75.74868224199997, -14.12184197299996], [-75.74855884299996, -14.121927324999945], [-75.74843092199995, -14.12205400199997], [-75.74833395599995, -14.122186185999965], [-75.74826337299999, -14.122303552999938], [-75.74818425099994, -14.122403412999972], [-75.74809901799995, -14.12251116699997], [-75.74808261399994, -14.12253190499996], [-75.74791332599995, -14.122787788999972], [-75.74783041999996, -14.122897782999928], [-75.74777742399993, -14.12295073599995], [-75.74764384999997, -14.123054558999968], [-75.74753085999998, -14.123145393999948], [-75.74746289099994, -14.123221352999963], [-75.74742969499994, -14.123278856999946], [-75.74739120499999, -14.123422790999939], [-75.74732914299994, -14.123716938999962], [-75.74742198299998, -14.123795472999973], [-75.74741331699994, -14.12387874999996], [-75.74740590999994, -14.124043649999976], [-75.74740304199997, -14.124194793999948], [-75.74740790399994, -14.124233285999935], [-75.74745072199994, -14.124245626999937], [-75.74754950199997, -14.124247217999937], [-75.74765698299996, -14.124340712999981], [-75.74772082499999, -14.124451244999932], [-75.74779681099994, -14.12453787499993], [-75.74784641299993, -14.12461536799998], [-75.74785925199996, -14.124663597999927], [-75.74787040299998, -14.124756937999962], [-75.74789761099998, -14.12487761899996], [-75.74793698799994, -14.12500567099994], [-75.74793200199997, -14.125209792999954], [-75.74793185399994, -14.12530488599998], [-75.74796085799994, -14.125390668999955], [-75.74799537599995, -14.125458083999945], [-75.74802230099993, -14.125515399999927], [-75.74807374699998, -14.125572639999973], [-75.74814793999997, -14.125671298999976], [-75.74819193499997, -14.125763450999955], [-75.74830759399998, -14.126068164999936], [-75.74833576699996, -14.126203576999956], [-75.74834605899997, -14.12631427499997], [-75.74832714299998, -14.12641674799994], [-75.74831957399994, -14.126555071999974], [-75.74831015899997, -14.126689693999936], [-75.74830061099993, -14.126806873999953], [-75.74828456799997, -14.12694703099993], [-75.74825731599998, -14.127233840999963], [-75.74823942199998, -14.127368488999934], [-75.74822631599994, -14.127518853999959], [-75.74821134599995, -14.12768377499998], [-75.74818877799999, -14.127837692999947], [-75.74816639099998, -14.12799169899995], [-75.74813243299997, -14.128128209999943], [-75.74824739099995, -14.128218151999931], [-75.74822466999996, -14.128442305999954], [-75.74821705099998, -14.128542031999928], [-75.74819169199998, -14.128660072999935], [-75.74816163899999, -14.128767191999941], [-75.74816611499995, -14.128851333999933], [-75.74817985199996, -14.128917094999963], [-75.74821038499994, -14.128980094999974], [-75.74823551799994, -14.129073300999949], [-75.74831302899997, -14.129298949999963], [-75.74832033999996, -14.129385794999962], [-75.74831441099997, -14.129441585999928], [-75.74828627399995, -14.12957427699996], [-75.74826010299995, -14.129724411999973], [-75.74823106999997, -14.129863432999969], [-75.74821300299999, -14.12992206399997], [-75.74817646199995, -14.13005478399998], [-75.74812216699996, -14.13031835399994], [-75.74810340999994, -14.130446409999934], [-75.74809574299996, -14.130554452999945], [-75.74808461699996, -14.130703541999935], [-75.74807247499996, -14.130845314999931], [-75.74807145699998, -14.130978013999936], [-75.74808339499998, -14.131054810999956], [-75.74810472299998, -14.131152549999968], [-75.74815019699997, -14.131298752999953], [-75.74817319199997, -14.131346226999938], [-75.74821608699995, -14.131427538999958], [-75.74827866899994, -14.13152605099998], [-75.74835718699995, -14.131662028999926], [-75.74838977499996, -14.131768861999944], [-75.74839909299999, -14.131885075999946], [-75.74839352599997, -14.132051504999936], [-75.74874618199993, -14.132292838999945], [-75.74873699799997, -14.132427553999946], [-75.74874545199998, -14.132583452999938], [-75.74873789699996, -14.132702794999943], [-75.74871810199994, -14.13281693099998], [-75.74868186999998, -14.132996742999978], [-75.74865568599995, -14.133119937999936], [-75.74865576199994, -14.133119939999972], [-75.74970797899994, -14.13330960999997], [-75.74976835199999, -14.133116111999982], [-75.74983236499997, -14.13292708299997], [-75.75009035899996, -14.132464373999937], [-75.75093185299994, -14.131723515999965], [-75.75489514899994, -14.13158410799997], [-75.75489509999994, -14.131592422999972], [-75.75484174999997, -14.136868508999953], [-75.75487376199999, -14.13947722599994], [-75.75509282999997, -14.139459452999972], [-75.75604849799998, -14.139572355999974], [-75.75924389799997, -14.138414315999967], [-75.76262606299997, -14.13631640899996], [-75.76322699399998, -14.135611666999978], [-75.76900206799996, -14.135979091999957], [-75.77063921499996, -14.13572780499993], [-75.79274180299996, -14.13796380399998], [-75.79149777699996, -14.077509403999954], [-75.76604634699999, -14.083983762999935], [-75.76605256599998, -14.084020684999928], [-75.76594541099996, -14.084380780999936], [-75.76604180299995, -14.084601150999958], [-75.76636830599995, -14.085319225999967], [-75.76649388099997, -14.085759129999929], [-75.76536656399998, -14.087208381999972], [-75.76310707299996, -14.087409212999944], [-75.76306684199994, -14.08745481799997], [-75.76303222299998, -14.087504617999969], [-75.76300367199997, -14.087557957999934], [-75.76298156399997, -14.087614136999946], [-75.76296618899994, -14.087672417999954], [-75.76295774899995, -14.087732031999963], [-75.76296202899994, -14.087852123999937], [-75.76297469099995, -14.087911021999957], [-75.76299417699994, -14.087968118999981], [-75.76301230199994, -14.088006063999956], [-75.76302023099998, -14.088022662999947], [-75.76303949599998, -14.088053265999974], [-75.76304003699994, -14.08805364999995], [-75.76303992399994, -14.088053943999967], [-75.76309058999993, -14.088121267999952]]]}}, {"type": "Feature", "properties": {"objectid": 17274, "anp_gid": 123, "acr_codi": "ACR17", "acr_nomb": "Maijuna Kichwa", "acr_sect": " ", "acr_ubpo": "Loreto", "acr_suleg": 391039.82, "acr_balec": "D.S. Nº 008-2015-MINAM", "acr_felec": 1434430800000, "acr_balem": " ", "acr_felem": null, "acr_obs": null, "met_link": null, "acr_orden": 17, "acr_id": 17}, "geometry": {"type": "Polygon", "coordinates": [[[-72.96929994299995, -2.5672487339999748], [-72.96022324699999, -2.571550489999936], [-72.95709090399998, -2.5780843449999793], [-72.95307849099999, -2.5842981639999607], [-72.93973721599997, -2.5685443969999255], [-72.93544458499997, -2.582896322999943], [-72.92654010299998, -2.57248405699994], [-72.91580278699996, -2.5793561139999497], [-72.91113900399995, -2.5789653619999626], [-72.91363146799995, -2.5938157529999444], [-72.57713398299995, -2.7284854559999303], [-72.56477239199995, -2.734142904999942], [-72.55948068199996, -2.7287324859999558], [-72.56225558499995, -2.7110392279999473], [-72.54824454599998, -2.7261992219999343], [-72.54207479199994, -2.716963891999967], [-72.53252601299994, -2.720076163999977], [-72.54687672499995, -2.7096256809999772], [-72.53599627199998, -2.6977872019999722], [-72.52565373199997, -2.6950625089999676], [-72.51390190299998, -2.704862013999957], [-72.51160996699997, -2.697139432999961], [-72.49698195899998, -2.700523425999961], [-72.49680001599995, -2.713761333999969], [-72.48353926299995, -2.7010591409999734], [-72.48006620299998, -2.719039359999954], [-72.49019850599996, -2.720810591999964], [-72.48693006399998, -2.7340969979999272], [-72.46208245999998, -2.7346598069999573], [-72.45322219699995, -2.717230332999975], [-72.43815357699998, -2.7298732689999383], [-72.41482930299998, -2.724582181999949], [-72.41377447899998, -2.708315255999935], [-72.40290227199995, -2.7079787579999675], [-72.38688278099994, -2.743273429999931], [-72.36591816499998, -2.735673692999967], [-72.36853139899995, -2.7258083219999776], [-72.35963793999997, -2.7060263709999504], [-72.34957784899996, -2.7170842999999536], [-72.34226717099995, -2.7194093209999437], [-72.34248093799994, -2.7248571069999343], [-72.34028927099996, -2.72931600499993], [-72.33832211799995, -2.7343049809999798], [-72.33868126099998, -2.742022783999971], [-72.34251322499995, -2.761329511999975], [-72.34921949299996, -2.793087090999961], [-72.36878192399996, -2.818238770999926], [-72.37786229899996, -2.8544389239999646], [-72.39230330499998, -2.85500286599995], [-72.39864348799995, -2.853300137999952], [-72.40454086399996, -2.850403364999977], [-72.44502912199994, -2.847195519999957], [-72.47076973199995, -2.859644052999954], [-72.49907479599995, -2.8711310279999793], [-72.52930238399995, -2.882142936999969], [-72.56449979399997, -2.890263789999949], [-72.59572189499994, -2.8864709869999388], [-72.65028082499998, -2.8993041819999803], [-72.67150780699995, -2.913558527999953], [-72.73390191999994, -2.8947587079999266], [-72.79883202599996, -2.9053902379999386], [-72.84727674499999, -2.89792607499993], [-72.89191260799998, -2.9158753919999754], [-72.93108237699994, -2.9033902619999594], [-72.94584897299995, -2.9275665269999536], [-72.97238138099993, -2.953690480999967], [-72.94653762099995, -2.988261732999945], [-72.92454582299996, -3.0173506809999253], [-72.91231645999994, -3.048563978999937], [-72.90970390999996, -3.074633209999945], [-72.88741054499997, -3.0923002179999344], [-72.87404693499997, -3.128328167999939], [-72.86802955199994, -3.149362817999929], [-72.87361575199998, -3.16053064099998], [-72.88249640699996, -3.1704757359999576], [-72.89125896299998, -3.178585319999968], [-72.90233335999994, -3.189140714999951], [-72.97129083999994, -3.2257615059999694], [-72.98189070299998, -3.2214699329999803], [-72.99165489099994, -3.2181439779999437], [-73.00200303099996, -3.220677943999931], [-73.01759169999997, -3.221187739999948], [-73.02925240599996, -3.2219247609999684], [-73.03688736799995, -3.212246853999943], [-73.04214786299997, -3.1993453829999794], [-73.04038530099996, -3.1874973249999243], [-73.04612074699997, -3.1750667999999678], [-73.05541030599994, -3.171015580999949], [-73.06232957599997, -3.16182400699995], [-73.06770110699995, -3.1528645129999404], [-73.13907076899994, -3.0378508709999323], [-73.17398848199997, -3.008649340999966], [-73.17477408599996, -3.007809712999972], [-73.17447641299998, -3.00663369199998], [-73.17353033699999, -3.0056012609999243], [-73.17258458499998, -3.004713509999931], [-73.17210366699999, -3.0035281399999576], [-73.17319974099996, -3.0019113809999567], [-73.17554889399997, -3.0026387209999257], [-73.17565901899997, -2.9999623339999744], [-73.17548364299995, -2.9985966269999267], [-73.17439255599999, -2.9985676709999325], [-73.17311098299996, -2.9988277529999436], [-73.17275222899997, -2.99753407999998], [-73.17332436199996, -2.9962600519999683], [-73.17398840799996, -2.994814369999972], [-73.17385853499997, -2.9934668249999277], [-73.17248524999997, -2.9937810119999426], [-73.17123385299993, -2.993815083999948], [-73.17009712799995, -2.9928365939999253], [-73.16921222499997, -2.9915329979999683], [-73.16788480999998, -2.990970139999945], [-73.16654199399994, -2.9905428909999614], [-73.16524490899997, -2.9899981669999534], [-73.16572575299995, -2.9891941989999395], [-73.16695405299998, -2.9901999709999245], [-73.16791551999995, -2.9897404199999755], [-73.16755685999993, -2.988392494999971], [-73.16757966199998, -2.986846276999927], [-73.16694664699997, -2.9861941609999576], [-73.16589338399996, -2.9857402739999657], [-73.16544324599994, -2.9843017739999596], [-73.16499301899995, -2.982917527999973], [-73.16394777999994, -2.98237323099994], [-73.16204835699995, -2.9820083479999653], [-73.16040783999995, -2.9817885759999285], [-73.15936257099997, -2.9809277919999317], [-73.15929415299996, -2.979815462999966], [-73.16053005999999, -2.980631353999968], [-73.16121700699995, -2.979945283999939], [-73.16144566399998, -2.978670688999955], [-73.16159044099999, -2.977468291999969], [-73.16127030999996, -2.9759395889999496], [-73.15988159299997, -2.975747369999965], [-73.15930944399997, -2.977039472999934], [-73.15907278199995, -2.978395434999925], [-73.15837073899996, -2.977679906999981], [-73.15789044199994, -2.9764674209999384], [-73.15652492499999, -2.9761848139999643], [-73.15534233499994, -2.9761014449999266], [-73.21122696399993, -2.9418499599999564], [-73.21768736099995, -2.9196062849999294], [-73.22319558599997, -2.897369949999927], [-73.22989756699997, -2.872015555999951], [-73.25229431299994, -2.8533947619999367], [-73.26657997499996, -2.847909338999955], [-73.28135229499998, -2.835253272999978], [-73.29969380499995, -2.8221137429999317], [-73.31398358599995, -2.8135255569999345], [-73.33019197699997, -2.7944044369999688], [-73.34512244499996, -2.7714375629999495], [-73.35621656099994, -2.751322547999962], [-73.36988908899997, -2.7390332909999415], [-73.38026691299996, -2.7255545589999315], [-73.40899872999995, -2.7196694979999734], [-73.41019854799998, -2.7026238639999747], [-73.38947725999998, -2.7042513819999385], [-73.37983307699994, -2.697609601999943], [-73.36667050699998, -2.681259476999969], [-73.36825691099995, -2.6481807009999443], [-73.39042307499994, -2.6273299199999656], [-73.40645312599997, -2.595633847999977], [-73.41648183099994, -2.56669353999996], [-73.38796794099994, -2.537465855999926], [-73.38301197799996, -2.50491795399995], [-73.38614288699995, -2.473576474999959], [-73.40473385799999, -2.4444069419999437], [-73.42690896599998, -2.426487063999957], [-73.43371554599997, -2.4033443439999473], [-73.45122353699998, -2.3830849859999717], [-73.46891056599998, -2.3617484679999734], [-73.44554257699997, -2.3575947159999373], [-73.42846540899995, -2.3623116129999744], [-73.41932930799999, -2.3637260069999684], [-73.41496973699998, -2.3674247869999476], [-73.40690621899995, -2.369554755999957], [-73.39705959299994, -2.360014823999961], [-73.38655221099998, -2.359565262999979], [-73.37522649099998, -2.3613383669999735], [-73.36854768699999, -2.35856518199995], [-73.36244741099995, -2.367147640999974], [-73.35437357899997, -2.364105588999962], [-73.33938180499996, -2.361781230999952], [-73.33193862499996, -2.361598891999961], [-73.32132872599993, -2.3682402479999496], [-73.32463330799999, -2.377945681999961], [-73.31626476699995, -2.381951587999936], [-73.31162466699993, -2.3854206589999762], [-73.30275689699994, -2.3905926109999314], [-73.30099145599996, -2.3982518319999713], [-73.29670854099999, -2.410671686999933], [-73.28965084399994, -2.4038367549999293], [-73.27936053999997, -2.4055694479999374], [-73.27333357399993, -2.41576424699997], [-73.26235679499996, -2.4265874109999572], [-73.25602184999997, -2.4379126409999685], [-73.26096605999999, -2.4419455779999453], [-73.25914354399998, -2.452563700999974], [-73.26005907099994, -2.4681881739999767], [-73.25940088699997, -2.4750475529999676], [-73.25045757299995, -2.475681288999965], [-73.24333178399996, -2.4785435819999293], [-73.23846002499994, -2.48150450199995], [-73.22218470799999, -2.495340528999975], [-73.21320922899997, -2.50121958699998], [-73.20834931399997, -2.5073959539999464], [-73.20009851399993, -2.517120378999948], [-73.19557730799994, -2.5261815209999554], [-73.19179582699996, -2.539851578999958], [-73.19512157099996, -2.544920806999926], [-73.19876998199999, -2.553234474999954], [-73.18261150999996, -2.5568414689999486], [-73.17977717599996, -2.56539040399997], [-73.18333614599999, -2.5755018699999255], [-73.18328030699996, -2.57910445899995], [-73.17147964999998, -2.59199608199998], [-73.17124147899995, -2.596531800999969], [-73.16434758199995, -2.598735026999975], [-73.16102573399996, -2.5970965829999386], [-73.15381319899996, -2.598072140999932], [-73.14711735199995, -2.593348955999943], [-73.13643068099998, -2.5961766939999507], [-73.14102093599996, -2.5862543579999624], [-73.13217988299994, -2.5893508469999347], [-73.12987850899998, -2.5789343049999616], [-73.13433518099998, -2.571821002999968], [-73.12290983699995, -2.5748269939999773], [-73.11972504099998, -2.5706397759999504], [-73.11596767199995, -2.5632372859999464], [-73.10528117399997, -2.569859889999975], [-73.09759777699998, -2.5740321819999394], [-73.10026711499995, -2.5640151949999677], [-73.09669259099996, -2.5569834449999576], [-73.08465716499995, -2.560708904999956], [-73.08299406399993, -2.550962684999945], [-73.07395991199996, -2.544802623999942], [-73.06269473899994, -2.547154599999942], [-73.05706353099998, -2.5473948859999496], [-73.04646120999996, -2.5495273089999273], [-73.04818886199996, -2.56379891499995], [-73.04819048799999, -2.5742681459999517], [-73.03716792299997, -2.5583291909999275], [-73.02651795699995, -2.5600795589999734], [-73.01367318499996, -2.546130282999968], [-73.00736074999998, -2.552641340999969], [-72.99955073199999, -2.564022199999954], [-72.99262523599998, -2.5673115999999254], [-72.98619318699997, -2.5737043789999348], [-72.97969828499998, -2.5757458399999678], [-72.96929994299995, -2.5672487339999748]]]}}, {"type": "Feature", "properties": {"objectid": 17277, "anp_gid": 133, "acr_codi": "ACR23", "acr_nomb": "Sistema de Lomas de Lima", "acr_sect": "Lomas de Amancaes", "acr_ubpo": "Lima", "acr_suleg": 253.96, "acr_balec": "D.S. N° 011-2019-MINAM", "acr_felec": 1575694800000, "acr_balem": " ", "acr_felem": null, "acr_obs": null, "met_link": null, "acr_orden": 23, "acr_id": 23}, "geometry": {"type": "Polygon", "coordinates": [[[-77.02360732999995, -11.999049798999977], [-77.02359847899999, -12.000820418999979], [-77.02422698499998, -12.003294015999927], [-77.02470270499998, -12.008642123999948], [-77.02370457199999, -12.00965372099995], [-77.02370955499998, -12.010320874999934], [-77.02427008699993, -12.011129061999952], [-77.02476783799995, -12.01142198599996], [-77.02520364399999, -12.011227520999967], [-77.02566303599997, -12.011101036999946], [-77.02602354199996, -12.011232340999982], [-77.02635276199999, -12.011401390999936], [-77.02666410299997, -12.011618684999974], [-77.02697452499996, -12.01154947599997], [-77.02731980499993, -12.010944350999978], [-77.02767909499994, -12.010913048999953], [-77.02798822699998, -12.010671670999955], [-77.02786165199996, -12.010405660999936], [-77.02789534399994, -12.009949448999976], [-77.02783208099999, -12.009139253999933], [-77.02745875799997, -12.008372004999956], [-77.02711965799995, -12.00822908799995], [-77.02701803699995, -12.008081483999945], [-77.02710968199995, -12.007833217999973], [-77.02731430099999, -12.007723451999937], [-77.02731859699998, -12.007720866999932], [-77.02722661799999, -12.007228552999948], [-77.02744098899996, -12.007065582999928], [-77.02832274699995, -12.007361166999942], [-77.02899999499994, -12.006619844999932], [-77.03097466399998, -12.007478084999946], [-77.03232973099995, -12.006531877999976], [-77.03250321099995, -12.005613684999958], [-77.03215911299998, -12.005078130999948], [-77.03205363399996, -12.004403370999967], [-77.03206410899998, -12.004389193999941], [-77.03220390699994, -12.00384140999995], [-77.03226909999995, -12.003745435999974], [-77.03143793799995, -12.003751472999966], [-77.03137254399996, -12.003688042999954], [-77.03137180799996, -12.00358990799998], [-77.03145563999993, -12.003506128999959], [-77.03149862799995, -12.00350571599995], [-77.03243656399997, -12.00349890299998], [-77.03275917099995, -12.003023973999973], [-77.03342475199997, -12.002755036999929], [-77.03383421599995, -12.00302923099997], [-77.03441699699994, -12.003309297999976], [-77.03523962899999, -12.00323859599996], [-77.03566682399997, -12.003363301999968], [-77.03576417499994, -12.003839012999947], [-77.03614444899995, -12.00394328599998], [-77.03636615599999, -12.003625546999956], [-77.03668749499997, -12.003463781999926], [-77.03738341699994, -12.004000516999952], [-77.03757190799996, -12.00396481599995], [-77.03806081899995, -12.00426006899994], [-77.03838907399995, -12.00287267699997], [-77.03780290399999, -12.002193175999935], [-77.03721262699997, -12.00091982999993], [-77.03772954599998, -11.999712617999933], [-77.04012128899996, -11.996856151999964], [-77.04051699799999, -11.996685143999969], [-77.04258168699994, -11.997146422999947], [-77.04258751099997, -11.997142910999969], [-77.04340349199998, -11.996934240999963], [-77.04374838299998, -11.996964669999954], [-77.04413791799999, -11.996593744999927], [-77.04412579899997, -11.996274210999957], [-77.04469730499994, -11.995682120999959], [-77.04501546199998, -11.995644393999953], [-77.04514605599996, -11.995268350999936], [-77.04405311399995, -11.994934516999933], [-77.04346240999996, -11.99439683199995], [-77.04346567599998, -11.993503392999969], [-77.04339572399994, -11.993393000999959], [-77.04063525299995, -11.993249908999928], [-77.04030893499998, -11.993100778999974], [-77.03905250199995, -11.991782385999954], [-77.03719530499995, -11.991517194999972], [-77.03005306499995, -11.993335014999957], [-77.02718778599996, -11.994071705999943], [-77.02395301799999, -11.997339826999962], [-77.02360732999995, -11.999049798999977]]]}}, {"type": "Feature", "properties": {"objectid": 17288, "anp_gid": 118, "acr_codi": "ACR13", "acr_nomb": "Bosque Moyan-Palacio", "acr_sect": " ", "acr_ubpo": "Lambayeque", "acr_suleg": 8457.76, "acr_balec": "D.S. Nº 013-2011-MINAM", "acr_felec": 1308718800000, "acr_balem": " ", "acr_felem": null, "acr_obs": null, "met_link": null, "acr_orden": 13, "acr_id": 13}, "geometry": {"type": "Polygon", "coordinates": [[[-79.61088391399994, -5.990718963999939], [-79.59281801099996, -5.990672921999931], [-79.58114344999996, -5.99064285399993], [-79.58379988599995, -5.992870792999952], [-79.58351200799996, -5.993787728999962], [-79.58318340899996, -5.994814451999957], [-79.58242038299994, -5.997524659999954], [-79.58209971199994, -5.999153238999952], [-79.58159820099996, -6.000781347999975], [-79.58100615099994, -6.002454482999951], [-79.58050463099994, -6.004082589999939], [-79.58171872599996, -6.0066203749999545], [-79.58212373799995, -6.007345605999944], [-79.58276403899998, -6.008488446999934], [-79.58258253199995, -6.008813545999942], [-79.58217235899997, -6.010232325999937], [-79.58185483499994, -6.010756029999925], [-79.58047013799995, -6.011756273999936], [-79.57951908199993, -6.012739551999971], [-79.57842419499997, -6.013451144999976], [-79.57743699799994, -6.0144343239999785], [-79.57706510299994, -6.015021186999945], [-79.57626623399995, -6.019022895999967], [-79.57583189099995, -6.020371773999955], [-79.57557153599998, -6.0207019239999795], [-79.57512577399996, -6.020948717999943], [-79.57461694799997, -6.021165893999978], [-79.57405003999997, -6.021235300999933], [-79.57087838099994, -6.020931061999931], [-79.57033138999998, -6.020922126999949], [-79.56979155999994, -6.021040738999943], [-79.56889153999998, -6.021353447999957], [-79.56759691799994, -6.021775548999926], [-79.56347781299996, -6.019834222999975], [-79.56040613699997, -6.018830387999969], [-79.55778550199994, -6.018235076999929], [-79.55316982899996, -6.016412428999956], [-79.55158231499996, -6.015371912999967], [-79.54862793699994, -6.014452250999966], [-79.54728017199994, -6.01402221799998], [-79.54607439899996, -6.01359255999995], [-79.54500973599994, -6.0134949589999565], [-79.54380825499999, -6.013613178999947], [-79.54178567399998, -6.013123379999968], [-79.53875786199995, -6.012662682999974], [-79.53803608699997, -6.012072364999938], [-79.53731394999994, -6.011617827999942], [-79.53675890299996, -6.011666466999941], [-79.53598121999994, -6.011819745999958], [-79.53520880499997, -6.010978854999962], [-79.53467373999996, -6.010280429999966], [-79.53412837799993, -6.00956856199997], [-79.53344298599995, -6.009125925999967], [-79.53094821999997, -6.008342003999928], [-79.52909551499994, -6.00802019899993], [-79.52665198099999, -6.007289453999931], [-79.52618912699995, -6.007448788999966], [-79.52525327399997, -6.007828805999964], [-79.52469079699995, -6.008072550999941], [-79.52439191899998, -6.0079786939999735], [-79.52330819399998, -6.007407736999937], [-79.52306143999994, -6.007171145999962], [-79.52288706699994, -6.007000564999942], [-79.52259090499996, -6.0067707359999645], [-79.52230435099995, -6.0066580089999775], [-79.52038178399994, -6.006501250999975], [-79.51887140899998, -6.006024228999934], [-79.51830185399996, -6.007015844999955], [-79.51782715999997, -6.00786583799993], [-79.51742664399995, -6.008840593999935], [-79.51697237299999, -6.009518783999965], [-79.51564620999994, -6.0107920999999465], [-79.51484185699996, -6.011262846999955], [-79.51422543399997, -6.0121124489999715], [-79.51389295999996, -6.012773649999929], [-79.51384392299997, -6.013435620999928], [-79.51368670599999, -6.0159163439999475], [-79.51370043799994, -6.016894776999948], [-79.51312260699996, -6.018115681999973], [-79.51283749399994, -6.018729715999939], [-79.51264531799995, -6.019911521999973], [-79.51264335299999, -6.020633886999974], [-79.51297072599993, -6.021851427999934], [-79.51320538399995, -6.022419585999955], [-79.51320409699997, -6.022892513999977], [-79.51296609399998, -6.023553969999966], [-79.51282295599998, -6.024073803999954], [-79.51295965799994, -6.025918608999973], [-79.51295198099996, -6.026471022999942], [-79.51267247899995, -6.027289326999949], [-79.51243529799996, -6.028291526999965], [-79.51240316299999, -6.028893120999953], [-79.51288163299995, -6.029002946999981], [-79.51388327599994, -6.029394542999967], [-79.51419870399997, -6.029666702999975], [-79.51434220399995, -6.030046913999968], [-79.51441341199995, -6.030435970999974], [-79.51450286099998, -6.030761773999927], [-79.51505143599996, -6.031667600999981], [-79.51533048699997, -6.032030095999971], [-79.51559998699997, -6.032582472999934], [-79.51616687799998, -6.033397916999945], [-79.51640093499998, -6.033696984999949], [-79.51722933099995, -6.03468496499994], [-79.51764361699998, -6.035147302999974], [-79.51817504199994, -6.035718479999957], [-79.51923826599995, -6.036725183999977], [-79.51967103799996, -6.037033835999978], [-79.52020325399997, -6.037315626999941], [-79.52082602499996, -6.037516272999937], [-79.52106978399996, -6.037571196999977], [-79.52135846399995, -6.037716674999956], [-79.52143011799996, -6.03794295299997], [-79.52121130199998, -6.038683911999954], [-79.52110110799998, -6.039343776999942], [-79.52119065799997, -6.03963340699994], [-79.52127993999994, -6.040022513999929], [-79.52140500999997, -6.040538323999954], [-79.52145798399994, -6.040990635999947], [-79.52156506199998, -6.041479266999943], [-79.52196902099996, -6.042420872999969], [-79.52221145699997, -6.042964132999941], [-79.52253516999997, -6.043516656999941], [-79.52276866999995, -6.044023718999938], [-79.52290292499998, -6.044485293999969], [-79.52293606599994, -6.045588672999941], [-79.52297008999994, -6.046366493999926], [-79.52302264799994, -6.046972539999956], [-79.52300327999995, -6.047451785999954], [-79.52300188299995, -6.0479672529999675], [-79.52325097199997, -6.0493877359999715], [-79.52345739799995, -6.049885679999932], [-79.52349309099998, -6.050048557999958], [-79.52356398599994, -6.050555178999957], [-79.52367109099998, -6.051034766999976], [-79.52382297099996, -6.051659170999926], [-79.53440778899994, -6.052942730999973], [-79.53845467199994, -6.053833931999975], [-79.57458994099994, -6.053929998999934], [-79.57451869599998, -6.081060109999953], [-79.57449517599997, -6.088976512999977], [-79.57542731099994, -6.088504816999944], [-79.57639658199997, -6.0875306729999465], [-79.57692125299997, -6.0872788369999284], [-79.57763633899998, -6.086765239999977], [-79.57782665899998, -6.086539652999932], [-79.57799921899993, -6.086196452999957], [-79.57935634899997, -6.08545845499998], [-79.57998015999993, -6.085297311999966], [-79.58049517599994, -6.085280578999971], [-79.58094666599999, -6.085372201999974], [-79.58131677399996, -6.085490740999944], [-79.58236489999996, -6.085448276999955], [-79.58252782999995, -6.085331137999958], [-79.58379508199994, -6.084412019999945], [-79.58459161199994, -6.083844362999969], [-79.58573958899996, -6.083621281999967], [-79.58672619599997, -6.0829184649999775], [-79.58845480999997, -6.081765405999931], [-79.58973954899994, -6.081063360999963], [-79.59069974899995, -6.080089157999964], [-79.59098946499995, -6.079854779999948], [-79.59122436199993, -6.079855392999946], [-79.59201720999994, -6.080698514999938], [-79.59227782299996, -6.08123276699996], [-79.59257473899999, -6.081703807999929], [-79.59290798199999, -6.082102594999981], [-79.59323219099997, -6.082501358999934], [-79.59383701199994, -6.0826928489999545], [-79.59451497899994, -6.082549915999948], [-79.59523919899993, -6.0819910959999675], [-79.59606345299994, -6.08117931299995], [-79.59686039099995, -6.080448849999925], [-79.59727675299996, -6.08015149199997], [-79.59842387899994, -6.080253948999939], [-79.59893781699998, -6.080653201999951], [-79.59942481699994, -6.080989078999949], [-79.59968670099994, -6.081034975999955], [-79.60003916599999, -6.080990670999938], [-79.60109044499995, -6.079727284999933], [-79.60156096399999, -6.079448149999962], [-79.60221147399994, -6.079440789999978], [-79.60268098899996, -6.07955052799997], [-79.60340272499997, -6.079950313999973], [-79.60394430799994, -6.080141630999947], [-79.60527322499996, -6.0798194909999665], [-79.60595123499996, -6.079658454999958], [-79.60684642299998, -6.079362322999941], [-79.60749865499997, -6.078685728999972], [-79.60794241599996, -6.078270863999933], [-79.60894687499996, -6.077640392999967], [-79.60965163799995, -6.077615074999926], [-79.61023892899993, -6.077598497999929], [-79.61131382899998, -6.077682653999943], [-79.61155773799999, -6.0776923239999405], [-79.61240670599994, -6.077803028999938], [-79.61302105499999, -6.077804605999972], [-79.61376302199994, -6.077363367999965], [-79.61442446299998, -6.076614437999979], [-79.61510323199997, -6.0761549489999425], [-79.61566397299998, -6.075921248999975], [-79.61701848199993, -6.076186981999967], [-79.61769535699995, -6.076469067999938], [-79.61793006999994, -6.076542017999941], [-79.61860706099998, -6.076778884999953], [-79.61891444299994, -6.0766982769999345], [-79.61982884499997, -6.075949983999976], [-79.62045335599998, -6.07550843599995], [-79.62092370399995, -6.075292585999932], [-79.62160129399996, -6.075294313999962], [-79.62214295199999, -6.075458481999931], [-79.62286481899997, -6.075813025999935], [-79.62473446499996, -6.076016746999926], [-79.62456919699997, -6.066375707999953], [-79.62510732199996, -6.064459813999974], [-79.62552494099998, -6.063655980999954], [-79.62610737499995, -6.062716881999961], [-79.62677144999998, -6.060056542999973], [-79.62680442899995, -6.058830301999933], [-79.62686841999994, -6.0571554839999635], [-79.62678830299996, -6.053386574999934], [-79.62679155099994, -6.052100437999968], [-79.62670818099997, -6.0496176659999605], [-79.62674364499998, -6.047404388999951], [-79.62698991399998, -6.0445336149999775], [-79.62879028999998, -6.041487299999972], [-79.62957028099999, -6.040233028999978], [-79.63181729399997, -6.037786030999939], [-79.63430255999998, -6.035638720999941], [-79.63543567499994, -6.034849466999958], [-79.63602088299996, -6.033085275999952], [-79.63673486899995, -6.031913490999955], [-79.63834671199999, -6.0303891229999635], [-79.63957561599995, -6.02900703399996], [-79.63954238699995, -6.029008396999927], [-79.63904586499996, -6.02887149999998], [-79.63851302699999, -6.0288068619999535], [-79.63679585599994, -6.029101013999934], [-79.63621796199999, -6.028991041999973], [-79.63513428799996, -6.028834583999981], [-79.63364273699995, -6.02921972799993], [-79.63303740299995, -6.029245339999932], [-79.63259522199996, -6.029054310999925], [-79.63137735899994, -6.028372969999964], [-79.62904800399997, -6.027824488999954], [-79.62885020899995, -6.02776876799993], [-79.62884995599995, -6.027768696999942], [-79.62884996599996, -6.027766008999947], [-79.62885947699993, -6.026938813999948], [-79.61088391399994, -5.990718963999939]]]}}, {"type": "Feature", "properties": {"objectid": 17290, "anp_gid": 114, "acr_codi": "ACR09", "acr_nomb": "Ampiyacu Apayacu", "acr_sect": " ", "acr_ubpo": "Loreto", "acr_suleg": 434129.54, "acr_balec": "D.S. Nº 024-2010-MINAM", "acr_felec": 1293166800000, "acr_balem": " ", "acr_felem": null, "acr_obs": null, "met_link": null, "acr_orden": 9, "acr_id": 9}, "geometry": {"type": "Polygon", "coordinates": [[[-72.53404560499996, -3.3033736589999307], [-72.56187695799997, -3.290415841999959], [-72.59101726399996, -3.2891997359999436], [-72.63216106899995, -3.2899423459999753], [-72.64954431299998, -3.2503988489999642], [-72.68943859799998, -3.2374569819999692], [-72.73156609299997, -3.228219041999978], [-72.76203896199996, -3.1972888939999393], [-72.81253287899995, -3.175157143999968], [-72.86408958799996, -3.142474700999969], [-72.88708344899999, -3.09568085799998], [-72.90396067199998, -3.063519550999956], [-72.93139980899997, -3.033945287999927], [-72.94878689299998, -2.9843962969999325], [-72.97017749099996, -2.9326019169999427], [-72.93829477799994, -2.899380166999947], [-72.88662407299995, -2.918279347999942], [-72.81982777599995, -2.8935248009999555], [-72.73713953999999, -2.893362000999957], [-72.66626672499996, -2.9102753019999454], [-72.60115854599997, -2.889221390999978], [-72.55745296999999, -2.8920201869999573], [-72.50739153199999, -2.874050653999973], [-72.47076973199995, -2.859644052999954], [-72.41335525499994, -2.843974274999937], [-72.39967352399998, -2.85292289399996], [-72.39122017499994, -2.855009432999964], [-72.33082968599996, -2.8345915619999573], [-72.26473863999996, -2.850800903999925], [-72.21490677199995, -2.827148154999975], [-72.17964728699997, -2.801203045999955], [-72.11208559399995, -2.817771428999947], [-72.05581400699998, -2.8308210319999603], [-72.01874567399994, -2.837800030999972], [-72.01387790399997, -2.845177853999928], [-72.00881165199996, -2.850224106999974], [-72.00204444099995, -2.8545611259999646], [-71.99530003799998, -2.863496735999945], [-71.98867056899996, -2.8705262039999297], [-71.98010225599995, -2.8771799709999755], [-71.97041338499997, -2.883026503999929], [-71.96205112499996, -2.8864823149999665], [-71.95103459799998, -2.889388791999977], [-71.93150967499997, -2.889363014999958], [-71.87765489499998, -2.904536448999977], [-71.86055920399997, -2.918282931999954], [-71.81748614099996, -2.932478638999953], [-71.80507328899995, -2.9655760819999273], [-71.76167594599997, -3.0082276289999754], [-71.73895162499997, -3.0377496799999335], [-71.68657260399993, -3.0338953509999556], [-71.77442220499995, -3.1983497959999454], [-71.86857429799994, -3.182831050999937], [-71.86590836799996, -3.144639022999968], [-71.90234918499993, -3.1175719919999665], [-71.90876181399994, -3.1150758169999335], [-71.91265219699994, -3.1159726099999716], [-71.91146541199998, -3.1180740089999404], [-71.91335547299997, -3.119805059999976], [-71.91555160999997, -3.1223229689999243], [-71.91896105099994, -3.1230918749999432], [-71.92011745699995, -3.124477479999939], [-71.92227775599997, -3.125811841999962], [-71.92289447399997, -3.127936646999956], [-71.92533365799994, -3.1276366799999664], [-71.92657627199998, -3.1264297819999456], [-71.92886660199997, -3.129219005999971], [-71.93066793399998, -3.1311575949999337], [-71.93197785799998, -3.134034283999938], [-71.93193232199997, -3.136166188999937], [-71.93474778399997, -3.1389840859999367], [-71.93644262699996, -3.137381009999956], [-71.93770744499994, -3.1403208199999426], [-71.94013035099994, -3.1406170479999673], [-71.94118607499996, -3.1432219879999366], [-71.94325852599997, -3.144854238999926], [-71.94422923599996, -3.145986367999967], [-71.94660054399998, -3.145686186999967], [-71.94961841999998, -3.1440237329999263], [-71.95207801599997, -3.14349793599996], [-71.95461108999996, -3.1433969569999363], [-71.95592845699997, -3.142768420999971], [-71.95930486799995, -3.1413762569999335], [-71.95502249899994, -3.132575087999953], [-71.95367957599996, -3.1291110789999266], [-71.95219452399994, -3.1247974099999283], [-71.95171429799996, -3.1226458609999668], [-71.95213195199995, -3.1190333839999766], [-71.95302918999994, -3.1175995519999447], [-71.95239372899994, -3.113758149999967], [-71.95469984699997, -3.1116869719999727], [-71.95698513999997, -3.1098235079999768], [-72.09488736699996, -3.1088227999999276], [-72.09342902799995, -3.10512328599998], [-72.09365148999996, -3.10265723699996], [-72.09691720699993, -3.1011573359999716], [-72.09560858999998, -3.099400854999942], [-72.09575276199996, -3.0965912379999736], [-72.09626583799997, -3.094668105999972], [-72.09617288599998, -3.0931137579999586], [-72.09657159999995, -3.0896542869999735], [-72.09545518099998, -3.0874556119999284], [-72.09527415699995, -3.085232401999974], [-72.09567846299996, -3.0819807609999543], [-72.09672944799996, -3.0797247849999394], [-72.09400607999999, -3.079509507999944], [-72.09526713299994, -3.076639701999966], [-72.09815861399994, -3.0740996189999805], [-72.09963569699994, -3.07235077699994], [-72.10185219199997, -3.0724200739999787], [-72.10242086599999, -3.0700633659999426], [-72.10110467999993, -3.0688128839999536], [-72.10174267899998, -3.065742562999958], [-72.10077680699999, -3.062487166999972], [-72.09928885599999, -3.0593116749999467], [-72.09869865599995, -3.0571505979999642], [-72.10773331399997, -3.0469413329999497], [-72.13026460799995, -3.0321630679999316], [-72.14895668099996, -3.051762657999973], [-72.17175258699996, -3.068079953999927], [-72.19629726999995, -3.066516306999972], [-72.21977154399997, -3.057823975999952], [-72.24540605599998, -3.044454676999976], [-72.28198007399999, -3.053345148999938], [-72.31650766099995, -3.073209606999967], [-72.31630878999994, -3.0769868819999715], [-72.31491058399996, -3.0791251389999275], [-72.31271621199994, -3.080592625999941], [-72.31143829099994, -3.082929988999979], [-72.31121359299993, -3.083806015999926], [-72.31025302299997, -3.086849069999971], [-72.31008502799995, -3.090418285999931], [-72.31058927599997, -3.0927692099999717], [-72.30916957499994, -3.094943523999973], [-72.30882924099996, -3.097328440999945], [-72.30653438399997, -3.096961096999962], [-72.30475231499997, -3.1000020219999556], [-72.30481679199994, -3.1029392229999644], [-72.33959525699998, -3.1124881259999597], [-72.35763049099995, -3.1233170009999753], [-72.35898928399996, -3.125968400999966], [-72.35625199299994, -3.1260699249999675], [-72.35580603999995, -3.128680605999932], [-72.35378748999995, -3.1276361889999293], [-72.35018115599996, -3.129217616999938], [-72.34800212299996, -3.129654910999932], [-72.34643158899996, -3.1283224289999794], [-72.34725752999998, -3.1314695229999643], [-72.34498393599995, -3.1333073499999387], [-72.34190604399998, -3.1312209239999333], [-72.34065985299998, -3.1322931849999804], [-72.33806534199994, -3.132602866999946], [-72.33462131199997, -3.1319976069999598], [-72.33368569799995, -3.135790854999925], [-72.33188248599998, -3.1358223849999263], [-72.33127454999999, -3.13912844999993], [-72.32999808099999, -3.1399475609999286], [-72.32831563899998, -3.140214354999955], [-72.32641228999995, -3.1391882609999584], [-72.32351612599996, -3.1385843589999354], [-72.32076680199998, -3.1405564169999707], [-72.32214384299994, -3.1430451819999803], [-72.32028017499994, -3.1440886839999393], [-72.31860610899997, -3.1461357909999492], [-72.31641960099995, -3.1470790359999796], [-72.31958872899997, -3.1499248889999762], [-72.31637241699997, -3.1508022039999446], [-72.31510123599998, -3.149551790999965], [-72.31167994699996, -3.1565105099999755], [-72.30923932499996, -3.153567119999934], [-72.30822668699994, -3.1570979749999424], [-72.30567409999998, -3.1557448099999306], [-72.30324931499996, -3.1571301929999436], [-72.30178626399999, -3.157081191999964], [-72.30126456899995, -3.1602247059999513], [-72.29947042499998, -3.161313492999966], [-72.30287483199999, -3.162885790999951], [-72.30324866699993, -3.1654261679999536], [-72.29988279099996, -3.1643781089999266], [-72.30140248699996, -3.167075109999928], [-72.29812951099996, -3.1668225399999415], [-72.29816494999994, -3.168756544999951], [-72.29485365199997, -3.168765930999939], [-72.29187215799993, -3.1698696409999343], [-72.28999679499998, -3.171283503999973], [-72.29137164599996, -3.1736999799999808], [-72.28793800299997, -3.173437900999943], [-72.28816018599997, -3.177008060999981], [-72.28428188199996, -3.176392349999958], [-72.28417372499996, -3.1788591289999317], [-72.28053522899995, -3.1778644869999653], [-72.27734860699996, -3.1789766119999285], [-72.28039239999998, -3.1806926389999717], [-72.28177626299998, -3.1811571839999715], [-72.28095930299997, -3.1843540619999544], [-72.28078076599996, -3.187507445999927], [-72.28160973299998, -3.190012852999928], [-72.28402351099999, -3.187507011999969], [-72.28203988499996, -3.191396632999954], [-72.28326023499994, -3.1940024899999457], [-72.28507198499995, -3.1950103959999296], [-72.28540540499995, -3.196213185999966], [-72.28861201299998, -3.1950107569999773], [-72.28588024799996, -3.1983381139999665], [-72.28930513699999, -3.1998202279999646], [-72.29137738799994, -3.201136083999927], [-72.28921548999995, -3.204419772999927], [-72.28869538199996, -3.2083855869999525], [-72.29019793599997, -3.212013388999935], [-72.28935403499997, -3.2143155489999344], [-72.29292504299997, -3.2168734859999404], [-72.29125490599995, -3.2190378899999246], [-72.28809685599998, -3.2188396769999486], [-72.28652543199996, -3.222766516999968], [-72.28664476099993, -3.226715952999939], [-72.28997713499996, -3.2266616239999735], [-72.32184473699994, -3.2169584659999373], [-72.35154879999999, -3.2264989309999805], [-72.37791737299995, -3.2232805389999726], [-72.40378274399995, -3.223247543999946], [-72.41665563699996, -3.2273644899999567], [-72.46231432999997, -3.2163169159999256], [-72.45017402099995, -3.2812430529999688], [-72.45340102899996, -3.2822003129999757], [-72.45494572199993, -3.2834424829999307], [-72.45670874999996, -3.2843598409999686], [-72.45843942299996, -3.283406225999954], [-72.46091345099995, -3.28209297799998], [-72.46360850099995, -3.283618259999969], [-72.46447483499998, -3.285084650999977], [-72.46670680099999, -3.287937364999948], [-72.47007876699996, -3.2891661149999436], [-72.47172119299995, -3.287552459999972], [-72.47482592999995, -3.289783760999967], [-72.47579187199995, -3.2907623469999407], [-72.47807009099995, -3.2913375479999445], [-72.48084544199997, -3.2924743819999662], [-72.48092102099997, -3.293486859999973], [-72.48258563499996, -3.294901058999926], [-72.48437515399996, -3.296713261999969], [-72.48704989399994, -3.298310792999928], [-72.48813791899994, -3.2972379929999533], [-72.48901733799994, -3.296869651999941], [-72.49235318599995, -3.2984236589999796], [-72.49319552199995, -3.2998448139999255], [-72.49556334599998, -3.3003479189999325], [-72.49698222799998, -3.2989053679999643], [-72.49951174899996, -3.2979084969999803], [-72.51478453699997, -3.3000285099999473], [-72.53404560499996, -3.3033736589999307]]]}}, {"type": "Feature", "properties": {"objectid": 17292, "anp_gid": 115, "acr_codi": "ACR10", "acr_nomb": "Alto Nanay- Pintuyacu Chambira", "acr_sect": " ", "acr_ubpo": "Loreto", "acr_suleg": 954635.48, "acr_balec": "D.S. Nº 005-2011-MINAM", "acr_felec": 1300424400000, "acr_balem": " ", "acr_felem": null, "acr_obs": null, "met_link": null, "acr_orden": 10, "acr_id": 10}, "geometry": {"type": "MultiPolygon", "coordinates": [[[-74.94401599299994, -3.205509567999968], [-74.94914665499994, -3.2005520659999434], [-74.95431120799998, -3.1976844029999256], [-74.95629026199998, -3.1969245389999514], [-74.95809153999994, -3.1963908399999355], [-74.96315665799995, -3.1963910349999765], [-74.96469604899994, -3.1964906059999407], [-74.96615444399998, -3.196228291999944], [-74.96745674599998, -3.195613135999963], [-74.96966813999995, -3.194011879999948], [-74.97193241999997, -3.1918677979999757], [-74.97310223799997, -3.191144066999925], [-74.97490855899997, -3.1906917609999255], [-74.97835045199997, -3.190438522999955], [-74.98082421299995, -3.1903752429999486], [-74.98330781799996, -3.190311956999949], [-74.98624314099999, -3.190239624999947], [-74.98801907899997, -3.189642542999934], [-74.99058427499995, -3.1868741779999255], [-74.99166068799997, -3.186675151999964], [-74.99257311899999, -3.1869646639999587], [-74.99257310799999, -3.188511706999975], [-74.99591176499996, -3.188258408999957], [-74.99827976299997, -3.1880593809999596], [-75.00054875299998, -3.1861775989999614], [-75.00015413399996, -3.18180788199993], [-75.00015413399996, -3.1804236859999264], [-75.00054874799997, -3.1770491419999303], [-75.00015413299997, -3.174868806999939], [-75.00015413299997, -3.172489435999978], [-75.00054874399996, -3.1699110309999696], [-75.00015413199998, -3.1645551859999728], [-75.00311382499996, -3.156032871999969], [-75.01101372199997, -3.144416418999981], [-75.01384395299993, -3.1403633109999305], [-75.01547350699997, -3.137694410999927], [-75.01676019499996, -3.1344193629999495], [-75.01684560199999, -3.1285568779999267], [-75.01564284399996, -3.1202245689999586], [-75.01465619199996, -3.118243280999934], [-75.01300102499994, -3.117067186999975], [-75.01152782499997, -3.1155382539999437], [-75.01067027899995, -3.1137198069999386], [-75.01051276499999, -3.1122903749999296], [-75.01070991099994, -3.1113042449999284], [-75.01209107199998, -3.1073325769999656], [-75.01623432999997, -3.102971843999967], [-75.01936202399997, -3.1009362059999717], [-75.01993293399994, -3.1000133959999516], [-75.02027602699997, -3.0986382389999676], [-75.02053305999993, -3.0974259289999395], [-75.02053302099995, -3.0953632019999304], [-75.02053298099997, -3.0932914279999295], [-75.02044717699994, -3.091997701999958], [-75.02001853399997, -3.090441617999943], [-75.01958961299994, -3.08897600399996], [-75.01924648099998, -3.088035116999947], [-75.01873179399996, -3.0871666089999508], [-75.01838894899998, -3.086479039999972], [-75.01825620099999, -3.0863433359999703], [-75.01800981999997, -3.0855200589999754], [-75.01485310899994, -3.0809603939999306], [-75.01399165099997, -3.0793319369999494], [-75.01358580999994, -3.078291530999934], [-75.01374722499997, -3.077033988999972], [-75.01564215499997, -3.0732251539999424], [-75.01781241299994, -3.070049603999962], [-75.02096896099994, -3.067272101999947], [-75.02590146899996, -3.063499371999967], [-75.02636433799995, -3.061735184999975], [-75.02629595999997, -3.0601338589999614], [-75.02602113699999, -3.057772583999963], [-75.02629585299997, -3.0557641309999326], [-75.02662147499996, -3.05389138299995], [-75.02773175199997, -3.052760472999978], [-75.02970877199994, -3.051213372999939], [-75.03231280399996, -3.045350805999931], [-75.03369373499999, -3.039207812999962], [-75.03369349599996, -3.0314725779999776], [-75.03823081099995, -3.0235381569999618], [-75.04257108499996, -3.0197653709999486], [-75.04631940599995, -3.0171868049999375], [-75.05037598599995, -3.015829564999933], [-75.05080457499997, -3.015956203999963], [-75.05114766999998, -3.016037611999934], [-75.05174809299996, -3.0162999479999257], [-75.05252006999996, -3.0167251219999685], [-75.05303443499997, -3.0169060389999345], [-75.05414947999998, -3.0168155129999263], [-75.05517843399997, -3.016037413999925], [-75.05560726899995, -3.0154402859999436], [-75.05663621699995, -3.0145717149999314], [-75.05706507699995, -3.014490268999964], [-75.05749394499998, -3.0145716699999525], [-75.05792254599999, -3.0149154349999776], [-75.05860878799996, -3.0160372339999526], [-75.05972361599999, -3.0171590079999646], [-75.06049561199995, -3.017846540999926], [-75.06135338599995, -3.018624539999962], [-75.06221086399995, -3.0191401729999257], [-75.06324016699995, -3.0195743719999655], [-75.06401188999996, -3.0203523739999696], [-75.06478388999994, -3.021039903999963], [-75.06564132599993, -3.0207774879999647], [-75.06624169799994, -3.0200898749999396], [-75.06649897499994, -3.0194022829999767], [-75.06684200399997, -3.0183708969999543], [-75.06718476799995, -3.017592828999966], [-75.06735627699999, -3.0169866659999798], [-75.06787089299996, -3.016642845999968], [-75.06847128199996, -3.0162990199999626], [-75.06864251499996, -3.0157833269999514], [-75.06855697399999, -3.0150052849999724], [-75.06864242799998, -3.0143991269999333], [-75.06881394099997, -3.013883433999979], [-75.06898544799998, -3.0132772699999464], [-75.06898540499998, -3.012589693999928], [-75.06495488499996, -3.0117304729999432], [-75.06220066799995, -3.007967057999963], [-75.06377824499998, -2.99705621399994], [-75.06358087199999, -2.9928945769999586], [-75.06200225799995, -2.9903162559999714], [-75.05963484199998, -2.987737974999959], [-75.05854968699998, -2.983476866999979], [-75.05775991599995, -2.975741669999934], [-75.05756248699998, -2.969987746999948], [-75.05953478999999, -2.9626504719999502], [-75.05835108599996, -2.9608592159999603], [-75.05736431099996, -2.955114379999941], [-75.05539128999999, -2.947967296999934], [-75.05282632299998, -2.940033140999958], [-75.05006431499999, -2.933094164999943], [-75.04690747999996, -2.9247619479999685], [-75.04592067699997, -2.9160406089999356], [-75.04444076499993, -2.9024519589999613], [-75.04049496499994, -2.8921384369999714], [-75.03635193399998, -2.875871924999956], [-75.03516803999997, -2.863576974999944], [-75.03477303699998, -2.8469212999999627], [-75.03566046499998, -2.8384893869999246], [-75.03487092999995, -2.8295599329999277], [-75.03565981099996, -2.8170658759999583], [-75.03013659599998, -2.8121082249999745], [-75.02441596299997, -2.8031879239999284], [-75.02323242099999, -2.798221091999949], [-75.02224589399998, -2.788305492999939], [-75.01987891499994, -2.7811673749999386], [-75.01356695999993, -2.773631229999978], [-75.00755084899998, -2.7632180699999367], [-75.00755080199997, -2.7558808689999523], [-75.01465138599997, -2.7491407109999386], [-75.01701828699998, -2.7376327609999294], [-75.01662345599993, -2.7310917089999407], [-75.01701806399996, -2.721764134999944], [-75.01445381499997, -2.7088720379999245], [-75.01169222599998, -2.692804396999975], [-75.00764900999997, -2.67981277399997], [-74.99778743099995, -2.672674620999942], [-74.98772881699995, -2.6726745619999406], [-74.97628971299997, -2.66295779099994], [-74.97135909199994, -2.652245897999933], [-74.96780957299995, -2.6377704209999706], [-74.96347081799996, -2.6298359759999244], [-74.95992090599998, -2.6236838239999543], [-74.95656823499996, -2.621702392999964], [-74.94414364999994, -2.61198528999995], [-74.93872055899999, -2.6039511929999435], [-74.93964320999999, -2.596921001999931], [-74.94363801399999, -2.5658499609999694], [-74.94582271399997, -2.548022186999958], [-74.94889843999994, -2.538627435999956], [-74.95114814499993, -2.5317556569999624], [-74.94934183499998, -2.527593053999965], [-74.92107044199997, -2.527682959999936], [-74.89679273299998, -2.54155065599997], [-74.89502134899999, -2.5425624599999423], [-74.87858494699998, -2.5519530739999254], [-74.87132731799994, -2.5717980939999734], [-74.86271429699997, -2.5953514949999317], [-74.84246995899997, -2.604500851999944], [-74.80772721099999, -2.620204588999968], [-74.74374225199995, -2.6445929189999333], [-74.74313475199995, -2.644820855999967], [-74.74306748599997, -2.6448464919999424], [-74.74306748599997, -2.6448460949999344], [-74.71077532599998, -2.666036080999959], [-74.70578262099997, -2.69561856699994], [-74.69462480199996, -2.7007841509999366], [-74.65308264799995, -2.7200232129999335], [-74.63348409599996, -2.7603782459999593], [-74.61957591499998, -2.7617443639999806], [-74.60326249399998, -2.7633505399999763], [-74.58412709399994, -2.7652257089999353], [-74.58401148999997, -2.7651914159999365], [-74.56308797099996, -2.7590064859999757], [-74.56308798199996, -2.7590029709999726], [-74.56308785899995, -2.7590029349999554], [-74.56310431399999, -2.753956695999932], [-74.55867017299994, -2.7539379249999456], [-74.54994163999999, -2.7539046479999456], [-74.54993924499996, -2.760278881999966], [-74.54993906399994, -2.7602790269999673], [-74.54993906299995, -2.760282656999948], [-74.53378306199994, -2.7731661359999293], [-74.51951560399993, -2.784546354999975], [-74.46976481299998, -2.7734909079999284], [-74.43346512899996, -2.7654254019999485], [-74.40573740699995, -2.798947564999935], [-74.36088797799994, -2.8441565109999374], [-74.31603449199997, -2.8893628749999607], [-74.31603460099996, -2.88936287599995], [-74.28712732899999, -2.91284884199996], [-74.28220856299998, -2.919904178999957], [-74.28008702099999, -2.9229477999999744], [-74.26909853399997, -2.9387084359999562], [-74.20311710199996, -2.9373604369999384], [-74.20311417599999, -2.9414855019999777], [-74.14903727299998, -2.961771905999967], [-74.13678508499999, -2.9765727469999774], [-74.13419750599996, -2.9796986439999387], [-74.13419738699997, -2.9796986439999387], [-74.13043855799998, -2.979695668999966], [-74.10891195799996, -3.024808721999932], [-74.10891136699996, -3.024809672999936], [-74.10891186499998, -3.024809672999936], [-74.10602238899997, -3.0294658729999355], [-74.09347916899998, -3.0496812179999324], [-74.05379328499998, -3.045653315999971], [-74.04313354799996, -3.0445721429999253], [-74.00104161699994, -3.070073873999945], [-73.98021444099999, -3.1125753959999543], [-73.97890418599997, -3.1152492799999436], [-73.97801670699994, -3.1152484149999395], [-73.95356501799995, -3.115224300999955], [-73.95109342599994, -3.12083439099996], [-73.93854309499994, -3.149322349999977], [-73.92260514099996, -3.1597417369999334], [-73.92156927499997, -3.1604190759999256], [-73.92221155999994, -3.1604197459999455], [-73.92019012999998, -3.161568230999933], [-73.88949063199993, -3.1790116189999367], [-73.88073347099999, -3.190240261999975], [-73.86867349499994, -3.205706475999932], [-73.85443718299996, -3.2056240229999275], [-73.85319418099994, -3.205617105999977], [-73.83239754199997, -3.234376887999929], [-73.83644995299994, -3.23733051399995], [-73.84111593899996, -3.2395585919999803], [-73.84664166699997, -3.242034606999937], [-73.85167683799995, -3.2437691369999584], [-73.85541456499993, -3.245508731999962], [-73.85793852799998, -3.2473573089999377], [-73.86130097499995, -3.2512591309999266], [-73.86370233799994, -3.2567486779999513], [-73.86860690299994, -3.26552165399994], [-73.87240923399997, -3.2712062619999642], [-73.87633349799995, -3.277755402999958], [-73.88332746199995, -3.2860367939999264], [-73.88875887799998, -3.2909535779999715], [-73.88911582799994, -3.2910559479999506], [-73.90389887899994, -3.2773684509999725], [-73.98497605499995, -3.323834455999929], [-73.97953283899994, -3.3301576899999645], [-73.99100069399998, -3.337691255999971], [-73.99264077799995, -3.3391927959999634], [-73.99497674999998, -3.3412449959999435], [-74.00139030299994, -3.3449012139999468], [-74.00576515999995, -3.3477054079999675], [-74.00994191199999, -3.349659469999949], [-74.01382035299997, -3.3514632309999683], [-74.01839596899998, -3.3525677469999664], [-74.02173186799996, -3.352902692999976], [-74.02421853699997, -3.352688088999969], [-74.02511843099995, -3.3528699029999416], [-74.02660313899997, -3.3536758789999794], [-74.02759694499997, -3.3548267679999526], [-74.02873989699998, -3.3560777989999337], [-74.02978365399997, -3.3570287549999307], [-74.03087740499996, -3.3577297819999785], [-74.03159369099996, -3.358240463999948], [-74.03231280299997, -3.3592090709999525], [-74.03315197899997, -3.3599335619999806], [-74.03470358499999, -3.3621831979999683], [-74.03599545399999, -3.363784341999974], [-74.03693967999999, -3.3647851919999425], [-74.03788400699995, -3.3656860499999652], [-74.03899893199997, -3.3664794189999725], [-74.04042730299994, -3.367014529999949], [-74.04116536599997, -3.3677391209999428], [-74.04124179899998, -3.3682545999999434], [-74.04121389099998, -3.368989062999958], [-74.04091456999998, -3.3698386949999417], [-74.04024545499993, -3.3706055049999577], [-74.03892356499995, -3.3709366289999707], [-74.03782866199998, -3.3713855039999316], [-74.03728079299998, -3.3720349039999746], [-74.03709984799997, -3.372664810999936], [-74.03682360699997, -3.3738314339999533], [-74.03598300399995, -3.376433231999954], [-74.03550491499993, -3.377873557999976], [-74.03533390599995, -3.3788323759999344], [-74.03498462799996, -3.379881935999947], [-74.03460748899994, -3.381997508999973], [-74.03442684599997, -3.384331121999935], [-74.03442577999994, -3.3854075609999654], [-74.03442435499994, -3.3868458279999345], [-74.03460108499996, -3.3884651869999516], [-74.03510313399994, -3.3893612149999512], [-74.03524947799997, -3.3904197099999465], [-74.03504096699999, -3.3913512099999252], [-74.03552062199998, -3.3921386669999265], [-74.03611960499995, -3.392862923999928], [-74.03641923799995, -3.393650200999957], [-74.03651279699994, -3.3940822259999663], [-74.03641230699998, -3.3950820379999413], [-74.03546687099998, -3.3952810729999783], [-74.03462122999997, -3.3951802339999517], [-74.03392424299994, -3.3956794919999425], [-74.03357544999994, -3.396229091999942], [-74.03358570399996, -3.396903816999952], [-74.03357360999996, -3.3980789279999613], [-74.03369723399999, -3.3995905039999457], [-74.03383152699996, -3.4008841749999306], [-74.03411667699999, -3.4022791039999447], [-74.03454922899994, -3.403291054999954], [-74.03476168099996, -3.404029598999955], [-74.03484557099995, -3.4045305509999366], [-74.03481105799995, -3.4049078829999644], [-74.03453700199998, -3.4058681749999664], [-74.03422601399996, -3.4064114999999333], [-74.03402340199995, -3.407411427999932], [-74.03398847699998, -3.4082004309999547], [-74.03398779299994, -3.408886549999977], [-74.03378211199998, -3.4097439929999496], [-74.03327911599996, -3.410996718999968], [-74.03327696399998, -3.4131495939999468], [-74.03352710199994, -3.4150494449999655], [-74.03377761999997, -3.416569375999927], [-74.03446362699998, -3.417819784999949], [-74.03469909599994, -3.418865812999968], [-74.03465084199996, -3.4198164819999306], [-74.03394072599997, -3.4203861959999244], [-74.03285218499997, -3.420955524999954], [-74.03166865499998, -3.4219050439999705], [-74.02906555299995, -3.4233284749999484], [-74.02504233999997, -3.4257486999999287], [-74.02016649099994, -3.429308882999976], [-74.01756277399994, -3.4313026999999465], [-74.01334887799999, -3.4351011919999337], [-74.01103537299997, -3.436120904999939], [-74.00767006399997, -3.4374245259999725], [-74.00468851699998, -3.4387999379999314], [-74.00199043699996, -3.4405083839999406], [-74.00000210299999, -3.4420274259999246], [-73.99484197699996, -3.4458723379999583], [-73.99081705499998, -3.4497659559999647], [-73.98688640599994, -3.453944857999943], [-73.98443186399999, -3.45730477099994], [-73.98252443999996, -3.458669125999961], [-73.97978415999995, -3.4601643239999476], [-73.97626152199996, -3.461392221999972], [-73.97305820699995, -3.462188436999952], [-73.96840507699994, -3.4631640109999466], [-73.96503859599994, -3.4633977029999414], [-73.96204912399998, -3.4636270439999635], [-73.95806947999995, -3.4638054459999807], [-73.95508915999994, -3.4640585909999686], [-73.95205468799998, -3.4643706309999516], [-73.94912460999996, -3.4648930469999755], [-73.94703164799995, -3.465311253999971], [-73.94440687999997, -3.466179241999953], [-73.94316217399995, -3.4667082269999696], [-73.94206121099995, -3.467407625999954], [-73.94055893999996, -3.4684100979999357], [-73.93912471299996, -3.469848084999967], [-73.93712253199999, -3.471623425999951], [-73.93513200799998, -3.473766960999967], [-73.93174075699994, -3.477388747999953], [-73.92834922799995, -3.4812324909999575], [-73.92562088899996, -3.4846330189999435], [-73.92303979799993, -3.488033702999928], [-73.92075263799995, -3.491952656999956], [-73.91890675899998, -3.496316062999938], [-73.91772409099997, -3.5002362749999634], [-73.91698356599994, -3.5038610289999497], [-73.91664390099999, -3.50606879999998], [-73.91639004899997, -3.5077079259999664], [-73.91663930099998, -3.510063880999951], [-73.91719476599997, -3.5122963699999445], [-73.91866435099996, -3.5150357859999417], [-73.92050229799997, -3.517627645999937], [-73.92217353099994, -3.519742634999943], [-73.92381147699996, -3.5215530719999606], [-73.92624964999999, -3.523637320999967], [-73.93563717699993, -3.529712968999945], [-73.93837812699996, -3.531395576999955], [-73.94214737199997, -3.533337734999975], [-73.94544569099997, -3.534848712999974], [-73.94780149499996, -3.536057166999967], [-73.95002912199999, -3.536920964999979], [-73.95234237299996, -3.537870982999948], [-73.95449958899997, -3.5383533069999658], [-73.95692718999999, -3.5387374379999414], [-73.95939585199994, -3.538967548999949], [-73.96121225699994, -3.5393882179999423], [-73.96262598399994, -3.539732074999961], [-73.96434165499994, -3.5404441669999756], [-73.96661214999995, -3.5416134129999364], [-73.96817558999999, -3.5430354969999485], [-73.96903242099995, -3.544304611999962], [-73.97019323999996, -3.545989636999934], [-73.97210670699997, -3.549076313999933], [-73.97311449699998, -3.5508021329999337], [-73.97482868799995, -3.552883822999945], [-73.97684540699998, -3.5553209329999618], [-73.97833873299999, -3.5569835689999536], [-73.98029258899999, -3.558013331999973], [-73.98213000999993, -3.559245561999944], [-73.98390717099994, -3.56095940299997], [-73.98436004099995, -3.5623295189999453], [-73.98420669199999, -3.5640540489999353], [-73.98364928799998, -3.5659303109999314], [-73.98273859099999, -3.567704724999942], [-73.98213164299995, -3.5687185799999384], [-73.98126999799996, -3.570083671999953], [-73.98000910499997, -3.5706438219999654], [-73.97859515899995, -3.570946603999971], [-73.97713016499995, -3.57175658999995], [-73.97552579099994, -3.573213543999941], [-73.97456621099997, -3.5749401619999617], [-73.97434757199994, -3.577029010999979], [-73.97494425299993, -3.579562843999952], [-73.97580513799994, -3.582914897999956], [-73.97838085399997, -3.589381085999946], [-73.97917767099995, -3.5919986969999513], [-73.97957886399996, -3.594434011999965], [-73.97990319999997, -3.598229314999969], [-73.97970803099997, -3.6016935309999667], [-73.97932054699999, -3.605546487999959], [-73.97931168099996, -3.6076732899999797], [-73.97969944999994, -3.609391260999928], [-73.98141996899994, -3.6120887639999637], [-73.98359674099999, -3.6134609169999408], [-73.98567158499998, -3.6147709429999395], [-73.98700505699998, -3.616337390999945], [-73.98784576599996, -3.6188876619999633], [-73.98999788499998, -3.6281542239999567], [-73.99503459199997, -3.6363551319999488], [-73.99660696199999, -3.6389673939999625], [-73.99748675399997, -3.6420746669999744], [-73.99783076999995, -3.643784838999977], [-73.99954965899997, -3.645515606999936], [-74.00176198299994, -3.6456415619999802], [-74.00262224899996, -3.6457660079999528], [-74.00532596499994, -3.646139479999931], [-74.00716833199994, -3.6473764169999754], [-74.00790460299999, -3.648488638999936], [-74.00900880999995, -3.6503422049999585], [-74.00943532499997, -3.6517332719999445], [-74.00983238599997, -3.6526807639999674], [-74.01008295999998, -3.653437826999948], [-74.01015449099998, -3.6540179359999456], [-74.01015341799996, -3.65499673599993], [-74.01008667999997, -3.6563264199999708], [-74.01040337899997, -3.657389635999948], [-74.01111967499997, -3.658534688999964], [-74.01177241299996, -3.6593487529999607], [-74.01305895599995, -3.6599660379999364], [-74.01436968799999, -3.6600404079999294], [-74.01534430599997, -3.659715215999938], [-74.01707121599998, -3.6589302159999306], [-74.01895406599994, -3.658450368999979], [-74.02134162099998, -3.6585459419999324], [-74.02357204399993, -3.6591442149999693], [-74.02544714999993, -3.660306326999944], [-74.02616812299993, -3.6609596499999384], [-74.02717823999996, -3.661178262999954], [-74.02854950799997, -3.6611072519999652], [-74.02966791599994, -3.661289727999929], [-74.03074965599995, -3.6620159449999505], [-74.03157814699995, -3.6633581709999703], [-74.03219021299998, -3.6646276589999616], [-74.03316304499998, -3.6659700419999695], [-74.03388422399996, -3.666442100999973], [-74.03493023899995, -3.666842006999957], [-74.03749156299995, -3.667461062999962], [-74.04070210299994, -3.6683708289999686], [-74.04246892599997, -3.6696053039999583], [-74.04423556199998, -3.671021036999946], [-74.04567840499993, -3.6715301159999285], [-74.04686919599999, -3.6715313909999736], [-74.04772485299998, -3.6711841439999375], [-74.04899964399993, -3.6701560819999486], [-74.04990237099997, -3.6695770089999655], [-74.05076878199998, -3.6692154099999357], [-74.05214905599996, -3.6691173969999795], [-74.05361911799997, -3.669544711999947], [-74.05560270399997, -3.6705618819999586], [-74.05827137299997, -3.672087307999959], [-74.06000226399993, -3.6732129609999333], [-74.06115591699995, -3.674229245999925], [-74.06259817399996, -3.6753183389999435], [-74.06400438999998, -3.676371139999958], [-74.06506989899998, -3.6774893089999523], [-74.06562613699998, -3.6783667299999365], [-74.06595007199996, -3.6791646239999523], [-74.06625811499998, -3.6802561959999593], [-74.06648870599997, -3.681702861999952], [-74.06653962299998, -3.683056760999932], [-74.06642388799997, -3.684942534999948], [-74.06618870799997, -3.686608589999935], [-74.06571071799993, -3.6873498369999425], [-74.06483540099998, -3.688651499999935], [-74.06304639999996, -3.690802494999957], [-74.06203686399994, -3.6915099579999264], [-74.06044311699998, -3.69242264199994], [-74.05731328399997, -3.6935051299999486], [-74.05589024699998, -3.6943608359999303], [-74.05503599999997, -3.6952742949999333], [-74.05412468399999, -3.696359134999966], [-74.05361611699993, -3.6970249849999277], [-74.05222489899995, -3.698574591999943], [-74.05214613399994, -3.7000480479999283], [-74.05264656699995, -3.701328238999963], [-74.05368730899994, -3.702686564999965], [-74.05549885099998, -3.7051702599999317], [-74.05753008899995, -3.7074859849999484], [-74.05834984799998, -3.7082096389999606], [-74.11267773799995, -3.756164615999978], [-74.14441796699998, -3.804275410999935], [-74.14701569099998, -3.805829790999951], [-74.15173850799994, -3.8057752439999604], [-74.15692164999996, -3.804703877999941], [-74.16246466699994, -3.8016517659999636], [-74.16516202899999, -3.799537288999943], [-74.16771496899997, -3.7986852269999645], [-74.16917297099997, -3.7990528649999646], [-74.17104426399999, -3.7996880559999795], [-74.17281723199994, -3.800765442999932], [-74.17524643799999, -3.802232692999951], [-74.17731140999996, -3.8033333599999537], [-74.18086769699994, -3.804907951999951], [-74.18577307499999, -3.807101801999977], [-74.19091657099995, -3.810060498999974], [-74.19565381699994, -3.8127506449999373], [-74.19924948899995, -3.8147156909999467], [-74.20373127099998, -3.816417908999938], [-74.20694652299994, -3.8180310869999516], [-74.20962290999995, -3.820576586999948], [-74.21148736399994, -3.8228810939999676], [-74.21265730599998, -3.826657248999936], [-74.21298281299994, -3.829552286999956], [-74.21336657799998, -3.8327549449999765], [-74.21367617999994, -3.83670355299995], [-74.21490995999994, -3.8416800499999795], [-74.21710727999994, -3.8462428229999546], [-74.21971765299998, -3.8505295639999417], [-74.22156889199994, -3.8530528079999726], [-74.22210434199997, -3.8541297809999264], [-74.22268202899994, -3.8553884329999732], [-74.23036185799998, -3.8540812089999577], [-74.24062208399994, -3.852334644999928], [-74.24078285199994, -3.8398357479999277], [-74.24078293599996, -3.839835683999979], [-74.24078297399996, -3.8398328099999617], [-74.24553388599998, -3.8362312939999583], [-74.25256152899993, -3.8308995339999683], [-74.26687597399996, -3.818227985999954], [-74.27468410299997, -3.811313421999955], [-74.28015972899993, -3.808629006999979], [-74.28618772099998, -3.805671292999932], [-74.29129457999994, -3.7950703809999595], [-74.29182009999994, -3.7939791839999657], [-74.30049989199995, -3.7759557969999378], [-74.31332750199994, -3.7748243729999444], [-74.34831792599994, -3.771733582999957], [-74.37645022499999, -3.728473378999979], [-74.38258672599994, -3.7190354439999282], [-74.40640136499997, -3.7154702409999345], [-74.40641042899995, -3.701882479999938], [-74.40641067699994, -3.7018824809999273], [-74.40641067699994, -3.7018819379999286], [-74.45991609599997, -3.701916272999938], [-74.46119377699995, -3.700171614999931], [-74.46262386499996, -3.6992678319999754], [-74.46369634199993, -3.698734737999928], [-74.46602048899996, -3.697297743999968], [-74.46691297099994, -3.696583604999944], [-74.46834116699995, -3.6950380799999607], [-74.46913407799997, -3.693606261999946], [-74.46976899999999, -3.6914582019999784], [-74.47009401599996, -3.69042636599994], [-74.47024512999997, -3.6899466199999438], [-74.47049305099995, -3.6879643919999694], [-74.47067297499996, -3.6863542129999587], [-74.47096683799998, -3.685268801999939], [-74.47125426299993, -3.684599528999968], [-74.47192500899996, -3.683840016999966], [-74.47260127599998, -3.683261439999967], [-74.47307383999998, -3.6826284619999683], [-74.47335568799997, -3.6818687179999756], [-74.47335653299996, -3.6804303159999563], [-74.47335737699996, -3.678991913999937], [-74.47335832799996, -3.6773725799999397], [-74.47335885299998, -3.6764769709999428], [-74.47335979799993, -3.6748666839999373], [-74.47360519799997, -3.6738717079999788], [-74.47437164099995, -3.6730579709999347], [-74.47550199999995, -3.6726063089999457], [-74.47633413899996, -3.6720459119999305], [-74.47630105099995, -3.6708788859999686], [-74.47594493899999, -3.6706434659999445], [-74.47437727799996, -3.6701540279999563], [-74.47346898699993, -3.670053978999931], [-74.47275605299996, -3.6698364399999264], [-74.47229308599998, -3.669474303999948], [-74.47112896499993, -3.668621868999935], [-74.47041655399994, -3.667905297999937], [-74.46946695499997, -3.666472437999971], [-74.47002212799998, -3.665199616999928], [-74.47105228699996, -3.6643249369999467], [-74.47247859899994, -3.663211773999933], [-74.47354633299994, -3.66193925999994], [-74.47426212499994, -3.660139415999936], [-74.47493649599994, -3.6587571899999602], [-74.47605137299996, -3.6560152329999482], [-74.47644393599995, -3.6543020399999477], [-74.47715934799999, -3.6523882069999445], [-74.47787756599996, -3.6512306649999573], [-74.47869187699996, -3.650317435999966], [-74.48105835499996, -3.6493779659999745], [-74.48481113999998, -3.6481226569999308], [-74.48687726299994, -3.646866367999962], [-74.48999495399994, -3.64507692199993], [-74.49171234799996, -3.6434495099999253], [-74.49305356099995, -3.641242899999952], [-74.49358136999996, -3.638357333999977], [-74.49375222399993, -3.6357429639999737], [-74.49428994899995, -3.633228312999961], [-74.49443625499998, -3.6304406979999726], [-74.49483305399997, -3.629008618999933], [-74.49538785499993, -3.628292778999935], [-74.49665576699994, -3.6270203299999366], [-74.49879496699998, -3.625589219999938], [-74.50001236799994, -3.6247910279999473], [-74.50100821799998, -3.6242216429999417], [-74.50378645199999, -3.6221703649999313], [-74.50618471799999, -3.620822963999956], [-74.50853948699995, -3.6202632249999738], [-74.51115317099999, -3.620105498999976], [-74.51360815799995, -3.6205046869999364], [-74.51690524299994, -3.6211815809999734], [-74.52190693099999, -3.6236992089999376], [-74.52637288899996, -3.626216529999965], [-74.52894747699997, -3.6255716319999465], [-74.55148561099998, -3.5463109889999487], [-74.61057938099998, -3.5608036089999473], [-74.61963760899994, -3.5696323349999375], [-74.61963809099996, -3.5696280009999555], [-74.65973867199995, -3.5313938809999286], [-74.65962039599998, -3.4535640709999598], [-74.68237980299995, -3.4544451119999735], [-74.71018319599995, -3.455516933999945], [-74.71157851599997, -3.4540789079999286], [-74.71387693699995, -3.4507413099999553], [-74.71479562399998, -3.4494116969999595], [-74.71890649099998, -3.4438490959999513], [-74.72140903899998, -3.438819768999963], [-74.72362060999995, -3.4346213179999268], [-74.72448161899996, -3.4328011239999796], [-74.72534155699998, -3.430922983999949], [-74.72643023899997, -3.4285691539999448], [-74.72677200399994, -3.4264361399999643], [-74.72666383599994, -3.4249343259999705], [-74.72623660199997, -3.4235590769999362], [-74.72575273699994, -3.4221518949999563], [-74.72466640299996, -3.420103582999957], [-74.72317252099998, -3.417918618999977], [-74.72217658899996, -3.416507486999933], [-74.72114333499997, -3.415065671999969], [-74.72018480099996, -3.413457662999974], [-74.71980562999994, -3.412177190999955], [-74.71968793699995, -3.4107528929999376], [-74.71982361799996, -3.4095891159999496], [-74.72031873899994, -3.4076276079999275], [-74.72063984599998, -3.4059484669999733], [-74.72086706999994, -3.4032178669999666], [-74.72106397799996, -3.3964531119999606], [-74.72142182399995, -3.3944809939999345], [-74.72162795099996, -3.393112283999926], [-74.72227307999998, -3.391396765999957], [-74.72408486499995, -3.3890713109999524], [-74.72622116399998, -3.3860317169999803], [-74.72721827099997, -3.383993274999966], [-74.72793036099995, -3.3829919969999764], [-74.72877962199993, -3.382070753999926], [-74.73003065599994, -3.3813472989999696], [-74.73074262299997, -3.380775223999933], [-74.73131225699996, -3.380095806999975], [-74.73141919599993, -3.379487795999978], [-74.73156170499993, -3.3789513289999604], [-74.73202444699996, -3.378701087999957], [-74.73248720099997, -3.3784150789999785], [-74.73334162399993, -3.377485368999942], [-74.73394697999998, -3.3763052209999387], [-74.73419625799994, -3.375458974999958], [-74.73410704299994, -3.37456330699996], [-74.73370442999999, -3.373703740999929], [-74.73327169099997, -3.372907158999965], [-74.73269021699997, -3.3721625949999634], [-74.73213319799999, -3.3714761599999292], [-74.73157837899998, -3.3708769069999676], [-74.73118931099998, -3.3701502799999616], [-74.73124511999998, -3.3694237759999623], [-74.73152336699997, -3.3686973329999432], [-74.73196837899997, -3.3681944809999322], [-74.73263581399993, -3.3677475759999425], [-74.73330320099996, -3.367468328999962], [-74.73352585099997, -3.366685984999947], [-74.73397089199995, -3.366071358999932], [-74.73497203899996, -3.3654009989999736], [-74.73580625299996, -3.3651217949999364], [-74.73658391299995, -3.364216649999946], [-74.73708227599997, -3.3638233469999363], [-74.73782972899994, -3.363573178999957], [-74.73847591099997, -3.3635577049999483], [-74.73908752199998, -3.3638931869999738], [-74.73992927299997, -3.3645394559999318], [-74.74092572399996, -3.3647900929999537], [-74.74163754999995, -3.3646829809999304], [-74.74242065899995, -3.3641824479999514], [-74.74286900199996, -3.3636706499999605], [-74.74350784099994, -3.3626962969999568], [-74.74465353499994, -3.3619909399999415], [-74.74661869699997, -3.360191117999932], [-74.74786987599998, -3.3584001539999804], [-74.74954429399997, -3.355065915999944], [-74.75060139699997, -3.3529425099999344], [-74.75180190299994, -3.350141328999939], [-74.75240369299996, -3.3487573029999567], [-74.75321623199994, -3.348025186999962], [-74.75471789299996, -3.3470754989999705], [-74.75633089099995, -3.345622859999935], [-74.75694285599997, -3.344505286999947], [-74.75749938999996, -3.342661178999947], [-74.75811120199995, -3.3421583529999452], [-74.75950148299995, -3.3418233789999476], [-74.76078056099993, -3.3414324879999526], [-74.76183719299996, -3.3410974289999444], [-74.76378373799997, -3.339980174999937], [-74.76545216099998, -3.339198167999939], [-74.76739859299994, -3.3385279969999715], [-74.76862210899998, -3.337913536999963], [-74.77006811999996, -3.3370196969999597], [-74.77150408099999, -3.3362912739999615], [-74.77203793899997, -3.3361840969999434], [-74.77286969299996, -3.336123713999939], [-74.77359827499998, -3.3361419769999543], [-74.77421204999996, -3.336304962999975], [-74.77484823899994, -3.3368660199999454], [-74.77521324899999, -3.3374270139999567], [-74.77545399799999, -3.338295154999969], [-74.77566719899994, -3.3397616609999545], [-74.77580937699997, -3.3405485739999676], [-74.77602275799995, -3.3412282009999785], [-74.77641411599996, -3.341764798999975], [-74.77666320899993, -3.34190792499993], [-74.77712582599997, -3.3420868669999777], [-74.77788410599999, -3.3418877629999315], [-74.77873100999994, -3.3411551529999315], [-74.77929713299994, -3.340442064999934], [-74.77962593299998, -3.339535952999938], [-74.77985012499994, -3.338323713999955], [-74.78011882199996, -3.3368400759999304], [-74.78038657599996, -3.334533166999961], [-74.78068675699996, -3.333002783999973], [-74.78090048799999, -3.3321086499999524], [-74.78107856699995, -3.331500645999938], [-74.78122100899998, -3.3311072379999587], [-74.78164814399997, -3.330785427999956], [-74.78253100299997, -3.3305801309999765], [-74.78399708099994, -3.330428273999928], [-74.78510042599999, -3.329999308999959], [-74.78602588799998, -3.329284164999933], [-74.78652429899995, -3.3284973929999637], [-74.78691598999995, -3.3274959939999462], [-74.78734334499995, -3.3261369299999615], [-74.78752153299996, -3.32499241499994], [-74.78753408099993, -3.323759830999961], [-74.78730846799994, -3.322810562999962], [-74.78681046699995, -3.3217016689999355], [-74.78613444099994, -3.3209861759999626], [-74.78499574299997, -3.3203778839999245], [-74.78403500399997, -3.3196980949999784], [-74.78378606499996, -3.3188753919999385], [-74.78382186999994, -3.3178739159999395], [-74.78399998299994, -3.317087074999961], [-74.78435605899995, -3.316192970999964], [-74.78489022199994, -3.3146193259999563], [-74.78617184299998, -3.312545100999955], [-74.78734658699994, -3.310971593999966], [-74.78805855299998, -3.3100060289999647], [-74.78901963399994, -3.3090405179999607], [-74.78983831699998, -3.3082895779999717], [-74.79087049499998, -3.3076817529999403], [-74.79165349699997, -3.307360011999947], [-74.79275676899994, -3.3071456399999306], [-74.79368204099995, -3.3072173679999537], [-74.79482080299994, -3.3074679769999307], [-74.79628729499996, -3.307866186999945], [-74.79720509499998, -3.307969211999932], [-74.79834391799994, -3.3079336779999267], [-74.80030131399997, -3.307647936999956], [-74.80208081899997, -3.307111784999961], [-74.80393151199996, -3.306504107999956], [-74.80631611299998, -3.3054315579999525], [-74.80770418699996, -3.304680714999961], [-74.80889255799997, -3.3040040359999807], [-74.81008887399997, -3.303107410999928], [-74.81137025199996, -3.3019630999999663], [-74.81226011499996, -3.301069085999927], [-74.81336351599998, -3.30010357499998], [-74.81443130699995, -3.2992453579999506], [-74.81546346299996, -3.2986375059999773], [-74.81624648399998, -3.298136908999936], [-74.81710067999995, -3.29763632199996], [-74.81784814999997, -3.2969211129999394], [-74.81866689899994, -3.2956336369999804], [-74.81902294999998, -3.2946679819999645], [-74.81912980199996, -3.2941672589999484], [-74.81920117199996, -3.293094248999978], [-74.81913015099997, -3.2922358189999272], [-74.81895234299998, -3.2915204399999425], [-74.81872634199993, -3.2905546629999662], [-74.81848998399994, -3.2899823569999285], [-74.81831213799995, -3.2894815809999614], [-74.81820551899995, -3.2886946789999456], [-74.81849031399997, -3.288158219999957], [-74.81905977599996, -3.2878006499999515], [-74.81973595399995, -3.2876934709999546], [-74.82030538999999, -3.2874789699999383], [-74.82083926299998, -3.2871213919999605], [-74.82137316099994, -3.2866207449999365], [-74.82187159199998, -3.2854405089999545], [-74.82279713199995, -3.2839026769999577], [-74.82390060999995, -3.2823291059999633], [-74.82469621099995, -3.281219258999954], [-74.82576809099999, -3.2803237969999373], [-74.82646330299997, -3.2798973719999367], [-74.82745978299994, -3.2796471739999333], [-74.82806473799997, -3.279790347999949], [-74.82870521399997, -3.2803269689999297], [-74.82934038399998, -3.281039125999939], [-74.83010883799994, -3.281256384999949], [-74.83084555699998, -3.2811750869999514], [-74.83130297399998, -3.280899690999945], [-74.83165893999995, -3.280327472999943], [-74.83174653199995, -3.2795286899999496], [-74.83173040099996, -3.278610647999926], [-74.83158314899998, -3.277556421999975], [-74.83133932099997, -3.2763572339999314], [-74.83092839499994, -3.275330753999981], [-74.83044999699996, -3.2742825729999367], [-74.82987751799999, -3.2735030859999483], [-74.82888440599999, -3.2729231439999467], [-74.82788800599997, -3.2727441349999253], [-74.82714076299999, -3.272279029999936], [-74.82664276399998, -3.271027083999968], [-74.82632263699998, -3.270132842999942], [-74.82635837099997, -3.2692744309999284], [-74.82660761899996, -3.2684518239999534], [-74.82679288899999, -3.266598012999964], [-74.82710652999998, -3.264374423999925], [-74.82717801999996, -3.2625145289999296], [-74.82692931299994, -3.2601896039999474], [-74.82663649199998, -3.2587288149999267], [-74.82653817499994, -3.2583653979999667], [-74.82612919699994, -3.2578783109999563], [-74.82452189399999, -3.256448607999971], [-74.82237887399998, -3.2542950509999287], [-74.82023583299997, -3.2523133819999543], [-74.81814121099995, -3.2505666129999327], [-74.81700267899998, -3.249350313999969], [-74.81621994299996, -3.2484917539999287], [-74.81597101699998, -3.24752598799995], [-74.81607790999993, -3.2467748909999727], [-74.81614925699995, -3.2458091839999383], [-74.81604257599997, -3.245379955999965], [-74.81568677699994, -3.2450579839999705], [-74.81454814199998, -3.244449728999939], [-74.81365856299993, -3.2440918909999255], [-74.81291133499997, -3.2436983099999566], [-74.81266232599995, -3.243197519999967], [-74.81269810899994, -3.2421245049999357], [-74.81294743299998, -3.240908458999968], [-74.81355262499994, -3.2396209439999666], [-74.81475801099998, -3.23825747799998], [-74.81579496399996, -3.2371534039999688], [-74.81755959199995, -3.2356212269999673], [-74.81846431099996, -3.234721701999945], [-74.81959667099994, -3.233739820999972], [-74.82245035999995, -3.231968317999929], [-74.82572451199997, -3.230216281999958], [-74.82795229499999, -3.229100174999928], [-74.82980408199995, -3.228304353999931], [-74.83131404799997, -3.227906538999946], [-74.83381729699994, -3.226947971999948], [-74.83685137699996, -3.225573322999935], [-74.83871409199998, -3.224245268999937], [-74.83907001699998, -3.2237803479999343], [-74.83921243499998, -3.2232796259999645], [-74.83935490999994, -3.2224212289999628], [-74.83942616499996, -3.2218847279999636], [-74.83967532099996, -3.2214913259999776], [-74.84003119999994, -3.2213125449999325], [-74.84067180799997, -3.220811899999944], [-74.84113450699994, -3.2202039259999538], [-74.84181082599997, -3.218880634999948], [-74.84209565899994, -3.217879188999973], [-74.84234486899999, -3.2171281109999654], [-74.84277191999996, -3.2169135709999637], [-74.84331980899998, -3.2170611239999403], [-74.84354559499997, -3.2175677899999755], [-74.84348327999999, -3.2191312659999767], [-74.84341193999995, -3.2202400469999475], [-74.84358971299997, -3.2212415639999676], [-74.84384113199997, -3.2218108759999495], [-74.84472824399995, -3.2224936009999396], [-74.84640060199996, -3.223423810999975], [-74.84750365999997, -3.2239604899999676], [-74.84871349099996, -3.224389879999933], [-74.85006569999996, -3.224568918999978], [-74.85124001499997, -3.2245333239999354], [-74.85259226599999, -3.224426219999941], [-74.85399856399994, -3.2239565269999275], [-74.85554602599996, -3.2230674799999406], [-74.85631423799998, -3.2225274319999357], [-74.85761019499995, -3.221386698999936], [-74.85853800899997, -3.220510263999927], [-74.85946085299997, -3.2196701159999748], [-74.86003029499994, -3.2190621479999777], [-74.86060795299994, -3.2182126129999347], [-74.86095572299996, -3.2174527369999737], [-74.86120499699996, -3.2161293729999443], [-74.86124073099995, -3.2150205839999444], [-74.86109848899997, -3.214305213999978], [-74.86081391199997, -3.213554057999943], [-74.86052932599995, -3.212874435999936], [-74.86013800099994, -3.2120874969999704], [-74.85988899999995, -3.2114078799999675], [-74.85978229999995, -3.2110144219999484], [-74.85985353699994, -3.210513685999956], [-74.86024504699998, -3.209941459999925], [-74.86087126699994, -3.2096089499999607], [-74.86168079699996, -3.2094190729999355], [-74.86348341699994, -3.2086900359999504], [-74.86483571699995, -3.208046400999933], [-74.86590333899994, -3.207402725999941], [-74.86657949699998, -3.207009371999959], [-74.86761153599997, -3.2063299229999416], [-74.86821655099999, -3.205721953999955], [-74.86867921399994, -3.2052212679999457], [-74.86911265799995, -3.204534672999955], [-74.86953341399999, -3.2038622109999437], [-74.86996052199999, -3.2031111469999587], [-74.87038762099996, -3.2024316179999346], [-74.87074350099994, -3.2021455239999455], [-74.87120612499996, -3.2019309759999715], [-74.87220246599998, -3.2021099389999677], [-74.87334110999996, -3.2025750599999583], [-74.87440861999994, -3.202754028999948], [-74.87568965099996, -3.202825721999943], [-74.87686333999994, -3.2025995779999334], [-74.87757779199995, -3.2024187239999264], [-74.87878555499998, -3.202325347999931], [-74.87981747899994, -3.2025400759999343], [-74.88077820099994, -3.2030409339999437], [-74.88181002599998, -3.2041140809999433], [-74.88280628999996, -3.205008383999939], [-74.88323327199998, -3.205294573999936], [-74.88400729599994, -3.205649257999937], [-74.88572410899997, -3.206010206999963], [-74.88640019599995, -3.206189120999966], [-74.88743212099996, -3.2064396079999256], [-74.88849963499996, -3.2066543309999247], [-74.88988740699995, -3.206904854999948], [-74.89133005499997, -3.207260433999977], [-74.89316107799993, -3.2079782299999806], [-74.89465557499994, -3.2085506669999404], [-74.89572309599998, -3.2087296149999247], [-74.89659842699996, -3.2087808799999493], [-74.89759555999996, -3.208600040999954], [-74.89901012599995, -3.208165924999946], [-74.90010009899999, -3.2078000959999713], [-74.90152352599995, -3.2073710249999294], [-74.90251993599998, -3.2069419089999656], [-74.90312490499997, -3.206620058999931], [-74.90362313199995, -3.2061551269999313], [-74.90412139299997, -3.2053325199999563], [-74.90427362299994, -3.204819036999936], [-74.90451290299995, -3.2044741349999413], [-74.90497553099993, -3.204152269999952], [-74.90568721499994, -3.2042238709999538], [-74.90632770999997, -3.2045100709999588], [-74.90714609699995, -3.2051539619999403], [-74.90767980999993, -3.205762059999927], [-74.90814237099994, -3.2061913119999303], [-74.90858146299996, -3.206276002999971], [-74.90899641999994, -3.205976782999926], [-74.90924556899995, -3.205332988999942], [-74.90928364499996, -3.2048556829999484], [-74.90954851999999, -3.2026029989999643], [-74.90974405699995, -3.2018635779999727], [-74.90999322199997, -3.2010051769999563], [-74.91020679799993, -3.200218308999979], [-74.91045591899996, -3.199860654999952], [-74.91066944099998, -3.1996818349999785], [-74.91120321899996, -3.1995388119999575], [-74.91184373399994, -3.1995746349999763], [-74.91301801199995, -3.199646270999949], [-74.91404996199998, -3.199610590999953], [-74.91525983299994, -3.1995749239999327], [-74.91650529799995, -3.1994319569999448], [-74.91757283899994, -3.199288972999966], [-74.91885390199997, -3.198967166999978], [-74.91977912499993, -3.1985737969999377], [-74.92027733899994, -3.1981446239999514], [-74.92070438999997, -3.1976439109999433], [-74.92102466499995, -3.197429329999977], [-74.92152285599997, -3.1972862979999377], [-74.92216336199994, -3.1974294169999666], [-74.92248361299994, -3.1975367449999794], [-74.92305296899997, -3.19742948399994], [-74.92348000499999, -3.1971076079999534], [-74.92431514699996, -3.1969679059999407], [-74.92582385399999, -3.1973479919999477], [-74.92665920099995, -3.1977189799999337], [-74.92793112899994, -3.1984045239999546], [-74.92922852499998, -3.1987477999999783], [-74.93223191999994, -3.1991849829999524], [-74.93491099299996, -3.199727978999931], [-74.93723284399994, -3.2004428389999475], [-74.93930462799995, -3.2014833719999274], [-74.94098347499994, -3.202605301999938], [-74.94219697499994, -3.2036900799999444], [-74.94320624299996, -3.2048671839999656], [-74.94391794399996, -3.2056719129999465], [-74.94401599299994, -3.205509567999968]], [[-74.49270109599996, -3.4272360379999327], [-74.63124811999995, -3.186301288999971], [-74.67705882399997, -3.213991164999925], [-74.68281199099994, -3.217466981999962], [-74.69119904899998, -3.2225370559999647], [-74.74039671599996, -3.2522679709999807], [-74.74039632299997, -3.2522686559999556], [-74.60186319199994, -3.4932206359999327], [-74.58526130199994, -3.4831896369999527], [-74.56407564699998, -3.4703810239999484], [-74.54596856399996, -3.4594365359999415], [-74.54597174399998, -3.4594349889999307], [-74.54596831799995, -3.4594329179999477], [-74.53862518999995, -3.454996732999973], [-74.53862481999994, -3.4549975679999534], [-74.49270080599996, -3.4272365409999566], [-74.49270109599996, -3.4272360379999327]]]}}, {"type": "Feature", "properties": {"objectid": 17294, "anp_gid": 121, "acr_codi": "ACR15", "acr_nomb": "Bosques Secos Salitral - Huarmaca", "acr_sect": "Sector Sur", "acr_ubpo": "Piura", "acr_suleg": 3674.5, "acr_balec": "D.S. Nº 019-2011-MINAM", "acr_felec": 1311224400000, "acr_balem": " ", "acr_felem": null, "acr_obs": null, "met_link": null, "acr_orden": 15, "acr_id": 15}, "geometry": {"type": "Polygon", "coordinates": [[[-79.72524415699996, -5.662306866999927], [-79.72652481399996, -5.663411398999926], [-79.72762445599994, -5.663475020999954], [-79.72764766299997, -5.663405781999927], [-79.73006867099997, -5.6633579689999465], [-79.73161000399995, -5.66479832899995], [-79.73251169299994, -5.664823464999927], [-79.73644781899998, -5.652140929999973], [-79.73580519899997, -5.651195643999927], [-79.73531372099995, -5.649157761999959], [-79.73521766699997, -5.64771688299993], [-79.73521051099993, -5.647695221999925], [-79.73075951099997, -5.645809735999933], [-79.73311031999998, -5.644418367999947], [-79.73050995899996, -5.641841134999936], [-79.72865219799996, -5.642102866999949], [-79.72705945899997, -5.642498067999952], [-79.72401098999995, -5.641295335999928], [-79.72244874999996, -5.6417601159999435], [-79.72056107799995, -5.64168644199998], [-79.71883772599995, -5.6411510709999675], [-79.71804325399995, -5.640484848999961], [-79.71688197699996, -5.639629440999954], [-79.71592428199995, -5.638885443999925], [-79.71517921599997, -5.638260644999946], [-79.71512981699993, -5.63821921899995], [-79.71393212399994, -5.6399441979999665], [-79.71321551399996, -5.640249995999966], [-79.71311269599994, -5.640330240999958], [-79.70674963299996, -5.642586155999936], [-79.70405902099998, -5.642606823999927], [-79.70258515199998, -5.642618139999968], [-79.70068767099997, -5.642394170999978], [-79.69921383799993, -5.642220201999976], [-79.69776569999993, -5.642330387999948], [-79.69660108499994, -5.642776128999969], [-79.69582715199994, -5.643047085999967], [-79.69565861099994, -5.643824690999963], [-79.69569958599999, -5.645069197999931], [-79.69500239699994, -5.645829086999925], [-79.69367584799994, -5.645826106999948], [-79.69141982199994, -5.646219710999958], [-79.68929585299998, -5.646879389999981], [-79.68757044199998, -5.64727417499995], [-79.68491704699994, -5.6474010689999545], [-79.68252866199998, -5.647661442999947], [-79.67974310099999, -5.647438422999926], [-79.67798699099995, -5.647460148999926], [-79.67629329599998, -5.647913056999926], [-79.67549616199994, -5.64844280899996], [-79.67429924999999, -5.649768999999935], [-79.67363385899995, -5.6506977249999295], [-79.67323661099994, -5.652074646999949], [-79.67218126499995, -5.653283654999939], [-79.67110523399998, -5.654280025999981], [-79.67030717699998, -5.655208440999957], [-79.66831673299998, -5.655469660999927], [-79.66672988999994, -5.656343281999966], [-79.66539465399995, -5.6570576459999415], [-79.66379881799998, -5.658781561999945], [-79.66273237599995, -5.661038256999973], [-79.66392476099998, -5.661705463999965], [-79.66710609199998, -5.66277592199998], [-79.66922708999994, -5.663445254999942], [-79.67081776599997, -5.663980472999981], [-79.67333644499996, -5.664783596999939], [-79.67505948699994, -5.665452000999949], [-79.67638516299996, -5.665853707999929], [-79.67810851499996, -5.666389211999956], [-79.68007634299994, -5.665982543999974], [-79.68169030399997, -5.6663973759999635], [-79.68288393299997, -5.666532983999957], [-79.68420962099998, -5.666934674999936], [-79.68632976499998, -5.668002628999943], [-79.68738893999995, -5.668935279999971], [-79.68951059799997, -5.669338764999964], [-79.69001385199994, -5.673181083999964], [-79.68893875199996, -5.6737386649999735], [-79.68850410799996, -5.674066522999965], [-79.68774570499994, -5.67419530899997], [-79.68710073399996, -5.674228573999926], [-79.68680125599997, -5.674311732999968], [-79.68654036899994, -5.674496634999969], [-79.68640052199999, -5.674774783999965], [-79.68640794199996, -5.67516631899997], [-79.68654339199998, -5.675713974999951], [-79.68703098299994, -5.676685511999949], [-79.68715747999994, -5.677080572999955], [-79.68713342399997, -5.677377435999972], [-79.68689352299998, -5.678182265999965], [-79.68680228799997, -5.678961025999968], [-79.68696793999999, -5.680405107999945], [-79.68676149599997, -5.681863267999972], [-79.68678897999996, -5.683480592999956], [-79.68698067399998, -5.684627636999949], [-79.68728890899996, -5.6857426589999704], [-79.68744599699994, -5.686105140999928], [-79.68749026099994, -5.6864927799999805], [-79.68700314499995, -5.687539518999927], [-79.68677913099998, -5.689257564999934], [-79.68634996499998, -5.6901093529999685], [-79.68607749299997, -5.6909392499999285], [-79.68550271699996, -5.692018796999946], [-79.68462874799997, -5.6930100229999425], [-79.68439501499995, -5.6948179429999755], [-79.68439238099995, -5.695975466999926], [-79.68434941799995, -5.696719495999957], [-79.68434866499996, -5.69705021599998], [-79.68534403899997, -5.696601619999967], [-79.68637578699997, -5.69660397399997], [-79.68747158099995, -5.696800254999971], [-79.68818046899997, -5.696995651999941], [-79.68869619799995, -5.697061420999944], [-79.68998588599999, -5.697064354999952], [-79.69042504299995, -5.696763310999927], [-79.69171104299994, -5.696166796999933], [-79.69270839799998, -5.6953825849999475], [-79.69344731999996, -5.695564775999969], [-79.69405089099996, -5.695975476999934], [-79.69463008399998, -5.696493545999942], [-79.69514523099997, -5.696817685999974], [-79.69560256499994, -5.697126057999981], [-79.69614703299999, -5.697542816999942], [-79.69685619199998, -5.6979067239999495], [-79.69800919699998, -5.697479935999979], [-79.69843805799997, -5.697393683999962], [-79.69863139099994, -5.6977966799999535], [-79.69890896499999, -5.698498653999934], [-79.69961321999995, -5.698777899999925], [-79.69997649199996, -5.699089422999975], [-79.70059430099997, -5.700014545999977], [-79.70101152599995, -5.700695333999931], [-79.70171520499997, -5.701184914999942], [-79.70256030599995, -5.701921918999972], [-79.70319265099994, -5.702633875999936], [-79.70368551899998, -5.703278472999955], [-79.70449421899997, -5.703647127999943], [-79.70462883699997, -5.703782579999938], [-79.70454156099998, -5.704023721999931], [-79.70391386399996, -5.70459186599993], [-79.70359956899995, -5.70527931099997], [-79.70340320999998, -5.706570764999981], [-79.70327249599995, -5.707345606999979], [-79.70301310099995, -5.707990969999969], [-79.70249532399998, -5.70882953399996], [-79.70229997599995, -5.709668823999948], [-79.70197521999995, -5.71070160599993], [-79.70171640099994, -5.711088590999964], [-79.70119920199994, -5.711668773999975], [-79.70068141799999, -5.712507334999941], [-79.70048650299998, -5.713152839999964], [-79.70048533799996, -5.7136695959999315], [-79.70119221499994, -5.714769303999958], [-79.70177099499995, -5.715481153999974], [-79.70202792399994, -5.7159338989999355], [-79.70228310599998, -5.7171617749999655], [-79.70240887899996, -5.7185831429999325], [-79.70272825899997, -5.719940353999959], [-79.70298329799994, -5.721232825999948], [-79.70311023399995, -5.722137439999926], [-79.70374844499997, -5.725097321999954], [-79.70406855699997, -5.7261315609999315], [-79.70451793599995, -5.727036903999931], [-79.70509658399999, -5.727813347999927], [-79.70561089099994, -5.728525052999942], [-79.70593144099996, -5.72936550999998], [-79.70644342399999, -5.73111072599994], [-79.70689309999995, -5.731886878999944], [-79.70767257199998, -5.732263287999956], [-79.70878738399995, -5.73229575299996], [-79.70918945899996, -5.73267188899996], [-79.70953955699997, -5.733688585999971], [-79.71011850799994, -5.7343358399999715], [-79.71114801399995, -5.735371676999932], [-79.71179189299994, -5.735825291999959], [-79.71249924699998, -5.736731212999928], [-79.71320805199997, -5.736991186999944], [-79.71404583699996, -5.737251450999963], [-79.71445728799995, -5.7374260649999655], [-79.74166726699997, -5.710062242999925], [-79.70991644799994, -5.694280069999934], [-79.70715683999998, -5.694273886999952], [-79.70480205199993, -5.69383303099994], [-79.70506672299996, -5.693372102999945], [-79.70550986899997, -5.69284039799993], [-79.70608700299994, -5.692388129999927], [-79.70628037699998, -5.692114616999959], [-79.70660766599997, -5.691428900999938], [-79.70693658799996, -5.690981409999949], [-79.70794082299994, -5.6891331379999315], [-79.70841054599998, -5.688502635999953], [-79.70858963599994, -5.688074795999967], [-79.70878496199998, -5.687289386999964], [-79.70897121099995, -5.686970815999928], [-79.71039163799998, -5.68585730999996], [-79.71085947099994, -5.685302952999962], [-79.71178302499999, -5.683915016999947], [-79.71266404999994, -5.6829331569999795], [-79.71306704399996, -5.682586125999933], [-79.71379294799993, -5.682095377999929], [-79.71464448899997, -5.681663152999931], [-79.71520713499996, -5.68126257199998], [-79.71666896999994, -5.67998986799995], [-79.71722783499996, -5.679174599999953], [-79.71772633499995, -5.6787050579999345], [-79.71828541499997, -5.678286816999957], [-79.71913998799994, -5.677890291999972], [-79.71847963599998, -5.6778703109999356], [-79.71755257199999, -5.677468591999968], [-79.71734319899997, -5.6773059649999595], [-79.71708328199998, -5.676932315999977], [-79.71680193599997, -5.676287292999973], [-79.71624617599997, -5.675374133999981], [-79.71577366799994, -5.674941326999942], [-79.71494712399993, -5.674411118999956], [-79.71310582599995, -5.673652740999955], [-79.71005501899998, -5.67324962999993], [-79.70888290799996, -5.672902703999966], [-79.70817340799994, -5.672628765999946], [-79.70703669699998, -5.6710335859999645], [-79.70688831299998, -5.670933135999974], [-79.70667874999998, -5.669925962999969], [-79.70650107999995, -5.668300602999977], [-79.70591666999997, -5.66619508499997], [-79.70561059599999, -5.663768669999968], [-79.70552111399996, -5.663611644999946], [-79.70522802599999, -5.663382172999945], [-79.70486598699995, -5.662979441999937], [-79.70446527299998, -5.662389681999969], [-79.70439992099995, -5.662140911999927], [-79.70456447599997, -5.661748763999981], [-79.70461867799997, -5.661085496999931], [-79.70481598799995, -5.660660319999977], [-79.70502536899994, -5.660368661999939], [-79.70543243999998, -5.659967919999929], [-79.71663873499995, -5.65800343899997], [-79.71717905799994, -5.65815938399993], [-79.71917473099995, -5.658522584999957], [-79.72182734299997, -5.659937293999974], [-79.72316312899994, -5.660163649999959], [-79.72384224899997, -5.660773621999965], [-79.72524415699996, -5.662306866999927]]]}}, {"type": "Feature", "properties": {"objectid": 17295, "anp_gid": 132, "acr_codi": "ACR23", "acr_nomb": "Sistema de Lomas de Lima", "acr_sect": "Lomas de Carabayllo2", "acr_ubpo": "Lima", "acr_suleg": 198.26, "acr_balec": "D.S. N° 011-2019-MINAM", "acr_felec": 1575694800000, "acr_balem": " ", "acr_felem": null, "acr_obs": null, "met_link": null, "acr_orden": 23, "acr_id": 23}, "geometry": {"type": "MultiPolygon", "coordinates": [[[-77.03482570399996, -11.80033846899994], [-77.02663859999996, -11.80732028899996], [-77.02670345999996, -11.813646629999937], [-77.03042170899994, -11.812647922999929], [-77.03040362999997, -11.81019026399997], [-77.03815502599997, -11.810134748999928], [-77.03851820899996, -11.810055987999931], [-77.03852322799997, -11.809238492999953], [-77.04030675299998, -11.809334010999976], [-77.04116674299996, -11.808920588999968], [-77.04219336399996, -11.809144498999956], [-77.04346701099996, -11.808008319999942], [-77.04354827999998, -11.807529676999934], [-77.04339314699996, -11.80703822299995], [-77.04409463699994, -11.806380334999972], [-77.04426672799997, -11.803958020999971], [-77.04484070299998, -11.802295154999968], [-77.04545364999996, -11.80216207799998], [-77.04653893199998, -11.802253629999939], [-77.04758034299994, -11.80255117799993], [-77.04783783599999, -11.802917387999969], [-77.04796753499994, -11.804014113999926], [-77.04819069499996, -11.80492582599993], [-77.04880681099996, -11.80538487299998], [-77.04877402699998, -11.804870870999935], [-77.04876714399995, -11.804815469999937], [-77.04853179799994, -11.801232552999977], [-77.04851680099995, -11.801035494999951], [-77.04316125699995, -11.801074040999936], [-77.04313475599997, -11.797495099999935], [-77.04259457899997, -11.797254493999958], [-77.04215610199998, -11.796785110999963], [-77.04132370999997, -11.796491179999975], [-77.04071192799995, -11.796676350999974], [-77.04040963799997, -11.796827980999979], [-77.04004644699995, -11.796950154999934], [-77.03971315299998, -11.797012330999962], [-77.03913736399994, -11.797106136999957], [-77.03877472399995, -11.797173905999955], [-77.03850508899995, -11.797768296999948], [-77.03838615899997, -11.798097963999965], [-77.03814586999994, -11.798428499999943], [-77.03790535899998, -11.798729145999971], [-77.03763428699995, -11.79900011899997], [-77.03709015599998, -11.799273046999929], [-77.03675818199997, -11.799514562999946], [-77.03666760399994, -11.799574995999933], [-77.03618348799995, -11.799757816999943], [-77.03591153099995, -11.799909225999954], [-77.03482570399996, -11.80033846899994]], [[-77.04139184399997, -11.801073291999955], [-77.04142528799997, -11.80559225099995], [-77.04142535999995, -11.805637699999977], [-77.04137975399993, -11.80563776899993], [-77.03954499199995, -11.805650944999968], [-77.03949897899997, -11.805651293999972], [-77.03949878899994, -11.805606084999965], [-77.03946537599995, -11.801087120999966], [-77.03946477299996, -11.801041601999941], [-77.03951090999993, -11.80104160299993], [-77.04134564099996, -11.801028431999953], [-77.04139148999997, -11.801028344999963], [-77.04139184399997, -11.801073291999955]]]}}, {"type": "Feature", "properties": {"objectid": 17305, "anp_gid": 108, "acr_codi": "ACR03", "acr_nomb": "Albúfera de Medio Mundo", "acr_sect": " ", "acr_ubpo": "Lima", "acr_suleg": 687.71, "acr_balec": "D.S. Nº 006-2007-AG", "acr_felec": 1169614800000, "acr_balem": "D.S. Nº 005-2013-MINAM", "acr_felem": 1370494800000, "acr_obs": null, "met_link": null, "acr_orden": 3, "acr_id": 3}, "geometry": {"type": "Polygon", "coordinates": [[[-77.68574034799997, -10.90423573499993], [-77.68577608799995, -10.904199779999942], [-77.68600200199995, -10.90399567999998], [-77.68629569199999, -10.903575083999954], [-77.68652472699995, -10.903200990999949], [-77.68667562099995, -10.902924049999967], [-77.68699327099995, -10.902608897999926], [-77.68739605099995, -10.902146736999953], [-77.68760552499998, -10.90188853799998], [-77.68768069799995, -10.901779689999955], [-77.68784765799995, -10.901557142999934], [-77.68801661699996, -10.901292243999933], [-77.68818530199997, -10.900996771999928], [-77.68834548199999, -10.900814267999976], [-77.68844651199998, -10.900669912999945], [-77.68851713599997, -10.900584623999976], [-77.68863501999994, -10.90045349199994], [-77.68864979699998, -10.900443501999973], [-77.68874155999998, -10.898650868999937], [-77.68790862599997, -10.897779096999955], [-77.68747778999995, -10.897218019999968], [-77.68722511999994, -10.896898528999941], [-77.68660024299999, -10.89664589499995], [-77.68571687699995, -10.897323236999966], [-77.68451133399998, -10.898160513999926], [-77.68427278999997, -10.898360864999972], [-77.68399980399994, -10.898503308999977], [-77.68326668099996, -10.89925285399994], [-77.68170366599998, -10.900814020999974], [-77.68079791999997, -10.901902354999947], [-77.68029503999998, -10.90291401099995], [-77.67980314899995, -10.904094227999963], [-77.67885693599999, -10.904828667999936], [-77.67719142699997, -10.90570057399998], [-77.67627540499996, -10.906102115999943], [-77.67488437699996, -10.906924763999939], [-77.67430741199996, -10.907614155999966], [-77.67353921699998, -10.908637142999964], [-77.67274400699995, -10.909141900999941], [-77.67215288999995, -10.909803910999926], [-77.67179741799998, -10.910363666999956], [-77.67133907699997, -10.910757323999974], [-77.67117270299997, -10.911048234999953], [-77.67031402699996, -10.912024303999942], [-77.66949861199998, -10.912799598999982], [-77.66889671399997, -10.913517364999962], [-77.66845062199997, -10.914022242999977], [-77.66761564899997, -10.915131698999971], [-77.66687747899994, -10.915728186999957], [-77.66598508299995, -10.916715675999967], [-77.66556200599996, -10.917276017999939], [-77.66489439099996, -10.918205881999938], [-77.66464856199997, -10.918430685999965], [-77.66441359999999, -10.91861086199998], [-77.66416915899998, -10.918991516999938], [-77.66385723199994, -10.919383892999974], [-77.66365784799996, -10.919764154999939], [-77.66352426299994, -10.91994344799997], [-77.66330105999998, -10.920179187999963], [-77.66320096999993, -10.920324789999938], [-77.66288695699996, -10.920483386999933], [-77.66272066999994, -10.920785428999977], [-77.66265556399998, -10.921064324999975], [-77.66238759899994, -10.921333851999975], [-77.66236963299997, -10.921846132999974], [-77.66183032799995, -10.922006690999979], [-77.66173341199999, -10.922508525999945], [-77.66170437999995, -10.923043169999971], [-77.66177449299994, -10.92459006699994], [-77.66197452399996, -10.925545775999979], [-77.66215202799998, -10.926501679999944], [-77.66207213399997, -10.927649088999942], [-77.66200459699996, -10.92891885499995], [-77.66139838699996, -10.929157929999974], [-77.66071254699995, -10.929310857999951], [-77.66036978099999, -10.929278215999943], [-77.65980370399996, -10.929470178999964], [-77.65906497399999, -10.929503325999974], [-77.65796457999994, -10.929406018999941], [-77.65713609499994, -10.929480910999928], [-77.65658591199997, -10.930041461999963], [-77.65614044599994, -10.930216339999959], [-77.65549342999998, -10.930428593999977], [-77.65500218499994, -10.931131135999976], [-77.65492376799995, -10.931231569999966], [-77.65460320499994, -10.931668994999939], [-77.65427682599994, -10.932263225999975], [-77.65408970599998, -10.932671769999956], [-77.65406124999998, -10.933155754999973], [-77.65378463899998, -10.933671174999972], [-77.65356678099994, -10.934307214999933], [-77.65362914699995, -10.934833941999955], [-77.65358900699994, -10.935008608999965], [-77.65359999399999, -10.935177812999939], [-77.65368262399994, -10.935406659999956], [-77.65377128699998, -10.935780688999955], [-77.65390880899997, -10.936051222999936], [-77.65391189299999, -10.936397885999952], [-77.65403094799996, -10.936457756999971], [-77.65430622999997, -10.936492843999929], [-77.65439151699997, -10.936487417999956], [-77.65448166899995, -10.936496003999935], [-77.65476038499997, -10.937449318999938], [-77.65501214599993, -10.93803743899997], [-77.65485024499998, -10.938364579999927], [-77.65423959499998, -10.93942442399998], [-77.65397935599998, -10.940090042999941], [-77.65409887999994, -10.940893854999956], [-77.65416575599994, -10.941216537999935], [-77.65419141899997, -10.94143650899997], [-77.65415171599994, -10.941769488999967], [-77.65410273999998, -10.942125973999964], [-77.65414678099995, -10.942280195999956], [-77.65422005899995, -10.94252317799993], [-77.65427953299996, -10.94281313099998], [-77.65430981199995, -10.943019006999975], [-77.65429834399998, -10.943328315999963], [-77.65429903799998, -10.943406240999934], [-77.65434087099999, -10.94351474299998], [-77.65439058499999, -10.943571133999967], [-77.65439451399999, -10.943757018999975], [-77.65439737899999, -10.943801629999939], [-77.65437945099995, -10.943917919999933], [-77.65426859699994, -10.944246832999966], [-77.65417263199998, -10.944650576999948], [-77.65413633499998, -10.944833607999954], [-77.65409013799996, -10.94496987399998], [-77.65402934499997, -10.945064102999936], [-77.65399757899996, -10.945223668999972], [-77.65395729199997, -10.945491063999953], [-77.65386452299998, -10.945721434999939], [-77.65381524099996, -10.945799302999944], [-77.65384236399996, -10.945894972999952], [-77.65386677599997, -10.945974404999959], [-77.65396737299994, -10.946090654999978], [-77.65405424899996, -10.946263243999965], [-77.65403624599998, -10.946371154999952], [-77.65399491499994, -10.946521434999966], [-77.65402981099999, -10.946636996999928], [-77.65405347099994, -10.946864798999968], [-77.65415669399994, -10.947120409999968], [-77.65418105199996, -10.94742658399997], [-77.65419705799997, -10.947604575999947], [-77.65424667399998, -10.94784332699993], [-77.65428047899996, -10.947911703999978], [-77.65430970399996, -10.948418161999939], [-77.65455443599996, -10.94884338099996], [-77.65485243899997, -10.949353603999953], [-77.65498017999994, -10.949822573999938], [-77.65506168499996, -10.949956173999965], [-77.65510710499996, -10.950199976999954], [-77.65519500599999, -10.950357940999936], [-77.65540022599998, -10.95050877899996], [-77.65557938899997, -10.950855200999968], [-77.65571801799996, -10.95115924199996], [-77.65584801899996, -10.951188634999937], [-77.65698221899999, -10.951593892999938], [-77.65757926099997, -10.952382334999982], [-77.65771242299996, -10.95276578599993], [-77.65807108499996, -10.95349525399996], [-77.65864916499999, -10.954235016999974], [-77.65913576399998, -10.954761903999952], [-77.65949848399998, -10.955253239999934], [-77.65965001999996, -10.955618214999959], [-77.65988782499994, -10.955958016999944], [-77.66018139399995, -10.95631564599995], [-77.66041832699995, -10.956557775999954], [-77.66055494499994, -10.956635947999928], [-77.66063011399996, -10.956751285999928], [-77.66068674999997, -10.956866784999931], [-77.66126947099997, -10.95708758099994], [-77.66141808399993, -10.957059512999933], [-77.66192778699997, -10.95696808599996], [-77.66243437999998, -10.95652877599997], [-77.66276774299996, -10.956404096999961], [-77.66291092699998, -10.956348759999969], [-77.66298851599998, -10.956391372999974], [-77.66310675999995, -10.95637815699996], [-77.66319722799994, -10.956292082999937], [-77.66313615599995, -10.956261715999972], [-77.66277612199997, -10.956021294999971], [-77.66251710899996, -10.956034688999978], [-77.66150818899996, -10.955342108999957], [-77.66123532499995, -10.95506616199998], [-77.66073376499997, -10.954413683999974], [-77.66050997199994, -10.95332458799993], [-77.66060651999999, -10.951520177999953], [-77.66092020899998, -10.950292244999957], [-77.66143174799998, -10.949308619999954], [-77.66169446299995, -10.948449076999964], [-77.66217121999995, -10.947587667999926], [-77.66239026299996, -10.946884369999964], [-77.66299033799999, -10.94595508499998], [-77.66378920699998, -10.94457874099993], [-77.66408799699997, -10.943974945999969], [-77.66442945999995, -10.943103582999981], [-77.66504237999999, -10.942352314999937], [-77.66557634199995, -10.941590602999952], [-77.66616871799994, -10.941062174999956], [-77.66647747199994, -10.940313561999972], [-77.66677744899994, -10.939843352999958], [-77.66716465799993, -10.939049521999948], [-77.66759692599999, -10.938255296999955], [-77.66797137399999, -10.937294580999946], [-77.66836436599993, -10.935888379999938], [-77.66865068199996, -10.93515109599997], [-77.66899182799995, -10.934246335999944], [-77.66930635899996, -10.93288535399995], [-77.66930476599998, -10.932707237999978], [-77.66947992399997, -10.932137920999935], [-77.66977799899996, -10.931456199999957], [-77.67017685699994, -10.930706799999939], [-77.67063014399997, -10.92974539499994], [-77.67116198299993, -10.928749904999961], [-77.67177436399999, -10.927942972999972], [-77.67230171299997, -10.926446534999968], [-77.67242382999996, -10.926245072999961], [-77.67284470699997, -10.925439813999958], [-77.67339756799998, -10.924277143999973], [-77.67378424899994, -10.92342765199993], [-77.67423931199994, -10.922666625999966], [-77.67462638799998, -10.921861662999959], [-77.67502592299996, -10.92119018699998], [-77.67532427799995, -10.920541861999936], [-77.67581163099999, -10.919613556999934], [-77.67597860099994, -10.91938943599996], [-77.67638799899999, -10.918562010999949], [-77.67664109199995, -10.917891815999951], [-77.67720688899993, -10.91691829299998], [-77.67768466299998, -10.916179333999935], [-77.67820699399994, -10.91538431899994], [-77.67882900199999, -10.914399170999957], [-77.67953762599996, -10.913023607999946], [-77.68009363899995, -10.912217164999959], [-77.68091808599996, -10.91119684399996], [-77.68144069999994, -10.910435223999968], [-77.68190449799994, -10.909395793999977], [-77.68250555399999, -10.908588953999981], [-77.68304192099998, -10.908105536999926], [-77.68346504899995, -10.907556313999976], [-77.68386514899998, -10.906951627999945], [-77.68406479899994, -10.906604755999979], [-77.68439601699998, -10.905855944999928], [-77.68506564099994, -10.905159831999981], [-77.68539664099995, -10.904862202999936], [-77.68542325299995, -10.904757939999968], [-77.68549654599997, -10.904607204999934], [-77.68563474099994, -10.904374494999956], [-77.68573264399998, -10.90424135099994], [-77.68574034799997, -10.90423573499993]]]}}, {"type": "Feature", "properties": {"objectid": 17306, "anp_gid": 109, "acr_codi": "ACR04", "acr_nomb": "Comunal Tamshiyacu Tahuayo", "acr_sect": " ", "acr_ubpo": "Loreto", "acr_suleg": 420080.25, "acr_balec": "D.S. Nº 010-2009-MINAM", "acr_felec": 1242363600000, "acr_balem": " ", "acr_felem": null, "acr_obs": null, "met_link": null, "acr_orden": 4, "acr_id": 4}, "geometry": {"type": "Polygon", "coordinates": [[[-73.36417015599994, -4.503682479999952], [-73.36563791899994, -4.503116066999951], [-73.36600959799995, -4.502113118999944], [-73.36689284999994, -4.501518258999965], [-73.36747989699995, -4.5004072749999295], [-73.36787165799996, -4.501004998999974], [-73.36876669299994, -4.500681454999949], [-73.36965134999997, -4.499453574999961], [-73.36938459099997, -4.498611967999977], [-73.36958362999997, -4.497237860999974], [-73.37093715599997, -4.496625958999971], [-73.37115742999998, -4.495071035999956], [-73.37041770899998, -4.493423532999941], [-73.37237789799997, -4.490461769999968], [-73.37352886699995, -4.489252558999965], [-73.37394766699998, -4.488322049999965], [-73.37419164399995, -4.487246460999927], [-73.37322431299998, -4.48665650099997], [-73.37241386799997, -4.486681822999969], [-73.37157329599995, -4.486833679999961], [-73.37093587999993, -4.486542876999977], [-73.36952231799995, -4.487064219999979], [-73.36811484899994, -4.487377581999965], [-73.36845726499996, -4.486356476999958], [-73.36793173999996, -4.48665372399995], [-73.36707326899995, -4.486751276999939], [-73.36506099099995, -4.485788201999981], [-73.36406919699994, -4.484302912999965], [-73.36289729599997, -4.483784828999944], [-73.36285628799999, -4.4829799029999435], [-73.36297183599999, -4.481922120999968], [-73.36330753499993, -4.480882917999963], [-73.36257045199994, -4.480085473999964], [-73.36264380299997, -4.479262717999973], [-73.36286035399996, -4.478367937999963], [-73.36165573799997, -4.47863653099995], [-73.36209976199996, -4.477253933999975], [-73.36303856699993, -4.475971917999971], [-73.36341697899996, -4.474715775999925], [-73.36228617999996, -4.473953625999968], [-73.36225944799997, -4.472551886999952], [-73.36353483599999, -4.469823726999948], [-73.36347400399995, -4.467797937999933], [-73.36250140299995, -4.468329306999976], [-73.36606665499994, -4.453560832999926], [-73.35421310599997, -4.435113679999972], [-73.31658002999995, -4.4065889079999465], [-73.28433542399995, -4.379929451999942], [-73.27602657299997, -4.347049108999954], [-73.27229389599995, -4.318194331999962], [-73.26051838099994, -4.30718961599996], [-73.23896943899996, -4.312782520999974], [-73.23314559899995, -4.31995778299995], [-73.23566225199994, -4.326501396999959], [-73.24175044599997, -4.334834726999929], [-73.20208914399996, -4.362157742999955], [-73.19269309299995, -4.367524381999942], [-73.15295869499994, -4.3929352719999315], [-73.14202100599994, -4.3992375069999525], [-73.11638936299994, -4.390076879999981], [-73.11531180499998, -4.388039725999931], [-73.11484105199997, -4.388743804999933], [-73.11408444999995, -4.390505062999978], [-73.11273453299998, -4.390881405999949], [-73.11250291099998, -4.391866386999936], [-73.11189205999995, -4.3923078919999625], [-72.82621900299995, -4.279094807999968], [-72.71641321799996, -4.451052143999959], [-72.71050663699998, -4.46066996899998], [-72.70261022599993, -4.464224936999926], [-72.69893750299997, -4.473325240999941], [-72.69058548699996, -4.479942919999928], [-72.67418679099995, -4.490494044999934], [-72.66673340499995, -4.495170654999981], [-72.66422467699994, -4.503921672999979], [-72.66393087399996, -4.506198625999957], [-72.66300525399998, -4.5081842879999385], [-72.66193606499996, -4.509997736999935], [-72.66095552699994, -4.5115493289999336], [-72.65951673499995, -4.513632754999946], [-72.65840883299995, -4.515048337999929], [-72.65791660899998, -4.516167612999936], [-72.65648786799994, -4.515991248999967], [-72.65586834099997, -4.517308971999967], [-72.65425141799994, -4.519283325999936], [-72.65112454099994, -4.522346514999981], [-72.65053190099997, -4.523176196999941], [-72.65105850499998, -4.525193645999934], [-72.65062915199996, -4.526186561999964], [-72.64962244899993, -4.526409269999931], [-72.64847592299998, -4.527743339999972], [-72.64885552699997, -4.529082372999937], [-72.64848354399999, -4.5304370379999455], [-72.64735601499996, -4.53076781599998], [-72.64715798199995, -4.534382836999953], [-72.64546094099995, -4.5351727479999795], [-72.64621061299994, -4.536097187999928], [-72.64438080399998, -4.536163528999964], [-72.64396741499996, -4.538476199999934], [-72.64150532799994, -4.539607080999929], [-72.64166750699997, -4.54132504599994], [-72.64112719099995, -4.543366118999927], [-72.64239670099994, -4.5443916969999805], [-72.64255928599994, -4.544771872999945], [-72.64189996299996, -4.546360600999947], [-72.63922864599994, -4.546731487999978], [-72.63919534199994, -4.54814147999997], [-72.63831914199994, -4.549250413999971], [-72.63869557999993, -4.550860610999962], [-72.63801731999996, -4.549791769999956], [-72.63725224499996, -4.550313524999979], [-72.63594849099997, -4.551502399999947], [-72.63637243899996, -4.5525252109999315], [-72.63530680499997, -4.553371380999977], [-72.63527402199998, -4.554962150999927], [-72.63500600099997, -4.555494574999955], [-72.63519287899999, -4.556191198999954], [-72.63463149499995, -4.556568991999939], [-72.63450296899998, -4.557309772999929], [-72.63446455099995, -4.559072266999976], [-72.63375398099998, -4.559793050999929], [-72.63397045899995, -4.561077312999942], [-72.63293923299995, -4.560522528999968], [-72.63287236199994, -4.561860089999925], [-72.63372788699996, -4.562775857999952], [-72.63284320799994, -4.563369517999945], [-72.63275402299996, -4.564128504999928], [-72.63208205299998, -4.564749980999977], [-72.63110175499997, -4.565487944999973], [-72.63121715899996, -4.566347036999957], [-72.63183869999995, -4.566683535999971], [-72.63055104899996, -4.567411442999969], [-72.63008085799999, -4.567102560999956], [-72.62956411099998, -4.567941481999981], [-72.62922478499996, -4.568753872999935], [-72.62969977299997, -4.569487607999974], [-72.63034877899997, -4.570032097999956], [-72.62933537099997, -4.571077272999958], [-72.62794345499998, -4.57081053099995], [-72.62800679499998, -4.57157905899993], [-72.62854637199996, -4.572529944999928], [-72.62810694699994, -4.573649328999977], [-72.62802025999997, -4.575013934999959], [-72.62740013899997, -4.574758785999961], [-72.62695278499996, -4.574865770999963], [-72.62740907399996, -4.575635601999977], [-72.62756672399996, -4.57631405199993], [-72.62662765499994, -4.576663457999928], [-72.62627637399999, -4.575975325999934], [-72.62575971699994, -4.575928415999954], [-72.62636809299994, -4.576843376999932], [-72.62589896999998, -4.577917461999959], [-72.62462441999998, -4.577226263999933], [-72.62401013799996, -4.578272747999961], [-72.62392450499993, -4.579655430999935], [-72.62445196299996, -4.580353187999947], [-72.62293216199998, -4.58096278599993], [-72.62070750899994, -4.581913512999961], [-72.61780474399995, -4.580059889999973], [-72.61824242799997, -4.5784524129999795], [-72.61602208199997, -4.57674568799996], [-72.61300063099998, -4.577250828999979], [-72.61086534799995, -4.574685682999927], [-72.60806211799996, -4.5755982849999555], [-72.60862723599996, -4.577154865999944], [-72.60831375599997, -4.577804617999959], [-72.60717716599999, -4.576435941999932], [-72.60775149499995, -4.573183859999972], [-72.60550188999997, -4.573013636999974], [-72.60378115699996, -4.57378522099998], [-72.60363627399994, -4.575538276999964], [-72.60506937799994, -4.578308973999981], [-72.60394427299997, -4.580257600999971], [-72.60278376799994, -4.58083219599996], [-72.60044144999995, -4.580435662999946], [-72.60037375599995, -4.582839768999975], [-72.60522609099996, -4.584672871999942], [-72.60406146599996, -4.585636122999972], [-72.58814230799999, -4.620743300999948], [-72.61152330699997, -4.695239840999932], [-72.61761314199998, -4.75335389199995], [-72.65358429399998, -4.758638729999973], [-72.69187683399997, -4.776132937999932], [-72.71693380699998, -4.784126450999963], [-72.74024676699997, -4.81901567999995], [-72.76989003599994, -4.841650004999963], [-72.78001248599998, -4.881278169999973], [-72.78378962799997, -4.9056532929999435], [-72.81623587499996, -4.920152092999956], [-72.84509884599998, -4.912100835999979], [-72.87480391199995, -4.921797153999933], [-72.91587510799997, -4.923952157999963], [-72.98821434799999, -4.960185593999938], [-73.02248363599995, -5.002105041999926], [-73.06025431799998, -5.020951938999929], [-73.11931494499999, -4.994840341999975], [-73.12700635899995, -4.949101603999964], [-73.09670076099997, -4.881265733999953], [-73.10764837199997, -4.841612385999952], [-73.14743171299995, -4.80428871099997], [-73.14188623699994, -4.772952273999977], [-73.11790974099995, -4.744387037999957], [-73.13137760399997, -4.7130210459999375], [-73.17261594099995, -4.700299945999973], [-73.21840378799999, -4.67286646499997], [-73.27849105799999, -4.63261405999998], [-73.30345364099998, -4.593293090999964], [-73.30003266399996, -4.577315397999939], [-73.30144731099995, -4.563980649999962], [-73.30528512699993, -4.553816569999981], [-73.30827090999998, -4.554655541999978], [-73.31180234399994, -4.5543292599999745], [-73.31420416799995, -4.553692853999962], [-73.31834368199998, -4.551016816999947], [-73.32156883899995, -4.550644548999969], [-73.32549114499994, -4.551042533999976], [-73.32874795299995, -4.549160137999934], [-73.33437343399999, -4.547084260999952], [-73.33474861699995, -4.544345115999931], [-73.33670213299996, -4.540994692999959], [-73.33748642799998, -4.538636289999943], [-73.33985054199997, -4.537475191999931], [-73.34225339499994, -4.53587106599997], [-73.34266867299993, -4.533557015999975], [-73.34234803499999, -4.532154617999936], [-73.34468919099999, -4.529438045999939], [-73.34460625299994, -4.526779215999966], [-73.34517597399997, -4.524149007999938], [-73.34574252799996, -4.522911411999928], [-73.34669852899998, -4.522786993999944], [-73.34558108899995, -4.520840195999938], [-73.34599209099997, -4.518905932999928], [-73.34700194699997, -4.517379969999979], [-73.34788188999994, -4.51626968599993], [-73.34827677099997, -4.513738541999942], [-73.34902163299995, -4.51184120399995], [-73.34899154899995, -4.509951144999945], [-73.35022404799997, -4.511075282999968], [-73.35063443199994, -4.509403255999928], [-73.35113064799998, -4.508626682999932], [-73.35086542899995, -4.5068626899999344], [-73.35169843799997, -4.505327265999938], [-73.35369663599994, -4.506046195999943], [-73.35428264599994, -4.5046548949999305], [-73.35578828399997, -4.505029067999942], [-73.35860803299994, -4.504547117999948], [-73.35991635699997, -4.503003706999948], [-73.36086789599995, -4.503855901999941], [-73.36260610499994, -4.50298264099996], [-73.36417015599994, -4.503682479999952]]]}}, {"type": "Feature", "properties": {"objectid": 17307, "anp_gid": 110, "acr_codi": "ACR05", "acr_nomb": "Vilacota Maure", "acr_sect": " ", "acr_ubpo": "Tacna", "acr_suleg": 124313.18, "acr_balec": "D.S. Nº 015-2009-MINAM", "acr_felec": 1251349200000, "acr_balem": " ", "acr_felem": null, "acr_obs": null, "met_link": null, "acr_orden": 5, "acr_id": 5}, "geometry": {"type": "Polygon", "coordinates": [[[-70.21764225799996, -17.229239183999937], [-70.21778208599994, -17.226343966999934], [-70.21655130499994, -17.220192921999967], [-70.21531845099997, -17.215156716999957], [-70.20701418299996, -17.203265225999928], [-70.20620151999998, -17.195953198999973], [-70.20395100499996, -17.19083222599994], [-70.19934013399995, -17.183867230999965], [-70.19837653299999, -17.179807152999956], [-70.20048631699996, -17.171037463999937], [-70.20382953199999, -17.164913224999964], [-70.20884827399993, -17.164086058999942], [-70.20791195099997, -17.158271360999947], [-70.20526367799994, -17.144726034999962], [-70.20327368299996, -17.12490450399997], [-70.20062743799997, -17.11332897799997], [-70.20571848799995, -17.108573683999964], [-70.20882140399993, -17.104504815999974], [-70.20412349299994, -17.09056487999993], [-70.20527929399998, -17.08209862299998], [-70.19553763299996, -17.068111484999974], [-70.18472361899995, -17.052525809999963], [-70.17317890599998, -17.04719266899997], [-70.15323760399997, -17.04138245599995], [-70.14047052099994, -17.032872908999934], [-70.13875771899995, -17.026659823999978], [-70.13774339499997, -17.020487999999943], [-70.13356805999996, -17.007085270999937], [-70.11477247499994, -17.007229738999968], [-70.10494231599995, -17.002859162999982], [-70.10081140099999, -17.005176950999953], [-70.09604538899998, -17.008788427999946], [-70.08838168899996, -17.01696999099994], [-70.07858766199996, -17.027326521999953], [-70.07358750099996, -17.034072717999948], [-70.06948205299994, -17.03546816399995], [-70.06642318299998, -17.037787651999963], [-70.06276118999995, -17.04232407099994], [-70.06049866899997, -17.044685449999974], [-70.05648361299995, -17.04882237399994], [-70.04875729999998, -17.05432951399996], [-70.04340854799995, -17.058003706999955], [-70.04342164599996, -17.06043167699994], [-70.04390225399999, -17.065382307999982], [-70.04249304499996, -17.071237081999982], [-70.04205463699998, -17.07543009699998], [-70.04261448199998, -17.080240807999928], [-70.04506948399995, -17.08944631399993], [-70.04637121299999, -17.09656572299997], [-70.04623370999997, -17.10584252299998], [-70.04529168099998, -17.109887252999954], [-70.04403326999994, -17.115405513999974], [-70.04177091299994, -17.121896439999944], [-70.04024967099997, -17.127683171999934], [-70.03456796399996, -17.125979908999966], [-70.03105309899996, -17.12321118699998], [-70.02775679899997, -17.124176516999967], [-70.02605146199994, -17.122281086999976], [-70.02249594799997, -17.125816313999962], [-70.02053281199994, -17.130691510999952], [-70.02027741199998, -17.131569689999935], [-70.01773548399996, -17.134355247999963], [-70.01530247999995, -17.139538166999955], [-70.01077115899994, -17.141932055999973], [-70.00470600599994, -17.145534391999945], [-70.00009104899993, -17.147650813999974], [-69.99577542999998, -17.14820316999993], [-69.99155401599995, -17.150979220999943], [-69.98717363699996, -17.153018006999957], [-69.98694684599997, -17.155828138999937], [-69.98581489499998, -17.15948088199997], [-69.98422624999995, -17.161829525999963], [-69.98040572999997, -17.167739549999965], [-69.97789093799997, -17.166527145999964], [-69.97396211399996, -17.16587067599994], [-69.97113562299995, -17.16802326499993], [-69.97058309699997, -17.17133919099996], [-69.96883593599995, -17.17538122999997], [-69.96761242599996, -17.17885905999998], [-69.96335763499997, -17.180816896999943], [-69.96054292799994, -17.18219430199997], [-69.95788906899998, -17.18663987599996], [-69.95174984299996, -17.190667901999973], [-69.94456391999995, -17.195041653999965], [-69.93992163399997, -17.19862832499996], [-69.93306366599995, -17.200985171999946], [-69.92764787399994, -17.202239128999963], [-69.92487190399999, -17.203372291999926], [-69.91917632499997, -17.207917547999955], [-69.90751873999994, -17.21588994399997], [-69.90176207799993, -17.21739322199994], [-69.89956457199997, -17.22020848699998], [-69.88967200999997, -17.221318612999937], [-69.88816805099998, -17.221981985999946], [-69.88228862099999, -17.223139269999933], [-69.87469801399993, -17.222828927999956], [-69.87210071299995, -17.22775531999997], [-69.86892932999996, -17.231710445999965], [-69.86235000199997, -17.232356453999955], [-69.85917163799996, -17.23324965699993], [-69.85356183599998, -17.241116963999957], [-69.84486495499993, -17.243977402999974], [-69.83653086599998, -17.242764831999978], [-69.83125447099997, -17.24356808899995], [-69.82433210699998, -17.241058462999945], [-69.81966654299998, -17.241355192999947], [-69.81430333799995, -17.23813809199993], [-69.80722339099998, -17.23413992999997], [-69.79873294499998, -17.23200752699995], [-69.79005290299995, -17.235722047999957], [-69.78353055099996, -17.24281187699995], [-69.77748706899996, -17.24799458399997], [-69.77173203499996, -17.254466910999952], [-69.76659823399996, -17.26153362599996], [-69.76603193099999, -17.272226044999968], [-69.76183743599995, -17.280435719999957], [-69.75623233599998, -17.283584734999977], [-69.75036743499999, -17.284009235999974], [-69.74730195699993, -17.287747672999956], [-69.73836109499996, -17.29290081099998], [-69.73189114299998, -17.29239900899995], [-69.72766125499999, -17.293693548999954], [-69.72414454199998, -17.293724259999976], [-69.72206941999997, -17.292496040999936], [-69.72615040099998, -17.298084229999972], [-69.73235028899995, -17.306309472999942], [-69.73337332399996, -17.31381233899998], [-69.73271048399994, -17.321520214999964], [-69.73241846299999, -17.328047185999935], [-69.73416806999995, -17.335773333999953], [-69.73110374499998, -17.345903299999975], [-69.72889978199998, -17.35709212499995], [-69.73291837699998, -17.36558729199993], [-69.73327544499995, -17.372753597999974], [-69.73660699799996, -17.37768093699998], [-69.74318279399995, -17.38537552799994], [-69.74198840299994, -17.397401269999932], [-69.74160883199994, -17.40643220499993], [-69.74127736899999, -17.41426534599998], [-69.73839171499998, -17.422180267999977], [-69.73534189299994, -17.43478676099994], [-69.73314387399995, -17.441939831999946], [-69.73408006299996, -17.451092419999952], [-69.73677057699996, -17.46200115499994], [-69.72358567099997, -17.46298877399994], [-69.71388978699997, -17.469000697999945], [-69.70870042399997, -17.47343724899997], [-69.69714722399993, -17.46809120399996], [-69.68620656799999, -17.464369198999975], [-69.68215235999998, -17.476006781999956], [-69.67723520399994, -17.488347717999943], [-69.67326252899994, -17.497711643999935], [-69.67924959299995, -17.503543732999958], [-69.69037470699993, -17.507265394999934], [-69.70267950399995, -17.509757522999962], [-69.70345518199997, -17.521988416999932], [-69.72110980599996, -17.529720709999935], [-69.73632807899997, -17.53532736699998], [-69.73930068099997, -17.54649233599997], [-69.73957668599996, -17.552908594999963], [-69.73906172599999, -17.559372993999943], [-69.72970614099995, -17.565183261999948], [-69.74220947599997, -17.567482235999933], [-69.74764596699998, -17.569084164999936], [-69.75171367899998, -17.565150607999954], [-69.75525624099998, -17.564066071999946], [-69.76346923699998, -17.567012707999936], [-69.77173826399996, -17.569710218999944], [-69.78410384799997, -17.57772831899996], [-69.79506172799995, -17.576866606999943], [-69.80582125199999, -17.57409642899995], [-69.81784863699994, -17.56548489299996], [-69.82943243399995, -17.56895256699994], [-69.84368544299997, -17.569078868999952], [-69.85774673699996, -17.566491955999936], [-69.87094498799996, -17.56746740099993], [-69.87358490399998, -17.55686627999995], [-69.87115889799998, -17.54513127699994], [-69.86430557499995, -17.536636175999945], [-69.85991085699999, -17.52595150999997], [-69.85066649999999, -17.512540569999942], [-69.84636798099996, -17.501002593999942], [-69.84947316699999, -17.48943296999994], [-69.84034805399995, -17.47990459899995], [-69.83674970899995, -17.470068408999964], [-69.83667639699996, -17.454012855999963], [-69.84669592299997, -17.443834928999934], [-69.85916178499997, -17.429478108999945], [-69.87280605599994, -17.420040565999955], [-69.88500904599994, -17.412209986999926], [-69.89645963899994, -17.411486022999952], [-69.90484558999998, -17.414828454999963], [-69.90932452999994, -17.41118374599995], [-69.91597151799994, -17.409015787999977], [-69.92658314299996, -17.408763412999974], [-69.93254506899996, -17.410217890999945], [-69.94180002399997, -17.409595958999944], [-69.95098175999993, -17.40143160799994], [-69.96280543599994, -17.392354841999975], [-69.98344390399996, -17.379076677999933], [-69.99216985599998, -17.36959775799994], [-70.00389448099997, -17.35539913399998], [-70.01328853599995, -17.348012849999975], [-70.02260951799997, -17.342967382999973], [-70.03207552799995, -17.333446927999944], [-70.03722826799998, -17.323663746999955], [-70.03524396999995, -17.31231771199998], [-70.02357077199997, -17.31614654499998], [-70.01085845399996, -17.309590664999973], [-70.01161982999997, -17.300526119999972], [-70.01272653999996, -17.292200950999927], [-69.99928158199998, -17.283903557999963], [-69.98090233999994, -17.278417651999973], [-69.97752678099994, -17.269495322999944], [-69.96811736299998, -17.26527936499997], [-69.96317858899994, -17.25919324299997], [-69.96904954299998, -17.255884135999963], [-69.98330141099996, -17.24794714899997], [-69.98922475899997, -17.238608734999957], [-69.99369316599996, -17.22050576299995], [-70.01067808199997, -17.221695610999973], [-70.02578951999993, -17.223462971999936], [-70.03211815099996, -17.219896716999926], [-70.04197018299993, -17.210505084999966], [-70.05429548599994, -17.210034245999964], [-70.07224465099995, -17.208421122999937], [-70.08235027099994, -17.200454295999975], [-70.09837440699994, -17.198112631999948], [-70.10592277999996, -17.22826718799996], [-70.12522100499996, -17.236253661999967], [-70.14163677699997, -17.24173753399998], [-70.15865465999997, -17.241025649999926], [-70.17188970399997, -17.242548659999954], [-70.18160769099995, -17.243341348999934], [-70.18623978699998, -17.240168951999976], [-70.18744167399996, -17.239953992999972], [-70.18920102199996, -17.240002344999937], [-70.19077587799995, -17.24020089499993], [-70.19153596499996, -17.23842048299997], [-70.19273153699999, -17.23722493899993], [-70.19377396199997, -17.23621105199993], [-70.19566100799995, -17.236972569999978], [-70.19766861799997, -17.23728598499997], [-70.19976910399998, -17.237598825999953], [-70.20175231599995, -17.23933071999994], [-70.20398873899995, -17.24600604099993], [-70.21244134299997, -17.25157386899997], [-70.21853234999998, -17.25707757899994], [-70.21927132799993, -17.232168614999978], [-70.21764225799996, -17.229239183999937]]]}}, {"type": "Feature", "properties": {"objectid": 17308, "anp_gid": 112, "acr_codi": "ACR07", "acr_nomb": "Choquequirao", "acr_sect": " ", "acr_ubpo": "Cusco", "acr_suleg": 103814.39, "acr_balec": "D.S. Nº 022-2010-MINAM", "acr_felec": 1287810000000, "acr_balem": " ", "acr_felem": null, "acr_obs": null, "met_link": null, "acr_orden": 7, "acr_id": 7}, "geometry": {"type": "Polygon", "coordinates": [[[-72.89829285699994, -13.387505855999962], [-72.91618348199995, -13.365956980999954], [-72.94127723199995, -13.338146480999967], [-72.95394910699997, -13.308976480999945], [-72.96331248199994, -13.283331980999947], [-72.94994335699994, -13.255904230999931], [-72.92803123199997, -13.24114060599993], [-72.91501560699999, -13.24218360599997], [-72.90829975399998, -13.226221730999953], [-72.88005741999996, -13.222069723999937], [-72.86293200899996, -13.242927958999928], [-72.85174150899996, -13.224797671999966], [-72.83657825999995, -13.218652610999982], [-72.81516869199999, -13.238393875999975], [-72.80228655099995, -13.213874855999961], [-72.79133275799995, -13.196334268999976], [-72.76772669199994, -13.17774680399998], [-72.75837720199996, -13.151502490999974], [-72.73613255299995, -13.139832368999976], [-72.65308782599993, -13.136999061999973], [-72.64297851599997, -13.15236244199997], [-72.65084393399997, -13.158646252999972], [-72.65673029999994, -13.15929551499994], [-72.66738120299993, -13.159855797999967], [-72.65739839099996, -13.162858640999957], [-72.64722982599994, -13.164234547999968], [-72.64454973099998, -13.169646652999973], [-72.64525147899997, -13.175244482999972], [-72.64794847399997, -13.18084906699994], [-72.64149036499998, -13.17960712599995], [-72.63502562099995, -13.17983290199993], [-72.62336762499996, -13.185043854999947], [-72.62914880799997, -13.191216508999958], [-72.63487318499995, -13.196393547999946], [-72.63701012899998, -13.201967491999937], [-72.63583913299993, -13.206603160999975], [-72.62790152399998, -13.209744090999948], [-72.63183469899997, -13.217164345999947], [-72.63589825199995, -13.225958653999953], [-72.63738345399997, -13.235255596999934], [-72.63609251499997, -13.245801400999937], [-72.63971410699997, -13.24902432999994], [-72.64240861499997, -13.253050324999947], [-72.64192717799995, -13.260412358999929], [-72.64415438199995, -13.269150728999932], [-72.64501861499997, -13.27291411799996], [-72.64510663999994, -13.283176623999964], [-72.64091980799998, -13.272969604999957], [-72.63593070399997, -13.27020633099994], [-72.63614785799996, -13.262517785999933], [-72.63208554499994, -13.261739874999932], [-72.63156001999994, -13.253521108999962], [-72.62664177699997, -13.246307291999926], [-72.61927056799993, -13.248040830999969], [-72.62525604999996, -13.242823570999974], [-72.62619173099995, -13.238298234999945], [-72.62122749799994, -13.231455041999936], [-72.61825548799999, -13.226080302999947], [-72.60571911699998, -13.224195060999932], [-72.60868396099994, -13.221174533999942], [-72.60828345499993, -13.21589253899998], [-72.60497820399996, -13.210567365999964], [-72.60708376199995, -13.203227961999971], [-72.59226682499997, -13.204199323999944], [-72.58936106399995, -13.19421446299998], [-72.59191075099994, -13.169876212999952], [-72.59786229099996, -13.155492256999935], [-72.59587993599996, -13.146104503999936], [-72.59110512399997, -13.139289005999956], [-72.58532526299996, -13.146672868999929], [-72.58397369899996, -13.154820534999942], [-72.58258640199995, -13.16837178399993], [-72.57528187899999, -13.177007437999976], [-72.56802517699998, -13.179109593999954], [-72.57166292499994, -13.189769741999953], [-72.56470491799996, -13.20231628099998], [-72.56433107699996, -13.207778927999982], [-72.56477358199999, -13.208353038999974], [-72.56504061099997, -13.209095951999927], [-72.56500246399997, -13.209980961999975], [-72.56489565199996, -13.210702892999961], [-72.56472017599998, -13.211496349999948], [-72.56439211199995, -13.212243076999926], [-72.56394960799997, -13.212925907999931], [-72.56357576699997, -13.213554378999959], [-72.56296541599994, -13.214091297999971], [-72.56221010599995, -13.214418407999972], [-72.55654909499998, -13.216008182999929], [-72.55207826999998, -13.219100948999937], [-72.55209352899993, -13.219914432999929], [-72.55213930499997, -13.220646854999927], [-72.55229189299996, -13.221443172999955], [-72.55265047499995, -13.222168918999955], [-72.55309297899998, -13.222868915999982], [-72.55326845499997, -13.223566051999967], [-72.55338289599996, -13.224371906999977], [-72.55358888999996, -13.225159641999937], [-72.55387880699993, -13.225831028999949], [-72.55443575299995, -13.226441379999926], [-72.55520632199995, -13.228337284999952], [-72.55493929299996, -13.229103084999963], [-72.55480196399998, -13.229815479999957], [-72.55450441699998, -13.230580326999927], [-72.55434419999995, -13.231446262999953], [-72.55397035999994, -13.232075687999952], [-72.55377962499995, -13.232859607999956], [-72.55357363099995, -13.233643528999949], [-72.55355074299996, -13.23446559599995], [-72.55369570099998, -13.235180851999928], [-72.55362703699996, -13.241106983999941], [-72.55233766899994, -13.250988002999975], [-72.55156709999994, -13.25913047499995], [-72.55544283299997, -13.277599331999966], [-72.54926302299998, -13.291218753999942], [-72.55354311299999, -13.301596637999978], [-72.56018068699996, -13.306855198999926], [-72.56054689699994, -13.307590480999977], [-72.56088259099994, -13.308335300999943], [-72.56119539599996, -13.308997150999971], [-72.56157686599994, -13.309715267999934], [-72.56193544699994, -13.310414310999931], [-72.56199648199998, -13.31122779499998], [-72.56256868699995, -13.311631199999965], [-72.56331636799996, -13.311972614999945], [-72.56388857199994, -13.312556263999966], [-72.56411745399998, -13.313254352999934], [-72.56431581799995, -13.314042087999951], [-72.56436922399996, -13.314846988999932], [-72.56421663599997, -13.315558429999953], [-72.56417848899997, -13.316362377999951], [-72.56417085999993, -13.317175861999942], [-72.56425478299997, -13.31797122599994], [-72.56423189499998, -13.318694111999946], [-72.56414034199997, -13.319506641999965], [-72.56395723699995, -13.320300098999951], [-72.56388094299996, -13.321022030999927], [-72.56404115999999, -13.321818348999955], [-72.56419374799998, -13.322614666999982], [-72.56430818899997, -13.323420520999946], [-72.56453707099996, -13.324109073999978], [-72.56491853999995, -13.324826236999968], [-72.56507112799994, -13.325623508999968], [-72.56520082799994, -13.326337810999973], [-72.56530000999999, -13.327143665999927], [-72.56541445099998, -13.327939029999982], [-72.56533815699999, -13.330459591999954], [-72.56439211199995, -13.33280849099998], [-72.56185152399996, -13.333624836999945], [-72.55821230299995, -13.33324622799995], [-72.55517580399999, -13.333551403999934], [-72.54898073599998, -13.332777973999953], [-72.54605104799998, -13.334059711999942], [-72.54483797399996, -13.337652202999948], [-72.54377748899998, -13.340108867999959], [-72.54047396099998, -13.346067424999944], [-72.53907015199997, -13.350453373999926], [-72.54043581399998, -13.354089733999956], [-72.56430832199999, -13.359258632999968], [-72.56569527699997, -13.363888111999927], [-72.57020263299995, -13.36921401799998], [-72.57396333999998, -13.373341603999961], [-72.57747371699998, -13.372982410999953], [-72.58740528099997, -13.368834953999965], [-72.59325985399994, -13.372542610999972], [-72.60455116899993, -13.376306160999945], [-72.60474994199996, -13.384754105999946], [-72.59532665099994, -13.388613016999955], [-72.59080452299997, -13.387824696999928], [-72.58972684299994, -13.392629572999965], [-72.59614584699995, -13.396274787999971], [-72.59635701399998, -13.403472590999968], [-72.59084823699999, -13.41004162799993], [-72.58351500499998, -13.410090287999935], [-72.58420254799995, -13.415405147999934], [-72.58533265299997, -13.420408830999975], [-72.58339252399998, -13.425673294999967], [-72.59271794499995, -13.422197893999964], [-72.59389322299995, -13.417073656999946], [-72.59946400999996, -13.409207870999978], [-72.60826375499994, -13.412586386999976], [-72.61255306999993, -13.417049666999958], [-72.61616033299998, -13.42128869399994], [-72.62463371099994, -13.424459181999964], [-72.63002262799995, -13.42862232999994], [-72.62631677099995, -13.422695058999977], [-72.62436653799995, -13.418683920999968], [-72.62514020599997, -13.411669855999946], [-72.62804747499996, -13.402513294999949], [-72.62570010099995, -13.396553386999926], [-72.62002388699995, -13.397754417999977], [-72.61948914499999, -13.390379087999975], [-72.62624460699993, -13.384160488999953], [-72.63518162999998, -13.386632199999951], [-72.64076629999994, -13.38979553799993], [-72.64501092199998, -13.394203308999977], [-72.64971735999995, -13.40217309999997], [-72.64658980499996, -13.40824079999993], [-72.64685523299994, -13.412746426999945], [-72.65533000699998, -13.417410311999959], [-72.65954150199997, -13.427117494999948], [-72.66651972299996, -13.415360028999942], [-72.67185148799996, -13.40909714399993], [-72.68064703599998, -13.411839748999967], [-72.67892512399999, -13.428447982999955], [-72.67775176299995, -13.44138737399993], [-72.68491960399996, -13.452781558999959], [-72.69101213799996, -13.449894608999955], [-72.69470743799997, -13.444546942999978], [-72.69899883399995, -13.440619841999933], [-72.70305169499994, -13.437841097999979], [-72.70604273199996, -13.447168026999975], [-72.71437952099996, -13.44416526699996], [-72.71799529099997, -13.440937273999964], [-72.72232601799993, -13.440321120999954], [-72.72738006299994, -13.446155548999968], [-72.73304684099998, -13.446166097999935], [-72.73408773199998, -13.433432644999982], [-72.74015003499994, -13.429829850999965], [-72.74279175299995, -13.427006528999982], [-72.73784569399999, -13.42132111799998], [-72.73280917899996, -13.41857082699994], [-72.72487893299996, -13.41224690499996], [-72.71901297499994, -13.405249848999972], [-72.71663311899994, -13.398340735999966], [-72.72137288999994, -13.404208898999968], [-72.72653498999995, -13.408811158999981], [-72.73891029699996, -13.415877656999953], [-72.74901864799995, -13.418055366999965], [-72.76074022399996, -13.428778214999966], [-72.76557357599995, -13.438269240999944], [-72.76972819799994, -13.44535011299996], [-72.77592946399994, -13.450802554999939], [-72.78585390499995, -13.457936375999964], [-72.79687436499995, -13.450939801999937], [-72.79359830299995, -13.438667689999932], [-72.79267497699993, -13.427531105999947], [-72.79742505299998, -13.421964316999947], [-72.80511560599996, -13.421645913999953], [-72.81805257999997, -13.425962217999938], [-72.82579225999996, -13.422536848999925], [-72.83299691799994, -13.423768146999976], [-72.84218955799997, -13.424676320999936], [-72.85441998899995, -13.42055924899995], [-72.86688562399996, -13.415464012999962], [-72.87759875099994, -13.41446330399998], [-72.88536232899997, -13.416076817999965], [-72.88789060899995, -13.41156717399997], [-72.88820379399993, -13.401197951999961], [-72.89280347299996, -13.394291684999928], [-72.89829285699994, -13.387505855999962]]]}}, {"type": "Feature", "properties": {"objectid": 17309, "anp_gid": 113, "acr_codi": "ACR08", "acr_nomb": "Bosque de Puya Raymondi - Titankayocc", "acr_sect": " ", "acr_ubpo": "Ayacucho", "acr_suleg": 6272.39, "acr_balec": "D.S. Nº 023-2010-MINAM", "acr_felec": 1287810000000, "acr_balem": " ", "acr_felem": null, "acr_obs": null, "met_link": null, "acr_orden": 8, "acr_id": 8}, "geometry": {"type": "Polygon", "coordinates": [[[-73.97710321799997, -13.488295487999949], [-73.99164851999996, -13.522561474999975], [-73.99128142499995, -13.522734489999948], [-73.99020717899998, -13.521660056999963], [-73.98856763999999, -13.520630621999942], [-73.98357472699996, -13.523492790999967], [-73.98308691599993, -13.524632606999944], [-73.98209723499997, -13.524931821999928], [-73.98044555299998, -13.52524045399997], [-73.97996375899999, -13.52522248799994], [-73.97929644399994, -13.525330249999968], [-73.97782118399994, -13.525652511999965], [-73.97687972599994, -13.526839552999945], [-73.97626737299998, -13.542537570999968], [-73.95781472199997, -13.53590515299993], [-73.95701496699996, -13.536412545999951], [-73.95581218099994, -13.53678399499995], [-73.95531643499999, -13.536867814999937], [-73.95521464099994, -13.537621950999949], [-73.95421991999996, -13.538633276999974], [-73.95498781299995, -13.540453001999936], [-73.95574209299997, -13.541773242999966], [-73.95858017299997, -13.54417407099993], [-73.96035747099995, -13.546040657999981], [-73.96196289899996, -13.548933577999946], [-73.96265885899999, -13.55159171799994], [-73.96255672899997, -13.55347055599998], [-73.96210306899997, -13.553771634999976], [-73.96058250299996, -13.552715293999938], [-73.95867233199994, -13.549921992999941], [-73.95833866499999, -13.548600437999937], [-73.95795466799996, -13.547951050999927], [-73.95603334199996, -13.54597182799995], [-73.95550022199996, -13.545001763999949], [-73.95376903099998, -13.544182734999936], [-73.95263340099996, -13.544021933999943], [-73.95146944399994, -13.544996487999981], [-73.95094729099998, -13.545606391999968], [-73.95056986099996, -13.547012441999982], [-73.94929630699994, -13.54913352799997], [-73.94994407899998, -13.55113728699996], [-73.95131625999994, -13.55259529999995], [-73.95267600599993, -13.554258663999974], [-73.95127380099996, -13.554628072999947], [-73.94992160899994, -13.554129480999961], [-73.94861009599998, -13.553375915999936], [-73.94813306999998, -13.553544239999951], [-73.94699071399998, -13.554314599999941], [-73.94653460899997, -13.554977639999947], [-73.94654156299998, -13.555790540999965], [-73.94753354799997, -13.557755523999958], [-73.94931389199996, -13.559307666999928], [-73.95141284899995, -13.560471831999962], [-73.95486840699994, -13.563319304999936], [-73.95644092399993, -13.565121508999937], [-73.95611066099997, -13.565516484999932], [-73.95444054299998, -13.56405489499997], [-73.95138035399998, -13.56330748399995], [-73.95042337499996, -13.56358662599996], [-73.94884122199994, -13.564618594999956], [-73.94791717899994, -13.56375427599994], [-73.94672335099995, -13.563191144999962], [-73.94577992799998, -13.563433981999935], [-73.94399036199997, -13.574689898999964], [-73.93912346399998, -13.583490175999941], [-73.94025468399997, -13.583956998999952], [-73.94021479599996, -13.585155292999957], [-73.94113762799998, -13.589696759999981], [-73.94205096499996, -13.590593609999928], [-73.94252271399995, -13.593675490999942], [-73.94306661399997, -13.596392333999972], [-73.94460058699997, -13.599971626999945], [-73.94570277699995, -13.600833644999966], [-73.94623848899994, -13.601880318999974], [-73.94727829299995, -13.603706914999975], [-73.94780253199997, -13.60423594499997], [-73.94822369599996, -13.60533402599998], [-73.94941353299998, -13.606094599999949], [-73.95125994199998, -13.608823432999941], [-73.95192109699997, -13.610884836999958], [-73.95241125299998, -13.611392920999947], [-73.95449350099994, -13.61244572399994], [-73.95647611599998, -13.612403505999964], [-73.95865009199997, -13.611271078999948], [-73.95829771599995, -13.611292782999953], [-73.95706938099994, -13.611288008999963], [-73.95664210999996, -13.610608056999979], [-73.95723721799999, -13.61009495899998], [-73.95766443999997, -13.609834600999932], [-73.95866391199996, -13.60937781399997], [-73.95980832699996, -13.609237618999941], [-73.96023558399997, -13.608977255999946], [-73.96116633399998, -13.608510912999975], [-73.96150967099999, -13.60813325099997], [-73.96267695599994, -13.607704105999971], [-73.96379087199995, -13.607418970999959], [-73.96475977999995, -13.606907778999926], [-73.96501919999997, -13.606619786999943], [-73.96573638199999, -13.605565027999944], [-73.96633144299994, -13.60490699899998], [-73.96707149799994, -13.60451216399997], [-73.96759031799996, -13.603999091999981], [-73.96804807899997, -13.603142701999957], [-73.96807093499996, -13.602428378999946], [-73.96868894999994, -13.602123204999941], [-73.96949003699996, -13.601864778999982], [-73.96991725299995, -13.601179086999934], [-73.97017668199999, -13.60046570399993], [-73.96985621999994, -13.599551135999945], [-73.96923063099996, -13.598843535999947], [-73.96839899999998, -13.598017651999953], [-73.96860500899999, -13.59758467699993], [-73.96914671199994, -13.597640947999935], [-73.97011562499995, -13.597844039999927], [-73.97062683499996, -13.597755387999939], [-73.97097013899997, -13.59798329299997], [-73.97134399599997, -13.59852690899993], [-73.97180171399998, -13.598438219999935], [-73.97262571699997, -13.597980460999963], [-73.97311398399995, -13.597584713999936], [-73.97365567299994, -13.597442558999944], [-73.97425840499994, -13.596505097999966], [-73.97437282699997, -13.595727860999943], [-73.97482300599995, -13.595955792999973], [-73.97535849799993, -13.59642656099993], [-73.97594447699998, -13.59658428299997], [-73.97602840599995, -13.595562879999932], [-73.97631070699998, -13.594877207999957], [-73.97648617499993, -13.595619159999956], [-73.97716524699996, -13.596218051999927], [-73.97743983899994, -13.596861793999949], [-73.97806546999993, -13.59737010699996], [-73.97861477799995, -13.598258905999955], [-73.97883601099994, -13.599570225999969], [-73.97937770299995, -13.599799081999947], [-73.97972104699994, -13.599366139999972], [-73.98004146299996, -13.598716688999957], [-73.98069760399994, -13.597688588999972], [-73.98109431399996, -13.596912318999955], [-73.98183439599995, -13.596490845999938], [-73.98249052699998, -13.596827443999928], [-73.98263546399994, -13.597569416999931], [-73.98209379899998, -13.597910823999939], [-73.98171993799997, -13.598487810999927], [-73.98140711099995, -13.599824866999938], [-73.98166653699997, -13.600485764999974], [-73.98246763199995, -13.60042567599993], [-73.98317715899998, -13.600167238999973], [-73.98377988199996, -13.599509233999981], [-73.98453519399999, -13.598553590999927], [-73.98450467999999, -13.597469279999927], [-73.98453521399995, -13.596673919999944], [-73.98448178299998, -13.59453462099998], [-73.98459622099995, -13.593816702999959], [-73.98504635899997, -13.593077599999958], [-73.98607636199995, -13.59230419399995], [-73.98661799299998, -13.591672852999977], [-73.98746488699999, -13.591179805999957], [-73.98831938499995, -13.590776404999929], [-73.98880000199995, -13.591121641999962], [-73.98982997799999, -13.591288500999951], [-73.99077600999993, -13.59092134599996], [-73.99117275999998, -13.589865648999933], [-73.99114222599997, -13.58949464799997], [-73.99040217499999, -13.588352136999958], [-73.99017330799995, -13.588007884999968], [-73.99085996799994, -13.587694114999977], [-73.99234678999994, -13.583238076999976], [-74.00363184699995, -13.587450484999977], [-74.00460651799995, -13.587151953999978], [-74.00512436899999, -13.585691174999965], [-74.00617836099997, -13.584697784999946], [-74.00852240899997, -13.583724440999958], [-74.00932865499993, -13.582937905999927], [-74.01025760999994, -13.580976240999973], [-74.01119111799994, -13.57933943699993], [-74.01256315499995, -13.576964981999936], [-74.01417191399997, -13.575695282999959], [-74.01460651499997, -13.574409815999957], [-74.01598570399995, -13.572639222999953], [-74.01641238299999, -13.57242075399995], [-74.01800170699994, -13.571976764999931], [-74.01878025399998, -13.571098678999931], [-74.02127972699998, -13.57042552699994], [-74.02310320099997, -13.569579458999954], [-74.02353739999995, -13.569304588999955], [-74.02386767399997, -13.567073081999979], [-74.02389710599994, -13.565637282999944], [-74.02248199899998, -13.56419384399993], [-74.02176003399995, -13.563743298999952], [-74.02072288599999, -13.563123351999934], [-74.01907986199996, -13.561670683999978], [-74.01737610999999, -13.560337923999953], [-74.01605883499997, -13.559302048999939], [-74.01578239999998, -13.558274701999949], [-74.01613095799996, -13.555250009999952], [-74.01599477899998, -13.552725008999971], [-74.01610071999994, -13.551390683999955], [-74.01643438899998, -13.550656410999977], [-74.01697398299996, -13.54908121799997], [-74.01713576399999, -13.548233885999935], [-74.01725187299996, -13.547211427999969], [-74.01811756899997, -13.544915034999974], [-74.01830529099993, -13.541999099999941], [-74.01898456399994, -13.539095036999981], [-74.01918799699996, -13.53770783799996], [-74.01961166999996, -13.536830337999959], [-74.01901943499996, -13.533988552999972], [-74.01819533299994, -13.531945003999965], [-74.01788287099998, -13.531301674999952], [-74.01711707699997, -13.53065864599995], [-74.01590526699994, -13.52850525499997], [-74.01528437499996, -13.526895026999966], [-74.01496813699998, -13.526027278999948], [-74.01429898799995, -13.523594294999953], [-74.01404000499997, -13.523230724999962], [-74.01372451599997, -13.522991519999948], [-74.01361452299994, -13.521989598999937], [-74.01294168199996, -13.520616128999961], [-74.01232334999997, -13.519313031999957], [-74.01154851799998, -13.517826594999974], [-74.01171053499996, -13.517255743999954], [-74.01163580599996, -13.514761538999949], [-74.01092878799994, -13.513459988999955], [-74.00983965199998, -13.51264415399993], [-74.00930041299995, -13.511617660999946], [-74.00856903099998, -13.510336621999954], [-74.00667275199999, -13.50804721999998], [-74.00673078299997, -13.506795161999946], [-74.00606240699994, -13.504406465999978], [-74.00594252699995, -13.503904387999967], [-74.00600799199998, -13.503557286999978], [-74.00593957199999, -13.503167523999934], [-74.00568077599996, -13.502878265999982], [-74.00529896299997, -13.502978463999966], [-74.00482767599993, -13.503110221999975], [-74.00409377299997, -13.502938238999945], [-74.00331671599997, -13.502723769999932], [-74.00258738099996, -13.50145275999995], [-74.00176929299994, -13.500730824999948], [-74.00118351399993, -13.50000104399993], [-74.00075507399998, -13.498607002999961], [-74.00000101799998, -13.497754130999965], [-73.99776340199998, -13.497069014999965], [-73.99592054799996, -13.495839736999926], [-73.99496202599994, -13.494089696999936], [-73.99239092899995, -13.491710069999954], [-73.98834632699999, -13.488535466999963], [-73.98627348999997, -13.488611817999981], [-73.97710321799997, -13.488295487999949]]]}}, {"type": "Feature", "properties": {"objectid": 17310, "anp_gid": 117, "acr_codi": "ACR12", "acr_nomb": "Bosque Huacrupe-La Calera", "acr_sect": " ", "acr_ubpo": "Lambayeque", "acr_suleg": 7272.27, "acr_balec": "D.S. Nº 012-2011-MINAM", "acr_felec": 1308718800000, "acr_balem": " ", "acr_felem": null, "acr_obs": null, "met_link": null, "acr_orden": 12, "acr_id": 12}, "geometry": {"type": "Polygon", "coordinates": [[[-79.89497770099996, -5.783168758999977], [-79.89613086799994, -5.785482203999948], [-79.89602363599994, -5.786522267999942], [-79.89516007999998, -5.787429138999926], [-79.89441035599998, -5.788089638999963], [-79.89408748699998, -5.78853548099994], [-79.89315313799995, -5.788524572999961], [-79.89192034099995, -5.788488981999933], [-79.89111038199997, -5.787544521999962], [-79.88713685699997, -5.787559349999981], [-79.88353256699997, -5.791612863999944], [-79.88357818699996, -5.794297363999931], [-79.88405374699994, -5.796903708999935], [-79.89421317699998, -5.8061426619999565], [-79.89375921599998, -5.813148016999946], [-79.89418672799997, -5.813577935999945], [-79.89442007499997, -5.813773396999977], [-79.89469195299995, -5.814124953999965], [-79.89519732999997, -5.814594007999972], [-79.89562508599994, -5.814945869999974], [-79.89628632999995, -5.815376154999967], [-79.89683116599997, -5.815572313999951], [-79.89753163899996, -5.815846742999952], [-79.89803732299998, -5.816159681999977], [-79.89827052199996, -5.81643319899996], [-79.89850317399998, -5.8169407009999645], [-79.89893040399994, -5.817565529999968], [-79.89931892199996, -5.818034353999963], [-79.89970759199997, -5.818425210999976], [-79.90009642999996, -5.818776994999951], [-79.90052395099997, -5.819206819999977], [-79.90079569799997, -5.819675414999949], [-79.90118414299997, -5.820183219999933], [-79.90161221199997, -5.820379147999972], [-79.90204049199997, -5.820418964999931], [-79.90243022599998, -5.820263701999977], [-79.90309240299996, -5.8202649899999415], [-79.90344245699998, -5.82049965799996], [-79.90390899699997, -5.820929646999957], [-79.90429752199998, -5.821398377999969], [-79.90476382299994, -5.821906421999927], [-79.90542509699998, -5.822375681999972], [-79.90569713599996, -5.822649270999932], [-79.90604696499997, -5.823000975999946], [-79.90639658299995, -5.823508702999959], [-79.90674595999997, -5.824094484999932], [-79.90713441499997, -5.82460219799998], [-79.90732822699994, -5.8250706399999785], [-79.90752173899995, -5.82569510299993], [-79.90759907799998, -5.826007296999933], [-79.90775396599997, -5.826475663999929], [-79.90802585599994, -5.8268272179999485], [-79.90806365199995, -5.827412305999928], [-79.91625290399998, -5.827568092999968], [-79.91672066599995, -5.828597892999937], [-79.91499287399995, -5.829164766999952], [-79.91499141999998, -5.829921957999943], [-79.91527902899998, -5.8303441069999735], [-79.91537786299995, -5.831482835999964], [-79.91537636399994, -5.832262944999968], [-79.91487014499995, -5.832261969999934], [-79.91455891599998, -5.832027380999932], [-79.91409168199993, -5.831948513999976], [-79.91371198299998, -5.832398194999939], [-79.91358336199994, -5.83303959999995], [-79.91342696699996, -5.833351341999958], [-79.91307590999998, -5.83358474299996], [-79.91319157799995, -5.834208964999959], [-79.91338563799997, -5.834599349999962], [-79.91361853499996, -5.834989810999957], [-79.91278282999997, -5.835080681999955], [-79.91186548499996, -5.835181518999946], [-79.91202060399996, -5.835532845999978], [-79.91233181799998, -5.835728452999945], [-79.91272073499994, -5.836002264999934], [-79.91260335599998, -5.83631408399998], [-79.91198017399995, -5.836312878999934], [-79.91104570099998, -5.836155048999956], [-79.91046078299996, -5.836543925999933], [-79.91038163499996, -5.837167861999944], [-79.91037982799998, -5.838103899999965], [-79.91072914099999, -5.838728665999952], [-79.91127447099996, -5.8387297219999255], [-79.91197618699994, -5.83838005299998], [-79.91252059999994, -5.8388101889999575], [-79.91244199499994, -5.839200047999952], [-79.91181865899995, -5.83927689799998], [-79.91150653899996, -5.83954926499996], [-79.91146663499995, -5.840056236999942], [-79.91193311999996, -5.840525206999928], [-79.91193131399996, -5.8414612459999375], [-79.91243755599999, -5.841501298999958], [-79.91239757499994, -5.842047253999965], [-79.91204517199998, -5.84302159799995], [-79.91251164699997, -5.843451583999979], [-79.91344643199994, -5.8434533929999475], [-79.91321201199997, -5.843804055999954], [-79.91301638499993, -5.844271654999943], [-79.91317037799996, -5.845208085999957], [-79.91332436899995, -5.846144425999967], [-79.91363416099995, -5.847081159999959], [-79.91398287999993, -5.8480178779999505], [-79.91429267099994, -5.848954609999964], [-79.91417399399995, -5.849890513999981], [-79.91401638799994, -5.85082625299998], [-79.91397565399996, -5.8517623069999445], [-79.91424734799995, -5.852269882999963], [-79.91498627799996, -5.8528173449999485], [-79.91564765499999, -5.853208724999945], [-79.91646580899999, -5.853093264999927], [-79.91681723799996, -5.852625877999969], [-79.91697393899994, -5.852158112999973], [-79.91732604399994, -5.851339697999947], [-79.91755956399999, -5.851457187999927], [-79.91759668999998, -5.852393302999928], [-79.91829624599995, -5.853174764999949], [-79.91864557399998, -5.853799527999968], [-79.91883850299996, -5.8547359439999695], [-79.91926517999997, -5.855672901999981], [-79.91961391199999, -5.85660970899994], [-79.91976806399998, -5.857468083999947], [-79.91957264499996, -5.857779752999932], [-79.91906445199999, -5.85879287399996], [-79.91875104699994, -5.859728312999948], [-79.91859344299996, -5.860664143999941], [-79.91843673799997, -5.861131908999937], [-79.91789087299998, -5.86144289899994], [-79.91800675699994, -5.861911099999929], [-79.91855134599996, -5.862263269999971], [-79.91866754499995, -5.862614521999944], [-79.91897734799994, -5.863551163999944], [-79.91917156999995, -5.863863583999944], [-79.91928715299997, -5.864487896999947], [-79.91920749599996, -5.865423786999941], [-79.91975111199997, -5.8662829149999425], [-79.92009947199995, -5.86741481699994], [-79.92072126499994, -5.868157055999973], [-79.92134379499998, -5.868470300999945], [-79.92204434599995, -5.868744622999941], [-79.92216024899994, -5.86925189699997], [-79.92266561999998, -5.869759920999968], [-79.92352132099995, -5.870424641999932], [-79.92422171199996, -5.870738034999931], [-79.92519631299996, -5.870349896999926], [-79.92558667699996, -5.869882578999977], [-79.92582063899994, -5.869727004999959], [-79.92601591199997, -5.869493390999935], [-79.92699092599997, -5.86879311499996], [-79.92722527599994, -5.868481608999957], [-79.92746013099998, -5.867857967999953], [-79.92746191999998, -5.866921833999925], [-79.92761951299997, -5.865986088999932], [-79.92785496199997, -5.865050401999952], [-79.92847996599994, -5.8641154619999725], [-79.92918341899997, -5.862868714999934], [-79.92957475699995, -5.861933324999939], [-79.93004385999996, -5.860998173999974], [-79.93062992699998, -5.8600631549999775], [-79.93113804399997, -5.859128075999934], [-79.93133396199994, -5.858504357999948], [-79.93164719899994, -5.857646872999965], [-79.93176429499994, -5.857530055999973], [-79.93203695499994, -5.857491592999963], [-79.93238630299999, -5.858116258999928], [-79.93261864399994, -5.85885783599997], [-79.93316235499998, -5.85967796999995], [-79.93354944799995, -5.860926800999948], [-79.94384285699994, -5.840630318999956], [-79.95339307099994, -5.855685560999973], [-79.97839863499996, -5.84951685599998], [-79.97932169899997, -5.851166796999962], [-79.98032866999995, -5.851873771999976], [-79.98169366999997, -5.853732367999953], [-79.98291221099998, -5.857967892999966], [-79.98274574699997, -5.859565471999929], [-79.98411209799997, -5.860339758999942], [-79.98520067899995, -5.8628813779999405], [-80.00075746899995, -5.840194442999973], [-79.99999967599996, -5.838932927999963], [-79.99836004199994, -5.835460252999951], [-79.99692088299997, -5.831630584999971], [-79.99492984999995, -5.830220062999956], [-79.99239945599999, -5.829842255999949], [-79.99054979299996, -5.828856837999979], [-79.98855675599998, -5.826434994999943], [-79.98626875799994, -5.826331659999937], [-79.98481617099998, -5.825111966999941], [-79.98431028099998, -5.8245961109999485], [-79.98256456799999, -5.824831985999936], [-79.97963463599996, -5.8203549569999495], [-79.97992108999995, -5.8198511769999755], [-79.98031048699994, -5.817754690999948], [-79.98043202099996, -5.8175420209999515], [-79.98108895799999, -5.8164229829999385], [-79.98172517999996, -5.815996373999951], [-79.98174716599993, -5.814339574999963], [-79.98189134199998, -5.81356739499995], [-79.98167119099998, -5.812591949999955], [-79.98160363999995, -5.81166873899997], [-79.98169359399998, -5.8114437139999495], [-79.98171298999995, -5.811395193999942], [-79.98218036699996, -5.810792735999939], [-79.98308816099996, -5.811017037999932], [-79.98413696499995, -5.811729447999937], [-79.98420754099999, -5.811762929999929], [-79.98462723899996, -5.811962041999948], [-79.98508660499994, -5.812250587999927], [-79.98656109899997, -5.813935944999969], [-79.98856682399997, -5.81398259499997], [-79.98977098199998, -5.814192875999936], [-79.99140917499994, -5.813860775999956], [-80.00052865399994, -5.807985468999959], [-80.00081822699997, -5.807263273999979], [-80.00165214899994, -5.804813098999944], [-79.94762905899995, -5.788093280999931], [-79.94778397799996, -5.788561641999934], [-79.94770559199998, -5.788795509999943], [-79.94735410499999, -5.789340964999951], [-79.94684681799998, -5.789885971999979], [-79.94645608499997, -5.790587422999977], [-79.94637751299996, -5.790938285999971], [-79.94622071799995, -5.791523040999948], [-79.94614171199999, -5.7921079839999265], [-79.94598525999999, -5.7924587479999445], [-79.94582643699994, -5.794096660999969], [-79.94574772099998, -5.794564495999964], [-79.94562971699997, -5.795188440999937], [-79.93031611999999, -5.803748697999936], [-79.92925833299995, -5.8021147789999645], [-79.92842861199995, -5.801066615999957], [-79.92694639299998, -5.798655043999929], [-79.92669456799996, -5.798167114999956], [-79.92607819399996, -5.796724736999977], [-79.92589562599994, -5.795978589999947], [-79.92480480599994, -5.794479171999967], [-79.92258016499994, -5.793131352999978], [-79.92152392499997, -5.792411035999976], [-79.91961212699994, -5.790889420999974], [-79.91830536199996, -5.789532790999942], [-79.91782717899997, -5.788931100999946], [-79.91723954099996, -5.787936997999964], [-79.91017940799998, -5.787832443999946], [-79.90030810799999, -5.783160106999958], [-79.89998808299998, -5.783454010999947], [-79.89989651999997, -5.78343891399993], [-79.89948315899994, -5.78317089799998], [-79.89893678099997, -5.782797998999968], [-79.89846783799999, -5.782469649999939], [-79.89692486999996, -5.782559118999927], [-79.89497770099996, -5.783168758999977]]]}}, {"type": "Feature", "properties": {"objectid": 17312, "anp_gid": 126, "acr_codi": "ACR19", "acr_nomb": "Vista Alegre-Omia", "acr_sect": " ", "acr_ubpo": "Amazonas", "acr_suleg": 48944.51, "acr_balec": "D.S. N° 005-2018-MINAM", "acr_felec": 1529211600000, "acr_balem": " ", "acr_felem": null, "acr_obs": null, "met_link": null, "acr_orden": 19, "acr_id": 19}, "geometry": {"type": "Polygon", "coordinates": [[[-77.41123986099996, -6.035995599999978], [-77.31521608599996, -6.344660642999941], [-77.39898267799998, -6.2355516009999405], [-77.31144076199996, -6.3697218179999595], [-77.33297673499999, -6.2914176479999355], [-77.29820114099994, -6.369280677999939]]]}}, {"type": "Feature", "properties": {"objectid": 17314, "anp_gid": 119, "acr_codi": "ACR14", "acr_nomb": "Huaytapallana", "acr_sect": " ", "acr_ubpo": "Junín", "acr_suleg": 22406.52, "acr_balec": "D.S. Nº 018-2011-MINAM", "acr_felec": 1311224400000, "acr_balem": " ", "acr_felem": null, "acr_obs": null, "met_link": null, "acr_orden": 14, "acr_id": 14}, "geometry": {"type": "Polygon", "coordinates": [[[-75.10305076499998, -11.855592428999955], [-75.10303986199995, -11.826483490999976], [-75.11221271399995, -11.808393290999959], [-75.10302837099994, -11.795718573999977], [-75.09968998899996, -11.792653540999936], [-75.09700994199994, -11.791634992999946], [-75.09362005499997, -11.789701268999977], [-75.08982886199993, -11.787060157999974], [-75.08732960299994, -11.785347912999953], [-75.08539164199993, -11.783257910999964], [-75.08344769099995, -11.78251094999996], [-75.07891014899997, -11.78168883099994], [-75.07690204099998, -11.781184028999974], [-75.07548930799999, -11.79031865099995], [-75.06630811899998, -11.781277545999956], [-75.05712805599995, -11.774782448999929], [-75.05646371299997, -11.775584674999948], [-75.05520057999996, -11.776488692999976], [-75.05370853899996, -11.77764485199998], [-75.05234847699995, -11.77895516999996], [-75.05111997699998, -11.780777526999941], [-75.04995333999995, -11.78273950099998], [-75.04844509099996, -11.784477323999965], [-75.04739210999998, -11.78551443699996], [-75.04575062099997, -11.787114420999956], [-75.04453844099999, -11.788258802999962], [-75.04371431499999, -11.789577122999958], [-75.04306171599995, -11.790879318999941], [-75.04238997299996, -11.791722569999934], [-75.04168683699999, -11.79267129599998], [-75.04156253699995, -11.793365514999948], [-75.04161396999996, -11.794172757999945], [-75.04159001599999, -11.795816662999925], [-75.04140167599996, -11.797469357999944], [-75.04126509799994, -11.798293741999942], [-75.04075246699995, -11.79950759199994], [-75.03960146899993, -11.800781365999967], [-75.03943855999995, -11.80219879599997], [-75.03920011699995, -11.804762603999961], [-75.03932870499995, -11.806197367999971], [-75.04014039099997, -11.807677825999974], [-75.04018459799994, -11.808667404999937], [-75.03989146999999, -11.809499630999937], [-75.03967750199996, -11.810789430999932], [-75.03969757799996, -11.81293558799996], [-75.03935231299994, -11.815738304999968], [-75.03909069499997, -11.816756302999977], [-75.03767361999996, -11.818799700999932], [-75.03645890099995, -11.820078937999938], [-75.03550517399998, -11.82136858499996], [-75.03554543199994, -11.822394763999966], [-75.03596652999994, -11.823784126999954], [-75.03684406799994, -11.82526898599997], [-75.03778492599997, -11.826248322999959], [-75.04795853099995, -11.826498139999956], [-75.03878085099996, -11.84458626999998], [-75.00832715799999, -11.843132005999962], [-75.01123828899995, -11.843021737999948], [-75.02959904599999, -11.835544015999972], [-75.02893858999994, -11.834479589999944], [-75.02800064899998, -11.834306554999955], [-75.02698940999994, -11.83401811799996], [-75.02660835099994, -11.83371518499996], [-75.02619790399996, -11.832604347999961], [-75.02577280999998, -11.831522365999945], [-75.02531449799994, -11.83086416599997], [-75.02452305199995, -11.830070748999958], [-75.02371693999999, -11.82893108899998], [-75.02332122299998, -11.828483884999969], [-75.02247114399995, -11.827358641999979], [-75.02168493199997, -11.826368961999947], [-75.02108401599997, -11.82554667599993], [-75.02043916799994, -11.824911928999938], [-75.01975037799997, -11.824522456999944], [-75.01873917099994, -11.824060860999964], [-75.01785987499994, -11.823656960999926], [-75.01740554799994, -11.823253030999979], [-75.01724432399999, -11.822849083999927], [-75.01724078899997, -11.822363103999976], [-75.01698276099995, -11.821844976999955], [-75.01663187899999, -11.821631644999968], [-75.01569275199995, -11.821265955999934], [-75.01483619499999, -11.82102217299996], [-75.01355104799995, -11.820728439999982], [-75.01213925199994, -11.82023626399996], [-75.01141864199997, -11.819874351999943], [-75.01080099499995, -11.819932280999979], [-75.01005098999997, -11.820077086999959], [-75.00890394199996, -11.820163990999959], [-75.00769804099997, -11.820033727999942], [-75.00669212499997, -11.819979776999958], [-75.00613009899996, -11.819952575999935], [-75.00495996599994, -11.819852821999973], [-75.00408538699998, -11.819720278999966], [-75.00336518199998, -11.81950950099997], [-75.00286558799996, -11.81929871799997], [-75.00237897499994, -11.818941012999971], [-75.00162761499996, -11.818194889999972], [-75.00063919099995, -11.817325318999963], [-74.99944047899999, -11.816559275999964], [-74.99796837299994, -11.816207297999938], [-74.99564718299996, -11.81589250199994], [-74.99479606099999, -11.81593438699997], [-74.99173192499995, -11.818029149999973], [-74.98896563499994, -11.820626655999945], [-74.98764627599996, -11.82242815799998], [-74.98646682599997, -11.823644835999971], [-74.98551938199995, -11.824403235999966], [-74.98449181599995, -11.82509787899994], [-74.98369697599998, -11.825607770999966], [-74.98213199699995, -11.826501629999939], [-74.98162867299999, -11.826809331999982], [-74.98119138799996, -11.82728076799998], [-74.98081654499998, -11.827813705999972], [-74.98057706399999, -11.828254408999953], [-74.98019815799995, -11.828824770999972], [-74.97971919899999, -11.829419191999932], [-74.97902159899996, -11.83006484599997], [-74.97860511099998, -11.830649021999932], [-74.97829273399998, -11.83118196099997], [-74.97761597299996, -11.831612378999978], [-74.97707454699997, -11.831991553999956], [-74.97693528799994, -11.832347996999943], [-74.97681027399994, -11.83326016899997], [-74.97662280599997, -11.834059593999939], [-74.97649782099995, -11.834592547999932], [-74.97624788199994, -11.835309979999977], [-74.97580015899996, -11.835709657999928], [-74.97512339699995, -11.83599658299994], [-74.97456113699997, -11.836416744999951], [-74.97390841599997, -11.837060363999967], [-74.97287758099998, -11.838003194999942], [-74.97122203999999, -11.83915095499998], [-74.97096172699997, -11.839366162999966], [-74.97064928199995, -11.840309057999946], [-74.97032599499994, -11.84161871699996], [-74.97022181999995, -11.842202919999977], [-74.97015929599996, -11.842756364999957], [-74.96985729799997, -11.843279046999953], [-74.96917003299995, -11.84405791699993], [-74.96851402199997, -11.84478553599996], [-74.96797472299994, -11.845514427999944], [-74.96805981499995, -11.84612100299995], [-74.96859574999996, -11.846974201999956], [-74.96957355699993, -11.84815610399994], [-74.97025559599996, -11.849145717999932], [-74.97041504099997, -11.850273588999926], [-74.97029137299995, -11.851833693999936], [-74.97009574099997, -11.852664378999975], [-74.96963961399996, -11.854054255999927], [-74.96929838099999, -11.85494363999993], [-74.96879124599997, -11.855152328999964], [-74.96760178399995, -11.855832870999961], [-74.96643221199997, -11.857131159999938], [-74.96560437799997, -11.859335378999958], [-74.96468078799995, -11.86048896699998], [-74.96231554599996, -11.862514869999927], [-74.96139903699998, -11.863850973999945], [-74.96077096899995, -11.865320728999961], [-74.96015999399998, -11.865988749999929], [-74.95854004999995, -11.867679972999952], [-74.95652061799996, -11.870014139999967], [-74.95615010799997, -11.87035519899996], [-74.95614468399998, -11.898845567999956], [-74.96532510099996, -11.916440524999928], [-74.96654496099995, -11.916675293999958], [-74.96775699699998, -11.91811334199997], [-74.96801391199995, -11.920003449999967], [-74.96843609699994, -11.922210095999958], [-74.96796743199997, -11.924796465999975], [-74.96841731199999, -11.925827467999966], [-74.96995083299998, -11.927220323999961], [-74.97042836299994, -11.927446460999931], [-74.97154869799994, -11.928224310999951], [-74.97227405299998, -11.929816027999948], [-74.97399118699997, -11.932339308999929], [-74.97524925499994, -11.933732109999937], [-74.97742582799998, -11.934012638999945], [-74.97814492399993, -11.935172350999949], [-74.97790982699996, -11.935673420999933], [-74.97716846499998, -11.93637326299995], [-74.97500326199997, -11.937536644999966], [-74.97442380099994, -11.93821365599996], [-74.97398911999994, -11.93953210099994], [-74.97444937199998, -11.940192048999961], [-74.97515301199996, -11.941219153999953], [-74.97575788499995, -11.941903314999934], [-74.97675102099998, -11.942178817999945], [-74.97882759099997, -11.942703170999948], [-74.97981168999996, -11.943236316999958], [-74.98034432099996, -11.94414256899995], [-74.98095247699996, -11.944766232999939], [-74.98327774199998, -11.94588364599997], [-74.98360472899998, -11.946250134999957], [-74.98370459899996, -11.947036693999962], [-74.98372266999996, -11.94865449799994], [-74.98393947899996, -11.950283787999979], [-74.98409880499997, -11.95195234299996], [-74.98478683899998, -11.95343988999997], [-74.98532415999995, -11.954584787999977], [-74.98566726799999, -11.955111307999971], [-74.98640005999994, -11.95583814899993], [-74.98711973699994, -11.95694728899997], [-74.98778645299996, -11.95933568199996], [-74.98799981099995, -11.960280532999946], [-74.98931704499995, -11.963065580999967], [-74.99070313299995, -11.966282768999974], [-74.99164256399996, -11.968699604999927], [-74.99247658599995, -11.971647467999958], [-74.99228360199999, -11.973450645999947], [-74.99130148799998, -11.974790173999963], [-74.99165968899996, -11.975676437999937], [-74.99336819099994, -11.974672665999947], [-74.99617201499996, -11.972792056999936], [-74.99778635099995, -11.972800750999966], [-74.99871406699998, -11.971950676999938], [-74.99900799599999, -11.971570854999982], [-74.99970607299997, -11.971109642999977], [-75.00079644899995, -11.97104597599997], [-75.00303239999994, -11.970593157999929], [-75.00429608499996, -11.969737091999946], [-75.00443550799997, -11.969251458999963], [-75.00546561299996, -11.968794929999945], [-75.00905064699998, -11.96833959199995], [-75.01221542999997, -11.967426991999957], [-75.01514911099997, -11.96679335899995], [-75.01690235299998, -11.966753376999975], [-75.01750910799996, -11.966586398999937], [-75.01941688699998, -11.965892824999969], [-75.02013977299998, -11.965897844999972], [-75.02077332199997, -11.965758522999977], [-75.02304381399995, -11.964114886999937], [-75.02393400699998, -11.962902181999937], [-75.02560718999996, -11.962150934999954], [-75.05716819099996, -11.967495120999956], [-75.05771010099994, -11.96756927499996], [-75.05851360399998, -11.968386721999934], [-75.05975004799996, -11.968968766999978], [-75.06048763699994, -11.96948462499995], [-75.06222526699997, -11.970212238999977], [-75.06371327799997, -11.971443615999931], [-75.06549174899999, -11.972329549999927], [-75.06637688999996, -11.972535983999933], [-75.06976169299998, -11.97268220799998], [-75.07183897399995, -11.97316387799998], [-75.07457006699997, -11.973628176999966], [-75.07549583299993, -11.973557028999949], [-75.07552159499994, -11.907882185999938], [-75.08469335499996, -11.871706295999957], [-75.10305076499998, -11.855592428999955]]]}}, {"type": "Feature", "properties": {"objectid": 17315, "anp_gid": 120, "acr_codi": "ACR15", "acr_nomb": "Bosques Secos Salitral - Huarmaca", "acr_sect": "Sector Norte", "acr_ubpo": "Piura", "acr_suleg": 25137.36, "acr_balec": "D.S. Nº 019-2011-MINAM", "acr_felec": 1311224400000, "acr_balem": " ", "acr_felem": null, "acr_obs": null, "met_link": null, "acr_orden": 15, "acr_id": 15}, "geometry": {"type": "Polygon", "coordinates": [[[-79.78043545499997, -5.56208524699997], [-79.78613615299997, -5.56356988899995], [-79.79284252599996, -5.5621107659999325], [-79.79766340899994, -5.562533020999979], [-79.80333966199998, -5.55994684999996], [-79.80487396499996, -5.559420229999944], [-79.80587969899995, -5.558826318999934], [-79.80744312499996, -5.55696218099996], [-79.80735486599997, -5.554680994999956], [-79.80765919499999, -5.55232310599996], [-79.81021646699998, -5.54995521799998], [-79.81198897799999, -5.547589814999981], [-79.81366058199995, -5.546179880999944], [-79.81627444299994, -5.54546851799995], [-79.81855049299998, -5.544796278999968], [-79.81991361399997, -5.543654430999936], [-79.81956907599994, -5.5420812059999776], [-79.81947057499997, -5.541662992999932], [-79.81998937099996, -5.540519458999938], [-79.82138261099999, -5.5389308949999645], [-79.82140419699994, -5.5369492289999585], [-79.82124695099998, -5.536099612999976], [-79.82102036599997, -5.534595186999979], [-79.82250702199997, -5.533424798999931], [-79.82349531199998, -5.530583817999968], [-79.82384416999997, -5.529142236999974], [-79.85290050399999, -5.528816775999928], [-79.90724470899994, -5.447507080999969], [-79.90759938599996, -5.446024364999971], [-79.90740297999997, -5.444830085999968], [-79.90659242899994, -5.443860814999937], [-79.90604384999995, -5.442765390999966], [-79.90730110699997, -5.441266222999957], [-79.91103330899995, -5.438677094999946], [-79.91250868199995, -5.436328085999946], [-79.91366886699996, -5.433580528999926], [-79.91810199699995, -5.42760076299993], [-79.90082715699998, -5.407824666999943], [-79.89884077899995, -5.4083094859999505], [-79.89678925699997, -5.409879560999968], [-79.89565681799996, -5.412256293999974], [-79.89450015199998, -5.413059175999933], [-79.89114280499996, -5.413071130999981], [-79.88792209399998, -5.412395911999965], [-79.88684735699997, -5.4128100009999685], [-79.88448957399999, -5.414035758999944], [-79.88253840699997, -5.415398532999973], [-79.88164678699997, -5.418887575999975], [-79.88131036199997, -5.420243673999948], [-79.88114476299995, -5.421952834999956], [-79.88053354499993, -5.425497262999954], [-79.88020455099996, -5.427712627999938], [-79.87845026599996, -5.4295454669999685], [-79.87596658499996, -5.430481507999957], [-79.87387054599998, -5.431653424999979], [-79.84866554399997, -5.393998791999934], [-79.85029814299997, -5.381936297999971], [-79.84610839799996, -5.376275491999934], [-79.84330114099998, -5.370014558999969], [-79.84099572699995, -5.363987411999972], [-79.84211844999999, -5.35863730899996], [-79.84375890999996, -5.354091315999938], [-79.84522718499994, -5.351182792999964], [-79.82324141999999, -5.374503432999973], [-79.82336225699999, -5.386612123999953], [-79.81385819699994, -5.39673497299998], [-79.81392870599996, -5.397603391999951], [-79.81476021499998, -5.398559750999937], [-79.81520771799995, -5.398881174999929], [-79.81451047099995, -5.400091790999966], [-79.81449170099995, -5.400462581999932], [-79.81354364299995, -5.400704934999965], [-79.81302102499995, -5.40028786299996], [-79.81178518399997, -5.400014108999926], [-79.81094725499997, -5.399316035999959], [-79.81057655999996, -5.399668048999956], [-79.81070142299995, -5.400428037999973], [-79.81098791799997, -5.401604394999936], [-79.81038985899994, -5.402851375999944], [-79.81037136899994, -5.40307745399997], [-79.81069590299995, -5.403258981999954], [-79.81080186899999, -5.404453073999946], [-79.80940082299998, -5.405589943999928], [-79.80865113899995, -5.405914076999977], [-79.80840678399994, -5.406266334999941], [-79.80896443899996, -5.4072261549999325], [-79.81125771599994, -5.406715111999972], [-79.81146494899997, -5.406887365999978], [-79.81119263699998, -5.407691799999952], [-79.81112803499997, -5.408424283999977], [-79.81137922599999, -5.409193565999942], [-79.81105378899997, -5.409473309999953], [-79.81016908299995, -5.409616287999938], [-79.81033076899996, -5.410005521999949], [-79.81150179499997, -5.411129346999928], [-79.81222257499996, -5.41174579099993], [-79.81236607099999, -5.412207345999946], [-79.81172531299995, -5.412206089999927], [-79.81009163599998, -5.4123023749999675], [-79.80946933399997, -5.412093127999981], [-79.80872979899993, -5.411838426999964], [-79.80853962499998, -5.412172701999964], [-79.80861751899994, -5.4138732339999365], [-79.80843629699996, -5.414243704999933], [-79.80799346199996, -5.41455939399998], [-79.80771422499998, -5.414287507999973], [-79.80677892899996, -5.412612421999938], [-79.80641811599997, -5.412521264999953], [-79.80576790799995, -5.412737053999933], [-79.80449664299994, -5.412110472999927], [-79.80307155199995, -5.411691609999934], [-79.80216128199999, -5.411065737999934], [-79.80126954499997, -5.410195698999928], [-79.80078071399998, -5.410114607999958], [-79.75004830299997, -5.487466812999969], [-79.74948028799997, -5.487176205999958], [-79.74882173399999, -5.487021073999927], [-79.74782958999998, -5.486693400999968], [-79.74782199799995, -5.4860060139999405], [-79.74801910999997, -5.485129834999952], [-79.74808707899996, -5.484405718999938], [-79.74697771899997, -5.4840235339999595], [-79.74577808599997, -5.483650201999978], [-79.74485798399996, -5.483404074999953], [-79.74455222799998, -5.4828698179999265], [-79.74464518699995, -5.48157667199996], [-79.74374474599995, -5.480561816999966], [-79.74372726199994, -5.480290449999927], [-79.74395350599997, -5.480001505999951], [-79.74370235899994, -5.479250298999943], [-79.74383906499997, -5.478617482999937], [-79.74371376599998, -5.478110736999952], [-79.74277617099995, -5.477602286999968], [-79.74174684699994, -5.47779909999997], [-79.74088918499996, -5.478366403999928], [-79.73926204499998, -5.479123388999938], [-79.73825111099995, -5.479157436999969], [-79.73575049199997, -5.479414446999954], [-79.73446075799995, -5.478977594999947], [-79.73400976899995, -5.4788409769999475], [-79.73187045999998, -5.478963069999963], [-79.72829280899998, -5.480637718999958], [-79.72228352699995, -5.484070784999972], [-79.72039377999994, -5.485667577999948], [-79.71945982799997, -5.487691490999964], [-79.71926868899999, -5.48844175399995], [-79.71906570499993, -5.490512451999962], [-79.71931604699995, -5.491625430999932], [-79.71354649199998, -5.513459268999952], [-79.71943865799994, -5.520363780999958], [-79.71981425799999, -5.520647313999973], [-79.72000688899999, -5.521272142999976], [-79.71999271399994, -5.522367731999964], [-79.72010961599995, -5.522697826999945], [-79.72030958099998, -5.52263937999993], [-79.72046307499994, -5.522321624999961], [-79.72076895199996, -5.522204436999971], [-79.72087357599997, -5.522746592999965], [-79.72117894699994, -5.522865096999965], [-79.72148505099995, -5.522641910999937], [-79.72172531599995, -5.522984028999929], [-79.72167730499996, -5.523443373999953], [-79.72214665799999, -5.523868468999979], [-79.72267513499997, -5.524081692999971], [-79.72313325999994, -5.524271159999955], [-79.72313303199996, -5.52437724899994], [-79.72290343999998, -5.524529874999928], [-79.72312613099996, -5.524860196999953], [-79.72339550599997, -5.525308466999945], [-79.72280749499998, -5.525413200999935], [-79.72193633099994, -5.5260239839999485], [-79.72162368599999, -5.526518120999981], [-79.72180223499998, -5.528238540999951], [-79.72178816099995, -5.529287009999962], [-79.72116914199995, -5.530169207999961], [-79.72072111899996, -5.5307808989999785], [-79.72033635499997, -5.53202880799995], [-79.72058281799997, -5.532217820999961], [-79.72128939399994, -5.531630293999967], [-79.72221342599994, -5.531078595999929], [-79.72218892199999, -5.53156159699995], [-79.72174529699998, -5.53285649999998], [-79.72145001099994, -5.533503792999966], [-79.72145975999996, -5.534469829999978], [-79.72194124399994, -5.534671197999955], [-79.72245899599994, -5.534460226999954], [-79.72282346299994, -5.534425648999957], [-79.72311005199998, -5.535097801999939], [-79.72342708799994, -5.535251603999939], [-79.72356804299994, -5.535310875999926], [-79.72374358399998, -5.535699975999933], [-79.72366002499996, -5.536277090999931], [-79.72380085399999, -5.536395149999976], [-79.72428844899997, -5.536525894999954], [-79.72439365699995, -5.536797086999968], [-79.72402670199995, -5.53725340799997], [-79.72407462299998, -5.5375739339999654], [-79.72426221199999, -5.537774577999926], [-79.72420302099994, -5.537974780999946], [-79.72387870099999, -5.538480650999929], [-79.72406643099998, -5.538657688999933], [-79.72437135599995, -5.5389882799999555], [-79.72413535999993, -5.539388341999938], [-79.72432802199995, -5.540001323999945], [-79.72393946099999, -5.540283209999927], [-79.72364500599997, -5.54054178399997], [-79.72371478299993, -5.540918898999962], [-79.72465449599997, -5.541227251999942], [-79.72505414899996, -5.541286990999936], [-79.72522689899995, -5.541414204999967], [-79.72420428099997, -5.560993921999966], [-79.72506214599997, -5.5649514589999285], [-79.72506280999994, -5.566486901999951], [-79.72528171299996, -5.569837183999937], [-79.72669536699993, -5.573882025999978], [-79.72753074699995, -5.57663617999998], [-79.72768388299994, -5.578001378999943], [-79.72980498099997, -5.580593796999949], [-79.73165659699998, -5.58337275599996], [-79.73256846599998, -5.585286951999933], [-79.73361906499997, -5.585361933999934], [-79.73431498299999, -5.5848079339999686], [-79.73531286699995, -5.585470586999975], [-79.73608078699993, -5.585606636999955], [-79.73718995799999, -5.58526778199996], [-79.73859004099995, -5.58621040099996], [-79.74122963399998, -5.587416150999957], [-79.74225833799994, -5.58815266199997], [-79.74377009699998, -5.587362078999945], [-79.74496411899997, -5.587281152999935], [-79.74693483699997, -5.585759042999939], [-79.74762259599999, -5.5856425719999265], [-79.74813273799998, -5.585890839999934], [-79.74901292199996, -5.5864720039999725], [-79.75471467099999, -5.586144143999945], [-79.75567226799996, -5.586105849999967], [-79.75665618299996, -5.58634561599996], [-79.75840076299994, -5.587345167999956], [-79.75986062199996, -5.588003425999943], [-79.76082933199996, -5.58774978699995], [-79.76146455299994, -5.587978049999947], [-79.77065859999999, -5.590069218999929], [-79.77458622799998, -5.586636716999976], [-79.77790655899997, -5.582928874999936], [-79.77815365899994, -5.5810111109999525], [-79.77724981599994, -5.577203125999972], [-79.77681160099996, -5.568676537999977], [-79.77624870999995, -5.56666576899994], [-79.77594571899994, -5.564532863999943], [-79.78043545499997, -5.56208524699997]]]}}, {"type": "Feature", "properties": {"objectid": 17319, "anp_gid": 124, "acr_codi": "ACR18", "acr_nomb": "Tres Cañones", "acr_sect": "Ámbito Norte", "acr_ubpo": "Cusco", "acr_suleg": 18701.28, "acr_balec": "D.S. N° 006-2017-MINAM", "acr_felec": 1503550800000, "acr_balem": " ", "acr_felem": null, "acr_obs": null, "met_link": null, "acr_orden": 18, "acr_id": 18}, "geometry": {"type": "Polygon", "coordinates": [[[-71.76068012399998, -14.755737779999947], [-71.75888488299995, -14.757052637999948], [-71.75614427099998, -14.758984003999956], [-71.75506284099998, -14.759358232999944], [-71.75359942899996, -14.759719679999932], [-71.75293330599999, -14.760338038999976], [-71.75232124399997, -14.760392133999972], [-71.75154620099994, -14.760732622999967], [-71.74952827599998, -14.761322574999951], [-71.74899454599995, -14.761760466999931], [-71.74816847499994, -14.762275742999975], [-71.74642653599994, -14.76225223199998], [-71.74523563099996, -14.762823245999982], [-71.74439489899999, -14.76320812199998], [-71.74325571999998, -14.763570890999972], [-71.74259225499998, -14.76381913199998], [-71.74110249199998, -14.763718345999962], [-71.74017634699999, -14.76334352899994], [-71.73827020099998, -14.762897794999958], [-71.73696538099995, -14.762534278999965], [-71.73577295699994, -14.762079317999962], [-71.73494686199996, -14.761975156999938], [-71.73417351399996, -14.761802213999943], [-71.73289121699997, -14.761651790999963], [-71.73167828599998, -14.76166397999998], [-71.73090523999997, -14.761513005999973], [-71.72991095799995, -14.761472262999973], [-71.72860755299996, -14.761970005999956], [-71.72814983499995, -14.76251154099998], [-71.72733633699994, -14.762583442999926], [-71.72675920499995, -14.762578281999936], [-71.72592584899996, -14.762637879999943], [-71.72475951999996, -14.763091833999965], [-71.72394498599994, -14.764190269999972], [-71.72316262399994, -14.764593157999968], [-71.72195583499996, -14.765121557999976], [-71.72043010199997, -14.76534299399998], [-71.71892326799997, -14.766224676999968], [-71.71739952699994, -14.76588533499995], [-71.71439725099998, -14.766250356999933], [-71.71240605699995, -14.766831895999928], [-71.71126417899995, -14.768153144999928], [-71.70956010199995, -14.769393342999933], [-71.70767289099996, -14.770761690999962], [-71.70631690299996, -14.771094281999979], [-71.70479730999995, -14.770624700999974], [-71.70273634899996, -14.770325774999947], [-71.70098907999994, -14.770426481999948], [-71.69850684599999, -14.770068004999928], [-71.69731607399996, -14.76993101499994], [-71.69541709399994, -14.770276816999967], [-71.69311303799998, -14.77128549799994], [-71.69190971699999, -14.771453902999951], [-71.68980720899998, -14.772589995999965], [-71.68781870599997, -14.773852808999948], [-71.68785037699996, -14.775209339999947], [-71.68797967699999, -14.77602380199994], [-71.68864542099993, -14.77653804199997], [-71.69032414999998, -14.77762977599997], [-71.69216816199997, -14.77807568399993], [-71.69300841199998, -14.778754748999972], [-71.69399992299998, -14.77880324499995], [-71.69628550699997, -14.77917360999993], [-71.69739152999995, -14.780533637999952], [-71.69847666599998, -14.782228424999971], [-71.69999857199997, -14.785182973999952], [-71.70303416299998, -14.78982836199998], [-71.70613369699998, -14.793455492999954], [-71.70682737799996, -14.794586152999955], [-71.70665775599997, -14.798168473999965], [-71.70676420499996, -14.79982402099995], [-71.71132945799997, -14.804393306999941], [-71.71340514499997, -14.806538187999934], [-71.71754865299994, -14.81088707899994], [-71.71911284699996, -14.811640715999943], [-71.72121651099997, -14.813224950999938], [-71.72443759599997, -14.816034615999968], [-71.72771974599993, -14.816246669999941], [-71.72968732699997, -14.816237679999972], [-71.73363560799999, -14.816678336999928], [-71.73744733699994, -14.81698042599993], [-71.73959540699997, -14.817087815999969], [-71.74172839499994, -14.81792513299996], [-71.74384684399996, -14.818387401999928], [-71.74689113899996, -14.818677632999936], [-71.75020497699995, -14.818435765999936], [-71.75092833999997, -14.81870930699995], [-71.75108279199998, -14.819604554999955], [-71.75267116299995, -14.824511272999928], [-71.75408910899995, -14.828586821999977], [-71.75505211499996, -14.83030756599993], [-71.75648356899995, -14.832139349999977], [-71.75734727799994, -14.83420597199995], [-71.75825124399995, -14.835614762999967], [-71.75882713199996, -14.837519240999939], [-71.75964620399998, -14.839143153999942], [-71.75978844799994, -14.841845206999949], [-71.75994091099994, -14.843091296999944], [-71.76120759799994, -14.843221487999926], [-71.76224432799995, -14.843599930999972], [-71.76277915799994, -14.843724583999972], [-71.76427368799995, -14.844210285999964], [-71.76540471599998, -14.844295803999955], [-71.76803869899999, -14.84528800299995], [-71.77112968199998, -14.844928120999953], [-71.77186894899995, -14.84452489399996], [-71.77262698099997, -14.846024187999944], [-71.77329118399996, -14.846816222999962], [-71.77670215999996, -14.846696153999972], [-71.77853190199994, -14.84741962499993], [-71.77927543599998, -14.847410239999931], [-71.78003173399998, -14.847432948999938], [-71.78337500799995, -14.848974218999956], [-71.78627437799997, -14.850556134999977], [-71.78823574999996, -14.851646824999932], [-71.79340807399996, -14.854951933999928], [-71.79392043899998, -14.855946468999946], [-71.79391073599999, -14.856988030999958], [-71.79431598599996, -14.858654271999967], [-71.79464658999996, -14.861079366999945], [-71.79488511899996, -14.862174251999932], [-71.79423085399998, -14.863888800999973], [-71.79396864599994, -14.864705688999948], [-71.79606009399998, -14.867387488999952], [-71.79728101599994, -14.87117672599993], [-71.79891474599998, -14.874831944999926], [-71.79968773699994, -14.878854223999952], [-71.79979391099994, -14.884394168999961], [-71.80020002599997, -14.887001978999933], [-71.79958369899998, -14.889317951999942], [-71.79823353099994, -14.893709588999968], [-71.79752556599993, -14.895442121999963], [-71.80003918799997, -14.897299395999937], [-71.80385252599996, -14.899842056999944], [-71.80721530999995, -14.901214255999946], [-71.81227390399994, -14.90464333999995], [-71.81285098899997, -14.905284154999947], [-71.81785525299995, -14.907065101999933], [-71.82193561799994, -14.906346577999955], [-71.82514434199999, -14.906564239999966], [-71.82744491399995, -14.905884392999951], [-71.82845664599995, -14.903523505999942], [-71.83007811299996, -14.899342099999956], [-71.83000198099995, -14.897305039999935], [-71.82814873599995, -14.89441164699997], [-71.82611088399995, -14.89212342299993], [-71.82832413999995, -14.888013857999965], [-71.83026574699994, -14.887683524999943], [-71.83961143899995, -14.887337059999936], [-71.84563489799996, -14.888114443999939], [-71.85198932299994, -14.887882556999955], [-71.85852698799994, -14.884221082999943], [-71.86036360499997, -14.882229371999927], [-71.86231425899996, -14.878550554999947], [-71.86254411099998, -14.87234349299996], [-71.85988741499995, -14.869600520999938], [-71.85586303899998, -14.868484542999965], [-71.85489614299996, -14.865208494999933], [-71.85438229099998, -14.854528606999963], [-71.85905796099996, -14.848657525999954], [-71.86180808299997, -14.844823830999928], [-71.86507373699999, -14.841110217999926], [-71.86885845999996, -14.835932789999958], [-71.86852042599998, -14.832072337999932], [-71.86840871299995, -14.828124798999966], [-71.87202075199997, -14.824804351999944], [-71.87238470399996, -14.823926857999936], [-71.87280216899995, -14.819137664999971], [-71.87312003299996, -14.814633386999958], [-71.87223736799996, -14.80684447699997], [-71.87303867999998, -14.805254641999966], [-71.87505468399996, -14.804295380999974], [-71.87516789899996, -14.80354824899996], [-71.87300023999995, -14.800683080999931], [-71.87194996199997, -14.799262433999957], [-71.87259098999994, -14.798664401999929], [-71.87406617399995, -14.79935054899994], [-71.88092032299994, -14.798040550999929], [-71.88160702199997, -14.794224122999935], [-71.87991229199997, -14.791784183999937], [-71.87968589099995, -14.79117038399994], [-71.88062090799997, -14.79117953499997], [-71.88642028199996, -14.792115844999955], [-71.88926695199996, -14.790451245999975], [-71.89127421099994, -14.785184671999957], [-71.88938691699997, -14.78404821199996], [-71.88721889399994, -14.783351857999946], [-71.88696408199996, -14.782168506999938], [-71.88992322799999, -14.780485674999966], [-71.89263696299997, -14.77752144699997], [-71.89382294499995, -14.775284299999953], [-71.89510075299995, -14.77812376299994], [-71.89958395799994, -14.774449834999928], [-71.89013237499995, -14.76159943099998], [-71.88990459399997, -14.76161358099995], [-71.88785759299998, -14.762031755999942], [-71.88376075499997, -14.764053283999942], [-71.88183148699994, -14.763972236999962], [-71.88129056099996, -14.761685007999972], [-71.88223906499996, -14.759289128999967], [-71.87885446899998, -14.757437134999975], [-71.87851045699995, -14.756649865999975], [-71.87467048899998, -14.757791271999963], [-71.87077426899998, -14.759544410999979], [-71.86865088899998, -14.765004716999954], [-71.86788416499996, -14.765712003999965], [-71.86561589099995, -14.76485751599995], [-71.86416336599996, -14.764106279999964], [-71.86160836399995, -14.764137090999952], [-71.85954853599998, -14.765031084999976], [-71.85844290299997, -14.766213879999952], [-71.85678937099993, -14.765841313999942], [-71.85261624399993, -14.766204890999973], [-71.85049086599997, -14.767103566999936], [-71.84523202399998, -14.768769573999975], [-71.83998061599993, -14.769248414999936], [-71.83411213499994, -14.764788130999932], [-71.83180319599995, -14.764965748999941], [-71.83043037899995, -14.765820627999972], [-71.82340587799996, -14.764918301999955], [-71.82069516899998, -14.76547254899998], [-71.81567814999994, -14.768117042999961], [-71.80764724299996, -14.76985659899998], [-71.80187383699996, -14.773121027999935], [-71.79652270799994, -14.775073462999956], [-71.79143663299993, -14.775182379999933], [-71.78738993199994, -14.775933102999943], [-71.78330039099995, -14.776236022999967], [-71.77946883499999, -14.774155113999939], [-71.77775373299994, -14.772957738999935], [-71.77536981699996, -14.771371210999973], [-71.77692130999998, -14.768773799999963], [-71.77828345999995, -14.766032804999952], [-71.77945989999995, -14.763544232999948], [-71.77986983399995, -14.76169806799993], [-71.77917084099994, -14.759702621999963], [-71.77724269499998, -14.758758021999938], [-71.77639768499995, -14.758513234999953], [-71.77543907099994, -14.75828693099993], [-71.77399576199997, -14.758451617999981], [-71.77254413599996, -14.75772120299996], [-71.77100350899997, -14.756871330999957], [-71.77021566899998, -14.756323363999968], [-71.76744493299998, -14.755739452999933], [-71.76596060499998, -14.755511758999944], [-71.76515040399994, -14.755322158999945], [-71.76403330199997, -14.75469260899996], [-71.76299614099997, -14.754239008999946], [-71.76238512899994, -14.754566051999973], [-71.76068012399998, -14.755737779999947]]]}}, {"type": "Feature", "properties": {"objectid": 17323, "anp_gid": 125, "acr_codi": "ACR18", "acr_nomb": "Tres Cañones", "acr_sect": "Ámbito Sur", "acr_ubpo": "Cusco", "acr_suleg": 20783.83, "acr_balec": "D.S. N° 006-2017-MINAM", "acr_felec": 1503550800000, "acr_balem": " ", "acr_felem": null, "acr_obs": null, "met_link": null, "acr_orden": 18, "acr_id": 18}, "geometry": {"type": "MultiPolygon", "coordinates": [[[-71.52835872499998, -14.894048356999974], [-71.52797878599995, -14.894662038999968], [-71.52710676099997, -14.896182625999927], [-71.52668757599997, -14.896913568999935], [-71.52575465399997, -14.899110850999932], [-71.52532330899999, -14.900059718999955], [-71.52445057699998, -14.901097108999977], [-71.52392234399997, -14.901114882999934], [-71.52324696599999, -14.901075823999975], [-71.52298337999997, -14.901060579999978], [-71.52199173099996, -14.900849557999948], [-71.52063312199994, -14.901485738999952], [-71.51867369099995, -14.903132612999968], [-71.51735373699995, -14.905200023999953], [-71.51718134199996, -14.905548435999947], [-71.51713114699999, -14.905649878999952], [-71.51708185099994, -14.90574950499996], [-71.51702715399995, -14.90586004599993], [-71.51665433599999, -14.90661350299996], [-71.51615732499994, -14.907617946999949], [-71.51566767699995, -14.908842314999958], [-71.51554311699994, -14.909333668999977], [-71.51551559599994, -14.909754212999928], [-71.51510040999995, -14.91100209299998], [-71.51506838899996, -14.911063052999964], [-71.51488530399996, -14.911411595999937], [-71.51339328999995, -14.91499713899998], [-71.51315202599994, -14.915897284999971], [-71.51305403699996, -14.916262876999951], [-71.51193250799997, -14.917800055999976], [-71.51194351699996, -14.918747910999969], [-71.51213646699995, -14.935349409999958], [-71.51214182599995, -14.935810205999928], [-71.51214923199996, -14.936446990999968], [-71.51223917099998, -14.944177665999973], [-71.51237551099996, -14.955888237999943], [-71.51245347499997, -14.962580174999971], [-71.51253241099994, -14.969352039999933], [-71.51255655599994, -14.971422830999927], [-71.51259871099995, -14.975037357999952], [-71.51266121199995, -14.980394581999974], [-71.51270740999996, -14.98435309599995], [-71.51272367999997, -14.985746878999976], [-71.51287411499999, -14.99862759299998], [-71.51290741499997, -15.001477123999962], [-71.51293390799998, -15.00374377299994], [-71.51294658699999, -15.00482835799994], [-71.51053043299999, -15.00485502999993], [-71.51023353999994, -15.00505063199995], [-71.50955314199996, -15.005886806999968], [-71.50863962699998, -15.007259273999978], [-71.50835505999999, -15.008161113999961], [-71.50828480699994, -15.008846361999929], [-71.50820916399994, -15.01040947599995], [-71.50770668999996, -15.012085039999931], [-71.50734780599998, -15.013925258999961], [-71.50670364799998, -15.01458017899995], [-71.50600447099998, -15.015357518999963], [-71.50520108699999, -15.016387634999944], [-71.50428573399995, -15.018542232999948], [-71.50388471499997, -15.020004651999955], [-71.50388393199995, -15.020464767999954], [-71.50395545799995, -15.02092203899997], [-71.50435965799994, -15.02277201499993], [-71.50445891299995, -15.023350014999949], [-71.50451533199998, -15.023678563999965], [-71.50454737399997, -15.024527913999975], [-71.50452397399994, -15.024867644999972], [-71.50449374599998, -15.025306504999946], [-71.50428645499994, -15.026194345999954], [-71.50407506399995, -15.026730877999967], [-71.50377481399994, -15.027524451999966], [-71.50375558499996, -15.02754643299994], [-71.50351961699994, -15.02781615899994], [-71.50299264799997, -15.028180489999954], [-71.50268779899994, -15.02831776599993], [-71.50247733399993, -15.028412539999977], [-71.50177550899997, -15.028728575999935], [-71.50075294899995, -15.029303653999932], [-71.50051683499998, -15.029617233999943], [-71.50014001599999, -15.030204583999932], [-71.49921820799995, -15.031299864999937], [-71.49847147099996, -15.031903495999927], [-71.49823668599998, -15.032093284999974], [-71.49727088199995, -15.03258120199996], [-71.49596159499998, -15.032878163999953], [-71.49457832399997, -15.033122330999959], [-71.49258433699998, -15.03354901199998], [-71.49163390599995, -15.033982529999946], [-71.49109480999994, -15.034260896999967], [-71.49034055099997, -15.034599561999926], [-71.48828798299996, -15.035905042999957], [-71.48664139999994, -15.037071258999958], [-71.48568753099994, -15.038170739999941], [-71.48480958699997, -15.03943603199997], [-71.48373200799995, -15.042289067999945], [-71.48348102999995, -15.04345092699998], [-71.48330845799995, -15.044465195999976], [-71.48313269199997, -15.045653718999972], [-71.48266971099997, -15.046877783999946], [-71.48236958399997, -15.047722415999942], [-71.48224510599994, -15.048697384999969], [-71.48230387899997, -15.049949205999951], [-71.48233589199998, -15.050589428999956], [-71.48257217399998, -15.051452094999945], [-71.48307060099995, -15.052861637999968], [-71.48419977399993, -15.05518386999995], [-71.48482894499995, -15.056545193999966], [-71.48558148399997, -15.057949894999979], [-71.48569652899994, -15.058164638999926], [-71.48694021399996, -15.059884197999963], [-71.48783555699998, -15.060845894999943], [-71.48937963599997, -15.062504373999957], [-71.49243047299996, -15.065511016999949], [-71.49344858599994, -15.066123656999935], [-71.49456461899996, -15.066654292999942], [-71.49542212199998, -15.067034109999952], [-71.49591765099996, -15.067129041999976], [-71.49805841399996, -15.067191506999961], [-71.49839491999995, -15.067120019999948], [-71.49932097899995, -15.066923287999941], [-71.49990110499994, -15.067006270999968], [-71.50049314099994, -15.067150321999975], [-71.50095996599998, -15.067487397999969], [-71.50117782299998, -15.067644702999928], [-71.50168726999993, -15.06829876699993], [-71.50212209599994, -15.068881947999955], [-71.50332890399994, -15.069850977999977], [-71.50547487599994, -15.071516176999978], [-71.50670010599998, -15.072476351999967], [-71.50755851999998, -15.073313257999928], [-71.50782729999997, -15.073575301999938], [-71.50851110999997, -15.07436714299996], [-71.50921601799996, -15.075183405999951], [-71.50984243799996, -15.076011708999943], [-71.51051916199998, -15.07699447799996], [-71.51131042899993, -15.078261999999938], [-71.51194180199997, -15.079158521999943], [-71.51228680199995, -15.079408221999927], [-71.51270373999995, -15.079522932999964], [-71.51369702699998, -15.079478451999933], [-71.51475498299999, -15.079043766999973], [-71.51593624399999, -15.078282422999962], [-71.51784455799998, -15.07698010699994], [-71.51851945399994, -15.076470437999944], [-71.51896027499998, -15.07630420299995], [-71.51958333199997, -15.076207644999954], [-71.52057927199996, -15.07600021199994], [-71.52162755799998, -15.075919537999937], [-71.52231672299996, -15.075983047999955], [-71.52334284999995, -15.075861061999944], [-71.52336760599997, -15.075860292999948], [-71.52394222199996, -15.07584243499997], [-71.52482006199995, -15.07571016099996], [-71.52541132699997, -15.075650868999958], [-71.52564941399999, -15.075481861999947], [-71.52622374199996, -15.075123632999976], [-71.52693679599997, -15.074847986999941], [-71.52781652899995, -15.074522678999926], [-71.52851140099995, -15.074212019999948], [-71.52923957599995, -15.07397562899996], [-71.52945856499997, -15.073904536999976], [-71.53015408599998, -15.073643040999968], [-71.53039057099994, -15.073533440999938], [-71.53383096299996, -15.072167648999937], [-71.53506629199995, -15.071498571999939], [-71.53616002399997, -15.070975027999964], [-71.53626757899997, -15.070923542999935], [-71.53887414299999, -15.069818810999948], [-71.54184099899999, -15.068119157999945], [-71.54396499999996, -15.066642649999949], [-71.54651556299996, -15.06580047999995], [-71.54745513199998, -15.065384508999955], [-71.54846459899994, -15.063401339999928], [-71.54895899399997, -15.061242955999944], [-71.54901888299997, -15.060787521999941], [-71.54919506699997, -15.059754760999965], [-71.55304590699996, -15.058886926999946], [-71.55758881199995, -15.057863037999937], [-71.56238334299996, -15.056782331999955], [-71.56518174699994, -15.05615150999995], [-71.56796911399994, -15.055523139999934], [-71.56813675699993, -15.055875111999967], [-71.56878000699999, -15.056599185999971], [-71.56990575899994, -15.058178211999973], [-71.57098674699995, -15.059714714999927], [-71.57168386899997, -15.061074896999969], [-71.57186685599999, -15.06123760099996], [-71.57221892499996, -15.06155064199993], [-71.57281275699995, -15.061912443999972], [-71.57400012399995, -15.062405187999957], [-71.57482134699995, -15.063198919999934], [-71.57524571699997, -15.064208307999934], [-71.57451775699997, -15.064951881999946], [-71.57303637099994, -15.06571439499993], [-71.57293774499993, -15.06601064299997], [-71.57252359499995, -15.067254626999954], [-71.57269063299998, -15.068873184999973], [-71.57316798299996, -15.070108772999959], [-71.57333394899996, -15.07047001099994], [-71.57366392699998, -15.071188227999926], [-71.57380231699995, -15.071489440999926], [-71.57468636599998, -15.072867231999965], [-71.57515422099993, -15.073692219999941], [-71.57578780599994, -15.074832238999932], [-71.57639292199997, -15.076058620999959], [-71.57678498699994, -15.077975755999944], [-71.57687266799996, -15.079226021999943], [-71.57691664399994, -15.079853083999978], [-71.57702036899997, -15.081586819999927], [-71.57729860799998, -15.082823700999938], [-71.57718567699999, -15.084280902999978], [-71.57749844899996, -15.085817043999953], [-71.57782375099998, -15.087012624999943], [-71.57817842699995, -15.087854646999972], [-71.57843960099996, -15.088474683999948], [-71.57853870899999, -15.088582191999933], [-71.57938880399996, -15.089504335999948], [-71.58090550299994, -15.09043350199994], [-71.58182292999999, -15.090853544999959], [-71.58232150999999, -15.091578907999974], [-71.58264288899994, -15.092470164999952], [-71.58267060399999, -15.09254702499993], [-71.58276438899998, -15.092807109999967], [-71.58284460499993, -15.092963206999968], [-71.58334024599998, -15.093927709999946], [-71.58353603499995, -15.094188549999956], [-71.58409511899998, -15.094933383999944], [-71.58406956399995, -15.095973195999932], [-71.58398736299995, -15.096559256999967], [-71.58381610899994, -15.09778022699993], [-71.58361294499997, -15.098975400999961], [-71.58383405199999, -15.101661655999976], [-71.58430683099994, -15.10352764399994], [-71.58469211099998, -15.104871214999946], [-71.58504015299997, -15.105577073999939], [-71.58512606299996, -15.105703160999951], [-71.58579154399996, -15.106679844999974], [-71.58615070799993, -15.107693886999982], [-71.58646967799996, -15.10843592499998], [-71.58679673999995, -15.110454139999945], [-71.58681101099995, -15.112848775999964], [-71.58685183999995, -15.114389870999958], [-71.58699686799997, -15.116610928999933], [-71.58713894399995, -15.118588236999926], [-71.58730045599998, -15.119733595999946], [-71.58759882399994, -15.121816663999937], [-71.58784952799994, -15.12362064399997], [-71.58796687799997, -15.125383130999978], [-71.58797904899996, -15.125425327999949], [-71.58801947299997, -15.125565475999963], [-71.58816166799994, -15.126058456999942], [-71.58861413399995, -15.127627107999956], [-71.58909167599995, -15.128277442999945], [-71.58909446899997, -15.128281244999982], [-71.58938562199995, -15.128600120999977], [-71.59002446899996, -15.128887204999955], [-71.59007219899996, -15.128909574999966], [-71.59130871799994, -15.12948909499994], [-71.59190003399993, -15.129818585999942], [-71.59290476199999, -15.13037843199993], [-71.59313686899998, -15.130507762999969], [-71.59474135499994, -15.130973561999951], [-71.59508499699996, -15.131073323999942], [-71.59633573099995, -15.131345746999955], [-71.59813656699998, -15.131332202999943], [-71.59958621699997, -15.131573637999963], [-71.60101495299995, -15.131915683999978], [-71.60168450399993, -15.132345337999936], [-71.60177054399998, -15.132482636999953], [-71.60180494999997, -15.13253753899994], [-71.60186253799998, -15.133626710999977], [-71.60192748399999, -15.135318075999976], [-71.60227725299995, -15.136468974999957], [-71.60229662499995, -15.136532716999966], [-71.60259086599996, -15.137515117999953], [-71.60262644599999, -15.137633911999956], [-71.60265830299994, -15.137740270999927], [-71.60313754599997, -15.13890344899994], [-71.60428842499994, -15.13945659899997], [-71.60636088899997, -15.139920230999962], [-71.60753075499997, -15.14081729999998], [-71.60884437099998, -15.141999497999961], [-71.60991918999997, -15.14296934899994], [-71.61151241199997, -15.144076592999966], [-71.61273995599998, -15.144858241999941], [-71.61396328299998, -15.145295775999955], [-71.61472673299994, -15.145552215999942], [-71.61610997099996, -15.145787126999949], [-71.61751955899996, -15.145763607999982], [-71.62097532399997, -15.144662344999972], [-71.62357580299994, -15.14364268099996], [-71.62497803199994, -15.143024103999949], [-71.62747130099996, -15.142292440999938], [-71.62900118299996, -15.141851601999974], [-71.63093431499993, -15.141190957999981], [-71.63263802399996, -15.14048278599995], [-71.63393046999994, -15.13994430899993], [-71.63486563599997, -15.13952910599994], [-71.63473772899994, -15.129188029999966], [-71.63677761299994, -15.12916422099994], [-71.63692974399999, -15.129162444999963], [-71.64320762399996, -15.129089052999973], [-71.64317619199994, -15.127665906999937], [-71.64330973799997, -15.127177613999947], [-71.64338703499993, -15.126894985999968], [-71.64344733599995, -15.126674499999979], [-71.64292557899995, -15.126566654999976], [-71.64285805299994, -15.126552696999966], [-71.64250214699996, -15.126424480999958], [-71.64150873099999, -15.126066596999976], [-71.64041032199998, -15.12557755499995], [-71.63864224699995, -15.124651803999939], [-71.63858068999997, -15.124619517999975], [-71.63717132199997, -15.123880302999964], [-71.63701159799996, -15.123779962999947], [-71.63603637499995, -15.123167310999975], [-71.63574197199995, -15.12298236099997], [-71.63540096799994, -15.122768133999955], [-71.63409938099994, -15.121363688999963], [-71.63296907699998, -15.119484029999967], [-71.63263114999995, -15.118711297999937], [-71.63209815699997, -15.116313568999942], [-71.63208799899996, -15.11626787199998], [-71.63169868699998, -15.114623342999948], [-71.63086644799995, -15.112969629999952], [-71.63005693999997, -15.112137535999977], [-71.62986666899997, -15.111844424999958], [-71.62911369499994, -15.110684461999938], [-71.62855225599998, -15.10957633399994], [-71.62849096399998, -15.109455357999934], [-71.62828003999994, -15.109176542999933], [-71.62784575999996, -15.108602474999941], [-71.62588496099994, -15.10759279499996], [-71.62566672899999, -15.107500838999954], [-71.62479162999995, -15.10713209499994], [-71.62393162899997, -15.106672665999952], [-71.62321706699998, -15.106245350999927], [-71.62264913399997, -15.106072690999952], [-71.62182161299995, -15.10579549199997], [-71.62096993599994, -15.10555441799994], [-71.62037860199996, -15.105503127999953], [-71.61985427799993, -15.105545382999935], [-71.61970919399994, -15.105557074999979], [-71.61929405199999, -15.105806855999958], [-71.61876631499996, -15.10590259099996], [-71.61840449899995, -15.106120802999953], [-71.61821076299998, -15.106237644999965], [-71.61727210499998, -15.106373582999936], [-71.61676568299998, -15.106254370999977], [-71.61661549399997, -15.106125370999962], [-71.61650277899997, -15.106028556999945], [-71.61641122299994, -15.105988729999979], [-71.61592195299994, -15.10577589099995], [-71.61511745299998, -15.105469718999927], [-71.61440774199997, -15.105069238999931], [-71.61382092999997, -15.104760544999976], [-71.61312931699996, -15.104632307999964], [-71.61156929899994, -15.104402964999963], [-71.61041227799996, -15.104237073999968], [-71.61003339099994, -15.104068750999943], [-71.60974439699999, -15.103941241999962], [-71.60960717499995, -15.103880697999955], [-71.60934320099994, -15.103718833999949], [-71.60917902199998, -15.103570158999958], [-71.60906369699995, -15.103258773999926], [-71.60901111899994, -15.103116803999967], [-71.60888841799994, -15.102864206999982], [-71.60850117499996, -15.102273045999937], [-71.60786842899995, -15.101324347999935], [-71.60758515199996, -15.10087925299996], [-71.60749847799997, -15.10074306499996], [-71.60718306799998, -15.100095428999964], [-71.60688596299997, -15.099435630999949], [-71.60676577499999, -15.099162167999964], [-71.60641781499999, -15.098650625999937], [-71.60597423099995, -15.098306388999958], [-71.60593149799996, -15.098273225999947], [-71.60542079899994, -15.09780341499993], [-71.60522722399998, -15.097672510999928], [-71.60480482499997, -15.097218984999927], [-71.60466340099998, -15.097115586999962], [-71.60456017999996, -15.09707317599998], [-71.60434631899994, -15.096985307999944], [-71.60423215899993, -15.096938402999967], [-71.60385438499998, -15.096759754999937], [-71.60365635299996, -15.09666610599993], [-71.60359820899998, -15.096638609999957], [-71.60344007099997, -15.09643608999994], [-71.60339814399998, -15.096382394999978], [-71.60326008599998, -15.096114991999968], [-71.60326026999996, -15.096091428999955], [-71.60326776399995, -15.09513022599998], [-71.60327095899999, -15.094749709999974], [-71.60327579099999, -15.094174134999946], [-71.60367444199994, -15.09297455199993], [-71.60392889299999, -15.092053866999947], [-71.60399181899999, -15.091565583999966], [-71.60390814199997, -15.090895793999948], [-71.60398546499994, -15.090236819999973], [-71.60414351199995, -15.089479762999929], [-71.60425842499995, -15.08922032199996], [-71.60416221899999, -15.08853826099994], [-71.60415072399996, -15.088456762999954], [-71.60414366799995, -15.08787775999997], [-71.60414082299997, -15.08764427799997], [-71.60453241999994, -15.086674216999938], [-71.60478453399998, -15.085562357999947], [-71.60475891799996, -15.085075093999933], [-71.60466478599994, -15.084617297999955], [-71.60471542699997, -15.083928397999955], [-71.60477369399996, -15.083057769999982], [-71.60504862599998, -15.082203768999932], [-71.60517552399995, -15.081313230999967], [-71.60559534099997, -15.08023768399994], [-71.60585105799998, -15.079422144999967], [-71.60593755399998, -15.079273376999936], [-71.60637145899994, -15.078527079999958], [-71.60686595499993, -15.077928671999928], [-71.60711030299996, -15.077300097999967], [-71.60720938899993, -15.077045202999955], [-71.60723292099993, -15.07690218099998], [-71.60735595299997, -15.076154438999936], [-71.60779542699999, -15.075078664999978], [-71.60816918199998, -15.07426176599995], [-71.60872443799997, -15.073806054999977], [-71.60895532699993, -15.073295412999926], [-71.60922459399995, -15.072699891999946], [-71.60962466899997, -15.071788098999946], [-71.60988711699997, -15.071075192999956], [-71.60988732599998, -15.071074624999937], [-71.60996750199996, -15.070856834999972], [-71.61080538299996, -15.069374951999976], [-71.61118086899995, -15.068701429999976], [-71.61133399999994, -15.068269489999977], [-71.61155180399999, -15.067655121999962], [-71.61193700599995, -15.06697192799993], [-71.61219479099998, -15.06632844099994], [-71.61247695599997, -15.065994863999947], [-71.61258819199998, -15.065511312999945], [-71.61240319299998, -15.064863368999966], [-71.61216994399996, -15.064292459999933], [-71.61212138099995, -15.063537783999948], [-71.61192794999994, -15.063004655999976], [-71.61194754799999, -15.062191834999965], [-71.61185213599998, -15.061628896999935], [-71.61146807599994, -15.06079204599996], [-71.61141073199997, -15.060123508999936], [-71.61124646699994, -15.059561363999933], [-71.61121030499999, -15.059120525999958], [-71.61120024199994, -15.05899785899993], [-71.61119516599996, -15.058871005999947], [-71.61117194499997, -15.058290747999934], [-71.61105663199999, -15.057708917999946], [-71.61097129599995, -15.05716498399994], [-71.61086232599996, -15.056296281999948], [-71.61087395999994, -15.055636510999932], [-71.61086382299999, -15.054804910999962], [-71.61066854099994, -15.05411884199998], [-71.61054339799995, -15.053537124999934], [-71.61032082199995, -15.053033007999943], [-71.61010424499995, -15.052350968999974], [-71.61010778999997, -15.051697063999939], [-71.61001989899995, -15.050942837999969], [-71.61027185699999, -15.049821423999958], [-71.61057916599998, -15.049206050999942], [-71.61062464599996, -15.048685099999943], [-71.61065686199998, -15.048316080999939], [-71.61086591499998, -15.047945004999974], [-71.61101501299999, -15.047364313999935], [-71.61121297399995, -15.046523827999977], [-71.61122315499995, -15.046480599999938], [-71.61115657599998, -15.04572914199997], [-71.61109784699994, -15.044945900999949], [-71.61096124499994, -15.04423047499995], [-71.61088319599997, -15.043476134999935], [-71.61089444699996, -15.042954073999965], [-71.61089576599994, -15.042892833999929], [-71.61111628999998, -15.042421857999955], [-71.61112178399998, -15.042408307999949], [-71.61130639399994, -15.041952998999932], [-71.61141076699994, -15.041695578999963], [-71.61149532399997, -15.04076241599995], [-71.61169855099996, -15.039722370999982], [-71.61175228999997, -15.039447354999936], [-71.61210942599996, -15.038539741999955], [-71.61218441399996, -15.037842300999955], [-71.61213676099999, -15.03695855199993], [-71.61190687299995, -15.03625614899994], [-71.61157528399997, -15.035280065999928], [-71.61129005099997, -15.034353537999948], [-71.61097111999999, -15.033201604999931], [-71.61074225699997, -15.032505301999947], [-71.61042617399994, -15.03179193799997], [-71.61028825799997, -15.030562674999942], [-71.61005795099999, -15.02982442299998], [-71.61007207499995, -15.028963862999944], [-71.61053266799996, -15.028169847999948], [-71.61107453999995, -15.027235706999932], [-71.61169097399994, -15.026273446999937], [-71.61188805699999, -15.02596579599998], [-71.61235200799996, -15.025341821999973], [-71.61297027999996, -15.024627884999973], [-71.61307952099997, -15.024501740999938], [-71.61379893999998, -15.023805150999976], [-71.61444563499998, -15.02339699099997], [-71.61502569799995, -15.022945895999953], [-71.61510109199997, -15.02289448099998], [-71.61569482999994, -15.02248956699998], [-71.61569616499997, -15.022091211999964], [-71.61539529399994, -15.02161667699994], [-71.61474787199995, -15.02095492799998], [-71.61400454899996, -15.020495039999957], [-71.61339548299998, -15.020326828999941], [-71.61274369999995, -15.02034701699995], [-71.61221144999996, -15.020257533999938], [-71.61216431899999, -15.019617557999936], [-71.61187236399996, -15.019066433999967], [-71.61126894799997, -15.01878656599996], [-71.61044209299996, -15.018408362999935], [-71.60973246099996, -15.017809971999952], [-71.60925430499998, -15.017086915999982], [-71.60906110199994, -15.016794757999946], [-71.60826837299999, -15.01558480899996], [-71.60793309699994, -15.014542216999928], [-71.60801481899995, -15.01346444099994], [-71.60801536299994, -15.01249648399994], [-71.60775774499996, -15.011523028999932], [-71.60762191599997, -15.011015002999955], [-71.60776362199994, -15.009282233999954], [-71.60795608199999, -15.008625361999975], [-71.60837531699997, -15.007712354999967], [-71.60942180399996, -15.007084370999962], [-71.60951286299996, -15.007019258999946], [-71.61068125799994, -15.006040294999934], [-71.61146865999996, -15.00527601899995], [-71.61150059099998, -15.00462327799994], [-71.61138768199999, -15.003931474999945], [-71.61121033699999, -15.003098884999929], [-71.61112470499995, -15.002870849999965], [-71.61092798899995, -15.002060507999943], [-71.61059881699998, -15.001642328999935], [-71.61032877399998, -15.00131214199996], [-71.61034182799995, -15.000767072999963], [-71.61066655299999, -14.999969867999937], [-71.61071905799997, -14.999433906999968], [-71.61060368899996, -14.998842510999964], [-71.61046888599998, -14.998270455999943], [-71.61056003099998, -14.997676690999981], [-71.61046154699994, -14.996855660999927], [-71.61024494299994, -14.996026424999968], [-71.60987088399997, -14.99518943399994], [-71.60966585799997, -14.994503462999944], [-71.60962847199994, -14.993853810999951], [-71.60965887899994, -14.993117342999938], [-71.60992424899996, -14.992292139999961], [-71.61002810699995, -14.99194062099997], [-71.61006013399998, -14.991120809999927], [-71.60980365099994, -14.990458000999979], [-71.60925861199996, -14.989307485999973], [-71.60890341299995, -14.988460808999946], [-71.60874843699997, -14.987845962999927], [-71.60855926899995, -14.986844327999961], [-71.60859137599994, -14.985866724999937], [-71.60859690899997, -14.985698257999957], [-71.60848428999998, -14.984824515999946], [-71.60847489799994, -14.984751649999964], [-71.60849270899996, -14.983790651999982], [-71.60880648299997, -14.98289798899998], [-71.60941498099999, -14.981458869999926], [-71.60944927099996, -14.981342537999979], [-71.60956288399996, -14.980957088999958], [-71.60966568999999, -14.979403649999938], [-71.60967386099998, -14.978044921999981], [-71.60975558499996, -14.977584975999946], [-71.60960114099998, -14.977013143999955], [-71.60926638199999, -14.976777975999937], [-71.60898108499998, -14.97643206899994], [-71.60894335999996, -14.976386328999979], [-71.60881724099994, -14.976233416999946], [-71.60883357499995, -14.975552077999964], [-71.60878402599997, -14.975072742999942], [-71.60873610399995, -14.974609141999963], [-71.60884142799995, -14.974170564999952], [-71.60883413499994, -14.973568366999928], [-71.60849402999997, -14.972891106999953], [-71.60789338999996, -14.972625518999962], [-71.60722073999995, -14.972504151999942], [-71.60581810499997, -14.972651076999966], [-71.60487040999993, -14.972710270999926], [-71.60479928899997, -14.972682411999926], [-71.60456043199997, -14.972588849999966], [-71.60424790799993, -14.97246643099993], [-71.60378418399995, -14.971933975999946], [-71.60336688699994, -14.970970784999963], [-71.60328118899997, -14.969982296999945], [-71.60328658399999, -14.969207869999934], [-71.60328861599999, -14.969044076999978], [-71.60329779399996, -14.968304315999944], [-71.60319709099997, -14.967294487999936], [-71.60324219099994, -14.966889863999938], [-71.60332352299997, -14.966160177999939], [-71.60344232099999, -14.96500444399993], [-71.60349230599996, -14.964421804999972], [-71.60350697199993, -14.964250850999974], [-71.60329001599996, -14.963385750999976], [-71.60262106599998, -14.962346556999933], [-71.60209777199998, -14.961764581999944], [-71.60148616299995, -14.961197951999964], [-71.60111226099997, -14.96077201199995], [-71.60041896099995, -14.959546664999948], [-71.60022872799993, -14.95906126899996], [-71.60012196799994, -14.958503747999941], [-71.59995801299993, -14.958017522999967], [-71.59978287699994, -14.957560633999947], [-71.59968191399997, -14.957138750999945], [-71.59957939699996, -14.95658782299995], [-71.59941474799996, -14.956388936999929], [-71.59893258099999, -14.956157815999973], [-71.59885883799996, -14.956135363999977], [-71.59840060999994, -14.956121967999934], [-71.59797222199995, -14.956069484999944], [-71.59760101299997, -14.955865778999964], [-71.59748011299996, -14.95571076899995], [-71.59732385599995, -14.955510428999958], [-71.59712406199998, -14.955006142999935], [-71.59710327499994, -14.954953672999977], [-71.59675830899994, -14.953652138999928], [-71.59674081599996, -14.953594364999958], [-71.59663313199997, -14.952613288999942], [-71.59658547699996, -14.951717569999971], [-71.59653894399997, -14.950915048999946], [-71.59643911599994, -14.950586360999978], [-71.59619292999997, -14.950352547999955], [-71.59584358899997, -14.95030514299998], [-71.59570538999998, -14.950286389999974], [-71.59542138699999, -14.94997413599998], [-71.59540887999998, -14.94995262599997], [-71.59516291799997, -14.949529631999951], [-71.59509003799997, -14.949404294999965], [-71.59485230999996, -14.948646965999956], [-71.59477205899998, -14.948290884999949], [-71.59471208199994, -14.948024760999942], [-71.59462547199996, -14.947770827999932], [-71.59449039799995, -14.947374800999967], [-71.59413745199998, -14.94684822399995], [-71.59379891099996, -14.94629280199996], [-71.59348085699997, -14.945600914999943], [-71.59317987699995, -14.94510242399997], [-71.59281374199998, -14.944705055999975], [-71.59231660199998, -14.944452575999946], [-71.59162140599994, -14.944288383999947], [-71.59074221299994, -14.944154956999967], [-71.58941330799996, -14.944033796999975], [-71.58893238199994, -14.943903017999958], [-71.58846736899994, -14.943572566999933], [-71.58749173899997, -14.943073268999967], [-71.58663646199994, -14.942473494999945], [-71.58632333099996, -14.942190234999941], [-71.58586272799994, -14.941908644999955], [-71.58511326599995, -14.941522769999949], [-71.58417946499998, -14.941138978999959], [-71.58375926599996, -14.940947578999953], [-71.58353435299995, -14.940845129999957], [-71.58296237999997, -14.940500260999954], [-71.58242043299998, -14.940062188999946], [-71.58206133899995, -14.939771921999977], [-71.58148602699998, -14.939147447999972], [-71.58101094599994, -14.93888751999998], [-71.58062451999996, -14.938640929999963], [-71.58007399199994, -14.938238448999982], [-71.57949131799995, -14.937614052999947], [-71.57873022499996, -14.936869774999934], [-71.57808247999998, -14.93635366199993], [-71.57758280699994, -14.935886066999956], [-71.57685455699993, -14.935421048999956], [-71.57606021199996, -14.934701118999953], [-71.57573365599995, -14.934186072999978], [-71.57557918599997, -14.933377981999968], [-71.57522701499994, -14.932971572999975], [-71.57493862199993, -14.932286483999974], [-71.57449114799994, -14.93186609199995], [-71.57385415899995, -14.93140455899993], [-71.57366860999997, -14.931312920999972], [-71.57361108199996, -14.931257033999941], [-71.57319399999994, -14.930851854999958], [-71.57273568899996, -14.930139992999955], [-71.57212905999995, -14.929358096999977], [-71.57185815899999, -14.928902250999954], [-71.57136768199996, -14.928585107999936], [-71.57046523899999, -14.928351470999928], [-71.56986050199998, -14.92823974199996], [-71.56973357699997, -14.928216291999945], [-71.56938617999998, -14.92814849499996], [-71.56894962099994, -14.928024336999954], [-71.56855363799997, -14.927591402999951], [-71.56815723199998, -14.927122620999967], [-71.56776717799994, -14.926567721999959], [-71.56768030399996, -14.926476691999937], [-71.56748883599994, -14.926276061999943], [-71.56725940999996, -14.926035656999943], [-71.56720733699996, -14.92537657899993], [-71.56691719299994, -14.924540917999934], [-71.56663071299994, -14.924013534999972], [-71.56623261499993, -14.923401360999947], [-71.56578047099998, -14.92320566899997], [-71.56542485799997, -14.923066252999945], [-71.56529676299994, -14.922983372999965], [-71.56488083099998, -14.922714252999981], [-71.56469612199999, -14.922537603999956], [-71.56457657899995, -14.92242327599996], [-71.56446867599993, -14.922221191999938], [-71.56441362999993, -14.922118100999967], [-71.56417554399997, -14.921672201999968], [-71.56399473699997, -14.92113377399994], [-71.56391782399999, -14.920904733999976], [-71.56325593799994, -14.919878295999979], [-71.56291705199999, -14.919419581999932], [-71.56274632899994, -14.919188490999943], [-71.56218782999997, -14.918728680999948], [-71.56150662499994, -14.918492520999962], [-71.56095211999997, -14.918369665999933], [-71.56000652599994, -14.918168221999963], [-71.55957708999995, -14.918076734999943], [-71.55930020599999, -14.917947057999982], [-71.55874714199996, -14.917606082999953], [-71.55780479299995, -14.91755483999998], [-71.55676385499999, -14.91756768199997], [-71.55614180499998, -14.917403006999962], [-71.55603913999994, -14.917375827999933], [-71.55561811899997, -14.916902050999965], [-71.55523184799995, -14.916038758999946], [-71.55522156599994, -14.915797108999982], [-71.55456500999998, -14.915260775999968], [-71.55454804299995, -14.91525258799993], [-71.55383218599997, -14.914907136999943], [-71.55348077599996, -14.91476666699998], [-71.55323397299998, -14.914668011999936], [-71.55285922299998, -14.914315689999967], [-71.55258702999998, -14.91374510099996], [-71.55246254999997, -14.913194373999943], [-71.55235406799994, -14.91271950099997], [-71.55209691199997, -14.912248304999935], [-71.55184424799995, -14.911871020999968], [-71.55131655399998, -14.91137716299994], [-71.55079736799996, -14.91080371199996], [-71.55059458299996, -14.910490477999929], [-71.55060903999998, -14.910273796999945], [-71.55061961299998, -14.910115338999958], [-71.55043383899994, -14.909656192999933], [-71.55042339799996, -14.909630386999936], [-71.55042658499997, -14.909212784999966], [-71.55042264499997, -14.909194741999954], [-71.55038696899999, -14.909031334999952], [-71.55036864899995, -14.908947424999951], [-71.55034213299996, -14.908907087999978], [-71.55024078999998, -14.908752916999958], [-71.55020721999995, -14.908701846999975], [-71.54994485399999, -14.90865099299998], [-71.54990713099994, -14.90866643399994], [-71.54942323999995, -14.90886451199998], [-71.54914871799997, -14.90918724599993], [-71.54903599999994, -14.909335184999975], [-71.54894900299996, -14.909596904999944], [-71.54869543999996, -14.909771817999967], [-71.54811834499998, -14.909884337999927], [-71.54762154299993, -14.909998885999926], [-71.54689305999995, -14.910336830999938], [-71.54625141599996, -14.910535180999943], [-71.54546565399994, -14.910601284999927], [-71.54490017899997, -14.910588453999935], [-71.54438337599998, -14.910279979999927], [-71.54374248499994, -14.90970630399994], [-71.54347443499995, -14.909444125999926], [-71.54337626599994, -14.909415810999974], [-71.54306700799998, -14.909326610999926], [-71.54247608799994, -14.909239961999958], [-71.54175612599994, -14.908839247999936], [-71.54078666799995, -14.908541685999978], [-71.53995390699998, -14.908083892999969], [-71.53988997899995, -14.908041548999961], [-71.53940055199996, -14.907926074999978], [-71.53888386799997, -14.907881614999951], [-71.53836875499996, -14.907342377999953], [-71.53801777899997, -14.906966238999928], [-71.53745559999999, -14.906814723999958], [-71.53709977499994, -14.90665374899993], [-71.53655551399999, -14.906143511999971], [-71.53592110299996, -14.905490862999955], [-71.53538749599994, -14.905260149999947], [-71.53515589499995, -14.905195224999943], [-71.53487754099996, -14.905117192999967], [-71.53432011699994, -14.904784381999946], [-71.53405117399996, -14.90448620199993], [-71.53367775699996, -14.904081620999932], [-71.53352308699994, -14.903466675999937], [-71.53349550499996, -14.90236990699998], [-71.53329744599995, -14.901244875999964], [-71.53329014399998, -14.901203399999929], [-71.53300779699998, -14.90038909499998], [-71.53269487299997, -14.899481911999942], [-71.53238253799998, -14.89862491499997], [-71.53235321099999, -14.898008581999932], [-71.53260395399997, -14.897381980999967], [-71.53296863599996, -14.897040937999975], [-71.53309322599995, -14.897011427999928], [-71.53323697299999, -14.896657937999976], [-71.53300222299998, -14.896129922999933], [-71.53255333899995, -14.895575592999933], [-71.53204430499994, -14.894921540999974], [-71.53175242499998, -14.894551903999968], [-71.53116833199994, -14.89441495099993], [-71.53051959999993, -14.894340844999931], [-71.53035301199998, -14.894321814999955], [-71.52999762199994, -14.894345662999967], [-71.52971596399993, -14.894219705999944], [-71.52951208199994, -14.894158217999973], [-71.52917180799994, -14.893924555999945], [-71.52879121999996, -14.89367522599997], [-71.52857470199996, -14.893862025999965], [-71.52835872499998, -14.894048356999974]], [[-71.57283196699996, -14.971365327999933], [-71.57351695499995, -14.975470669999936], [-71.56150629399997, -14.97741263499995], [-71.55972552499998, -14.966675057999964], [-71.55912816799997, -14.963072783999962], [-71.55905398699997, -14.962625429999946], [-71.55948774899997, -14.96255858099994], [-71.56471258399995, -14.961753285999976], [-71.56482588999995, -14.961735820999934], [-71.56585202499997, -14.961577649999981], [-71.57106496599994, -14.960774038999944], [-71.57189060999997, -14.965723095999977], [-71.57190317099997, -14.965798384999971], [-71.57201060499995, -14.966442338999968], [-71.57283196699996, -14.971365327999933]]]}}, {"type": "Feature", "properties": {"objectid": 17329, "anp_gid": 127, "acr_codi": "ACR20", "acr_nomb": "Bosques Tropicales Estacionalmente Secos del Marañón", "acr_sect": "", "acr_ubpo": "Amazonas", "acr_suleg": 13929.12, "acr_balec": "D.S. N° 006-2018-MINAM", "acr_felec": 1529211600000, "acr_balem": " ", "acr_felem": null, "acr_obs": null, "met_link": null, "acr_orden": 20, "acr_id": 20}, "geometry": {"type": "Polygon", "coordinates": [[[-78.29895327999998, -6.271555904999957], [-78.29635108899998, -6.272320225999977], [-78.28674745899997, -6.270680200999948], [-78.27847877399995, -6.271960069999977], [-78.27160079399994, -6.275163548999956], [-78.27203253699997, -6.278962880999927], [-78.27132429299996, -6.284797803999936], [-78.26905699699995, -6.290102910999963], [-78.26882486999995, -6.290885335999974], [-78.26978725799995, -6.294452656999965], [-78.26949318799996, -6.296151175999967], [-78.26891052199994, -6.297981194999977], [-78.26719841299996, -6.302611909999939], [-78.27027899799998, -6.300911909999968], [-78.27236302799997, -6.3011609199999725], [-78.27467027799997, -6.3009662389999335], [-78.27737078799998, -6.300584371999946], [-78.27753085299997, -6.297741800999972], [-78.27666302899996, -6.295792955999957], [-78.27876364399998, -6.294278604999931], [-78.27951469599998, -6.29333326699998], [-78.28017198499998, -6.291662914999961], [-78.28270215399994, -6.28949130999996], [-78.28362537799995, -6.288551735999931], [-78.28586542999994, -6.291465190999929], [-78.28644741599999, -6.292293135999955], [-78.28780004899994, -6.29527128899997], [-78.28976796699999, -6.2948048499999345], [-78.29195426099994, -6.294545923999976], [-78.29293486599994, -6.293216801999961], [-78.29382029999994, -6.293034792999947], [-78.29615354299995, -6.292370966999954], [-78.29864429199995, -6.291932675999931], [-78.30068900199996, -6.29215894999993], [-78.30439474899998, -6.29086998899993], [-78.30728199299995, -6.289724147999948], [-78.31383908199996, -6.286575005999964], [-78.31363255699995, -6.294602035999958], [-78.30408544399995, -6.306522195999946], [-78.30185139599996, -6.3121909569999275], [-78.29915685299994, -6.318071460999931], [-78.29731617199997, -6.326692550999951], [-78.29127731799997, -6.336807879999981], [-78.29218987999997, -6.338186471999961], [-78.29283998799997, -6.340401047999933], [-78.28799404299997, -6.342677656999967], [-78.28466973899998, -6.34825415499995], [-78.28231546099994, -6.350051478999944], [-78.27800685599993, -6.3514185929999485], [-78.27533316499995, -6.353047561999972], [-78.27358317999995, -6.353539392999949], [-78.25654595999998, -6.362609869999972], [-78.25102760499993, -6.36900273699996], [-78.22146246499995, -6.360624116999929], [-78.21703813399995, -6.36071360699998], [-78.21542575299998, -6.360927194999931], [-78.21288725099998, -6.3609781989999306], [-78.21129540399994, -6.360483124999973], [-78.20745772399994, -6.361522001999958], [-78.20337701899996, -6.362925018999931], [-78.20053850799997, -6.36564272399994], [-78.19538098599998, -6.367203986999925], [-78.19439814699996, -6.368329034999931], [-78.19461275099997, -6.370622527999956], [-78.19579869899997, -6.374604275999957], [-78.19416232599997, -6.381715632999942], [-78.20243898199999, -6.383643921999976], [-78.20625066799994, -6.376838637999981], [-78.20963087899997, -6.374425396999925], [-78.21408796899993, -6.373488485999928], [-78.21737609899998, -6.3735062449999305], [-78.22018150499997, -6.377402449999977], [-78.22278942899999, -6.381319692999966], [-78.22175098499997, -6.387080909999952], [-78.22079581499997, -6.386986025999931], [-78.21761450999998, -6.386067317999959], [-78.21450082799998, -6.385270641999966], [-78.21329381399994, -6.386259217999964], [-78.21167135799999, -6.387484059999963], [-78.21088184799999, -6.3880115169999385], [-78.20968781599998, -6.3886431249999305], [-78.20876728199994, -6.389807949999977], [-78.20800452999998, -6.390565332999927], [-78.20646297499997, -6.391305565999971], [-78.20518340499996, -6.392212137999934], [-78.20473479199995, -6.393630311999971], [-78.20409634199996, -6.395104453999977], [-78.20179167899994, -6.396953359999941], [-78.19712026499997, -6.404010593999942], [-78.19612366699994, -6.408753601999933], [-78.19481245399999, -6.40774601399994], [-78.18748685799994, -6.407355005999932], [-78.18066193699997, -6.411141153999949], [-78.18146130999997, -6.417613438999979], [-78.17861747599994, -6.425740840999936], [-78.17700949299996, -6.431302113999948], [-78.17410015599995, -6.431884243999946], [-78.17277680799998, -6.431780738999976], [-78.16538698399995, -6.436448193999979], [-78.16296864899994, -6.441574533999926], [-78.16007350099994, -6.445174526999949], [-78.15116067899999, -6.447234201999947], [-78.14688865399995, -6.44903104399998], [-78.13997095499997, -6.451494166999964], [-78.13647642199999, -6.452637558999925], [-78.13247193099994, -6.454754014999935], [-78.13005984599994, -6.458251411999981], [-78.12914546899998, -6.459919021999951], [-78.12848939199995, -6.462615009999979], [-78.12851593299996, -6.465802938999957], [-78.12966124699994, -6.468463736999979], [-78.13057367699997, -6.469790358999944], [-78.12957624299997, -6.471800367999947], [-78.12634871799997, -6.471307490999948], [-78.12368891099999, -6.470470972999976], [-78.12349832699994, -6.475046266999925], [-78.12370743499997, -6.477598868999962], [-78.12289845799995, -6.480511644999979], [-78.12025125699995, -6.482289150999975], [-78.11865587399996, -6.483462642999939], [-78.11479911899994, -6.485972105999963], [-78.11246174699994, -6.487677183999949], [-78.10985899299999, -6.490563275999932], [-78.10629347099996, -6.491136555999958], [-78.10555457599997, -6.49053467799996], [-78.10386333999998, -6.489789753999958], [-78.10199412499998, -6.490456488999939], [-78.10026395299997, -6.4911025999999765], [-78.09819193699997, -6.491376226999932], [-78.09731625499995, -6.492386837999959], [-78.09672393099999, -6.494048895999981], [-78.09620569099997, -6.495235531999981], [-78.09577768099996, -6.500436275999959], [-78.09809960399997, -6.504150134999975], [-78.09943678399998, -6.507537628999955], [-78.09571487099998, -6.511364776999926], [-78.09606865199999, -6.514127419999966], [-78.09869986699994, -6.518953347999968], [-78.10028043999995, -6.523996736999948], [-78.09905436799994, -6.526630679999926], [-78.09631465399997, -6.528628466999976], [-78.09405946999993, -6.530089155999974], [-78.09210125399994, -6.530707320999966], [-78.09137196099994, -6.531863477999934], [-78.09097156699994, -6.533930110999961], [-78.08905856199993, -6.536683658999948], [-78.08857030499996, -6.539879110999948], [-78.08852098299997, -6.542155565999963], [-78.08838194799995, -6.544323083999927], [-78.08907263599997, -6.546730313999944], [-78.08867554799997, -6.548218734999978], [-78.08564517199994, -6.545797928999946], [-78.08272712199994, -6.544263164999961], [-78.08032974899999, -6.5433726949999595], [-78.07837274799994, -6.5423726499999475], [-78.07593267999994, -6.543515432999925], [-78.07653914199994, -6.545268739999926], [-78.07721221699995, -6.547897325999941], [-78.07712480899994, -6.549154445999932], [-78.07829271299994, -6.548718550999979], [-78.07942043399999, -6.548978082999952], [-78.08049268899998, -6.551008076999949], [-78.08175051099994, -6.552198930999964], [-78.08169935099994, -6.553228579999939], [-78.08070936199994, -6.555689269999959], [-78.07850960599995, -6.559561335999945], [-78.07715240799996, -6.561468753999975], [-78.07662804599994, -6.563082884999972], [-78.07606648899997, -6.564877487999979], [-78.08199143499996, -6.570258753999951], [-78.08147322899998, -6.572578336999925], [-78.08171567999995, -6.5736830669999335], [-78.08059928699998, -6.57611589499993], [-78.07809833999994, -6.577393228999938], [-78.07412026899993, -6.580983778999951], [-78.07249967299998, -6.581570562999957], [-78.06991743499998, -6.582838322999976], [-78.06619476999998, -6.5844607429999655], [-78.06376949199995, -6.583615311999949], [-78.06064780999998, -6.582901290999928], [-78.05634597699998, -6.583156016999965], [-78.05353867799994, -6.58122416599997], [-78.05113574199999, -6.579665105999936], [-78.04854926699994, -6.578592811999954], [-78.04555842299999, -6.577156745999957], [-78.04419432199995, -6.577148679999937], [-78.04304698499999, -6.576798303999965], [-78.04168924499999, -6.576067808999937], [-78.04039855699995, -6.5760634169999435], [-78.03897794999995, -6.576250508999976], [-78.03795868199995, -6.576040316999979], [-78.03802459199994, -6.578835191999929], [-78.03716110699997, -6.585084972999937], [-78.03664089699998, -6.588095902999953], [-78.03921205599994, -6.595168012999977], [-78.04975105899996, -6.595589059999952], [-78.05513736799998, -6.596592088999955], [-78.05919098799995, -6.598612638999953], [-78.06136260299996, -6.599583105999955], [-78.06138995699996, -6.601538518999973], [-78.05986680499996, -6.603504260999955], [-78.05947423099997, -6.605724413999951], [-78.05781137099996, -6.607331746999932], [-78.05734697099996, -6.609336886999927], [-78.05597662199995, -6.61202782099997], [-78.05460245599994, -6.613700079999944], [-78.05329610899997, -6.61612258699995], [-78.05039588299996, -6.617650253999955], [-78.04895446599994, -6.619990624999957], [-78.04718662499994, -6.623466261999965], [-78.04479615399998, -6.625546469999961], [-78.04296321799995, -6.627424620999932], [-78.04136929699996, -6.62882067399994], [-78.04131203699995, -6.630878067999959], [-78.03921632799995, -6.636393098999974], [-78.03909246099994, -6.638976158999981], [-78.03671603199996, -6.642024553999931], [-78.03481009899997, -6.64344958199996], [-78.03468772999997, -6.64386641599998], [-78.03220176299999, -6.646475054999939], [-78.03065860799995, -6.647385424999925], [-78.02735882699994, -6.645158999999978], [-78.02667029999998, -6.647250888999963], [-78.02496907699998, -6.651241193999965], [-78.02221253799996, -6.654368470999941], [-78.02307928799996, -6.657472402999929], [-78.02301339699994, -6.663428411999973], [-78.02222271599999, -6.666158066999969], [-78.02098279099994, -6.667993537999962], [-78.01740015599995, -6.670239434999928], [-78.01609706399995, -6.67205643099993], [-78.01319696199994, -6.673493342999961], [-78.01232103399997, -6.67340672499995], [-78.01199454899995, -6.675094110999964], [-78.01075289699997, -6.678691154999967], [-78.00878200699998, -6.683442139999954], [-78.00842910299997, -6.741236266999977], [-78.02550268999994, -6.6765669599999455], [-78.24137568299994, -6.382743372999926], [-78.27316821899996, -6.360472742999946], [-78.32737985499995, -6.2671497879999265], [-78.32519875799994, -6.263390663999928], [-78.32398119099997, -6.262231118999978], [-78.31967358699995, -6.261469034999948], [-78.31530471599996, -6.26179803399998], [-78.31190581399994, -6.262676048999936], [-78.30978539599994, -6.264253420999978], [-78.30677566299994, -6.265394156999946], [-78.30318626999997, -6.268911142999968], [-78.29895327999998, -6.271555904999957]]]}}, {"type": "Feature", "properties": {"objectid": 17330, "anp_gid": 128, "acr_codi": "ACR21", "acr_nomb": "Bosques de Shunté y Mishollo", "acr_sect": " ", "acr_ubpo": "San Martín", "acr_suleg": 191405.53, "acr_balec": "D.S. N° 016-2018-MINAM", "acr_felec": 1544850000000, "acr_balem": " ", "acr_felem": null, "acr_obs": null, "met_link": null, "acr_orden": 21, "acr_id": 21}, "geometry": {"type": "MultiPolygon", "coordinates": [[[-76.99022960899998, -7.492839213999957], [-76.98984441599998, -7.493515488999947], [-76.98944445199999, -7.494105719999936], [-76.98875498799998, -7.494866882999929], [-76.98870041199996, -7.4949271339999655], [-76.98819822299998, -7.495173383999941], [-76.98791192699997, -7.49546171399993], [-76.98772674599996, -7.495850048999955], [-76.98751391199994, -7.496482488999959], [-76.98714198599998, -7.496914722999975], [-76.98638225499997, -7.497449170999971], [-76.98526312599995, -7.497899353999969], [-76.98478163099998, -7.497963570999957], [-76.98412827799996, -7.498115717999951], [-76.98409913199998, -7.498121259999948], [-76.98408037999997, -7.498123539999938], [-76.98369192599995, -7.498160551999945], [-76.98311674099995, -7.4983248049999816], [-76.98291399899995, -7.498389707999934], [-76.98283412599994, -7.498415277999925], [-76.98272368699998, -7.498516389999963], [-76.98248516999996, -7.498928732999957], [-76.98187133599998, -7.4991207469999495], [-76.98158408099994, -7.499198584999931], [-76.98125891099994, -7.49937227199996], [-76.98085739299995, -7.499622846999955], [-76.98009201199994, -7.499970738999934], [-76.97953649899995, -7.500088054999935], [-76.97892311899994, -7.500129087999937], [-76.97804105099993, -7.500113920999979], [-76.97744597999997, -7.499963511999965], [-76.97687077399996, -7.499966097999959], [-76.97650664899999, -7.500006006999968], [-76.97642720699997, -7.5000413189999335], [-76.97602825999996, -7.500218651999944], [-76.97533930699996, -7.500508785999955], [-76.97505222099994, -7.500624889999926], [-76.97445809899995, -7.500684966999927], [-76.97373157099997, -7.500627789999953], [-76.97353950399997, -7.500631031999944], [-76.97339850199995, -7.500702185999955], [-76.97338700499995, -7.500707735999981], [-76.97337641799999, -7.500712414999953], [-76.97308265299995, -7.500836693999929], [-76.97273464499995, -7.501021823999963], [-76.97270232999995, -7.501039014999947], [-76.97268221699994, -7.501048924999964], [-76.97251887499993, -7.501122261999967], [-76.97235763199996, -7.501194655999939], [-76.97231890799998, -7.501209443999926], [-76.97183784899994, -7.501362297999947], [-76.97183156999995, -7.501364229999979], [-76.97180720399996, -7.501370577999978], [-76.97151269899996, -7.501436482999964], [-76.97148515899994, -7.5014415349999695], [-76.97105976099994, -7.5015010519999805], [-76.97101108999993, -7.501504548999947], [-76.97098848599995, -7.5015039469999465], [-76.97075833599996, -7.501490626999953], [-76.97072935999995, -7.501487779999934], [-76.97070016399994, -7.501482499999952], [-76.97044825099994, -7.501426220999974], [-76.97042942499996, -7.501421482999945], [-76.97013398599995, -7.501338670999928], [-76.96987464599994, -7.501276942999937], [-76.96985818299999, -7.501272613999959], [-76.96984566699996, -7.501268760999949], [-76.96957063999997, -7.501178635999963], [-76.96944245199995, -7.501141353999969], [-76.96942172799999, -7.501142595999966], [-76.96934196699993, -7.501168317999941], [-76.96930484999996, -7.501189115999978], [-76.96928413799998, -7.501214612999945], [-76.96925297799999, -7.5012483489999795], [-76.96921778799998, -7.5012778759999605], [-76.96917913599998, -7.501302718999966], [-76.96897113799997, -7.501418465999961], [-76.96894667699996, -7.501430889999938], [-76.96891080099994, -7.501445172999979], [-76.96882753799997, -7.501473286999953], [-76.96869559199996, -7.501561630999959], [-76.96869066399995, -7.501565180999933], [-76.96865671499995, -7.501584227999956], [-76.96864545199998, -7.50159021099995], [-76.96856593499996, -7.5016304629999695], [-76.96844438499994, -7.501716191999947], [-76.96843252799994, -7.501724207999928], [-76.96842505199999, -7.501728922999973], [-76.96826012999998, -7.501830125999959], [-76.96825060999998, -7.5018357689999675], [-76.96798525199995, -7.501987651999968], [-76.96795698599993, -7.502002223999966], [-76.96791852599995, -7.50201736899993], [-76.96765170099997, -7.502105235999977], [-76.96748390099998, -7.502183438999964], [-76.96743488499999, -7.502201990999936], [-76.96740528899994, -7.502209468999979], [-76.96705329399998, -7.502282803999947], [-76.96703242299998, -7.502286519999927], [-76.96702580399995, -7.502287437999939], [-76.96656589199995, -7.502346903999978], [-76.96652096099996, -7.502349896999931], [-76.96603492699995, -7.502352071999951], [-76.96559754699996, -7.502360956999951], [-76.96522491199994, -7.502394694999964], [-76.96496245899993, -7.502465801999961], [-76.96483266799999, -7.50252629299996], [-76.96471199299998, -7.502610469999979], [-76.96455062399997, -7.502804186999981], [-76.96451530699994, -7.502840969999966], [-76.96447515999995, -7.5028724359999615], [-76.96443098199995, -7.502897957999949], [-76.96415356299997, -7.503033149999965], [-76.96411784399999, -7.50304824899996], [-76.96408071299999, -7.503059451999945], [-76.96360188299997, -7.503176407999945], [-76.96359325099996, -7.503178403999925], [-76.96305689899998, -7.503295615999946], [-76.96303256399995, -7.503300071999945], [-76.96301893699996, -7.503301826999973], [-76.96247095099994, -7.5033618609999735], [-76.96206668299999, -7.5034021169999505], [-76.96202854399996, -7.5034038969999415], [-76.96199042799998, -7.503401660999941], [-76.96195275999997, -7.5033954339999696], [-76.96158650599995, -7.503314906999947], [-76.96113440699997, -7.5032617059999325], [-76.96112687499993, -7.503260739999973], [-76.96111107399997, -7.503258187999961], [-76.96078946699998, -7.503198949999955], [-76.96051665899995, -7.503200166999932], [-76.96020615899994, -7.50320155199995], [-76.95992094199994, -7.503242383999975], [-76.95968735899999, -7.503323936999948], [-76.95953422999997, -7.50338841699994], [-76.95932699799994, -7.50359709199995], [-76.95931615599994, -7.503607563999935], [-76.95910065499999, -7.503807209999934], [-76.95887195699999, -7.504108458999951], [-76.95884370699997, -7.5041413719999355], [-76.95881171299999, -7.504170674999955], [-76.95846782399997, -7.504449680999926], [-76.95843651499996, -7.504472421999935], [-76.95842977699994, -7.5044766809999714], [-76.95812842999999, -7.504662583999959], [-76.95782191799998, -7.5048565699999585], [-76.95777986099995, -7.504879446999951], [-76.95775917499998, -7.5048878769999305], [-76.95774955599995, -7.504891796999971], [-76.95716901799995, -7.505098372999953], [-76.95712757399997, -7.505110396999953], [-76.95708499099999, -7.505117416999951], [-76.95591032699997, -7.505239933999974], [-76.95539248499995, -7.505177169999968], [-76.95534718799996, -7.505171679999933], [-76.95495412099996, -7.505173428999967], [-76.95438391199997, -7.505257313999948], [-76.95435052399995, -7.505262225999957], [-76.95369903399995, -7.505360803999963], [-76.95320089299997, -7.505449131999967], [-76.95273155599995, -7.505546897999977], [-76.95238693499994, -7.505663245999926], [-76.95206144499997, -7.505769940999926], [-76.95163062599994, -7.505905807999966], [-76.95110393499994, -7.506042099999945], [-76.95052892499996, -7.506092493999972], [-76.94999209299993, -7.5061044449999486], [-76.94940664299997, -7.505963522999934], [-76.94864849799995, -7.505794660999925], [-76.94795606099996, -7.505741279999938], [-76.94740940599996, -7.505700646999969], [-76.94721121999999, -7.505687466999973], [-76.94896036599994, -7.508460060999937], [-76.95100773499996, -7.511705304999964], [-76.95663738399998, -7.520628379999948], [-76.96403643499997, -7.5323551539999585], [-76.96450683099994, -7.5331006549999415], [-76.96491739899994, -7.5337512609999635], [-76.96663846999996, -7.536478527999975], [-76.96900816099998, -7.540234325999961], [-76.97087115699998, -7.543186683999977], [-76.98900178799994, -7.571915442999966], [-76.98900193899993, -7.5719156989999306], [-76.98900185399998, -7.571915937999961], [-76.98346968699997, -7.586682412999949], [-76.97792890899996, -7.60147117799994], [-76.97661601199997, -7.604975299999978], [-76.96687681899994, -7.630967984999927], [-76.96686274699994, -7.6310055419999685], [-76.96386714699997, -7.638999986999977], [-76.95943653999996, -7.650823697999954], [-76.95709670499997, -7.657067701999949], [-76.95536110499995, -7.661913014999925], [-76.95614575199994, -7.663385077999976], [-76.95732032199999, -7.665588637999974], [-76.95811784199998, -7.667084812999974], [-76.96251783099996, -7.675339067999971], [-76.96299565399994, -7.6762258579999525], [-76.96730175599998, -7.68421727499998], [-76.97406515599994, -7.696768155999962], [-76.97560231399996, -7.6996205199999395], [-76.98750468899993, -7.721704773999932], [-76.99334020799995, -7.732531061999964], [-76.99333948799995, -7.732532646999971], [-76.99100605299998, -7.737662268999941], [-76.98833580199994, -7.743532199999947], [-76.98803439999995, -7.744194753999977], [-76.97942294299997, -7.763124154999957], [-76.96307258799999, -7.799061292999966], [-76.95750193599997, -7.811304173999929], [-76.95505545299994, -7.8166807459999745], [-76.94858211999997, -7.8309065009999586], [-76.94425805299994, -7.840408621999927], [-76.91424487399996, -7.906353063999973], [-76.88854821399997, -7.962800114999936], [-76.88461904599995, -7.971430107999936], [-76.86567771099999, -8.013028624999947], [-76.85866128299995, -8.028436214999942], [-76.85443320899998, -8.037720318999959], [-76.85100439399997, -8.045249136999928], [-76.84125559799998, -8.066653825999936], [-76.83838042499997, -8.072966275999931], [-76.83823904799993, -8.07327666599997], [-76.83351495499994, -8.08364806399993], [-76.83349827899997, -8.083684671999947], [-76.82580888199999, -8.100565247999953], [-76.82554877699994, -8.101151079999966], [-76.81742139599999, -8.118992895999952], [-76.80934845799999, -8.136742040999934], [-76.80931308099997, -8.136819053999943], [-76.80884203899996, -8.137861819999955], [-76.80880765099994, -8.13793691899997], [-76.80877512199999, -8.138006387999951], [-76.80872968199998, -8.138103472999944], [-76.80861567599999, -8.138347668999927], [-76.80844405099998, -8.138712580999936], [-76.80792181099997, -8.139845438999942], [-76.77973325299996, -8.201711690999957], [-76.77724152599995, -8.207178125999974], [-76.77290289099994, -8.216696075999948], [-76.77117722499997, -8.220473892999962], [-76.75290376999999, -8.26058007599994], [-76.75095300399994, -8.264838055999974], [-76.74947878199998, -8.26808131599995], [-76.74756702999997, -8.272275600999933], [-76.73441986299997, -8.301117802999954], [-76.73368578999998, -8.302728105999961], [-76.73000359499997, -8.31080540299996], [-76.72895471999993, -8.313106172999937], [-76.72787057499994, -8.315484286999947], [-76.72724555499997, -8.316855283999928], [-76.72647235699998, -8.318551298999978], [-76.72585302399995, -8.319910067999956], [-76.72607385199996, -8.319906805999949], [-76.72651750699998, -8.31974381799995], [-76.72687740599997, -8.319658526999945], [-76.72739352499997, -8.319596477999937], [-76.72793381799994, -8.31957020799996], [-76.72860511999994, -8.319416414999978], [-76.72954266799997, -8.319235516999981], [-76.73064684899998, -8.319087177999961], [-76.73176224999997, -8.318759369999952], [-76.73254213799999, -8.31860047799995], [-76.73321499799994, -8.318681271999935], [-76.73364904999994, -8.319074093999973], [-76.73415525999997, -8.319490522999956], [-76.73490138499994, -8.31984609799997], [-76.73598349399998, -8.320140399999957], [-76.73628555799996, -8.320557716999929], [-76.73677918399994, -8.320842624999955], [-76.73679308999994, -8.321273161999954], [-76.73673531199995, -8.321787738999944], [-76.73652168199999, -8.322362802999976], [-76.73647570099996, -8.322829484999943], [-76.73628708999996, -8.323631699999964], [-76.73575258999995, -8.324973672999931], [-76.73550424799998, -8.32584791499994], [-76.73542424199997, -8.326769265999928], [-76.73525938199998, -8.327511570999945], [-76.73517480499999, -8.328069199999959], [-76.73509599799996, -8.328588779999961], [-76.73467747099994, -8.328997284999957], [-76.73434253399995, -8.32929777499993], [-76.73434423199996, -8.329633330999968], [-76.73431294199997, -8.329984209999964], [-76.73444727599997, -8.330385397999976], [-76.73437820899994, -8.330899004999935], [-76.73427931699996, -8.331293437999932], [-76.73432278499996, -8.331547325999964], [-76.73449082899998, -8.331974856999977], [-76.73457281799995, -8.332301101999974], [-76.73460880899995, -8.332659300999978], [-76.73463541399997, -8.333200959999942], [-76.73468894299998, -8.33341046299995], [-76.73477696199996, -8.333606931999952], [-76.73496720799994, -8.333803570999976], [-76.73505856599996, -8.333855840999945], [-76.73532314199997, -8.333916269999975], [-76.73558276999995, -8.334002102999932], [-76.73633005799996, -8.334239965999927], [-76.73716670599998, -8.334293479999928], [-76.73824969899994, -8.334327935999966], [-76.73905968899999, -8.334467687999961], [-76.73991816299997, -8.334589370999936], [-76.74047230499997, -8.334564996999973], [-76.74104638899996, -8.334560979999935], [-76.74140074099995, -8.334613368999953], [-76.74205569299994, -8.334676159999958], [-76.74293814499998, -8.33448599199994], [-76.74392014199998, -8.334835083999963], [-76.74478536299995, -8.334823368999935], [-76.74487341699995, -8.334822176999978], [-76.74637304799995, -8.334956373999944], [-76.74712405699995, -8.335259896999958], [-76.74802371599998, -8.337095030999933], [-76.74841720599994, -8.337810954999952], [-76.74833045799994, -8.338558897999974], [-76.74905287699994, -8.33897434599993], [-76.75016386999994, -8.33899934599998], [-76.75063945599999, -8.33927115299997], [-76.75124471399994, -8.340344965999975], [-76.75166047699997, -8.34183485799997], [-76.75238155799997, -8.342487129999938], [-76.75283596299994, -8.343394151999973], [-76.75359071299994, -8.344323765999945], [-76.75409217299995, -8.345009299999958], [-76.75546629899998, -8.346133521999946], [-76.75600854199996, -8.346537789999957], [-76.75625081699997, -8.347003191999931], [-76.75644473299997, -8.347397042999944], [-76.75713109299994, -8.34780066999997], [-76.75754139699995, -8.348241402999975], [-76.75763839399997, -8.348351782999941], [-76.75786631399995, -8.348611147999975], [-76.75797898499997, -8.349411628999974], [-76.75789748699998, -8.349986113999933], [-76.75785487899998, -8.350779470999953], [-76.75797265599994, -8.351333933999967], [-76.75806773299996, -8.351646886999958], [-76.75810515499995, -8.352058720999935], [-76.75808076599998, -8.352367074999961], [-76.75794369899995, -8.352642695999975], [-76.75792711099996, -8.352753947999929], [-76.75806684099996, -8.353103042999976], [-76.75829522099997, -8.353459937999958], [-76.75830427699998, -8.35353661399995], [-76.75826272199998, -8.35365199499995], [-76.75804833199999, -8.35393126699995], [-76.75799553699994, -8.354021401999944], [-76.75794580899998, -8.35418474599993], [-76.75790509099994, -8.354515464999963], [-76.75790781199998, -8.35502368799996], [-76.75799661499997, -8.355445825999936], [-76.75806853199998, -8.355767273999959], [-76.75808603499996, -8.35617672799998], [-76.75803430999997, -8.356375704999948], [-76.75775931699997, -8.356926276999957], [-76.75765790999998, -8.35724397499996], [-76.75761748399998, -8.35750518499998], [-76.75797122999995, -8.357832879999933], [-76.75826423699993, -8.358239340999944], [-76.75832187499998, -8.35845988699998], [-76.75834378199994, -8.359281993999957], [-76.75851766399995, -8.360006301999931], [-76.75862944699998, -8.360775364999938], [-76.75885746899996, -8.361238391999962], [-76.75892687699996, -8.361553432999926], [-76.75893197499994, -8.361576571999933], [-76.75890227699995, -8.362462385999947], [-76.75884552899998, -8.363204639999935], [-76.75890621399998, -8.363702623999927], [-76.75911159399999, -8.364110013999948], [-76.75946684799999, -8.364515289999929], [-76.75952068999999, -8.364935035999963], [-76.75970536199998, -8.36569473999998], [-76.75971225499995, -8.36606785899994], [-76.75967099299999, -8.366458352999928], [-76.75964566199997, -8.366843249999931], [-76.75961056599994, -8.367051525999955], [-76.75947500299998, -8.367268687999967], [-76.75940277099994, -8.367474037999955], [-76.75939825599994, -8.367531777999943], [-76.75938614599994, -8.367686657999968], [-76.75935079999994, -8.367857055999934], [-76.75934588599995, -8.367864371999929], [-76.75925194099995, -8.36800422899995], [-76.75914238399997, -8.36810274499993], [-76.75897250599996, -8.368208313999958], [-76.75852289399995, -8.368417080999961], [-76.75824426399998, -8.368566894999958], [-76.75807970699998, -8.36870270299994], [-76.75798631099997, -8.368829023999979], [-76.75780091599995, -8.369154845999958], [-76.75760271699994, -8.369546749999927], [-76.75743086499995, -8.369791516999953], [-76.75736345599995, -8.370160130999977], [-76.75736166299998, -8.370164769999974], [-76.75730629399999, -8.370395032999966], [-76.75729168699996, -8.370517056999972], [-76.75727304199995, -8.370740036999962], [-76.75723928699995, -8.37098909599996], [-76.75719553799996, -8.371159184999954], [-76.75701987399998, -8.371801801999936], [-76.75701571899998, -8.372035991999951], [-76.75703670099995, -8.372241258999964], [-76.75694558199996, -8.372456169999964], [-76.75667001799997, -8.372766573999968], [-76.75648692899995, -8.373025156999972], [-76.75648088199995, -8.373283538999942], [-76.75650349799997, -8.373505910999938], [-76.75660005899994, -8.373684632999925], [-76.75677454199996, -8.374149058999933], [-76.75686129499996, -8.374383354999964], [-76.75693401899997, -8.374773021999943], [-76.75696543599997, -8.37523060999996], [-76.75696766099998, -8.37540788299998], [-76.75695635399995, -8.375788195999974], [-76.75692512899997, -8.376081606999946], [-76.75691868099995, -8.376518095999927], [-76.75696109799998, -8.376876048999975], [-76.75696239099995, -8.377115758999935], [-76.75696525399997, -8.377642891999926], [-76.75697067099998, -8.377924450999956], [-76.75695800299997, -8.378126154999961], [-76.75697056799999, -8.378589383999952], [-76.75709293999995, -8.378875043999926], [-76.75720218299995, -8.379114748999939], [-76.75729559799998, -8.379279973999928], [-76.75760728599994, -8.379699371999948], [-76.75784848999996, -8.379919573999928], [-76.75809548399997, -8.38009190699995], [-76.75835467699994, -8.380306047999966], [-76.75861357399998, -8.380454404999966], [-76.75891027999995, -8.380726107999976], [-76.75932918299998, -8.381090510999968], [-76.75955394799996, -8.381301014999963], [-76.75966546199999, -8.381463605999954], [-76.75974546799995, -8.381731307999928], [-76.75978691999995, -8.382033730999979], [-76.75973866799995, -8.382443167999952], [-76.75967964499995, -8.382670926999936], [-76.75960461999995, -8.38315532799993], [-76.75936796699995, -8.383572837999964], [-76.75936557999995, -8.383579433999955], [-76.75929872599994, -8.38383834299998], [-76.75928208599998, -8.384130939999977], [-76.75930151199998, -8.384447689999945], [-76.75934239199995, -8.384860611999954], [-76.75935565599997, -8.385206333999975], [-76.75932175699995, -8.385515417999954], [-76.75930031099995, -8.385820879999926], [-76.75938667399998, -8.386051917999964], [-76.75957205799995, -8.386288134999972], [-76.75981326199997, -8.386507138999946], [-76.76016046199999, -8.386792649999961], [-76.76053863599998, -8.387154970999973], [-76.76073124399994, -8.387651283999958], [-76.76111761199996, -8.388099286999932], [-76.76148472099999, -8.388537806999977], [-76.76176462099994, -8.388814047999972], [-76.76202685599998, -8.389434839999979], [-76.76226550299998, -8.38968409399996], [-76.76272719099995, -8.389787285999944], [-76.76296458699994, -8.389906788999951], [-76.76322411599995, -8.39011777099995], [-76.76359543299998, -8.390214111999967], [-76.76385795299996, -8.390354731999935], [-76.76402470599999, -8.390521281999952], [-76.76413045499999, -8.390626901999951], [-76.76433795199995, -8.390799262999963], [-76.76449114099995, -8.390871884999967], [-76.76506778299995, -8.391090462999955], [-76.76535409499996, -8.391214943999955], [-76.76605543499994, -8.39149630299994], [-76.76626127399999, -8.391595851999966], [-76.76647087799995, -8.391731265999965], [-76.76686261299994, -8.39204669299994], [-76.76718079199998, -8.392355995999935], [-76.76743537599998, -8.392663114999948], [-76.76761673899995, -8.392927831999941], [-76.76795015399995, -8.39334974899998], [-76.76815184099996, -8.393725967999956], [-76.76832723599995, -8.39401539599993], [-76.76861892499994, -8.394403459999978], [-76.76868736399996, -8.394713740999975], [-76.76869544299996, -8.39495171599998], [-76.76872823499997, -8.395193349999943], [-76.76879680499997, -8.39535325199995], [-76.76901694199995, -8.395622696999965], [-76.76947114599994, -8.39599887299994], [-76.76969390999994, -8.396207846999971], [-76.76987931799994, -8.396484888999964], [-76.76988125999998, -8.396489934999977], [-76.77000376999996, -8.396808285999953], [-76.77014219299997, -8.397061378999979], [-76.77029069999998, -8.397264992999965], [-76.77046252699995, -8.397455330999946], [-76.77063894499997, -8.397498956999925], [-76.77099289299997, -8.397551995999947], [-76.77162726999995, -8.397520696999948], [-76.77220932599994, -8.39757891499994], [-76.77295539999994, -8.397503127999926], [-76.77367520799999, -8.397313298999961], [-76.77488486599998, -8.397078202999978], [-76.77573445499996, -8.396902138999963], [-76.77651223899994, -8.396783807999952], [-76.77716043599997, -8.396694766999929], [-76.77770865499997, -8.396807115999934], [-76.77795498299997, -8.397093061999954], [-76.77821690199994, -8.397637289999977], [-76.77830723599999, -8.398483702999954], [-76.77839711399997, -8.39922964799996], [-76.77857255599997, -8.399774265999952], [-76.77892056499996, -8.400231985999937], [-76.77938414099998, -8.40074659499993], [-76.77980467599997, -8.40130445699998], [-76.78003855899993, -8.402021042999934], [-76.78043053199997, -8.402636444999928], [-76.78045627399996, -8.402719118999926], [-76.78069383399998, -8.403482072999964], [-76.78088421999996, -8.404141443999947], [-76.78118879899995, -8.404556298999978], [-76.78159368199994, -8.404841523999949], [-76.78222858999999, -8.404996529999949], [-76.78280695899997, -8.405395789999943], [-76.78310664799994, -8.406010168999956], [-76.78329658899997, -8.406250715999931], [-76.78344321099996, -8.406307897999966], [-76.78352744799997, -8.406303253999965], [-76.78362140499996, -8.40625689899997], [-76.78368176899994, -8.406192208999926], [-76.78379390099997, -8.405996927999979], [-76.78389185799995, -8.405748298999981], [-76.78390603799994, -8.405565833999958], [-76.78394744799994, -8.405428097999959], [-76.78402179299997, -8.40526928199995], [-76.78409323099999, -8.405131409999967], [-76.78414754299996, -8.40489960399998], [-76.78434642899998, -8.404684724999981], [-76.78460421699998, -8.404742522999982], [-76.78472581299997, -8.404856793999954], [-76.78497837999998, -8.405033623999941], [-76.78523383599997, -8.405001845999948], [-76.78540270699995, -8.40494749499993], [-76.78562556299994, -8.404931174999945], [-76.78579684599998, -8.40498398099993], [-76.78592662899996, -8.405207296999947], [-76.78608518699997, -8.405418998999949], [-76.78627136899996, -8.405577708999942], [-76.78648727299998, -8.405640757999947], [-76.78671231699997, -8.405686853999953], [-76.78684929999997, -8.405746889999932], [-76.78698091099994, -8.405832549999957], [-76.78714032599999, -8.40590937899998], [-76.78730573199994, -8.40596310999996], [-76.78748734899995, -8.406001833999937], [-76.78765387299995, -8.405959654999947], [-76.78786985299996, -8.405910830999971], [-76.78804713499994, -8.405804770999964], [-76.78822450499996, -8.405717847999938], [-76.78847457699999, -8.40576933899996], [-76.78864100199996, -8.405972132999977], [-76.78882713299998, -8.406099664999942], [-76.78903217399994, -8.406175479999945], [-76.78935296699996, -8.406284533999951], [-76.78951209699994, -8.406201520999957], [-76.78961061599995, -8.405966027999966], [-76.78968700399997, -8.405787363999934], [-76.78976753399996, -8.405746809999926], [-76.78985213599998, -8.405755993999946], [-76.79003125599996, -8.405841295999949], [-76.79022203799997, -8.405955249999977], [-76.79049491999996, -8.405960215999926], [-76.79077750499994, -8.405939300999933], [-76.79105464299994, -8.405861281999933], [-76.79129483699995, -8.405854207999937], [-76.79146959999997, -8.405924179999943], [-76.79164051999999, -8.406002341999965], [-76.79182264499997, -8.406156989999943], [-76.79195424699998, -8.406314281999926], [-76.79206410199998, -8.406451329999982], [-76.79212470699997, -8.406570659999943], [-76.79218258399999, -8.406749805999937], [-76.79230117599997, -8.407072203999974], [-76.79240723499998, -8.407281031999958], [-76.79266139899994, -8.407558933999951], [-76.79308284099994, -8.40800014499996], [-76.79355722699995, -8.408361686999967], [-76.79407745099996, -8.408636810999951], [-76.79460377299995, -8.408925146999934], [-76.79475751399997, -8.409033483999963], [-76.79509338399998, -8.40927015899996], [-76.79544589999995, -8.409621189999939], [-76.79575273699999, -8.409757290999949], [-76.79598162099995, -8.409902164999949], [-76.79605551699996, -8.410192594999955], [-76.79602245299998, -8.410422265999955], [-76.79602380199998, -8.410715295999978], [-76.79593592199996, -8.411194121999927], [-76.79608870699997, -8.41166120899993], [-76.79631182399999, -8.411857539999971], [-76.79664246399994, -8.411927792999961], [-76.79696095399999, -8.411968199999933], [-76.79724294699997, -8.41201462999993], [-76.79754285399997, -8.412192667999932], [-76.79771655999997, -8.41235334199996], [-76.79789039899998, -8.412542720999966], [-76.79790960699995, -8.412800982999954], [-76.79791031899998, -8.41295527099993], [-76.79787916299995, -8.41323170399994], [-76.79792747999994, -8.413550830999952], [-76.79803961499994, -8.41364361099994], [-76.79814100599998, -8.413750792999963], [-76.79814535399998, -8.41391224199998], [-76.79811891299994, -8.414104090999956], [-76.79805863199994, -8.414316069999927], [-76.79796955699999, -8.414535356999977], [-76.79792373899994, -8.41475803399993], [-76.79787428499998, -8.414973550999946], [-76.79780302799998, -8.415149697999937], [-76.79773935899993, -8.415408337999963], [-76.79773326099996, -8.415648774999966], [-76.79777033799996, -8.415874660999975], [-76.79770653599996, -8.416104595999968], [-76.79750945799998, -8.416345905999947], [-76.79723985399994, -8.416385324999965], [-76.79714595999997, -8.416444449999972], [-76.79706359499994, -8.416556059999948], [-76.79702828899997, -8.416714101999958], [-76.79697883399996, -8.416929618999973], [-76.79693321399998, -8.417195352999954], [-76.79683722899995, -8.417479258999947], [-76.79677331099998, -8.41768407799998], [-76.79677757599995, -8.41782758599993], [-76.79679273499994, -8.417988984999965], [-76.79681881899995, -8.418175450999968], [-76.79688830999999, -8.418397600999981], [-76.79698277699998, -8.418565813999976], [-76.79713848599994, -8.41873015799996], [-76.79727589699996, -8.418833586999938], [-76.79761589899994, -8.41910951799997], [-76.79790533299996, -8.41935936599998], [-76.79816553899997, -8.419782776999966], [-76.79830571399998, -8.420224677999954], [-76.79839330699997, -8.420464684999956], [-76.79844660799995, -8.420542370999954], [-76.79847674999996, -8.420586300999958], [-76.79864257299994, -8.420625593999944], [-76.79892643199997, -8.42068231899998], [-76.79933654899997, -8.420677310999963], [-76.79974176999997, -8.420574287999955], [-76.80024614099995, -8.420548054999927], [-76.80080558599997, -8.420742840999935], [-76.80110195399999, -8.421041094999964], [-76.80118171599997, -8.421405526999933], [-76.80121401199995, -8.421895762999952], [-76.80129958699996, -8.42221830699998], [-76.80148879099994, -8.422546086999944], [-76.80135161699997, -8.423079229999928], [-76.80104717599994, -8.423481306999975], [-76.80091173399995, -8.423630936999928], [-76.80069051599997, -8.423847241999965], [-76.80039420999998, -8.423983346999933], [-76.80022651999997, -8.42416770099993], [-76.80007780999995, -8.424426731999972], [-76.80004018699998, -8.424602963999973], [-76.80000261699996, -8.424790678999955], [-76.79995371899997, -8.42502245999998], [-76.79996274099994, -8.425207089999958], [-76.79998757199996, -8.42538160099997], [-76.79999793399998, -8.42554421799997], [-76.80000348199997, -8.425704942999971], [-76.79997119199999, -8.425891675999935], [-76.79994031999996, -8.426073139999971], [-76.79986696499998, -8.426315080999927], [-76.79979803899994, -8.426475668999956], [-76.79969268999997, -8.426552698999956], [-76.79953427999999, -8.426584522999974], [-76.79939194899998, -8.426612684999952], [-76.79925804299995, -8.42667019399994], [-76.79921304199996, -8.426731914999948], [-76.79920641899997, -8.426858248999963], [-76.79925562899996, -8.42710967499994], [-76.79923949899995, -8.427258059999929], [-76.79916546899995, -8.427354083999944], [-76.79901242499994, -8.42740884799997], [-76.79885030899999, -8.427418560999968], [-76.79875719899997, -8.42743431799994], [-76.79869782499998, -8.427500038999938], [-76.79867377599999, -8.427550723999957], [-76.79869845299999, -8.427614473999938], [-76.79883458399996, -8.427752234999957], [-76.79893729199995, -8.42788332999993], [-76.79900410299996, -8.42804449199997], [-76.79895678899999, -8.428203186999951], [-76.79883080399998, -8.428363537999928], [-76.79860981699994, -8.428500801999974], [-76.79839585299999, -8.428661458999954], [-76.79823000399995, -8.42883993199996], [-76.79816223399996, -8.428990945999942], [-76.79810176999996, -8.42916345599997], [-76.79812785699994, -8.429349921999972], [-76.79836439999997, -8.429514284999925], [-76.79854247999998, -8.429592661999948], [-76.79856035399996, -8.42960052899997], [-76.79870242599998, -8.429578326999945], [-76.79886999999997, -8.429471977999981], [-76.79908043499995, -8.429446462999977], [-76.79932088199996, -8.429491288999941], [-76.79959624199995, -8.42960484799994], [-76.79988563199998, -8.429780728999958], [-76.80015933599998, -8.42995170599994], [-76.80033057299994, -8.430095643999948], [-76.80053503799996, -8.43025464799996], [-76.80065499199998, -8.430426329999932], [-76.80069931199995, -8.430593004999935], [-76.80072871699997, -8.430732511999963], [-76.80073663799999, -8.430886766999947], [-76.80073140699994, -8.43105423999998], [-76.80073375999996, -8.431303008999976], [-76.80073510999995, -8.431583846999956], [-76.80071169599995, -8.431715520999944], [-76.80060685599994, -8.431902587999957], [-76.80057854999995, -8.43207724299998], [-76.80060357899998, -8.432232714999941], [-76.80066415899995, -8.432344866999927], [-76.80065281099996, -8.43248844599998], [-76.80069209099997, -8.432670065999957], [-76.80074078099994, -8.432808585999965], [-76.80086141999999, -8.43292046099998], [-76.80098915499997, -8.433008382999958], [-76.80112415299999, -8.433108231999938], [-76.80123268099999, -8.43319863399995], [-76.80136530999994, -8.433305669999982], [-76.80150021999998, -8.43338638299997], [-76.80158712599996, -8.433476883999958], [-76.80159710099997, -8.43355577799997], [-76.80157604499993, -8.433677872999965], [-76.80153102099996, -8.433812037999928], [-76.80145722299994, -8.433958295999957], [-76.80141476699998, -8.434128330999954], [-76.80139630199994, -8.43429107999998], [-76.80131583999997, -8.434347265999975], [-76.80120309499995, -8.434383664999928], [-76.80108793599999, -8.434417683999925], [-76.80095869499996, -8.434523530999968], [-76.80092647399994, -8.434647151999968], [-76.80094497199997, -8.43485369299998], [-76.80096676299996, -8.434971251999968], [-76.80097816999995, -8.435234537999975], [-76.80099199699998, -8.435319662999973], [-76.80105847699997, -8.435554919999959], [-76.80115807199996, -8.435702937999963], [-76.80134229199996, -8.43597318999997], [-76.80150017199998, -8.435956018999946], [-76.80164531599996, -8.43591199499997], [-76.80178431699994, -8.435838695999962], [-76.80188975599998, -8.435780800999964], [-76.80198088799995, -8.435725988999934], [-76.80208039299998, -8.435683668999957], [-76.80220751199994, -8.435658537999927], [-76.80237083599997, -8.435649414999943], [-76.80251742499996, -8.435658309999951], [-76.80263402999998, -8.435676910999973], [-76.80273743099997, -8.435697664999964], [-76.80285168399996, -8.43572734099996], [-76.80297797399999, -8.435762342999965], [-76.80317027599995, -8.43578537999997], [-76.80342552899998, -8.435784205999937], [-76.80368068499996, -8.435762100999966], [-76.80394785299995, -8.435739940999952], [-76.80420609499998, -8.435735762999968], [-76.80446163999994, -8.43579737999994], [-76.80469926399996, -8.435880009999948], [-76.80491542499993, -8.43597682099994], [-76.80510241299999, -8.436039621999953], [-76.80529542899995, -8.436061780999978], [-76.80529759999996, -8.436151838999933], [-76.80532128099998, -8.436523455999975], [-76.80532542399999, -8.43658335699996], [-76.80533048499996, -8.436638351999932], [-76.80533723799994, -8.436695850999968], [-76.80534662799994, -8.436751902999958], [-76.80535340599994, -8.436793204999958], [-76.80536249699998, -8.436827790999928], [-76.80537302099998, -8.436865376999947], [-76.80538416099995, -8.436901106999926], [-76.80539245299997, -8.436923993999926], [-76.80540556699998, -8.43694994699996], [-76.80541829299995, -8.436978250999971], [-76.80543357099998, -8.437009038999975], [-76.80544945699995, -8.437050019999958], [-76.80546249799994, -8.437081864999925], [-76.80548361399997, -8.43714085299996], [-76.80551790999994, -8.437218677999965], [-76.80555160299997, -8.437296026999945], [-76.80558316699995, -8.437367644999938], [-76.80562916799994, -8.437443980999944], [-76.80567758299998, -8.437522697999952], [-76.80575262399998, -8.437644349999971], [-76.80580447999995, -8.437752873999955], [-76.80587248699999, -8.437852212999928], [-76.80593752999994, -8.437959096999975], [-76.80599915399995, -8.438072812999962], [-76.80605698999995, -8.438192687999958], [-76.80611051599999, -8.43831764099997], [-76.80613464699996, -8.43838371399994], [-76.80615477499998, -8.438452179999956], [-76.80617094099995, -8.438523188999966], [-76.80618141999997, -8.438586266999948], [-76.80618319299998, -8.438596938999979], [-76.80619155999995, -8.438673559999927], [-76.80619609699994, -8.43875346699997], [-76.80619682699995, -8.438837044999957], [-76.80619375499998, -8.438924878999956], [-76.80618849099994, -8.438999347999982], [-76.80618069099995, -8.439077721999979], [-76.80617027799997, -8.43916081499998], [-76.80616428799993, -8.439201307999951], [-76.80615705199995, -8.439250226999945], [-76.80612804999998, -8.439418587999967], [-76.80604834599995, -8.439841929999943], [-76.80602857699995, -8.439960776999953], [-76.80601329699994, -8.440067466999949], [-76.80600029099998, -8.440182662999973], [-76.80599227099998, -8.440289993999954], [-76.80598909899999, -8.440391311999974], [-76.80599074999998, -8.440487576999942], [-76.80599367599996, -8.440715194999939], [-76.80599681999996, -8.440794317999973], [-76.80600055399998, -8.440839235999931], [-76.80600575799997, -8.44088065799997], [-76.80601253499998, -8.440919400999974], [-76.80602095899997, -8.440955866999957], [-76.80604230299997, -8.441027644999963], [-76.80606878899994, -8.44109956099993], [-76.80610010599997, -8.441170779999936], [-76.80613587999994, -8.441240448999963], [-76.80617566499996, -8.44130770299995], [-76.80621901399996, -8.441371795999942], [-76.80626543799997, -8.441432002999932], [-76.80631445799997, -8.441487704999929], [-76.80635398399994, -8.441527754999981], [-76.80639557999996, -8.44156615999998], [-76.80643924399999, -8.441602917999944], [-76.80648497699997, -8.441638029999979], [-76.80648476699997, -8.441684470999974], [-76.80648255599993, -8.441730072999974], [-76.80647834399997, -8.441774836999969], [-76.80647213099996, -8.441818761999969], [-76.80646391799996, -8.441861847999974], [-76.80645370399998, -8.441904095999973], [-76.80644148899995, -8.441945504999978], [-76.80642727299994, -8.441986074999932], [-76.80641469499994, -8.442015553999966], [-76.80639916499996, -8.44204537099995], [-76.80638052599994, -8.442075827999929], [-76.80635842599997, -8.442107507999935], [-76.80631278399994, -8.442164796999975], [-76.80619389799995, -8.442301981999947], [-76.80616378799994, -8.442340805999947], [-76.80613912699994, -8.442376767999974], [-76.80611214699996, -8.442421005999961], [-76.80608687199998, -8.442466258999957], [-76.80606328999994, -8.442512546999978], [-76.80604138899997, -8.442559892999952], [-76.80602115999994, -8.44260831899993], [-76.80600258799996, -8.442657855999926], [-76.80598566199996, -8.44270853699993], [-76.80597037099994, -8.442760393999947], [-76.80595671699996, -8.442813404999981], [-76.80594467099996, -8.442867674999945], [-76.80592535499994, -8.44298019799993], [-76.80591234299999, -8.443098429999964], [-76.80590555599997, -8.443223067999952], [-76.80590468199995, -8.44333794399995], [-76.80590851899996, -8.443459317999952], [-76.80591709799995, -8.443588366999961], [-76.80593056599997, -8.443727354999965], [-76.80594631299994, -8.443857471999934], [-76.80596656799997, -8.44400283899995], [-76.80597762799994, -8.444073405999973], [-76.80605049099995, -8.444538318999946], [-76.80608199799997, -8.444758197999931], [-76.80609644399993, -8.444875536999973], [-76.80610785299996, -8.444984769999962], [-76.80611643699996, -8.445087960999956], [-76.80612228199999, -8.445186153999941], [-76.80612578699998, -8.445301623999967], [-76.80612522099995, -8.445411688999968], [-76.80612057999997, -8.445517085999938], [-76.80611184199995, -8.445618295999964], [-76.80609895299995, -8.445715837999956], [-76.80608188199994, -8.445809871999927], [-76.80606058399997, -8.445900643999948], [-76.80603501599995, -8.445988338999939], [-76.80600578299999, -8.446073370999954], [-76.80596976699997, -8.446167422999963], [-76.80584736199995, -8.446459413999946], [-76.80580827999995, -8.446556228999953], [-76.80577680899995, -8.446640535999961], [-76.80575070499998, -8.446718250999936], [-76.80572869499997, -8.44679843199998], [-76.80569349799998, -8.44695629499995], [-76.80567740499998, -8.447020621999968], [-76.80565700899996, -8.447086191999972], [-76.80563403499997, -8.44714311699994], [-76.80561853799998, -8.447173858999975], [-76.80559902699997, -8.447207246999938], [-76.80551110099998, -8.447341803999961], [-76.80548145599994, -8.447397569999964], [-76.80546922599996, -8.447427438999966], [-76.80545863699996, -8.447459555999956], [-76.80544957899997, -8.447494258999939], [-76.80544186599997, -8.447532234999926], [-76.80543165799997, -8.447603324999932], [-76.80541435999999, -8.447768142999962], [-76.80540214699994, -8.447843140999964], [-76.80538623099994, -8.447904569999935], [-76.80537647799997, -8.447932174999949], [-76.80536541499998, -8.447958047999975], [-76.80533902799993, -8.448006902999964], [-76.80530433799998, -8.448058211999978], [-76.80526320099995, -8.448110472999929], [-76.80517554399995, -8.44821290599998], [-76.80513969799995, -8.448256851999929], [-76.80510489599999, -8.448304328999939], [-76.80507726499997, -8.448348740999961], [-76.80504762899994, -8.448406296999963], [-76.80501875799996, -8.448472421999952], [-76.80499302699997, -8.448539447999963], [-76.80492957799999, -8.448715619999973], [-76.80490937199994, -8.448766429999978], [-76.80488967399998, -8.448811280999962], [-76.80480861999996, -8.448978001999933], [-76.80472153799997, -8.449141588999964], [-76.80462842699995, -8.449302041999943], [-76.80452928899996, -8.44945936299996], [-76.80442412099995, -8.449613548999935], [-76.80431292499998, -8.44976460199996], [-76.80419569999998, -8.44991252099993], [-76.80407244699995, -8.450057306999952], [-76.80400683799996, -8.450067691999948], [-76.80394224099996, -8.450080113999945], [-76.80387865599994, -8.450094576999959], [-76.80381608499994, -8.450111075999928], [-76.80375452699997, -8.45012961499998], [-76.80369398099998, -8.450150191999967], [-76.80363444799997, -8.450172806999944], [-76.80357592799999, -8.450197461999949], [-76.80353513499995, -8.450217390999967], [-76.80349399199997, -8.450241245999962], [-76.80345206099997, -8.450269275999972], [-76.80340850199997, -8.45030204099993], [-76.80333146899994, -8.45036735399998], [-76.80315886199998, -8.450525460999927], [-76.80311538299998, -8.450562263999927], [-76.80307505699994, -8.45059376599994], [-76.80303687899999, -8.450620808999929], [-76.80299966099994, -8.450644283999964], [-76.80296292199995, -8.450664495999945], [-76.80292637699995, -8.45068159699997], [-76.80288031499998, -8.450698903999978], [-76.80282713799994, -8.45071442699998], [-76.80265387699995, -8.450752579999971], [-76.80259590699995, -8.450767198999927], [-76.80254523999997, -8.45078338199994], [-76.80250075899994, -8.45080169199997], [-76.80247227199999, -8.450816089999933], [-76.80244173299997, -8.45083367899997], [-76.80230839299998, -8.450921108999978], [-76.80227615199993, -8.45094036699993], [-76.80224662099994, -8.450955958999941], [-76.80219685299994, -8.450977322999961], [-76.80214342899995, -8.450994468999966], [-76.80208594999993, -8.45100753099996], [-76.80202369799997, -8.451016670999934], [-76.80195338899995, -8.451022157999944], [-76.80187432599996, -8.45102383699998], [-76.80178893999994, -8.451022127999977], [-76.80154430799996, -8.451012447999972], [-76.80146923399997, -8.45101244999995], [-76.80140294799997, -8.45101539899997], [-76.80132790899995, -8.451023460999977], [-76.80125986299998, -8.451036611999939], [-76.80119744299998, -8.451055117999942], [-76.80113998599995, -8.451079186999948], [-76.80105430499998, -8.45112426999998], [-76.80097062099998, -8.451174912999932], [-76.80088893299995, -8.451231112999949], [-76.80080924099997, -8.451292872999943], [-76.80076793299997, -8.45138848299996], [-76.80073079299996, -8.45148546699994], [-76.80071555199999, -8.451532481999948], [-76.80070135599993, -8.451585940999962], [-76.80066449099996, -8.451758317999975], [-76.80065064199994, -8.45181656099993], [-76.80063558499995, -8.451868845999968], [-76.80061905899998, -8.451915209999981], [-76.80060497599999, -8.45194807799993], [-76.80058856899996, -8.451981534999959], [-76.80054809999996, -8.452051555999958], [-76.80049751699994, -8.452126374999978], [-76.80038624799994, -8.452277011999968], [-76.80034060499997, -8.452342244999954], [-76.80029696999998, -8.452412780999964], [-76.80026363099995, -8.452478377999967], [-76.80024345299995, -8.452529115999937], [-76.80022661699996, -8.45258387399997], [-76.80021294499994, -8.452643215999956], [-76.80020216899999, -8.452708296999958], [-76.80019536599997, -8.452766311999937], [-76.80018995399996, -8.45283178699998], [-76.80017869399995, -8.453051184999936], [-76.80017312799998, -8.453131720999977], [-76.80016471099998, -8.453209836999974], [-76.80015346799996, -8.453278810999961], [-76.80013696299994, -8.453348584999958], [-76.80011596399999, -8.453411904999939], [-76.80009012799997, -8.453469797999958], [-76.80005921299994, -8.453522791999944], [-76.80000271599994, -8.453602050999962], [-76.79992968299996, -8.453595722999978], [-76.79985799499997, -8.453586309999935], [-76.79978765199996, -8.453573811999945], [-76.79971865599998, -8.453558227999963], [-76.79970645299994, -8.453554861999976], [-76.79965100399994, -8.453539559999967], [-76.79958469699994, -8.45351780599998], [-76.79951973599998, -8.453492965999942], [-76.79945612099993, -8.453465041999948], [-76.79941471199999, -8.453443677999928], [-76.79937025099997, -8.453416843999946], [-76.79932509399998, -8.453386517999945], [-76.79920184199995, -8.45329959299994], [-76.79916340099999, -8.453274887999953], [-76.79912822699998, -8.453254583999978], [-76.79906328499999, -8.453220689999966], [-76.79899770199995, -8.453188892999947], [-76.79893147699994, -8.453159193999966], [-76.79886461099994, -8.45313159099993], [-76.79879710299997, -8.45310608699998], [-76.79872895399996, -8.453082678999976], [-76.79866016299997, -8.453061367999965], [-76.79859073099993, -8.45304215599998], [-76.79852065799997, -8.453025038999954], [-76.79844994299998, -8.453010021999944], [-76.79837858699995, -8.452997099999948], [-76.79830658799995, -8.45298627699998], [-76.79823394899995, -8.452977549999957], [-76.79816066799998, -8.452970920999974], [-76.79808674699996, -8.452966388999926], [-76.79801218299997, -8.452963954999973], [-76.79793697799994, -8.452963616999966], [-76.79786113099993, -8.452965376999941], [-76.79778464299994, -8.452969234999955], [-76.79770751299998, -8.452975188999972], [-76.79762974199997, -8.45298324099997], [-76.79755132999998, -8.45299338999996], [-76.79747227599995, -8.453005636999933], [-76.79739258099994, -8.453019979999965], [-76.79731224399995, -8.453036421999968], [-76.79723126499994, -8.453054960999964], [-76.79714964599998, -8.453075596999952], [-76.79706738499993, -8.453098328999943], [-76.79698448099998, -8.453123159999961], [-76.79690093699998, -8.453150086999926], [-76.79673192399997, -8.453210234999972], [-76.79663212899999, -8.453247824999949], [-76.79653177399996, -8.453282801999933], [-76.79647613099996, -8.453300077999927], [-76.79641874399994, -8.45331525399996], [-76.79635949099998, -8.453328363999958], [-76.79629820899999, -8.453339441999958], [-76.79623479799994, -8.45334851299998], [-76.79616891699999, -8.45335562899993], [-76.79610025399995, -8.453360826999926], [-76.79602832899997, -8.453364140999952], [-76.79590485399996, -8.453365597999948], [-76.79576613099994, -8.453362356999946], [-76.79563287899998, -8.453356032999977], [-76.79531503499999, -8.453337425999962], [-76.79515594199995, -8.45333123499995], [-76.79500566099995, -8.453330600999948], [-76.79487142599999, -8.453336453999952], [-76.79480662999998, -8.453342077999935], [-76.79474441199994, -8.453349515999946], [-76.79468447999994, -8.453358801999968], [-76.79462662599997, -8.453369968999937], [-76.79457062999995, -8.453383062999933], [-76.79451640799994, -8.453398105999952], [-76.79446384299996, -8.453415130999929], [-76.79441284499995, -8.453434165999965], [-76.79436969799997, -8.45345242299993], [-76.79432520599994, -8.453473301999963], [-76.79422981899995, -8.453524064999954], [-76.79414113899998, -8.453576709999936], [-76.79393796699998, -8.45370324399994], [-76.79384034499998, -8.453759736999928], [-76.79375447399997, -8.45380365899996], [-76.79367398499994, -8.453838375999965], [-76.79363061499998, -8.453853978999973], [-76.79358141699998, -8.453869341999962], [-76.79341893099996, -8.453913199999931], [-76.79336107199998, -8.453930096999954], [-76.79330649299999, -8.453948627999978], [-76.79325831299997, -8.453968216999954], [-76.79320005099999, -8.453997372999936], [-76.79305998399997, -8.454079079999929], [-76.79299421399998, -8.45411272399997], [-76.79294213299994, -8.454134138999962], [-76.79288318899995, -8.45415423399993], [-76.79281909199995, -8.454172845999949], [-76.79263439999994, -8.45422208399998], [-76.79257787299997, -8.454239899999948], [-76.79252820099998, -8.454258288999938], [-76.79249938699996, -8.454271004999953], [-76.79246957199996, -8.454286341999932], [-76.79240559199997, -8.454325596999979], [-76.79234195899994, -8.454371031999926], [-76.79217845199997, -8.454495736999945], [-76.79213038599994, -8.454528551999942], [-76.79208718899997, -8.454554320999932], [-76.79203738299998, -8.45457823099997], [-76.79199064699998, -8.454593699999975], [-76.79196809799998, -8.454598379999936], [-76.79194601099994, -8.454601040999933], [-76.79192432199994, -8.454601688999958], [-76.79190297799994, -8.45460032699998], [-76.79187667299993, -8.454595765999954], [-76.79184932699997, -8.454587838999942], [-76.79182065399993, -8.454576463999956], [-76.79179009999996, -8.454561422999973], [-76.79173256399997, -8.45452702199998], [-76.79162551299999, -8.454454363999957], [-76.79158228499995, -8.454426638999962], [-76.79153774799994, -8.454401571999938], [-76.79149717499996, -8.454383132999965], [-76.79145139599996, -8.454366989999926], [-76.79140278899996, -8.454353485999945], [-76.79135097599999, -8.454342513999961], [-76.79129528199996, -8.454333928999972], [-76.79123428499997, -8.454327539999952], [-76.79116610299997, -8.45432318199994], [-76.79088606999994, -8.45431658299998], [-76.79082230699998, -8.454313513999978], [-76.79076566999998, -8.454309011999953], [-76.79070111099998, -8.454301055999963], [-76.79064191799995, -8.454290302999937], [-76.79058690699998, -8.454276533999973], [-76.79053549899999, -8.454259599999943], [-76.79048067099995, -8.454235930999971], [-76.79042098599996, -8.454203863999965], [-76.79036472199994, -8.454169332999982], [-76.79023147299995, -8.454082693999965], [-76.79016312899995, -8.454042760999926], [-76.79012851699997, -8.454025313999978], [-76.79009561099997, -8.454010953999955], [-76.79006385699995, -8.453999439999961], [-76.79003295499996, -8.453990665999982], [-76.78997829399998, -8.453979217999972], [-76.78992075299999, -8.453970736999963], [-76.78986080999994, -8.453965293999943], [-76.78979900299998, -8.453962937999961], [-76.78973587899998, -8.453963693999981], [-76.78967207499994, -8.453967551999938], [-76.78960820499998, -8.453974478999953], [-76.78954488399995, -8.453984405999961], [-76.78948302199996, -8.453997166999955], [-76.78942283799995, -8.454012692999981], [-76.78936484199994, -8.45403085199996], [-76.78930947899994, -8.454051503999949], [-76.78925720399997, -8.454074473999981], [-76.78920829099997, -8.454099636999956], [-76.78916303299997, -8.454126839999958], [-76.78912166099997, -8.454155943999979], [-76.78907087099998, -8.454198636999934], [-76.78902095499996, -8.454248574999951], [-76.78897228599999, -8.454305389999945], [-76.78892534799996, -8.454368518999956], [-76.78888048099998, -8.454437563999932], [-76.78883857999995, -8.454511211999943], [-76.78880036199996, -8.454588204999936], [-76.78876666999997, -8.454666857999939], [-76.78874789699995, -8.454717330999927], [-76.78874758499995, -8.454718286999935], [-76.78885904699996, -8.454848851999941], [-76.78893591799994, -8.455106849999936], [-76.78898020599996, -8.455332703999943], [-76.78899235799997, -8.455623291999927], [-76.78892888099995, -8.45592499099996], [-76.78884343199996, -8.45615143799995], [-76.78875768499995, -8.45631329899993], [-76.78856412399995, -8.456540239999981], [-76.78839193499994, -8.456713260999948], [-76.78818790899999, -8.457015601999956], [-76.78803773999994, -8.457274637999944], [-76.78791975799999, -8.457479704999969], [-76.78791779599999, -8.45816216299994], [-76.78781799999996, -8.458794141999931], [-76.78778345099994, -8.45911723699993], [-76.78771418699995, -8.459727547999933], [-76.78793389299994, -8.460480063999967], [-76.78819112799994, -8.461555346999944], [-76.78805193999995, -8.462632441999972], [-76.78780281599995, -8.463315337999973], [-76.78757478399996, -8.463711678999971], [-76.78740953599998, -8.463998893999928], [-76.78691155799999, -8.464139276999958], [-76.78647418499997, -8.464361990999976], [-76.78589872199996, -8.46461579499993], [-76.78525184299997, -8.465013451999937], [-76.78449552399996, -8.465124551999963], [-76.78398949199999, -8.464803923999966], [-76.78341992299994, -8.464529195999944], [-76.78290281699998, -8.464411947999963], [-76.78246886499994, -8.464090988999942], [-76.78211401999994, -8.463730596999937], [-76.78162537499998, -8.463532681999936], [-76.78126240299997, -8.462972183999966], [-76.78098462199995, -8.462650510999936], [-76.78058715199995, -8.462425067999959], [-76.78015347899998, -8.46216390799998], [-76.77980351199994, -8.46181864099998], [-76.77948974899994, -8.461509090999925], [-76.77914055299993, -8.46133126999996], [-76.77892311299996, -8.461069123999948], [-76.77885259299995, -8.460885248999944], [-76.77877535999994, -8.460809051999945], [-76.77865964099993, -8.460723461999976], [-76.77846690899997, -8.46060951499993], [-76.77824556499996, -8.460543541999925], [-76.77804509699996, -8.460406753999962], [-76.77794829199996, -8.460395173999927], [-76.77784021199994, -8.46038639699998], [-76.77772993799994, -8.460380476999944], [-76.77743251099997, -8.46036834299997], [-76.77734338799996, -8.460362700999951], [-76.77726382199995, -8.460355711999966], [-76.77717347299995, -8.460344734999978], [-76.77708989999996, -8.460330900999963], [-76.77701145899994, -8.460313934999931], [-76.77693732999995, -8.46029365399994], [-76.77685156199993, -8.46026373999996], [-76.77664278599997, -8.460177138999939], [-76.77659180099994, -8.46015783699994], [-76.77654556099998, -8.460142334999944], [-76.77643949599997, -8.460111426999958], [-76.77633219899997, -8.460084236999933], [-76.77628434399998, -8.460081954999964], [-76.77623720899999, -8.46008201199993], [-76.77619079499993, -8.460084405999964], [-76.77614510199999, -8.460089137999944], [-76.77610012999997, -8.460096206999935], [-76.77605587899995, -8.460105614999975], [-76.77601234999997, -8.46011735999997], [-76.77596953999995, -8.460131441999977], [-76.77592281699998, -8.460149833999935], [-76.77547420399998, -8.460276188999956], [-76.77537258899997, -8.460301395999977], [-76.77527246299996, -8.460330228999965], [-76.77517382599996, -8.460362688999965], [-76.77507667799995, -8.46039877499993], [-76.77498101999998, -8.460438487999966], [-76.77492174199995, -8.460466461999943], [-76.77485766599995, -8.46050070399997], [-76.77479204799994, -8.460538923999934], [-76.77461020899995, -8.460649104999959], [-76.77455325699998, -8.460681084999976], [-76.77397678099999, -8.460965675999944], [-76.77384747199994, -8.46104467999993], [-76.77359503799994, -8.461205408999945], [-76.77348896499996, -8.461271413999953], [-76.77337659299997, -8.461337886999956], [-76.77327400299998, -8.461394165999934], [-76.77311614299998, -8.461475500999939], [-76.77296001799994, -8.461552994999977], [-76.77280552699995, -8.461626698999964], [-76.77265259199999, -8.461696650999954], [-76.77220241199996, -8.46188430199993], [-76.77161352599995, -8.46200876699993], [-76.77131376399996, -8.462067511999976], [-76.77117364399999, -8.462070324999956], [-76.77105705499997, -8.462048838999976], [-76.77095093999998, -8.461994454999967], [-76.77064728299996, -8.461823264999964], [-76.77027668599999, -8.461576260999948], [-76.76986852799996, -8.461237370999982], [-76.76965301399997, -8.461017965999929], [-76.76934779699997, -8.460684206999929], [-76.76901783099999, -8.460244346999957], [-76.76885085699996, -8.459983161999958], [-76.76862938399995, -8.459625339999945], [-76.76853996099999, -8.459506946999966], [-76.76852008199995, -8.459435466999935], [-76.76849815399999, -8.459372522999956], [-76.76848140899995, -8.459333343999958], [-76.76846141799996, -8.459293353999954], [-76.76843797799995, -8.459252136999964], [-76.76841062799997, -8.459208879999949], [-76.76835589499996, -8.459131093999929], [-76.76822132799998, -8.458952487999966], [-76.76818896899994, -8.458906166999952], [-76.76816152999999, -8.458863631999975], [-76.76813654499995, -8.458820678999928], [-76.76811542899998, -8.458779280999977], [-76.76809787099995, -8.458738822999976], [-76.76808372099998, -8.458698954999932], [-76.76806290199994, -8.458626695999953], [-76.76804554899996, -8.458553250999955], [-76.76803165999996, -8.458478618999948], [-76.76802123699997, -8.45840279999993], [-76.76801427799995, -8.45832579499995], [-76.76801078399996, -8.45824760499994], [-76.76801962699994, -8.457890517999942], [-76.76802754799996, -8.457570650999969], [-76.76794690699995, -8.457458904999953], [-76.76786877799998, -8.457359998999948], [-76.76786387699997, -8.457353792999982], [-76.76780638299994, -8.457287510999947], [-76.76779963099995, -8.457278567999936], [-76.76777921999997, -8.457246539999971], [-76.76776259599995, -8.457214467999961], [-76.76775066299996, -8.457185942999956], [-76.76774014199998, -8.45715538199994], [-76.76773093899999, -8.457122523999942], [-76.76772291699996, -8.457086876999938], [-76.76771038399994, -8.457009339999956], [-76.76769232999999, -8.456846900999949], [-76.76768260499995, -8.456778247999978], [-76.76766784699998, -8.456708017999972], [-76.76764874099996, -8.456647611999927], [-76.76763141899994, -8.456606926999939], [-76.76761026299994, -8.456565651999938], [-76.76758505399994, -8.456523346999973], [-76.76755528799998, -8.456479161999937], [-76.76749546099995, -8.456400600999928], [-76.76735047899996, -8.45622455199998], [-76.76731719899993, -8.456180838999956], [-76.76728882499998, -8.456140460999961], [-76.76726505699997, -8.456103172999974], [-76.76724451299998, -8.45606700299993], [-76.76722693799996, -8.456031498999948], [-76.76721220199994, -8.455996391999975], [-76.76719321399997, -8.455936331999965], [-76.76717862099997, -8.455866642999979], [-76.76716907199994, -8.45579860099997], [-76.76715134399996, -8.45563684299998], [-76.76713879699997, -8.455558916999962], [-76.76713066899998, -8.455522867999946], [-76.76712130499999, -8.455489581999927], [-76.76711056299996, -8.455458559999954], [-76.76709834899998, -8.45542953599994], [-76.76707729899994, -8.455386261999934], [-76.76705446899996, -8.455343721999952], [-76.76702985699995, -8.455301917999975], [-76.76700346399997, -8.455260848999956], [-76.76697528999995, -8.45522051599994], [-76.76694533399996, -8.45518091699995], [-76.76691359699998, -8.455142053999964], [-76.76688007899998, -8.455103925999936], [-76.76663233799997, -8.453754128999947], [-76.76657549699996, -8.45372574399994], [-76.76652394899997, -8.45369324099994], [-76.76647769699997, -8.453656621999926], [-76.76643673899997, -8.45361588399993], [-76.76642170399998, -8.453597168999977], [-76.76640801499997, -8.453576098999974], [-76.76639552599994, -8.453552454999965], [-76.76638399399997, -8.453525782999975], [-76.76636617199995, -8.45347314199995], [-76.76632793899995, -8.453337329999954], [-76.76631485899998, -8.453300956999954], [-76.76630084899995, -8.453269770999952], [-76.76626896299996, -8.45320888699996], [-76.76623529499994, -8.453149005999933], [-76.76620000199995, -8.453090409999959], [-76.76616323199994, -8.45303334099998], [-76.76612515099998, -8.452978051999935], [-76.76608585999998, -8.452924690999964], [-76.76604548199998, -8.452873421999925], [-76.76600412299996, -8.452824378999935], [-76.76596204599997, -8.452777855999955], [-76.76591918599996, -8.452733760999934], [-76.76587562799995, -8.452692179999929], [-76.76583144299997, -8.452653183999928], [-76.76578671499993, -8.45261684299993], [-76.76574149299995, -8.452583198999946], [-76.76569583599996, -8.45255229199995], [-76.76564979499994, -8.45252415899995], [-76.76560229899997, -8.452499574999933], [-76.76554744699996, -8.452476634999925], [-76.76548448299997, -8.452454735999936], [-76.76535064299998, -8.45241357499998], [-76.76529352699998, -8.452394580999965], [-76.76523496699997, -8.452371830999937], [-76.76518449799994, -8.452347862999943], [-76.76512693999996, -8.452313611999955], [-76.76499791599997, -8.452226325999959], [-76.76496473199995, -8.452206729999943], [-76.76493384499997, -8.452190991999942], [-76.76490605899994, -8.452179243999979], [-76.76487634599994, -8.45216897499995], [-76.76484446799998, -8.452160099999958], [-76.76480998199997, -8.45215249599994], [-76.76473224599994, -8.45214070399993], [-76.76456737799998, -8.452124948999938], [-76.76449768799995, -8.452115826999943], [-76.76446051699997, -8.452108923999958], [-76.76442657899997, -8.45210080399994], [-76.76439519399997, -8.452091302999975], [-76.76436602599995, -8.452080316999968], [-76.76431342799998, -8.452055432999941], [-76.76426086399994, -8.45202472099993], [-76.76420776999998, -8.451987859999974], [-76.76415309599997, -8.451944123999965], [-76.76410677199993, -8.451902986999926], [-76.76405636799996, -8.451854760999936], [-76.76389161699996, -8.451686135999978], [-76.76382884799995, -8.451624361999961], [-76.76376490799998, -8.451566535999973], [-76.76370490399995, -8.451518439999973], [-76.76365831099997, -8.451486253999974], [-76.76360354699995, -8.45145324799995], [-76.76354349199994, -8.451420591999977], [-76.76337327399995, -8.451332566999952], [-76.76332314399997, -8.451304015999938], [-76.76328033999994, -8.451276958999927], [-76.76323415999997, -8.451243317999968], [-76.76319514199997, -8.451209115999973], [-76.76316248899997, -8.45117364999993], [-76.76313585299994, -8.451136530999975], [-76.76312170099999, -8.45111086999998], [-76.76310961399997, -8.451082602999975], [-76.76309948399995, -8.451051477999954], [-76.76309115099997, -8.451017017999959], [-76.76308484099997, -8.450981214999956], [-76.76307969699997, -8.45094047899994], [-76.76306650099997, -8.450774009999975], [-76.76305782399999, -8.450703045999944], [-76.76305076299997, -8.450665700999934], [-76.76304213299994, -8.450631820999945], [-76.76303176799996, -8.450600756999961], [-76.76301955999998, -8.450572198999964], [-76.76300496599998, -8.450544414999968], [-76.76298693299998, -8.450514736999935], [-76.76289582499999, -8.450384860999975], [-76.76287580699994, -8.450353203999953], [-76.76285974499996, -8.450324064999961], [-76.76284263199994, -8.450286750999965], [-76.76282772799993, -8.450246732999972], [-76.76281489999997, -8.450203665999936], [-76.76280395399993, -8.450156899999968], [-76.76279527399998, -8.450109322999936], [-76.76278768199995, -8.450055877999944], [-76.76276604099996, -8.449846254999954], [-76.76275394099997, -8.449758307999957], [-76.76274501099994, -8.449711443999945], [-76.76273462999995, -8.449668501999952], [-76.76272259299998, -8.449628634999954], [-76.76270876799998, -8.449591424999937], [-76.76269344299999, -8.449556726999958], [-76.76267564399996, -8.449521379999965], [-76.76263192799996, -8.449447402999965], [-76.76257534599995, -8.44936549099998], [-76.76244817599996, -8.44919733699993], [-76.76239575799997, -8.449123887999974], [-76.76236913199995, -8.44908305399997], [-76.76234602499994, -8.449044310999966], [-76.76232597199999, -8.449006878999967], [-76.76230876299996, -8.448970360999965], [-76.76229356299996, -8.448932696999975], [-76.76228028599996, -8.448893505999933], [-76.76226890199996, -8.448852702999943], [-76.76225938099998, -8.448810175999938], [-76.76225169999998, -8.44876585299994], [-76.76224581399998, -8.448719493999931], [-76.76224169499994, -8.448670877999973], [-76.76223931299995, -8.448619659999963], [-76.76223905999996, -8.448531270999979], [-76.76224319099998, -8.44843127799993], [-76.76225006199996, -8.448334761999945], [-76.76226972999996, -8.448102921999975], [-76.76227676499997, -8.447986527999944], [-76.76227861899997, -8.447876931999929], [-76.76227435399994, -8.447779751999974], [-76.76226971599993, -8.447733164999931], [-76.76226338399994, -8.44768866499993], [-76.76225532799998, -8.447646042999963], [-76.76224552299993, -8.447605151999937], [-76.76223392599996, -8.447565838999935], [-76.76222051999997, -8.447528045999945], [-76.76220527299995, -8.44749169299996], [-76.76218816199997, -8.447456717999955], [-76.76214105399998, -8.44737254599994], [-76.76208917799994, -8.447290008999971], [-76.76203253699998, -8.447209106999935], [-76.76197112699998, -8.447129838999956], [-76.76185400999998, -8.44708340099993], [-76.76174170999997, -8.447033819999945], [-76.76163422899998, -8.44698109799998], [-76.76153156399994, -8.446925231999955], [-76.76143371799998, -8.446866223999962], [-76.76134069099999, -8.446804071999964], [-76.76125248099999, -8.446738779999976], [-76.76116908899996, -8.446670343999926], [-76.76109051499998, -8.446598764999976], [-76.76101675899997, -8.446524044999933], [-76.76094782099995, -8.446446180999942], [-76.76088369999997, -8.446365174999926], [-76.76086296399995, -8.446335751999925], [-76.76082439799995, -8.44628102799993], [-76.76076991399998, -8.44619373699993], [-76.76072024799998, -8.446103303999962], [-76.76067539999997, -8.446009727999979], [-76.76066080599998, -8.445971251999936], [-76.76064847099997, -8.445926057999941], [-76.76063893299994, -8.445879220999927], [-76.76061725199997, -8.445753904999947], [-76.76060920299994, -8.44571786399996], [-76.76060039999999, -8.445686488999968], [-76.76058804899998, -8.445652498999948], [-76.76057365099996, -8.445622555999933], [-76.76055692999995, -8.445596088999935], [-76.76012885899996, -8.445443582999928], [-76.75983547299995, -8.445262257999957], [-76.75966072299997, -8.445137453999962], [-76.75940234499996, -8.445114692999937], [-76.75924821399997, -8.445174726999937], [-76.75909067099997, -8.44525962299997], [-76.75897108799995, -8.445379768999942], [-76.75882902199999, -8.44545170799995], [-76.75876030299997, -8.44540737899996], [-76.75869304999998, -8.445360293999954], [-76.75862726499997, -8.44531045399998], [-76.75856294899995, -8.44525785899998], [-76.75850009899995, -8.445202507999966], [-76.75843871699993, -8.445144401999926], [-76.75837880299997, -8.445083539999928], [-76.75832035499997, -8.44501992399995], [-76.75826337599995, -8.44495355099997], [-76.75820786399998, -8.444884422999962], [-76.75815382099995, -8.444812540999976], [-76.75810124399999, -8.44473790099994], [-76.75805013499996, -8.44466050799997], [-76.75800049399999, -8.444580358999929], [-76.75790627399994, -8.444476719999955], [-76.75782428499997, -8.444410107999943], [-76.75759728199995, -8.444152771999939], [-76.75741854399996, -8.44394306299995], [-76.75724978499994, -8.44381464199995], [-76.75709013099998, -8.443722699999967], [-76.75703049999998, -8.443716301999928], [-76.75696960899995, -8.443703538999955], [-76.75690745799994, -8.44368441499995], [-76.75684404899994, -8.443658925999955], [-76.75677938099994, -8.44362707299996], [-76.75662325699994, -8.443617539999934], [-76.75646755499997, -8.443604980999964], [-76.75631227499997, -8.44358939999995], [-76.75615741599995, -8.443570792999935], [-76.75607999999994, -8.443558381999935], [-76.75599444099998, -8.443540127999938], [-76.75590835599996, -8.44351844299996], [-76.75567936099998, -8.443456583999932], [-76.75561081599994, -8.443440187999954], [-76.75554921299994, -8.443427502999953], [-76.75547880899995, -8.443416163999927], [-76.75541292199995, -8.443409334999956], [-76.75535025699998, -8.443406885999934], [-76.75529016099995, -8.44340879799995], [-76.75522776299994, -8.44341593799993], [-76.75507670099995, -8.443443027999933], [-76.75500789799997, -8.44345164899994], [-76.75488718999998, -8.443458073999977], [-76.75476836499996, -8.443458174999932], [-76.75465266299994, -8.443451952999965], [-76.75454095999999, -8.443439455999965], [-76.75443421299997, -8.443420813999978], [-76.75433271799994, -8.443396099999973], [-76.75428408599998, -8.443381501999966], [-76.75423691999998, -8.443365424999968], [-76.75419125999997, -8.443347882999944], [-76.75414713899994, -8.443328890999965], [-76.75411523099996, -8.443313148999948], [-76.75408093999994, -8.44329382099994], [-76.75392847299997, -8.443195764999928], [-76.75389144699994, -8.443174145999933], [-76.75385758699997, -8.44315675599995], [-76.75382583099997, -8.443142832999968], [-76.75379278299994, -8.443130576999977], [-76.75375837299998, -8.443119962999958], [-76.75372250499998, -8.443110959999956], [-76.75368511899995, -8.443103548999943], [-76.75364601199993, -8.443097686999977], [-76.75356177199995, -8.44309048499997], [-76.75348738599996, -8.443088944999943], [-76.75340320699996, -8.443091059999972], [-76.75312907199998, -8.443109163999964], [-76.75303338499998, -8.443113546999939], [-76.75294463899996, -8.443113812999968], [-76.75286571199996, -8.443109397999933], [-76.75279532699994, -8.443100418999961], [-76.75273034599996, -8.443086670999946], [-76.75266994199995, -8.443067974999963], [-76.75261365899996, -8.443044185999952], [-76.75255284899998, -8.443010339999944], [-76.75241949199994, -8.442924614999981], [-76.75238768899999, -8.442906715999925], [-76.75235811699997, -8.442892227999948], [-76.75232489899997, -8.442878555999926], [-76.75228941999995, -8.442866437999953], [-76.75225133099997, -8.442855752999947], [-76.75220994699998, -8.442846306999968], [-76.75212872099996, -8.44283233699997], [-76.75191275799995, -8.44280305899997], [-76.75185022099998, -8.442790902999946], [-76.75179520999995, -8.442776607999974], [-76.75165239399996, -8.442733282999939], [-76.75154838499998, -8.442699440999945], [-76.75145561299996, -8.442666110999937], [-76.75137272999996, -8.442632643999957], [-76.75129492999997, -8.442596880999929], [-76.75122421499998, -8.442559486999926], [-76.75115985099995, -8.442520073999958], [-76.75110145899998, -8.442478405999964], [-76.75103172299998, -8.44242092299993], [-76.75096551099995, -8.442358901999967], [-76.75090282299993, -8.442292344999942], [-76.75084365799995, -8.442221249999932], [-76.75078801799998, -8.442145616999937], [-76.75073590199997, -8.442065445999958], [-76.75068731099998, -8.441980738999973], [-76.75062745699995, -8.441943486999946], [-76.75056834399999, -8.441922244999944], [-76.75049498899995, -8.441947668999944], [-76.75042217899994, -8.441967766999937], [-76.75034991399997, -8.44198253899998], [-76.75027819299999, -8.44199198399997], [-76.75020701499994, -8.44199610399994], [-76.75013638299998, -8.441994896999972], [-76.75006629399996, -8.44198836399994], [-76.75003446499994, -8.441983002999962], [-76.75000146299999, -8.441975137999975], [-76.74996693399999, -8.441964687999928], [-76.74993018699996, -8.441951445999962], [-76.74986322799998, -8.441923111999927], [-76.74970661499998, -8.441850188999979], [-76.74962914599996, -8.441819467999949], [-76.74954237699995, -8.44179193399998], [-76.74944413999998, -8.441765531999977], [-76.74934855299995, -8.44174299499997], [-76.74911455099993, -8.441691337999941], [-76.74899411699994, -8.441661255999975], [-76.74893378499996, -8.441643917999954], [-76.74887784899994, -8.441625946999977], [-76.74882534699998, -8.441607035999937], [-76.74877577699993, -8.441587002999938], [-76.74873490499994, -8.441568347999976], [-76.74869295599996, -8.441546904999939], [-76.74864949399995, -8.441522452999948], [-76.74860366599995, -8.441494512999952], [-76.74852069799994, -8.44143958799998], [-76.74832812699998, -8.44130514699998], [-76.74823166399995, -8.441243591999978], [-76.74818460899996, -8.441216837999946], [-76.74813949599996, -8.441193705999979], [-76.74809563299993, -8.441173843999934], [-76.74805263899998, -8.441157080999972], [-76.74800721199995, -8.441142732999936], [-76.74795856899993, -8.441131041999938], [-76.74790620099998, -8.441121884999973], [-76.74784907599997, -8.44111507499997], [-76.74774186199994, -8.441108482999937], [-76.74748590999997, -8.441102326999953], [-76.74742042099996, -8.441097960999969], [-76.74736211999993, -8.441091486999937], [-76.74730454599995, -8.44108181799993], [-76.74725153099996, -8.441069177999964], [-76.74720226999995, -8.441053374999967], [-76.74715633499994, -8.441034266999964], [-76.74709620299996, -8.441002007999941], [-76.74696251099994, -8.440916868999977], [-76.74690079699997, -8.440882303999956], [-76.74682971099998, -8.440851239999972], [-76.74667100799996, -8.44079249899994], [-76.74661029999999, -8.440765460999955], [-76.74652369299997, -8.440719437999974], [-76.74643937699994, -8.440668982999966], [-76.74635735099997, -8.440614094999944], [-76.74628195499997, -8.44058814899995], [-76.74622889499994, -8.44058363399995], [-76.74617920099996, -8.440605653999967], [-76.74612853599996, -8.440620832999969], [-76.74607689899995, -8.440629171999944], [-76.74604065699998, -8.440629169999966], [-76.74596783799996, -8.440620317999958], [-76.74593738699997, -8.440618668999946], [-76.74590626399998, -8.44062017799996], [-76.74583384699997, -8.440628120999975], [-76.74580123199996, -8.440630135999982], [-76.74574215999996, -8.440628209999943], [-76.74561685999998, -8.44067270599993], [-76.74547281799994, -8.44069726999993], [-76.74538165199994, -8.44072638199998], [-76.74525695899996, -8.440779564999957], [-76.74515146499994, -8.440827878999926], [-76.74498352699999, -8.440881254999965], [-76.74481104099993, -8.440992062999953], [-76.74460039599995, -8.44116523799994], [-76.74428875899997, -8.44131972599996], [-76.74365820699995, -8.441532860999928], [-76.74284816899996, -8.441715878999958], [-76.74267864699993, -8.44175718699995], [-76.74209819199996, -8.441898627999933], [-76.74140827699995, -8.442081108999957], [-76.74087401099996, -8.442148520999979], [-76.74042986999996, -8.442222259999937], [-76.73982972499994, -8.44233257299993], [-76.73931356099996, -8.442418591999967], [-76.73896562599998, -8.44251582399994], [-76.73859345099999, -8.442565318999925], [-76.73811321599999, -8.442627254999934], [-76.73748888499995, -8.442701789999944], [-76.73696186499996, -8.442711103999955], [-76.73646287299994, -8.442776110999944], [-76.73576140899996, -8.44289583799997], [-76.73493125099998, -8.442980490999958], [-76.73426091699997, -8.442976281999961], [-76.73360586199993, -8.443165772999976], [-76.73315721799997, -8.443092941999964], [-76.73283589499994, -8.443124504999957], [-76.73237454699995, -8.443112191999944], [-76.73184112299998, -8.443100196999978], [-76.73132598299998, -8.442897768999956], [-76.73107314699996, -8.442860610999958], [-76.73088731999997, -8.44285425499993], [-76.73069683199998, -8.442880214999946], [-76.73048395199999, -8.442913449999935], [-76.73030679499993, -8.442965663999928], [-76.73011919499999, -8.443010748999939], [-76.72983832999995, -8.442973712999958], [-76.72959204499995, -8.442968819999976], [-76.72937613699997, -8.443041538999978], [-76.72917774599995, -8.443091454999944], [-76.72904473099999, -8.443165004999969], [-76.72891842599995, -8.44320098199995], [-76.72888016299999, -8.443211879999978], [-76.72870050199998, -8.44324137999996], [-76.72858311299996, -8.443345633999968], [-76.72852170799996, -8.443349427999976], [-76.72849282499999, -8.443353896999952], [-76.72846515199996, -8.443360078999945], [-76.72843869099995, -8.443367974999944], [-76.72841344199998, -8.44337758599994], [-76.72838940499997, -8.443388911999932], [-76.72836657999994, -8.443401950999942], [-76.72835133999996, -8.443412857999931], [-76.72833678399996, -8.443426102999979], [-76.72832275699994, -8.443441823999933], [-76.72830898399997, -8.443460324999933], [-76.72828581199997, -8.44349822299995], [-76.72823215499994, -8.44359839799995], [-76.72821551399994, -8.443624427999964], [-76.72819900099995, -8.443645986999968], [-76.72816996999995, -8.443677081999965], [-76.72813683499999, -8.443706800999962], [-76.72809924999996, -8.44373545999997], [-76.72805646899997, -8.443763632999946], [-76.72797304899996, -8.44381032399997], [-76.72777169199998, -8.443910949999974], [-76.72772300199995, -8.443938418999949], [-76.72768081799995, -8.443965165999941], [-76.72764233499998, -8.443993147999947], [-76.72760837699997, -8.444021977999967], [-76.72757846599995, -8.444052061999969], [-76.72755235899996, -8.444083645999967], [-76.72752400499996, -8.444123183999977], [-76.72749708299995, -8.44416414999995], [-76.72722527399998, -8.444300968999926], [-76.72721256799997, -8.444354154999928], [-76.72719777399999, -8.444406475999926], [-76.72718088899995, -8.444457931999978], [-76.72716191599994, -8.444508520999932], [-76.72714887599994, -8.444538303999934], [-76.72713262199994, -8.444570245999955], [-76.72705112699998, -8.444708686999945], [-76.72703338499997, -8.444742102999953], [-76.72703073599996, -8.444747832999951], [-76.72683121499995, -8.444948258999943], [-76.72665976299999, -8.445293491999962], [-76.72655598799997, -8.445729331999928], [-76.72655707299998, -8.445973332999927], [-76.72656272799998, -8.446164684999928], [-76.72657818599998, -8.446399052999936], [-76.72677556799994, -8.446652504999975], [-76.72690914499998, -8.44697486399997], [-76.72670615099997, -8.447250862999965], [-76.72668340299998, -8.44753802799994], [-76.72674479699998, -8.447836783999946], [-76.72659006699996, -8.448160413999972], [-76.72627890399997, -8.448424928999941], [-76.72600399199996, -8.448737127999948], [-76.72566896299998, -8.449037630999953], [-76.72529794699994, -8.449350252999977], [-76.72469879299996, -8.449687801999971], [-76.72426776499998, -8.450012648999973], [-76.72371628799993, -8.450266259999978], [-76.72320042499996, -8.450424024999961], [-76.72275711599997, -8.450689118999946], [-76.72233767299997, -8.450918224999953], [-76.72182207299994, -8.451135791999945], [-76.72139045599994, -8.45132906799995], [-76.72095931699994, -8.451629989999958], [-76.72064857199996, -8.451990188999957], [-76.72037370599998, -8.45231434599998], [-76.71995431199997, -8.452555410999935], [-76.71954719599995, -8.452856226999927], [-76.71908022599996, -8.453205149999974], [-76.71880546399996, -8.453553227999976], [-76.71867438099997, -8.453793024999925], [-76.71863961399998, -8.454080243999954], [-76.71849641099999, -8.454296171999943], [-76.71842644699996, -8.454343810999944], [-76.71812511899998, -8.454548985999963], [-76.71792179799996, -8.454753216999961], [-76.71771847599996, -8.45495744799996], [-76.71764756299996, -8.45522090299994], [-76.71743238699997, -8.455461069999956], [-76.71721747599997, -8.45576103999997], [-76.71696657699994, -8.456073129999936], [-76.71667963899995, -8.456385377999936], [-76.71645228999995, -8.45658971399996], [-76.71618900699997, -8.456818129999931], [-76.71615402599997, -8.457057504999966], [-76.71599907299998, -8.457333289999951], [-76.71569974999994, -8.457561863999956], [-76.71550875599996, -8.457837806999976], [-76.71526997399997, -8.45817376499997], [-76.71494709999996, -8.458510091999926], [-76.71478029099995, -8.45882181199994], [-76.71455315099996, -8.459073990999968], [-76.71431431399998, -8.459397987999978], [-76.71413543799997, -8.459697799999958], [-76.71390856199997, -8.460009782999975], [-76.71377158199994, -8.460275520999971], [-76.71362215599999, -8.460443631999965], [-76.71342491499996, -8.460665776999974], [-76.71323721899995, -8.460872877999975], [-76.71294956099996, -8.461023652999927], [-76.71244779499995, -8.461334975999932], [-76.71230156499996, -8.461634186999959], [-76.71203711599998, -8.462175293999962], [-76.71158846499998, -8.462595896999972], [-76.71114034099998, -8.463136109999937], [-76.71066152299994, -8.46352694199993], [-76.71009247099994, -8.46388826599997], [-76.70946269199999, -8.464100340999948], [-76.70910371199994, -8.464152146999936], [-76.70893912599996, -8.464090701999964], [-76.70881284299998, -8.464058958999942], [-76.70868660699995, -8.464037980999933], [-76.70860338199998, -8.463962988999981], [-76.70857772699998, -8.463866215999928], [-76.70852506499995, -8.46370015399998], [-76.70861842899996, -8.46307776599997], [-76.70885764199994, -8.462837497999942], [-76.70907177199996, -8.462358115999962], [-76.70909326699996, -8.461783887999957], [-76.70906218499994, -8.461273681999955], [-76.70865709599997, -8.460948514999927], [-76.70836553499998, -8.460486891999949], [-76.70827279999997, -8.459889240999928], [-76.70838245999994, -8.45918329899996], [-76.70849481999994, -8.458459972999947], [-76.70865261799997, -8.457444141999929], [-76.70871240099996, -8.45693777699995], [-76.70853719799999, -8.456436174999965], [-76.70821340499998, -8.455947181999932], [-76.70780841499999, -8.455642743999931], [-76.70759546699998, -8.455299192999973], [-76.70761308699997, -8.454935496999951], [-76.70795763199999, -8.454608649999955], [-76.70810330399996, -8.454389010999932], [-76.70814857799996, -8.454320748999976], [-76.70841657599993, -8.454070786999978], [-76.70864562599996, -8.45370616799994], [-76.70883631799995, -8.453360854999971], [-76.70918086099994, -8.453034006999928], [-76.70940495799994, -8.45274631999996], [-76.70957234999997, -8.452566170999944], [-76.70965559799998, -8.452374429999963], [-76.70976297699997, -8.452206503999946], [-76.70975006799995, -8.452003221999973], [-76.70968910699997, -8.451800147999961], [-76.70953219999996, -8.45163337799994], [-76.70939942499996, -8.451490423999928], [-76.70930038799997, -8.451370447999977], [-76.70923013599997, -8.451239978999979], [-76.70915037399999, -8.45099572199996], [-76.70903516999994, -8.450751021999963], [-76.70884175099997, -8.450476759999958], [-76.70869667399995, -8.450268072999961], [-76.70856384599995, -8.450113157999965], [-76.70844898599995, -8.449946202999968], [-76.70836413199999, -8.449773136999966], [-76.70830340899994, -8.449623886999973], [-76.70827261299996, -8.449450584999965], [-76.70826321599998, -8.449190955999939], [-76.70826572299995, -8.449125795999976], [-76.70826283099996, -8.449066271999925], [-76.70825449499995, -8.449011496999958], [-76.70824063599997, -8.448960996999972], [-76.70822660699997, -8.44892505599995], [-76.70820942999995, -8.448889780999934], [-76.70818906699998, -8.448855096999978], [-76.70816546399999, -8.44882090799996], [-76.70813858199995, -8.448787150999976], [-76.70810828799995, -8.448753646999933], [-76.70810542599997, -8.448750821999965], [-76.70807444199994, -8.448720242999968], [-76.70803682199994, -8.448686717999976], [-76.70798451599995, -8.448616594999976], [-76.70791575899995, -8.448552503999963], [-76.70784817099997, -8.448481031999961], [-76.70773410299995, -8.448357531999932], [-76.70765859699998, -8.448271501999955], [-76.70760837399996, -8.448223045999953], [-76.70754044199998, -8.448170520999952], [-76.70748109099998, -8.448118809999926], [-76.70742925399998, -8.44806697599995], [-76.70738443499994, -8.448014518999969], [-76.70733831599995, -8.447951448999959], [-76.70729064399995, -8.447877824999978], [-76.70724795499996, -8.447805954999978], [-76.70715206699998, -8.447637801999974], [-76.70710458899998, -8.447559593999927], [-76.70706038299994, -8.447493555999927], [-76.70701695299994, -8.447436017999962], [-76.70697854699995, -8.447391717999949], [-76.70693516199998, -8.447347893999961], [-76.70688635999994, -8.447304097999961], [-76.70683120899997, -8.44725948799993], [-76.70678086799995, -8.447221927999976], [-76.70672319299996, -8.447181400999966], [-76.70652808099999, -8.447051751999936], [-76.70646371099997, -8.44700759999995], [-76.70645759199994, -8.44700340299994], [-76.70639052999996, -8.446954189999929], [-76.70633294399994, -8.446907789999955], [-76.70627660199995, -8.44685661899996], [-76.70622804399994, -8.446805462999976], [-76.70618646799994, -8.446753472999944], [-76.70615148899998, -8.446700156999952], [-76.70613130599997, -8.446662887999935], [-76.70611274999999, -8.446622565999974], [-76.70609565399997, -8.446578841999951], [-76.70607976199994, -8.446531056999959], [-76.70606575499994, -8.44648204899994], [-76.70605196099996, -8.446426759999952], [-76.70600479699993, -8.446207281999932], [-76.70598208199993, -8.446114886999965], [-76.70596768299998, -8.446065874999931], [-76.70595245299995, -8.446021144999975], [-76.70593609399998, -8.44597982199997], [-76.70591843199998, -8.445941475999973], [-76.70589010199996, -8.445887065999955], [-76.70585914999998, -8.445832638999946], [-76.70582554799995, -8.445778140999948], [-76.70578925399997, -8.445723505999979], [-76.70575023999999, -8.445668686999966], [-76.70570842299998, -8.445613567999942], [-76.70566372499997, -8.44555804199996], [-76.70561603399995, -8.445501971999931], [-76.70551312299995, -8.445389638999927], [-76.70539622399997, -8.445272503999945], [-76.70536342499997, -8.445241873999976], [-76.70526293799998, -8.445148031999963], [-76.70509930599997, -8.445003167999971], [-76.70502587199996, -8.44494070899998], [-76.70508237299998, -8.444849171999977], [-76.70510656799996, -8.444804956999974], [-76.70512805899995, -8.44476177699994], [-76.70514684499994, -8.444719632999977], [-76.70516292799994, -8.444678524999972], [-76.70517630699999, -8.444638451999936], [-76.70518698299998, -8.44459941499997], [-76.70519495299999, -8.444561411999928], [-76.70520021999994, -8.444524446999935], [-76.70520278399994, -8.444488514999932], [-76.70520264199996, -8.444453619999933], [-76.70519979799997, -8.44441976099995], [-76.70519424899999, -8.444386936999933], [-76.70518599599995, -8.444355148999932], [-76.70517503899998, -8.444324394999967], [-76.70516346799997, -8.444302172999926], [-76.70514725499999, -8.44428099199996], [-76.70512626399994, -8.444260670999938], [-76.70510020399996, -8.444240925999964], [-76.70506871199996, -8.444221452999955], [-76.70503050599996, -8.444201444999976], [-76.70485386699994, -8.44412312399993], [-76.70481396599996, -8.444103452999968], [-76.70478028499997, -8.444084552999925], [-76.70474506999994, -8.444061007999949], [-76.70471627499995, -8.444036768999979], [-76.70469336499997, -8.444011380999939], [-76.70467612599998, -8.44398459699994], [-76.70465618399999, -8.443942291999974], [-76.70463962499997, -8.443897849999928], [-76.70462644899999, -8.443851269999925], [-76.70461665299996, -8.44380254999993], [-76.70461023999997, -8.443751691999978], [-76.70460720899996, -8.443698696999945], [-76.70460756099999, -8.443643561999977], [-76.70461129399996, -8.443586288999938], [-76.70457793999998, -8.443586447999962], [-76.70454636499994, -8.443584617999932], [-76.70451656899996, -8.44358079899996], [-76.70448855199999, -8.443574990999934], [-76.70446231299996, -8.443567194999957], [-76.70443785299994, -8.443557408999936], [-76.70441517199998, -8.443545634999964], [-76.70439426899998, -8.443531871999937], [-76.70437933199997, -8.443518651999966], [-76.70436612399999, -8.443502274999958], [-76.70435449499996, -8.443482562999975], [-76.70434420299995, -8.443459109999935], [-76.70432961199998, -8.443411633999972], [-76.70430145199998, -8.443290943999955], [-76.70429205199997, -8.443261287999974], [-76.70428170299994, -8.443236216999935], [-76.70426317799996, -8.44319835999994], [-76.70424224599998, -8.443155581999974], [-76.70420428499995, -8.443083550999972], [-76.70416658999994, -8.44301779999995], [-76.70412870699994, -8.442957553999975], [-76.70409002499997, -8.442901895999967], [-76.70405058199998, -8.44285094299994], [-76.70401020799994, -8.442804475999935], [-76.70396879399993, -8.44276236899998], [-76.70393412199996, -8.442732887999966], [-76.70389192599998, -8.44270348599997], [-76.70384956499998, -8.442677861999925], [-76.70374819999995, -8.44262051499993], [-76.70370092199994, -8.442590735999943], [-76.70366107899997, -8.442560927999978], [-76.70362824899996, -8.442530417999933], [-76.70360755199994, -8.442506242999968], [-76.70358677999997, -8.442476970999962], [-76.70352722299998, -8.442376768999964], [-76.70350545199994, -8.442343163999965], [-76.70348312399994, -8.442314168999928], [-76.70346029299998, -8.442290430999947], [-76.70344434999998, -8.442277291999972], [-76.70342508999994, -8.442264144999967], [-76.70333534299994, -8.442211662999966], [-76.70331505299998, -8.442196303999935], [-76.70329865999997, -8.442180410999981], [-76.70326859299996, -8.44214248399993], [-76.70324267399997, -8.442100392999976], [-76.70319590799994, -8.442113310999957], [-76.70317570399999, -8.442116577999968], [-76.70315761899997, -8.442117714999938], [-76.70314165299999, -8.442116725999938], [-76.70312780499995, -8.442113606999953], [-76.70311607699995, -8.442108360999953], [-76.70310646699994, -8.442100984999968], [-76.70309897599998, -8.442091481999967], [-76.70309360399995, -8.44207984999997], [-76.70309035199995, -8.442066089999969], [-76.70308921799995, -8.442050200999972], [-76.70309020299999, -8.44203218499996], [-76.70309330699996, -8.442012039999952], [-76.70310587199998, -8.44196536499993], [-76.70300638799995, -8.44192818099998], [-76.70290629599998, -8.441893387999926], [-76.70282654799996, -8.441868942999974], [-76.70274263399995, -8.44184760099995], [-76.70265388499996, -8.441829189999964], [-76.70255909699995, -8.441813458999945], [-76.70245802399995, -8.441800284999943], [-76.70234560899996, -8.441788942999949], [-76.70189151399995, -8.441756416999965], [-76.70178827499996, -8.441747217999932], [-76.70169615799995, -8.44173696599995], [-76.70159060799995, -8.441721991999941], [-76.70149302899995, -8.441704220999952], [-76.70148010799994, -8.441701267999974], [-76.70140147499995, -8.441683294999962], [-76.70131497799997, -8.441658987999972], [-76.70121831199998, -8.441626391999932], [-76.70097479499998, -8.441534118999925], [-76.70086140399997, -8.44149540099994], [-76.70076153599996, -8.441467013999954], [-76.70064988199994, -8.441440223999962], [-76.70053200799998, -8.441415738999979], [-76.70020058999995, -8.441351943999962], [-76.70009912999996, -8.441329424999935], [-76.70000889899995, -8.441306460999954], [-76.69994151199995, -8.441286872999967], [-76.69987165499998, -8.441264287999957], [-76.69979861299998, -8.441238475999967], [-76.69972099699999, -8.44120894799994], [-76.69957709599998, -8.441149898999981], [-76.69922567299994, -8.440998580999974], [-76.69912802399995, -8.440959139999961], [-76.69903953099998, -8.440925833999927], [-76.69894314699997, -8.44089295599997], [-76.69885188999996, -8.440865754999948], [-76.69876416399995, -8.440843755999936], [-76.69867911999995, -8.440826752999953], [-76.69864202999997, -8.440820766999934], [-76.69858644699997, -8.440811795999934], [-76.69849330599999, -8.440798987999926], [-76.69839969899994, -8.44078832699995], [-76.69830562399994, -8.440779814999928], [-76.69821108099995, -8.440773449999938], [-76.69811607199995, -8.440769232999969], [-76.69802059499995, -8.440767164999954], [-76.69792465099994, -8.440767242999925], [-76.69782453299996, -8.44080383599993], [-76.69772457599998, -8.44083475399998], [-76.69762477899997, -8.440859995999972], [-76.69752514199996, -8.440879563999943], [-76.69742566499997, -8.44089345599997], [-76.69732634799993, -8.440901674999964], [-76.69722719099997, -8.440904216999968], [-76.69712819399996, -8.44090108499995], [-76.69707100199997, -8.440896452999937], [-76.69705720299999, -8.440895334999936], [-76.69698629499999, -8.440886657999954], [-76.69691546899998, -8.440875054999935], [-76.69684472499995, -8.440860525999938], [-76.69677406499994, -8.440843069999971], [-76.69670348599999, -8.44082268699998], [-76.69663298999996, -8.440799377999952], [-76.69656257799994, -8.440773141999955], [-76.69615395499994, -8.440774910999949], [-76.69610940899997, -8.440751078999938], [-76.69606946399995, -8.440723556999956], [-76.69604978399997, -8.440705365999975], [-76.69603278599999, -8.440683569999976], [-76.69601830399995, -8.440657963999968], [-76.69600608899998, -8.440628109999977], [-76.69599711999996, -8.440598308999938], [-76.69598925899999, -8.440563578999956], [-76.69596795099994, -8.440431221999972], [-76.69595691599994, -8.44037891499994], [-76.69594912699995, -8.440352306999955], [-76.69594024699995, -8.440328713999975], [-76.69593010299997, -8.440307681999968], [-76.69591858799998, -8.440288997999971], [-76.69589506399996, -8.440259349999963], [-76.69586696399995, -8.440231436999966], [-76.69583403099995, -8.440204995999977], [-76.69579572999999, -8.440179594999961], [-76.69575630499997, -8.440157327999941], [-76.69571033199998, -8.440134536999949], [-76.69552788099998, -8.44005521899993], [-76.69545389399997, -8.440019291999931], [-76.69541620599995, -8.439997847999962], [-76.69538298399993, -8.43997606499994], [-76.69535358899998, -8.43995351999996], [-76.69532772099996, -8.439929979999931], [-76.69529099699997, -8.439891922999948], [-76.69525578099996, -8.439852463999955], [-76.69522207099999, -8.439811601999963], [-76.69518986899999, -8.439769336999973], [-76.69515917299998, -8.439725669999973], [-76.69514495999994, -8.43970372299998], [-76.69512998399995, -8.439680599999974], [-76.69510230299994, -8.439634127999966], [-76.69507612899997, -8.439586252999959], [-76.69505146199998, -8.439536975999943], [-76.69502830199997, -8.439486296999974], [-76.69500664899994, -8.43943421399996], [-76.69498650199995, -8.439380729999925], [-76.69498280799996, -8.43936985199997], [-76.69496786399998, -8.43932584299995], [-76.69496002999995, -8.439300105999962], [-76.69495073199994, -8.439269553999964], [-76.69492098899997, -8.439152766999939], [-76.69492039799997, -8.43901714599997], [-76.69478419099994, -8.439017734999936], [-76.69473926299997, -8.438994752999974], [-76.69471881199996, -8.438981240999965], [-76.69469969999994, -8.438966380999943], [-76.69468223799998, -8.438948711999956], [-76.69466590699994, -8.438925935999976], [-76.69465178299998, -8.438900923999938], [-76.69461768899998, -8.438833016999979], [-76.69460641199998, -8.438814408999974], [-76.69459508499995, -8.438799026999959], [-76.69456790699996, -8.438770957999964], [-76.69453572499998, -8.43874681899996], [-76.69449829499996, -8.438726419999966], [-76.69445513999995, -8.438709501999938], [-76.69440439799996, -8.438695509999945], [-76.69434505199996, -8.438684330999934], [-76.69427932399998, -8.438675847999946], [-76.69408874899995, -8.438656383999955], [-76.69403174999997, -8.438647424999942], [-76.69398286299997, -8.43863655399997], [-76.69392987799995, -8.43861951699995], [-76.69388469299997, -8.438598209999952], [-76.69386471299998, -8.438585812999975], [-76.69384640399994, -8.438572205999947], [-76.69382971699997, -8.438557351999975], [-76.69381591999996, -8.43854261399997], [-76.69381461399996, -8.438541218999944], [-76.69377979899997, -8.43849712499997], [-76.69374768899996, -8.438449614999968], [-76.69371828199996, -8.43839868699996], [-76.69369157999995, -8.438344341999937], [-76.69374065999995, -8.43828169699998], [-76.69378756599997, -8.438218223999968], [-76.69383229999994, -8.438153923999948], [-76.69387485999994, -8.438088797999967], [-76.69391524699995, -8.438022842999942], [-76.69395345999999, -8.437956061999955], [-76.69395989499998, -8.437943989999951], [-76.69398949999999, -8.437888452999971], [-76.69402336599995, -8.437820016999979], [-76.69405234299995, -8.437755811999978], [-76.69407929399995, -8.437689169999942], [-76.69410423699998, -8.43762004399997], [-76.69412719799999, -8.437548370999934], [-76.69414819099995, -8.437474103999932], [-76.69416725299999, -8.437397122999926], [-76.69418441099998, -8.437317316999952], [-76.69419969699999, -8.43723453299998], [-76.69421297999997, -8.437149751999925], [-76.69422451399998, -8.437061636999942], [-76.69423434199996, -8.436969878999946], [-76.69424251599997, -8.436873980999962], [-76.69424904799996, -8.436774085999957], [-76.69425408199999, -8.436668333999933], [-76.69426003099994, -8.436430379999933], [-76.69425922599999, -8.43635994999994], [-76.69425498299995, -8.436286295999935], [-76.69424726299997, -8.436208635999947], [-76.69423591399999, -8.436125421999975], [-76.69420904499998, -8.43597277999993], [-76.69413712499994, -8.435617799999932], [-76.69412150299996, -8.435528053999974], [-76.69410967799996, -8.435446825999975], [-76.69410095399996, -8.435368388999962], [-76.69409565799998, -8.435294299999953], [-76.69409371899997, -8.435223513999972], [-76.69409512199996, -8.435155452999936], [-76.69409928499994, -8.435099714999978], [-76.69410701599998, -8.435037631999933], [-76.69414214799997, -8.43483185599996], [-76.69415315099997, -8.434755596999935], [-76.69415978099994, -8.434680472999958], [-76.69416052899999, -8.434612676999961], [-76.69415825299996, -8.434575089999953], [-76.69415375399996, -8.434533768999927], [-76.69412498099996, -8.434353850999969], [-76.69411661799995, -8.434273344999951], [-76.69411321399997, -8.434171695999964], [-76.69411430099996, -8.43407002899994], [-76.69411987899997, -8.433968343999936], [-76.69412994699996, -8.433866639999962], [-76.69414450599999, -8.433764917999952], [-76.69416355699997, -8.43366317799996], [-76.69418709799999, -8.433561419999933], [-76.69421512899999, -8.433459643999981], [-76.69415530899994, -8.433338254999967], [-76.69409397499999, -8.433219661999942], [-76.69403112499998, -8.43310385999996], [-76.69398787999995, -8.433027932999948], [-76.69396676099996, -8.432990852999978], [-76.69390088199998, -8.432880638999961], [-76.69383348799994, -8.432773218999955], [-76.69376457999994, -8.43266859199997], [-76.69369415699998, -8.43256675899994], [-76.69365606199995, -8.432514312999956], [-76.69365548799993, -8.432509731999971], [-76.69365222199997, -8.432465191999938], [-76.69365102599994, -8.432418649999931], [-76.69365189899997, -8.432369988999938], [-76.69365484099995, -8.432319030999963], [-76.69366616399998, -8.432215214999928], [-76.69368533699998, -8.432099232999974], [-76.69371138799994, -8.431973515999971], [-76.69375789299994, -8.431772882999951], [-76.69378022199999, -8.431689743999925], [-76.69381058799996, -8.431599172999938], [-76.69384659299999, -8.431505855999944], [-76.69395305999996, -8.431246404999968], [-76.69398247499998, -8.431165564999958], [-76.69400556099998, -8.431092173999957], [-76.69401843499998, -8.431040480999968], [-76.69402939399998, -8.43098159899995], [-76.69405856999998, -8.430752909999967], [-76.69406641599994, -8.430703369999947], [-76.69407508599994, -8.430659857999956], [-76.69408760099998, -8.430611289999945], [-76.69410235899994, -8.430567690999965], [-76.69411965799998, -8.430528183999968], [-76.69413968799995, -8.430492348999962], [-76.69415639799996, -8.430468578999978], [-76.69417636799994, -8.430445253999949], [-76.69419980499998, -8.430422120999935], [-76.69422718099997, -8.430398715999956], [-76.69428168299999, -8.430358603999935], [-76.69441406899995, -8.430270389999976], [-76.69447167199996, -8.430225793999966], [-76.69449456999996, -8.430204696999965], [-76.69451448199999, -8.430183608999926], [-76.69453166199997, -8.43016225699995], [-76.69454624199994, -8.430140475999963], [-76.69456116699996, -8.430113465999966], [-76.69457479099998, -8.430083988999968], [-76.69458726199997, -8.430051728999956], [-76.69459883599995, -8.430016032999958], [-76.69461646799994, -8.429948693999961], [-76.69465120499996, -8.429792308999936], [-76.69467052099998, -8.429723003999925], [-76.69469338999994, -8.42965582599993], [-76.69472103499999, -8.42958177099996], [-76.69482492499998, -8.429325191999965], [-76.69486386199998, -8.42922355199994], [-76.69489928599995, -8.429118357999926], [-76.69492544999997, -8.429022396999926], [-76.69494824599997, -8.42891823399998], [-76.69496752499998, -8.42881327899994], [-76.69498328599997, -8.42870753099993], [-76.69499552799994, -8.428600991999929], [-76.69500425199999, -8.428493658999969], [-76.69500945699997, -8.428385533999972], [-76.69501114299999, -8.428276616999938], [-76.69500931199997, -8.428166906999934], [-76.69501469399995, -8.428119333999973], [-76.69501631799994, -8.42807463899993], [-76.69501418199997, -8.428032817999963], [-76.69500828699995, -8.42799387399998], [-76.69499863399994, -8.427957805999938], [-76.69498522099997, -8.427924613999949], [-76.69496804899995, -8.427894296999966], [-76.69494711799996, -8.42786685699997], [-76.69492842899996, -8.427847677999978], [-76.69490750899996, -8.427830205999953], [-76.69488435799997, -8.427814440999953], [-76.69485897499999, -8.427800382999976], [-76.69483136099996, -8.427788031999967], [-76.69480151699997, -8.427777387999981], [-76.69476944099995, -8.427768450999963], [-76.69473513399998, -8.427761220999969], [-76.69479009699995, -8.427624971999933], [-76.69483717499998, -8.427494962999958], [-76.69487636899999, -8.427371193999932], [-76.69490767599996, -8.42725366299993], [-76.69493109999996, -8.427142372999981], [-76.69494663799998, -8.427037320999943], [-76.69495145099995, -8.426987134999933], [-76.69495429199998, -8.426938508999967], [-76.69495516099994, -8.426891442999931], [-76.69495405999999, -8.426845937999929], [-76.69495098699997, -8.426801990999934], [-76.69494594299994, -8.426759604999972], [-76.69493892799994, -8.426718777999952], [-76.69492994199999, -8.426679511999964], [-76.69491898399997, -8.426641804999974], [-76.69490605499993, -8.426605657999971], [-76.69489115499994, -8.426571070999955], [-76.69487428299993, -8.426538043999926], [-76.69485544099996, -8.426506576999941], [-76.69483462599999, -8.426476668999953], [-76.69481184099999, -8.426448320999953], [-76.69478708499997, -8.426421533999928], [-76.69476035799994, -8.426396305999958], [-76.69473165899996, -8.426372637999975], [-76.69470098899995, -8.42635052999998], [-76.69466834699995, -8.42632998199997], [-76.69464970199994, -8.42632021999998], [-76.69462873099997, -8.426311496999972], [-76.69457860699998, -8.426296706999949], [-76.69452735899995, -8.426286500999936], [-76.69439928599996, -8.426265970999964], [-76.69433745899994, -8.426251956999977], [-76.69431032599994, -8.426243456999941], [-76.69428591999997, -8.426233901999979], [-76.69426390799998, -8.426223164999953], [-76.69424411799997, -8.426211155999965], [-76.69421184099997, -8.426187136999943], [-76.69417984499995, -8.426158948999955], [-76.69414810599994, -8.42612657199993], [-76.69411658199994, -8.426089961999935], [-76.69408532199998, -8.426049201999945], [-76.69405409099994, -8.42600400799995], [-76.69402271899997, -8.425954143999945], [-76.69399066599993, -8.425898752999956], [-76.69397492399997, -8.425867461999928], [-76.69396121499994, -8.425833699999941], [-76.69394941999997, -8.425797183999975], [-76.69393936499995, -8.425757379999936], [-76.69393123199995, -8.425715751999974], [-76.69392418099994, -8.425668839999958], [-76.69391591699997, -8.425591604999966], [-76.69390394699997, -8.425479739999957], [-76.69389215099994, -8.425399450999976], [-76.69388324999994, -8.425356793999981], [-76.69387278399995, -8.425317866999933], [-76.69386054799998, -8.425281907999931], [-76.69384640999994, -8.425248542999952], [-76.69381577799999, -8.425191582999958], [-76.69372902499998, -8.425056315999939], [-76.69370966699995, -8.425023201999977], [-76.69369399699997, -8.424992919999966], [-76.69367280899996, -8.424941444999945], [-76.69365639099993, -8.424885179999933], [-76.69364457499995, -8.424823566999976], [-76.69363712899997, -8.424755433999962], [-76.69363416399995, -8.424694500999976], [-76.69363377399998, -8.424625489999926], [-76.69364118899995, -8.42439976999998], [-76.69364220899996, -8.42432108099996], [-76.69363995499998, -8.42424716399995], [-76.69363395299996, -8.424182406999932], [-76.69362311099997, -8.424120400999925], [-76.69360747399998, -8.424064684999962], [-76.69358679499999, -8.424014400999965], [-76.69356088599994, -8.423969100999955], [-76.69353585599998, -8.423935170999926], [-76.69350636199994, -8.423901885999953], [-76.69347210899997, -8.423868907999974], [-76.69343247299997, -8.423835628999939], [-76.69339392399996, -8.423806560999935], [-76.69334916299994, -8.423775440999975], [-76.69317948699995, -8.423666227999945], [-76.69311155399998, -8.423619885999926], [-76.69304552199998, -8.423568904999968], [-76.69299150099994, -8.423519124999927], [-76.69290137299998, -8.423422564999953], [-76.69281478599999, -8.42332070499998], [-76.69273295199997, -8.423214968999957], [-76.69265704599997, -8.423106875999963], [-76.69259967899995, -8.423016999999959], [-76.69254521299996, -8.422923682999965], [-76.69249385199998, -8.42282727099996], [-76.69244579599996, -8.422728136999979], [-76.69240122599996, -8.42262666199997], [-76.69236032199996, -8.42252324499998], [-76.69232323799997, -8.422418285999981], [-76.69229011899995, -8.422312185999942], [-76.69226112399997, -8.42220548499995], [-76.69223631399996, -8.422098437999978], [-76.69221577699994, -8.421991425999977], [-76.69219958299993, -8.421884815999931], [-76.69218778999993, -8.421778985999936], [-76.69218042599994, -8.421674234999955], [-76.69217751599996, -8.421570878999944], [-76.69217906799997, -8.421469202999958], [-76.69218565299997, -8.421307222999928], [-76.69219471399998, -8.42120201399996], [-76.69220157899997, -8.421153514999958], [-76.69221005499998, -8.421108688999936], [-76.69222025299996, -8.421066949999954], [-76.69223224999996, -8.421027997999943], [-76.69224594199994, -8.420993236999948], [-76.69226327899997, -8.420958147999954], [-76.69228442399998, -8.42092239699997], [-76.69230973999998, -8.420885366999926], [-76.69236547399998, -8.420815259999927], [-76.69248058099998, -8.420685658999957], [-76.69252542799995, -8.420632285999943], [-76.69256764699998, -8.420575304999943], [-76.69260002199997, -8.420522064999943], [-76.69264009099999, -8.420441036999932], [-76.69267560999998, -8.42035586299994], [-76.69270660899997, -8.420266473999959], [-76.69273312099995, -8.420172772999933], [-76.69275516899995, -8.420074694999926], [-76.69277280299997, -8.419972040999937], [-76.69278605299996, -8.419864623999956], [-76.69279495499995, -8.41975217099997], [-76.69279946699999, -8.419637628999965], [-76.69279991099995, -8.419517521999978], [-76.69279628799995, -8.419391239999982], [-76.69278856999995, -8.419257683999945], [-76.69278751699994, -8.419245044999968], [-76.69277702099998, -8.419119013999932], [-76.69276123599997, -8.418968813999982], [-76.69274097599998, -8.41880403999994], [-76.69271275999995, -8.41859636199996], [-76.69269636899998, -8.418487917999926], [-76.69267750199998, -8.418379683999945], [-76.69265615499995, -8.41827165899997], [-76.69263233199996, -8.418163843999935], [-76.69260603099997, -8.418056237999963], [-76.69257725199998, -8.41794884199993], [-76.69254599499999, -8.417841654999961], [-76.69251226099993, -8.417734678999977], [-76.69242184899997, -8.41768701899997], [-76.69232991599995, -8.417645400999959], [-76.69226217399995, -8.417618955999956], [-76.69219362899997, -8.417595698999946], [-76.69212428099996, -8.417575631999966], [-76.69205412899998, -8.417558751999934], [-76.69198317499996, -8.417545061999931], [-76.69191141799996, -8.417534559999979], [-76.69183885699994, -8.417527246999953], [-76.69176549399998, -8.417523121999977], [-76.69169132699994, -8.417522186999975], [-76.69161635799998, -8.417524439999966], [-76.69154058499998, -8.41752988199994], [-76.69146400999995, -8.417538511999965], [-76.69138663099994, -8.417550331999962], [-76.69130844899996, -8.417565338999964], [-76.69122946399995, -8.417583535999938], [-76.69114967499996, -8.417604921999953], [-76.69112323599995, -8.417562678999957], [-76.69109369699999, -8.417524900999979], [-76.69107291999995, -8.417504999999949], [-76.69104830299995, -8.41748845099994], [-76.69101962899998, -8.41747510099998], [-76.69098644299999, -8.417464735999943], [-76.69095231599994, -8.417457798999976], [-76.69091263899998, -8.41745278999997], [-76.69075794599996, -8.417443858999945], [-76.69069619399994, -8.417436832999954], [-76.69066473099997, -8.41743033399996], [-76.69063704299998, -8.417421929999932], [-76.69061258599999, -8.417411452999943], [-76.69059110399996, -8.417398790999925], [-76.69056468799994, -8.417377898999973], [-76.69053999499994, -8.417352707999953], [-76.69051678999995, -8.417322981999973], [-76.69049468599997, -8.41728823099993], [-76.69047542599998, -8.417252231999953], [-76.69045586499993, -8.41721012599993], [-76.69038725899998, -8.417039656999975], [-76.69035533299996, -8.416969553999934], [-76.69033601099994, -8.416933893999953], [-76.69031616399997, -8.416902476999951], [-76.69029541599997, -8.416874707999966], [-76.69027355699995, -8.416850311999951], [-76.69023572499998, -8.41681602899996], [-76.69019019199999, -8.416782224999963], [-76.69013486399996, -8.416747223999948], [-76.69001378099995, -8.41667803699994], [-76.68996257699996, -8.41664678199993], [-76.68991149099998, -8.41661094799997], [-76.68986951099998, -8.416575106999971], [-76.68984763899994, -8.416552700999944], [-76.68982630599999, -8.416527746999975], [-76.68980528699996, -8.416499986999952], [-76.68978416299996, -8.41646887099995], [-76.68974807799998, -8.416408936999972], [-76.68966778399994, -8.416264116999969], [-76.68962498499997, -8.416196662999937], [-76.68960283999996, -8.416166800999974], [-76.68958043399994, -8.416140163999955], [-76.68955743299995, -8.416116357999954], [-76.68953364199996, -8.416095179999957], [-76.68949556499996, -8.416065316999948], [-76.68945593699993, -8.416037013999926], [-76.68941475599996, -8.416010269999958], [-76.68937202299998, -8.415985083999942], [-76.68935995999993, -8.41593099299996], [-76.68934569499999, -8.415877853999973], [-76.68932922699997, -8.415825665999932], [-76.68931055699994, -8.415774428999953], [-76.68928815799995, -8.415719912999975], [-76.68926444999994, -8.415668016999973], [-76.68923949399993, -8.415618870999936], [-76.68921333299994, -8.415572563999945], [-76.68918602399998, -8.415529187999937], [-76.68915758699995, -8.41548877699995], [-76.68912805599996, -8.415451373999929], [-76.68909745699995, -8.415417015999935], [-76.68907469199996, -8.415394913999933], [-76.68904762499994, -8.415372174999959], [-76.68893157799994, -8.41528793599997], [-76.68888457699995, -8.415248731999952], [-76.68882991599997, -8.415195684999958], [-76.68877722799994, -8.415141303999974], [-76.68872726199999, -8.415086360999965], [-76.68868046599994, -8.415031348999946], [-76.68863731999994, -8.414976850999949], [-76.68859789599998, -8.414922980999961], [-76.68856237099999, -8.414869973999942], [-76.68853085399996, -8.414818002999937], [-76.68850365999998, -8.414767654999935], [-76.68848054999995, -8.41471857299996], [-76.68846156599994, -8.414670846999968], [-76.68844673599995, -8.414624549999928], [-76.68843608199995, -8.414579754999977], [-76.68842961099995, -8.414536497999961], [-76.68842732999997, -8.414494820999948], [-76.68842923899996, -8.414454758999966], [-76.68843517099998, -8.414420078999967], [-76.68844603299993, -8.414384204999976], [-76.68846193299999, -8.414346763999959], [-76.68848316299994, -8.414307057999963], [-76.68850573799995, -8.414270861999967], [-76.68853349199998, -8.414230756999928], [-76.68864594899998, -8.414082367999981], [-76.68869027899996, -8.41401964299996], [-76.68871173099996, -8.413985748999949], [-76.68872991299997, -8.41395369299994], [-76.68874515399995, -8.413922888999934], [-76.68875759799994, -8.413893039999948], [-76.68878281999997, -8.413822348999929], [-76.68880532499998, -8.413751580999929], [-76.68882493699994, -8.413681291999978], [-76.68884153399995, -8.413611917999958], [-76.68885500999994, -8.413543937999975], [-76.68886532799996, -8.41347755299995], [-76.68887244999996, -8.41341302799998], [-76.68887635299996, -8.413350564999973], [-76.68887563599998, -8.413283219999926], [-76.68886853199996, -8.413213140999972], [-76.68885497699995, -8.413139581999928], [-76.68883469999997, -8.413061077999942], [-76.68881316499994, -8.41299292399998], [-76.68878597499997, -8.412917112999935], [-76.68868643799993, -8.412667167999928], [-76.68865168899998, -8.412574778999954], [-76.68862180199994, -8.412484143999961], [-76.68859984199997, -8.412401855999974], [-76.68853744799998, -8.412122648999969], [-76.68848851599995, -8.411881497999957], [-76.68844921299996, -8.411659460999942], [-76.68841876199997, -8.411451821999947], [-76.68840651099998, -8.411350736999964], [-76.68839636799999, -8.411252144999935], [-76.68838830699997, -8.41115580199994], [-76.68838231299998, -8.411061523999933], [-76.68837837399997, -8.41096910799996], [-76.68837648899995, -8.410878467999964], [-76.68837665399997, -8.410789488999967], [-76.68837886999995, -8.41070207699994], [-76.68838487199997, -8.410620176999942], [-76.68839724199995, -8.410528846999966], [-76.68841326799998, -8.410439392999933], [-76.68845838199996, -8.410213173999978], [-76.68846934399994, -8.41014866699993], [-76.68847736799995, -8.41009076599994], [-76.68848358099996, -8.410026640999945], [-76.68848620499995, -8.409966826999948], [-76.68848528799998, -8.409910216999947], [-76.68848081599998, -8.409856241999933], [-76.68846830799998, -8.40978166399998], [-76.68844740599997, -8.409699628999931], [-76.68842161699996, -8.409618537999961], [-76.68834740199998, -8.409405142999958], [-76.68832830499997, -8.40934142499998], [-76.68831393999994, -8.409283736999953], [-76.68827953699997, -8.40911138399997], [-76.68825188899996, -8.408937460999937], [-76.68806479799997, -8.408839350999926], [-76.68787985899996, -8.408738101999973], [-76.68769707199993, -8.408633710999936], [-76.68751643799999, -8.408526179999967], [-76.68733795699995, -8.408415508999951], [-76.68716162799996, -8.408301695999967], [-76.68698745199998, -8.408184743999925], [-76.68681542799999, -8.408064650999961], [-76.68671214399996, -8.40798661399998], [-76.68651898299998, -8.407829099999958], [-76.68643898599998, -8.407766385999935], [-76.68635357099998, -8.407705029999931], [-76.68627404699998, -8.407654933999936], [-76.68618575799997, -8.40760604299993], [-76.68617135799997, -8.40759806899996], [-76.68606624699999, -8.407545568999979], [-76.68595871399998, -8.407497434999925], [-76.68593089599995, -8.407486362999975], [-76.68591857199993, -8.407481460999975], [-76.68591210099999, -8.40749564999993], [-76.68586262899998, -8.407604136999964], [-76.68586112499997, -8.407607433999942], [-76.68582467199997, -8.407687370999952], [-76.68572249599998, -8.407911430999945], [-76.68548673599997, -8.408428421999929], [-76.68548093899994, -8.408441134999975], [-76.68530342399998, -8.408830403999957], [-76.68451453999995, -8.410560314999941], [-76.68338612399998, -8.413034749999952], [-76.68127246899996, -8.417669584999942], [-76.68106856199995, -8.418116269999928], [-76.68098286999998, -8.41830398899998], [-76.67612740999994, -8.428940240999964], [-76.67022487399998, -8.44186952299998], [-76.66880236699996, -8.444985362999944], [-76.66832764699996, -8.446025172999953], [-76.66556194799995, -8.452099378999947], [-76.66449454399998, -8.45444363699994], [-76.66350566899996, -8.45661540499998], [-76.66336169099998, -8.456923434999965], [-76.65867267999994, -8.467197891999945], [-76.65794558099998, -8.468791052999961], [-76.65777466099996, -8.469171529999926], [-76.65497829699996, -8.47529193899993], [-76.65332095599996, -8.478919289999965], [-76.65328956799993, -8.478988216999937], [-76.65175386399994, -8.482360610999933], [-76.64892084499996, -8.488581761999967], [-76.64830034699997, -8.48994431799997], [-76.64720253899998, -8.492335977999971], [-76.64143589899999, -8.504974635999929], [-76.64121236899996, -8.505464528999937], [-76.64093454799996, -8.506073405999928], [-76.64088226399997, -8.506187992999969], [-76.63990207299997, -8.508336179999958], [-76.63950203399997, -8.509212899999966], [-76.63852220299998, -8.511360267999976], [-76.63825084299998, -8.511954970999966], [-76.63799721499998, -8.512510808999934], [-76.63729575599996, -8.514042901999971], [-76.63725319299994, -8.514135864999957], [-76.63724016099997, -8.514164328999925], [-76.63711053599997, -8.514447447999942], [-76.63707949799993, -8.514515238999934], [-76.63699021999997, -8.514710235999928], [-76.63699020499996, -8.51471026799993], [-76.63698998999996, -8.514710737999962], [-76.63698971899998, -8.514711329999955], [-76.63698976499995, -8.514711365999972], [-76.63699053899995, -8.514711956999975], [-76.63710936099994, -8.51480272699996], [-76.63724798599998, -8.515060601999949], [-76.63725938999994, -8.515573278999966], [-76.63727348599997, -8.516206976999968], [-76.63737271999997, -8.516816180999967], [-76.63739661099999, -8.51696285199995], [-76.63788473599999, -8.518097601999955], [-76.63821098599993, -8.518449226999962], [-76.63920511099997, -8.519220726999947], [-76.63973048599996, -8.519738226999948], [-76.64001361099997, -8.520126976999961], [-76.64069136099994, -8.521394476999944], [-76.64120311099998, -8.52209372699997], [-76.64154498599999, -8.52269722699998], [-76.64165623599996, -8.522796851999942], [-76.64205073599999, -8.52314847699995], [-76.64257423599997, -8.523396476999949], [-76.64348436099993, -8.523648476999938], [-76.64518948599994, -8.52371872699996], [-76.64595111099999, -8.523664101999941], [-76.64620111099998, -8.523562476999928], [-76.64753511099997, -8.523083976999942], [-76.64920111099997, -8.522310601999948], [-76.65013473599998, -8.52187885199993], [-76.65184761099994, -8.52119722699996], [-76.65251561099996, -8.521003851999978], [-76.65300786099994, -8.520945351999956], [-76.65472661099994, -8.521314476999976], [-76.65501361099996, -8.521427726999946], [-76.65546111099997, -8.521796851999966], [-76.65558398599995, -8.522417976999975], [-76.65606048599994, -8.523333976999936], [-76.65628323599998, -8.523482476999959], [-76.65689448599994, -8.523460976999957], [-76.65797073599998, -8.522882851999952], [-76.65834173599995, -8.522871101999954], [-76.65868748599996, -8.52299610199998], [-76.65967186099994, -8.523576226999978], [-76.66065623599997, -8.523761726999965], [-76.66155661099998, -8.524236351999946], [-76.66248248599999, -8.524933601999976], [-76.66281578499996, -8.525107981999952], [-76.66298636099998, -8.525197226999978], [-76.66429486099997, -8.525460976999966], [-76.66536523599996, -8.525794976999975], [-76.66653123599997, -8.52590622699995], [-76.66696873599994, -8.525867226999935], [-76.66720898599993, -8.525740226999972], [-76.66763286099996, -8.525386726999955], [-76.66789848599996, -8.524785101999953], [-76.66831048599994, -8.524396476999925], [-76.66877136099998, -8.52411322699993], [-76.66864848599994, -8.52334372699994], [-76.66866411099994, -8.523001976999979], [-76.66883598599998, -8.522517601999937], [-76.66909186099997, -8.522384726999974], [-76.66979498599994, -8.522277351999946], [-76.67058198599995, -8.522027351999952], [-76.67181636099997, -8.521726601999944], [-76.67338473599995, -8.52134372699993], [-76.67535548599994, -8.521412101999942], [-76.67743561099996, -8.521128851999947], [-76.67843548599996, -8.521066351999934], [-76.67887111099998, -8.521527351999964], [-76.67926948599995, -8.521935601999928], [-76.67943948599998, -8.52228922699993], [-76.67972073599998, -8.52358985199993], [-76.67973048599998, -8.524009726999964], [-76.67943348599994, -8.52546485199997], [-76.67953323599994, -8.526201226999945], [-76.67996286099998, -8.52757622699994], [-76.68197461099999, -8.528373101999932], [-76.68289448599995, -8.528507851999962], [-76.68398296699996, -8.52887472499998], [-76.68496873599997, -8.529206976999944], [-76.68560348599993, -8.529333976999965], [-76.68611723599997, -8.529521476999946], [-76.68714648599996, -8.530624976999945], [-76.68738673599995, -8.530683601999954], [-76.68795886099997, -8.53096097699995], [-76.68831248599997, -8.531011726999964], [-76.68878123599995, -8.530976601999953], [-76.68924998599994, -8.53082222699993], [-76.68937226399999, -8.530765754999948], [-76.69007036099998, -8.530443351999963], [-76.69012298599995, -8.530417976999956], [-76.69065823599993, -8.530388726999945], [-76.69141798599998, -8.530685601999949], [-76.69267186099995, -8.531597601999977], [-76.69330661099997, -8.531902351999975], [-76.69371673599994, -8.531955101999927], [-76.69530273599997, -8.531933601999981], [-76.69665423599997, -8.532341851999945], [-76.69727148599998, -8.532408226999962], [-76.69730848599994, -8.53240010199994], [-76.69737111099994, -8.532393851999927], [-76.69959048599998, -8.532038976999957], [-76.69985636099995, -8.53199647699995], [-76.70080348599998, -8.531799726999964], [-76.70431448599999, -8.531070351999972], [-76.70509486099996, -8.530837101999964], [-76.70728923599995, -8.530181226999957], [-76.70815586099997, -8.529680476999943], [-76.71091598599997, -8.528086351999946], [-76.71201061099998, -8.527777101999959], [-76.71258161099996, -8.527253601999973], [-76.71298611099996, -8.526420851999944], [-76.71343823599994, -8.525754476999964], [-76.71548583899994, -8.523632075999956], [-76.71610373599998, -8.522991601999934], [-76.71812573599993, -8.520638726999948], [-76.71943448599995, -8.51911585199997], [-76.72013148599996, -8.51874860199996], [-76.72052623599996, -8.518540601999973], [-76.72206298599997, -8.518340101999968], [-76.72266660299994, -8.51826135999994], [-76.72278548599996, -8.51824585199995], [-76.72512323599994, -8.516792101999954], [-76.72725236099996, -8.515468101999943], [-76.72764373599995, -8.515310601999943], [-76.72840398599999, -8.515004476999934], [-76.72990436099997, -8.514818351999963], [-76.73109548599996, -8.515240226999936], [-76.73183886099997, -8.516092976999971], [-76.73188136099998, -8.51627935199997], [-76.73193161099994, -8.516499976999967], [-76.73204223599998, -8.517522726999971], [-76.73252211099998, -8.517971226999975], [-76.73329273599995, -8.518187226999942], [-76.73336411099996, -8.518207351999934], [-76.73395423599999, -8.518553476999955], [-76.73500848599997, -8.51941897699993], [-76.73599198599999, -8.520056351999926], [-76.73775386099999, -8.520865226999945], [-76.73844923599995, -8.521322226999928], [-76.73916444099996, -8.522084202999963], [-76.73925586099995, -8.522181601999932], [-76.73983786099996, -8.523328101999937], [-76.74098936099995, -8.524646851999933], [-76.74150798599999, -8.524616351999953], [-76.74195261099999, -8.524285851999934], [-76.74388723599998, -8.522847226999943], [-76.74843211099994, -8.520925601999977], [-76.74926336099998, -8.52069660199993], [-76.74954498599999, -8.520618851999927], [-76.75004861099995, -8.520479851999937], [-76.75052598599996, -8.520348351999928], [-76.75319061099998, -8.519613976999949], [-76.75459373599995, -8.519644601999971], [-76.75495973599999, -8.519888476999938], [-76.75542248599999, -8.52019685199997], [-76.75579248599996, -8.520443476999958], [-76.75696098599997, -8.52122247699998], [-76.75895561099998, -8.521566101999952], [-76.75981073599996, -8.52171335199995], [-76.76087736099998, -8.522237226999948], [-76.76139586099998, -8.52293872699994], [-76.76228048599995, -8.524707851999949], [-76.76264169199999, -8.524867481999934], [-76.76308886099997, -8.525065101999928], [-76.76342073599994, -8.52508235199997], [-76.76403086099998, -8.525114101999975], [-76.76434523599994, -8.525130226999977], [-76.76506386099999, -8.525167726999939], [-76.76588473599998, -8.52527035199995], [-76.76634636099999, -8.525693601999933], [-76.76737236099996, -8.52646310199998], [-76.76785973599993, -8.526732351999954], [-76.76842411099994, -8.52680935199993], [-76.76906536099995, -8.526693851999937], [-76.77145086099995, -8.526129476999927], [-76.77182273599993, -8.525590976999979], [-76.77225873599997, -8.524782976999973], [-76.77260511099996, -8.523821101999943], [-76.77310511099995, -8.523243976999936], [-76.77349261599994, -8.522987615999966], [-76.77393873599993, -8.522692476999964], [-76.77520861099998, -8.52253860199994], [-76.77583698599994, -8.522358976999953], [-76.77637561099993, -8.522115351999958], [-76.77709386099997, -8.52166647699994], [-76.77768386099996, -8.521550976999947], [-76.77859223599995, -8.52164210199993], [-76.77924848599997, -8.521987101999969], [-76.78055661099995, -8.522782226999936], [-76.78150573599999, -8.523192601999938], [-76.78228798599997, -8.523615851999978], [-76.78301911099999, -8.523833851999939], [-76.78348186099998, -8.523971976999974], [-76.78477611099999, -8.524449476999962], [-76.78595598599998, -8.524487976999978], [-76.78744373599994, -8.524308476999977], [-76.78785016099994, -8.524259422999933], [-76.78824948599998, -8.524211226999967], [-76.78898948599993, -8.52412185199995], [-76.78908998599996, -8.524080226999956], [-76.79014986099997, -8.52364135199997], [-76.79136823599998, -8.522358976999953], [-76.79188123599994, -8.521371476999946], [-76.79254811099997, -8.519845351999948], [-76.79394598599998, -8.515613101999975], [-76.79435648599997, -8.514702476999958], [-76.79457389699996, -8.514220026999965], [-76.79478786099997, -8.513745226999959], [-76.79548511099995, -8.512073226999973], [-76.79631873599999, -8.511188226999934], [-76.79675473599997, -8.510854851999966], [-76.79906323599994, -8.510726601999977], [-76.79977211099998, -8.510773226999959], [-76.80101273599996, -8.510854851999966], [-76.80328273599997, -8.510585601999935], [-76.80421473599995, -8.510575351999933], [-76.80444986099997, -8.510572726999953], [-76.80598061099994, -8.510992101999932], [-76.80669936099997, -8.511189101999946], [-76.80936523599996, -8.513099351999927], [-76.80981148599994, -8.513419226999929], [-76.81328548599998, -8.515037226999937], [-76.81431936099995, -8.515518726999971], [-76.81516536099997, -8.515727226999957], [-76.81780648599994, -8.517162976999941], [-76.81871761099995, -8.51765822699997], [-76.82116148599994, -8.517821226999956], [-76.82221811099998, -8.518236601999945], [-76.82227198599998, -8.518257851999977], [-76.82303561099997, -8.518558101999929], [-76.82465393099994, -8.518301723999969], [-76.82468311099996, -8.518297101999963], [-76.82639636099998, -8.517035976999978], [-76.82664024699994, -8.516919035999933], [-76.82813336099997, -8.516203101999963], [-76.82915648599999, -8.516131601999973], [-76.83072698599995, -8.516345851999972], [-76.83158361099999, -8.516655226999944], [-76.83199370899996, -8.51689382799998], [-76.83289223599996, -8.517416601999969], [-76.83361686099994, -8.51783822699997], [-76.83460548599999, -8.518796726999938], [-76.83588686099995, -8.520039101999942], [-76.83653286099997, -8.521176226999955], [-76.83696111099994, -8.522127976999968], [-76.83762736099999, -8.522889476999978], [-76.83817473599998, -8.52317497699994], [-76.83936217999997, -8.523280155999942], [-76.84005448599999, -8.523341476999974], [-76.84100623599994, -8.52403160199998], [-76.84265911099999, -8.52522997699998], [-76.84310623599998, -8.525993101999973], [-76.84318123599996, -8.526121226999976], [-76.84349161099993, -8.52672585199997], [-76.84348414099998, -8.526777988999982], [-76.84305261099996, -8.529789851999965], [-76.84274323599999, -8.531265101999963], [-76.84283848599995, -8.532454851999944], [-76.84326673599998, -8.53297835199993], [-76.84395211099996, -8.534029351999948], [-76.84429198599997, -8.534323101999973], [-76.84503395199994, -8.534964719999948], [-76.84534561099997, -8.535234226999933], [-76.84586036099995, -8.535881226999948], [-76.84596161099995, -8.53642935199997], [-76.84597936099993, -8.538308351999945], [-76.84598923599998, -8.539356601999941], [-76.84599498599994, -8.539974601999972], [-76.84678711099997, -8.542601601999934], [-76.84669536099995, -8.544498101999977], [-76.84680273599997, -8.545703101999948], [-76.84684236099997, -8.545789726999942], [-76.84726673599994, -8.546481851999943], [-76.84814461099995, -8.547278851999977], [-76.84899211099997, -8.548048226999981], [-76.84980386099994, -8.548785101999954], [-76.85218973599996, -8.550681476999955], [-76.85434573599997, -8.550790976999963], [-76.85597412399994, -8.551266445999943], [-76.85706761099993, -8.551585726999974], [-76.85909011099994, -8.551908351999941], [-76.86054161099997, -8.552037851999955], [-76.86107211099994, -8.552026976999969], [-76.86170761099999, -8.552013976999945], [-76.86220794699994, -8.552328432999957], [-76.86254036099996, -8.552537351999945], [-76.86313523599995, -8.55382235199994], [-76.86325674899996, -8.554649001999962], [-76.86337311099999, -8.555440601999976], [-76.86319736099995, -8.558153226999934], [-76.86301873599996, -8.560909601999981], [-76.86294486099996, -8.563911351999934], [-76.86294589199997, -8.563915726999937], [-76.86299227899997, -8.564112617999967], [-76.86303023599999, -8.564273726999943], [-76.86321675499994, -8.56450198899995], [-76.86374348599998, -8.56514660199997], [-76.86437148599998, -8.566147351999973], [-76.86470161099999, -8.566349601999946], [-76.86562773599996, -8.566371101999948], [-76.86645423599998, -8.566233351999927], [-76.86886973599997, -8.565172476999976], [-76.87089561099998, -8.564043726999955], [-76.87229611099997, -8.56200772699998], [-76.87230126299994, -8.56199828299998], [-76.87343823599997, -8.559913851999966], [-76.87488973599994, -8.558200601999943], [-76.87669811099994, -8.557439226999975], [-76.87729298599999, -8.557415226999979], [-76.87774511099997, -8.557629601999963], [-76.87874448599996, -8.558414726999956], [-76.88031498599997, -8.558771726999964], [-76.88181398599994, -8.558866851999937], [-76.88262298599994, -8.558676476999949], [-76.88443998599996, -8.558248976999948], [-76.88488348599998, -8.55779610199994], [-76.88569248599998, -8.556392226999947], [-76.88657286099993, -8.55527385199997], [-76.88735811099997, -8.55479810199995], [-76.88795298599996, -8.554869351999969], [-76.88968811099994, -8.555613101999938], [-76.88996723599996, -8.555776976999937], [-76.89055661099997, -8.556123101999958], [-76.89136523599996, -8.557382851999932], [-76.89167098599995, -8.558030101999975], [-76.89180773599998, -8.558319601999926], [-76.89216223599993, -8.559070101999964], [-76.89251236099994, -8.55981135199994], [-76.89286773599997, -8.56056372699993], [-76.89363398599994, -8.560898351999981], [-76.89574573599998, -8.561671726999975], [-76.89616211099997, -8.561998851999931], [-76.89623311099996, -8.56246035199996], [-76.89628111099995, -8.562772226999925], [-76.89625136099994, -8.564259351999965], [-76.89623111099996, -8.56527035199997], [-76.89574573599998, -8.567174226999953], [-76.89583498599995, -8.56767985199997], [-76.89708423599996, -8.568750601999966], [-76.89767211099996, -8.568706976999977], [-76.89869036099998, -8.568631601999925], [-76.90077236099995, -8.567560851999929], [-76.90196211099999, -8.566192601999944], [-76.90279473599998, -8.565776226999958], [-76.90383586099995, -8.565805851999926], [-76.90561023599997, -8.566737226999976], [-76.90646336099996, -8.567184851999968], [-76.90837073599994, -8.56803072699995], [-76.91054461099998, -8.568321476999927], [-76.91161373599994, -8.568464226999936], [-76.91342186099996, -8.568996101999971], [-76.91487061099997, -8.569713476999937], [-76.91629836099997, -8.570159726999975], [-76.91917598599997, -8.570114976999946], [-76.92109448599996, -8.569958851999957], [-76.92423973599995, -8.569245101999968], [-76.92549238799995, -8.569115487999966], [-76.92682736099994, -8.568977351999933], [-76.92818823599998, -8.568397351999977], [-76.92867164999996, -8.568191307999939], [-76.93016986099997, -8.567552726999963], [-76.93282811099994, -8.567103476999932], [-76.93389283799996, -8.567057218999935], [-76.93436736099994, -8.567036601999973], [-76.93597198599997, -8.56696685199995], [-76.93666798599997, -8.566581976999942], [-76.93699961099998, -8.565921226999933], [-76.93697698599993, -8.565365976999942], [-76.93691036099995, -8.563735101999953], [-76.93697736099995, -8.562396601999978], [-76.93795886099997, -8.561370476999969], [-76.94079186099998, -8.559228976999975], [-76.94137186099994, -8.558470601999943], [-76.94159608599995, -8.558108155999946], [-76.94237823599997, -8.556843851999929], [-76.94247198599999, -8.555844226999966], [-76.94162848599996, -8.555125851999946], [-76.94100398599994, -8.554063976999942], [-76.94047298599997, -8.553408101999935], [-76.94003348599995, -8.552581351999947], [-76.94012273599998, -8.551956726999947], [-76.94156511099999, -8.551034226999946], [-76.94195561099997, -8.550784351999937], [-76.94331261099995, -8.550172226999962], [-76.94527573599999, -8.549502976999975], [-76.94587788099994, -8.549297679999938], [-76.94654611099998, -8.549069851999946], [-76.94712723599997, -8.548566101999938], [-76.94822023599994, -8.54602297699995], [-76.94888948599998, -8.545666101999927], [-76.94987098599995, -8.545599101999926], [-76.95085261099996, -8.545710726999971], [-76.95219098599995, -8.545702351999978], [-76.95422661099997, -8.545339851999927], [-76.95536986099995, -8.545590726999933], [-76.95704286099993, -8.547096476999968], [-76.95787936099998, -8.548462851999943], [-76.95813036099997, -8.54999647699998], [-76.95845036099996, -8.550956351999957], [-76.95863223599997, -8.551502226999958], [-76.95902273599995, -8.552171476999945], [-76.96055636099999, -8.553481976999933], [-76.96134436099999, -8.553652976999956], [-76.96429986099997, -8.554294226999957], [-76.96503173599996, -8.555060976999926], [-76.96519936099997, -8.555553476999933], [-76.96618198599998, -8.558441976999973], [-76.96701848599997, -8.55959222699994], [-76.96776948599995, -8.559887726999932], [-76.96914473599998, -8.56042872699993], [-76.97069936099996, -8.560504726999966], [-76.97207036099996, -8.560440226999958], [-76.97259536099995, -8.560415601999978], [-76.97434686099996, -8.560964601999956], [-76.97578473599998, -8.560729351999953], [-76.97730086099995, -8.560598726999956], [-76.97805898599995, -8.560363351999968], [-76.97945186099997, -8.559654726999952], [-76.98204423599998, -8.558623976999968], [-76.98456823599997, -8.557958351999957], [-76.98571836099995, -8.557696976999978], [-76.98726073599994, -8.556860351999944], [-76.98804498599998, -8.556781976999957], [-76.99044498599994, -8.556541976999938], [-76.99291436099998, -8.556295101999979], [-76.99484186099994, -8.555631726999934], [-76.99521256599996, -8.555363989999933], [-76.99578286099995, -8.554952101999959], [-76.99769123599998, -8.552102601999934], [-77.00046794699995, -8.548863023999957], [-77.00223973599998, -8.546795851999946], [-77.00336398599995, -8.545907101999944], [-77.00505611099999, -8.54531635199993], [-77.00522648599997, -8.545256851999966], [-77.00603036099994, -8.544472476999943], [-77.00850073599997, -8.54139435199994], [-77.01080473599995, -8.540052726999932], [-77.01121848599996, -8.53969972699997], [-77.01127836099994, -8.539228226999967], [-77.01137211099996, -8.538291226999945], [-77.01159761099996, -8.537687476999963], [-77.01252773599998, -8.53801010199993], [-77.01365211099994, -8.538759726999956], [-77.01493273599993, -8.53944685199997], [-77.01593211099998, -8.53979047699994], [-77.01758748599997, -8.539821726999946], [-77.01933648599999, -8.540227726999944], [-77.02122561099998, -8.541230226999971], [-77.02343411099997, -8.542897851999953], [-77.02438061099997, -8.543033101999981], [-77.02609336099994, -8.542492351999954], [-77.03023998599997, -8.540982351999958], [-77.03070536099995, -8.540821101999938], [-77.03141986099996, -8.540882851999982], [-77.03208756499998, -8.541294186999949], [-77.03248573599996, -8.541539476999958], [-77.03337036099998, -8.542866476999961], [-77.03405648599994, -8.543570101999933], [-77.03497761099999, -8.544747976999929], [-77.03607686099997, -8.54740510199997], [-77.03652464799995, -8.548728810999933], [-77.03659523599998, -8.548937476999981], [-77.03670786099997, -8.549816476999979], [-77.03705948599998, -8.552559101999975], [-77.03707148599995, -8.552652851999937], [-77.03737111099997, -8.553339851999965], [-77.03844723599997, -8.553513726999938], [-77.03905577099994, -8.55343798499996], [-77.04008823599997, -8.55330947699997], [-77.04056786099994, -8.553325601999973], [-77.04196639899999, -8.553372596999964], [-77.04245794599996, -8.55338911299998], [-77.04277011099998, -8.553399601999956], [-77.04414473599996, -8.553241726999943], [-77.04416211099993, -8.553245351999976], [-77.04714211099997, -8.55360247699997], [-77.04980136099994, -8.553715226999941], [-77.05117286099994, -8.552862601999948], [-77.05146898599997, -8.552678476999972], [-77.05216761099996, -8.551889726999946], [-77.05340711099996, -8.551191101999962], [-77.05487198599997, -8.550605226999949], [-77.05611136099998, -8.549703726999951], [-77.05658461099995, -8.548824851999939], [-77.05656836099996, -8.548077976999934], [-77.05656161099995, -8.547766726999953], [-77.05631423599993, -8.546323351999945], [-77.05642686099998, -8.545376851999947], [-77.05656211099995, -8.545216101999927], [-77.05692673599998, -8.544782976999954], [-77.05737348599996, -8.544655726999963], [-77.05941411099997, -8.544074226999953], [-77.05999611099998, -8.543638726999973], [-77.06062111099999, -8.542761351999957], [-77.06064956599994, -8.542057586999931], [-77.06065148599998, -8.54201010199995], [-77.06073136099997, -8.540035726999974], [-77.06064686099995, -8.538546226999927], [-77.06100173599998, -8.53778222699998], [-77.06158761099994, -8.537376476999953], [-77.06357473599996, -8.537380476999942], [-77.06400261099998, -8.53725697699997], [-77.06495496599996, -8.53698208399993], [-77.06530611099998, -8.536880726999925], [-77.06615711099994, -8.53619972699994], [-77.06688998599998, -8.536055476999934], [-77.06769498599994, -8.535753976999956], [-77.06840073599994, -8.535755226999981], [-77.06844498599997, -8.535755351999967], [-77.06920498599999, -8.536250601999939], [-77.06963861099996, -8.536533351999935], [-77.07046086099996, -8.536449226999935], [-77.07141998599997, -8.536347726999963], [-77.07181548599993, -8.53630635199994], [-77.07310361099996, -8.535911726999927], [-77.07450086099993, -8.53503272699993], [-77.07566211099999, -8.534204601999932], [-77.07596811099995, -8.533559601999968], [-77.07601423599993, -8.532891351999979], [-77.07569523599994, -8.53192285199998], [-77.07549600899995, -8.530809523999949], [-77.07531211099996, -8.529781851999928], [-77.07532086099997, -8.529254476999938], [-77.07533461099996, -8.528429726999946], [-77.07548036099996, -8.527138226999966], [-77.07587986099998, -8.526650726999947], [-77.07794661099996, -8.526185476999956], [-77.07863673599996, -8.526111976999971], [-77.08029261099995, -8.525935726999933], [-77.08317723599998, -8.52608597699998], [-77.08433223599997, -8.525617976999968], [-77.08527311099994, -8.524711226999955], [-77.08641148599997, -8.523614226999939], [-77.08683786099994, -8.523203101999968], [-77.08827036099996, -8.521556226999962], [-77.08868498599998, -8.520447601999933], [-77.08904923599994, -8.51978272699995], [-77.08950986099995, -8.518942101999926], [-77.09119058399995, -8.517402790999938], [-77.09165073599996, -8.51698135199996], [-77.09178598599993, -8.516192601999933], [-77.09153811099998, -8.514592601999937], [-77.09113248599994, -8.513623476999953], [-77.09106727999995, -8.513538703999927], [-77.09068173599996, -8.513037476999955], [-77.08967173599996, -8.512297226999976], [-77.08888457099994, -8.512093126999957], [-77.08810348599997, -8.511890601999937], [-77.08806285399999, -8.511870833999978], [-77.08752536099996, -8.511609351999937], [-77.08683011099998, -8.511210976999962], [-77.08619723599998, -8.51069535199997], [-77.08549411099995, -8.50995310199994], [-77.08526573599994, -8.509494101999962], [-77.08502923599997, -8.508003851999945], [-77.08504486099997, -8.506310601999928], [-77.08496098599994, -8.506224601999975], [-77.08492186099994, -8.504130851999946], [-77.08516598599994, -8.503552726999942], [-77.08519986099998, -8.50337722699993], [-77.08520911099998, -8.50264847699998], [-77.08495598599995, -8.502037351999945], [-77.08356036099997, -8.500484976999928], [-77.08164194599993, -8.499110132999931], [-77.08055073599996, -8.49832810199996], [-77.08011136099998, -8.497035101999927], [-77.07992061099998, -8.495856101999948], [-77.07980798599993, -8.495133726999939], [-77.07974931899997, -8.494757137999954], [-77.07962050699996, -8.493930286999955], [-77.07961648599996, -8.493904476999944], [-77.07976861099996, -8.493017226999939], [-77.08029773599998, -8.489929351999933], [-77.08056829999998, -8.489046095999981], [-77.08071123599996, -8.488579476999973], [-77.08083348599996, -8.488180476999958], [-77.08175006699997, -8.487413408999942], [-77.08193773599999, -8.487256351999974], [-77.08331647399996, -8.486831024999958], [-77.08405611099994, -8.486602851999976], [-77.08495761099994, -8.486084476999963], [-77.08650136099999, -8.484727101999965], [-77.08675411099995, -8.484504976999972], [-77.08756048599997, -8.483867226999962], [-77.08887886099996, -8.482822226999929], [-77.08973236099996, -8.482382851999944], [-77.09027936099994, -8.48232810199994], [-77.09132623599999, -8.482740226999965], [-77.09240823599998, -8.48370510199993], [-77.09357927899998, -8.484876147999955], [-77.09427736099997, -8.485574226999972], [-77.09486723599997, -8.48595310199994], [-77.09604098599993, -8.485882851999975], [-77.09654311099996, -8.48595310199994], [-77.09729298599996, -8.486058601999957], [-77.09838473599996, -8.486558601999945], [-77.09879948499997, -8.48674796299997], [-77.09901361099998, -8.486845726999945], [-77.09968177799993, -8.487317219999966], [-77.10059761099996, -8.487963476999937], [-77.10090186099995, -8.48823385199995], [-77.10132448599995, -8.48820010199995], [-77.10188648599996, -8.487656976999972], [-77.10208116599995, -8.487304286999972], [-77.10239895699993, -8.486728564999964], [-77.10265961099998, -8.486256351999941], [-77.10280461099995, -8.485645226999964], [-77.10311523599995, -8.484335976999944], [-77.10309161099997, -8.48366597699993], [-77.10329686099999, -8.483331976999978], [-77.10392773599995, -8.483017601999961], [-77.10434173599998, -8.482810601999972], [-77.10452249999997, -8.482779728999958], [-77.10524561099999, -8.48265622699995], [-77.10566823599999, -8.482301226999937], [-77.10604311099996, -8.481603476999965], [-77.10695273599998, -8.48061097699997], [-77.10776386099997, -8.480205351999928], [-77.10872748599996, -8.479833601999928], [-77.10940348599996, -8.479816601999971], [-77.11011348599999, -8.480053226999928], [-77.11148473599997, -8.480748601999949], [-77.11229373599997, -8.480813851999926], [-77.11340936099998, -8.480374351999956], [-77.11463711099998, -8.48012160199994], [-77.11570798599996, -8.479816601999971], [-77.11695873599996, -8.479292726999972], [-77.11771298599996, -8.478976726999974], [-77.11839548599994, -8.47895460199993], [-77.11862742999995, -8.479020394999964], [-77.11909086099996, -8.479151851999973], [-77.11956161099994, -8.479579976999958], [-77.11986573599995, -8.48012085199997], [-77.11996736099996, -8.480644851999955], [-77.12000111099997, -8.48172660199998], [-77.12011136099994, -8.482207101999961], [-77.12022761099996, -8.482713976999946], [-77.12099836099998, -8.483112476999963], [-77.12233361099999, -8.483535101999962], [-77.12358436099998, -8.483805476999976], [-77.12437106499993, -8.483797031999927], [-77.12515623599995, -8.483788601999947], [-77.12745673599994, -8.483080601999973], [-77.12925923599994, -8.482620226999927], [-77.13405223599995, -8.482065226999964], [-77.13518161099995, -8.481665976999977], [-77.13571586099994, -8.481477101999928], [-77.13616373599996, -8.481318851999958], [-77.13730448599995, -8.480680851999978], [-77.13833973599998, -8.480663851999964], [-77.13962861099998, -8.480642726999974], [-77.13992773599995, -8.48045510199995], [-77.14150898599996, -8.477494726999964], [-77.14194650799999, -8.476838481999948], [-77.14222736099998, -8.476417226999956], [-77.14256536099998, -8.47582560199993], [-77.14249411099996, -8.475527351999972], [-77.14180861099999, -8.474941351999973], [-77.14060161099997, -8.473460976999945], [-77.13981498599998, -8.472130601999936], [-77.13918498599998, -8.471135351999976], [-77.13893148599993, -8.470480351999981], [-77.13888911099997, -8.469698601999937], [-77.13901811099998, -8.46839560199993], [-77.13872613099994, -8.46733618099995], [-77.13869586099997, -8.467226351999955], [-77.13812236099994, -8.466168976999938], [-77.13768148599996, -8.465595726999936], [-77.13705111099995, -8.464775976999931], [-77.13531861099995, -8.463402601999974], [-77.13398761099995, -8.462789851999958], [-77.13350161099999, -8.462388476999934], [-77.13339598599998, -8.461649101999967], [-77.13337451699994, -8.46108017499995], [-77.13335373599995, -8.460529476999966], [-77.13280408199995, -8.458496023999942], [-77.13268148599997, -8.458042476999935], [-77.13188051699996, -8.455789176999929], [-77.13178873599998, -8.455530976999967], [-77.13170204399995, -8.455383524999945], [-77.13167173599999, -8.455331976999958], [-77.13123094399998, -8.45458199999996], [-77.13114499899996, -8.454554342999927], [-77.13108340199994, -8.454535544999942], [-77.13102759099996, -8.454520541999955], [-77.13097755499996, -8.45450742199995], [-77.13091799499995, -8.454509658999939], [-77.13084123599998, -8.454529210999965], [-77.13076835099997, -8.454554480999946], [-77.13070339699993, -8.454598003999934], [-77.13063259099994, -8.454651962999947], [-77.13053638499997, -8.454709820999938], [-77.12997355499994, -8.455082498999957], [-77.12951914799999, -8.455244514999947], [-77.12871164899997, -8.455584895999948], [-77.12813393799996, -8.455898368999954], [-77.12792984799995, -8.456009110999958], [-77.12745956399993, -8.456339341999978], [-77.12693016199995, -8.456815694999932], [-77.12661328499996, -8.457174829999929], [-77.12589871399996, -8.457708232999948], [-77.12532921699994, -8.458042253999963], [-77.12438042399998, -8.458844584999952], [-77.12432846599995, -8.458888521999938], [-77.12423496899999, -8.459000653999965], [-77.12394603699994, -8.45934717199998], [-77.12381886599997, -8.45956706499993], [-77.12324457899996, -8.46015466199998], [-77.12259718499996, -8.460788303999948], [-77.12202268599998, -8.461321122999948], [-77.12158619299998, -8.461971878999975], [-77.12121358599995, -8.462567509999928], [-77.12092305399995, -8.463080528999967], [-77.12077529399994, -8.463304780999977], [-77.12047341899995, -8.463636441999938], [-77.12045854599995, -8.46364915199996], [-77.12001995599996, -8.464023975999964], [-77.11966389699995, -8.464541597999926], [-77.11940439499995, -8.465051825999979], [-77.11935496999996, -8.46517991199994], [-77.11917307299996, -8.46565130099998], [-77.11910842099996, -8.466463017999956], [-77.11907200599995, -8.466881977999947], [-77.11906297999997, -8.466985826999974], [-77.11908739999996, -8.467433228999937], [-77.11908311799993, -8.467794567999931], [-77.11908013199997, -8.468046583999978], [-77.11910444199998, -8.46860679799994], [-77.11917031499996, -8.468997661999936], [-77.11927910799994, -8.469483475999937], [-77.11939811899998, -8.469895201999975], [-77.11940216899995, -8.47063531699996], [-77.11941721499994, -8.471459980999953], [-77.11936893999996, -8.472327290999942], [-77.11930738099994, -8.472708268999952], [-77.11879416899995, -8.472034281999981], [-77.11843082899998, -8.47157109099993], [-77.11792928399996, -8.471087405999981], [-77.11753459899995, -8.470719476999932], [-77.11687286399996, -8.470046380999975], [-77.11635045899999, -8.46961568599994], [-77.11599817499996, -8.469247524999957], [-77.11543360399997, -8.468859360999943], [-77.11492199699995, -8.468460332999939], [-77.11467515399994, -8.467964686999949], [-77.11451429499994, -8.467669519999959], [-77.11435479699998, -8.467606926999963], [-77.11391884199998, -8.467461220999951], [-77.11369514999996, -8.467314457999976], [-77.11306582899994, -8.467105526999944], [-77.11261893299996, -8.467001187999927], [-77.11251646399995, -8.466917481999928], [-77.11225122599996, -8.466700809999963], [-77.11191919399994, -8.466382430999943], [-77.11149946999996, -8.466349174999948], [-77.11121278999997, -8.466172828999959], [-77.11090019399995, -8.466138901999955], [-77.11038272199994, -8.466195118999963], [-77.11013205599994, -8.466063051999981], [-77.10993471899997, -8.465904029999933], [-77.10973829599999, -8.465896140999973], [-77.10925684099999, -8.466014352999935], [-77.10890817899997, -8.465909569999951], [-77.10857750499997, -8.465840213999968], [-77.10840845199994, -8.465956738999978], [-77.10839186599998, -8.46617910599997], [-77.10821372199996, -8.466260155999976], [-77.10794589699998, -8.466261600999928], [-77.10760719599995, -8.466352374999929], [-77.10727758599995, -8.466478623999933], [-77.10707217399994, -8.466470871999945], [-77.10681309499995, -8.466427795999948], [-77.10667918199994, -8.46642851799993], [-77.10654584999997, -8.466535990999944], [-77.10647522099998, -8.466687509999929], [-77.10636809099998, -8.466688086999966], [-77.10618061299994, -8.466689096999971], [-77.10613666399996, -8.466804946999957], [-77.10610055799998, -8.466952122999942], [-77.10609296399997, -8.466983077999942], [-77.10606305299996, -8.46698876299996], [-77.10585216199996, -8.467028848999973], [-77.10575406699996, -8.46703823699994], [-77.10566516799997, -8.467118803999938], [-77.10556837799999, -8.467368359999966], [-77.10517522299995, -8.467880841999943], [-77.10503742599997, -8.46780176599998], [-77.10491050999997, -8.467620034999982], [-77.10486444299994, -8.467563243999962], [-77.10451165199999, -8.46791858399996], [-77.10438461399997, -8.467714074999947], [-77.10426966299997, -8.467612095999925], [-77.10420068699995, -8.467566818999956], [-77.10401821499994, -8.467670488999943], [-77.10384653399996, -8.467671412999948], [-77.10367460399993, -8.467626689999975], [-77.10329766599995, -8.46776557499993], [-77.10301140499996, -8.467732855999941], [-77.10280528099997, -8.467711185999974], [-77.10240536799995, -8.467815934999976], [-77.10201531999996, -8.467647007999972], [-77.10174049699998, -8.46761431699997], [-77.10162607399997, -8.467626321999944], [-77.10158093499996, -8.467740551999952], [-77.10155879899997, -8.467877526999928], [-77.10144489899994, -8.46796934699995], [-77.10130753599998, -8.467970084999934], [-77.10112441499996, -8.467971069999976], [-77.10098757499998, -8.46805162399994], [-77.10089664799995, -8.46817748899997], [-77.10085163299993, -8.468314587999942], [-77.10057736699997, -8.468384398999945], [-77.10023437299998, -8.46845467099996], [-77.10016684899995, -8.468660228999966], [-77.10017940199998, -8.468865445999938], [-77.10006562599995, -8.468980043999977], [-77.09978057099994, -8.469186770999954], [-77.09964403799995, -8.469324360999963], [-77.09924316599995, -8.469269475999965], [-77.09903778399996, -8.469384657999967], [-77.09902727099995, -8.469555648999972], [-77.09906482299994, -8.469716528999982], [-77.09886916899995, -8.469733850999944], [-77.09872245099996, -8.46975090999996], [-77.09849543599995, -8.469995921999953], [-77.09814599199996, -8.470233365999945], [-77.09779606299998, -8.470381502999942], [-77.09758424199998, -8.470431452999946], [-77.09735696299998, -8.470627652999951], [-77.09699060599996, -8.470743335999941], [-77.09608480899993, -8.470667022999976], [-77.09553724599994, -8.470466753999972], [-77.09537383599996, -8.47040263699995], [-77.09493372199995, -8.470461855999929], [-77.09463162799995, -8.47040661699998], [-77.09450827999996, -8.470212298999968], [-77.09445850899994, -8.470058171999938], [-77.09417262299996, -8.46999471099997], [-77.09393510499996, -8.469809138999949], [-77.09350232799994, -8.469713921999926], [-77.09325756199996, -8.469698962999928], [-77.09283400899994, -8.469798767999976], [-77.09266303999993, -8.469864676999975], [-77.09237118099998, -8.47019120899995], [-77.09216028399999, -8.470395544999974], [-77.09190747699995, -8.470404942999949], [-77.09169539199996, -8.47040607799994], [-77.09124637599996, -8.47064983599995], [-77.09073344999996, -8.471063242999946], [-77.09031188899996, -8.471229746999938], [-77.08983825999996, -8.47130414399993], [-77.08965410499997, -8.47155145399995], [-77.08948018899997, -8.471778189999952], [-77.08912977299997, -8.47176984999993], [-77.08869791499995, -8.471946620999972], [-77.08836991499999, -8.472256348999963], [-77.08815546299996, -8.472627028999966], [-77.08809479699994, -8.472842943999979], [-77.08795130599998, -8.47298743899995], [-77.08762208699994, -8.473071367999978], [-77.08748846799995, -8.473143945999936], [-77.08728367999998, -8.473370845999966], [-77.08703725099997, -8.473536409999952], [-77.08666672099997, -8.473620468999968], [-77.08622437899999, -8.47375634399998], [-77.08595722799998, -8.47390140899995], [-77.08561854299995, -8.474149634999947], [-77.08560662299999, -8.474153503999958], [-77.08536140999996, -8.47423308599997], [-77.08526906399999, -8.474315746999935], [-77.08504324299997, -8.474481200999946], [-77.08483725699995, -8.47450282099993], [-77.08463191399994, -8.474627124999927], [-77.08459240799993, -8.474945524999953], [-77.08452078199997, -8.475048595999965], [-77.08425357499993, -8.47518344599996], [-77.08394584699994, -8.475431503999971], [-77.08376833799997, -8.475582144999976], [-77.08333602299996, -8.475692203999927], [-77.08307062199998, -8.475876126999935], [-77.08282147999995, -8.475976979999928], [-77.08252999499996, -8.475953585999946], [-77.08227245499995, -8.476046167999925], [-77.08202246399998, -8.475989468999956], [-77.08184702099999, -8.475866020999945], [-77.08148072199998, -8.475859656999944], [-77.08112308599993, -8.475927913999953], [-77.08075754399994, -8.476062561999981], [-77.08021794099994, -8.476330835999931], [-77.07994454199996, -8.47656442799996], [-77.07959770899998, -8.477088759999958], [-77.07936642699997, -8.47742165099993], [-77.07902651999996, -8.477680544999942], [-77.07871859599999, -8.477690500999927], [-77.07856932299995, -8.477790820999928], [-77.07839557199998, -8.47798247999998], [-77.07839744299997, -8.478330762999974], [-77.07829064299995, -8.478596641999957], [-77.07809210199997, -8.47882160699993], [-77.07773524099997, -8.479051845999948], [-77.07754563899994, -8.479487473999939], [-77.07733916399997, -8.480027509999957], [-77.07720125099996, -8.480349869999941], [-77.07716904799997, -8.480845496999962], [-77.07717861899994, -8.48092741499994], [-77.07721472899993, -8.481236484999954], [-77.07721743699994, -8.481740603999981], [-77.07720134299996, -8.48198365299993], [-77.07720131199994, -8.48198412399995], [-77.07697577299996, -8.48223743699998], [-77.07656864499995, -8.48279589599997], [-77.07619535099997, -8.483145542999978], [-77.07605878799995, -8.483618133999926], [-77.07587984499997, -8.484060847999956], [-77.07575103799996, -8.48447310299997], [-77.07567202999996, -8.484774719999962], [-77.07538154099996, -8.485107563999975], [-77.07490851299997, -8.485230577999971], [-77.07449647499999, -8.485433537999938], [-77.07422581899993, -8.48570607399995], [-77.07398528699997, -8.485958289999928], [-77.07383583799998, -8.486280349999959], [-77.07382678299996, -8.486471132999952], [-77.07386828199998, -8.486691837999956], [-77.07387965199996, -8.486932680999928], [-77.07370012899997, -8.487285001999965], [-77.07342993799995, -8.487627772999929], [-77.07283580499995, -8.487721326999974], [-77.07237256399998, -8.487773957999934], [-77.07201044599998, -8.487906413999951], [-77.07175951199997, -8.48809848299993], [-77.07172255099994, -8.488189243999955], [-77.07166514299996, -8.488330214999962], [-77.07164034999994, -8.488769487999946], [-77.07158177999997, -8.489242747999981], [-77.07152949499994, -8.489601082999968], [-77.07150354199996, -8.489824226999929], [-77.07140965699995, -8.490027391999945], [-77.07111217099998, -8.490191141999958], [-77.07095668999995, -8.490286521999963], [-77.07088995099997, -8.490489542999967], [-77.07094546099995, -8.490732502999947], [-77.07100873999997, -8.491137589999937], [-77.07098948899994, -8.491340358999935], [-77.07077229799995, -8.491577536999955], [-77.07042035299997, -8.492083992999937], [-77.07018621799995, -8.49249735099994], [-77.07001074099998, -8.49284314099998], [-77.06996413299998, -8.493583457999932], [-77.07001741299996, -8.49408785299994], [-77.07000336399994, -8.494617735999952], [-77.06998967699997, -8.495214960999931], [-77.06998026899998, -8.495543146999978], [-77.07004194999996, -8.495793231999926], [-77.07011021299996, -8.496070004999979], [-77.07021843799998, -8.496491576999972], [-77.07034702499999, -8.496765152999956], [-77.07039001499999, -8.496891568999956], [-77.07035914199997, -8.497060591999968], [-77.07007361699993, -8.497135961999959], [-77.06971376199994, -8.497201151999946], [-77.06911055699999, -8.497299362999968], [-77.06867666699998, -8.49737552099998], [-77.06823297899996, -8.49758885999995], [-77.06790682499997, -8.498012739999979], [-77.06777070099997, -8.49829829999993], [-77.06764471499997, -8.498510041999964], [-77.06730599099996, -8.498554054999943], [-77.06702009099996, -8.49857663499995], [-77.06655580899996, -8.498895664999964], [-77.06617315999995, -8.499164181999959], [-77.06556190499998, -8.499438702999953], [-77.06487035299995, -8.49955545599994], [-77.06410092399994, -8.499966496999946], [-77.06361481499994, -8.500296849999927], [-77.06312758799999, -8.500435025999934], [-77.06283360999998, -8.50062876499993], [-77.06273285099996, -8.500889277999931], [-77.06273361799998, -8.501032816999953], [-77.06273520799994, -8.50133012599997], [-77.06274855199996, -8.501703028999941], [-77.06272742399995, -8.501997107999955], [-77.06260387399999, -8.502223751999963], [-77.06250311499997, -8.502484355999968], [-77.06228882599999, -8.502722779999942], [-77.06208567499993, -8.502938636999943], [-77.06192783399996, -8.503120355999954], [-77.06181517999994, -8.50327923499998], [-77.06180570399994, -8.503629659999945], [-77.06191269799996, -8.504569301999936], [-77.06189897899998, -8.505807798999967], [-77.06182699399994, -8.507594855999969], [-77.06168892399995, -8.508468540999957], [-77.06146766899997, -8.509017964999941], [-77.06083924099994, -8.509650632999978], [-77.05968143699994, -8.51038770799994], [-77.05789747099999, -8.511839604999977], [-77.05788126299996, -8.511852795999971], [-77.05717903699997, -8.512509352999928], [-77.05667812099995, -8.513097770999934], [-77.05619489599997, -8.513870320999956], [-77.05574401599995, -8.514391580999927], [-77.05436742799998, -8.514633164999964], [-77.05364580399998, -8.514804392999963], [-77.05316025199994, -8.515124972999956], [-77.05249169699994, -8.51579806899997], [-77.05192802899995, -8.51635345799997], [-77.05145958999998, -8.516614555999979], [-77.05089132299997, -8.516716086999963], [-77.05037234699995, -8.516780385999937], [-77.04995271399997, -8.516930397999943], [-77.04959540199997, -8.517154024999968], [-77.04909139399996, -8.517710903999955], [-77.04848771399998, -8.51812051099995], [-77.04799448299997, -8.518381825999938], [-77.04727796799995, -8.518508721999979], [-77.04652368499995, -8.518500401999972], [-77.04636957299994, -8.518461987999956], [-77.04599130699995, -8.518367700999931], [-77.04545827499999, -8.518111881999971], [-77.04513595399999, -8.51796577999994], [-77.04486379899998, -8.517930239999941], [-77.04446846799993, -8.51800626499994], [-77.04376524199995, -8.518293177999965], [-77.04302611699995, -8.518814405999933], [-77.04269208699998, -8.519114472999945], [-77.04196497799995, -8.51933362099993], [-77.04166925699997, -8.51935786499996], [-77.04125897699998, -8.519235272999936], [-77.04077957099997, -8.518954485999927], [-77.04017494599998, -8.518674267999927], [-77.03960581699994, -8.518631875999972], [-77.03909371099996, -8.518623264999974], [-77.03858208499997, -8.518705317999945], [-77.03754936799999, -8.519243445999962], [-77.03684128899994, -8.51986725699993], [-77.03673390599994, -8.519961859999967], [-77.03640571999995, -8.52030356499995], [-77.03601969999994, -8.52047562499996], [-77.03563334899997, -8.52056831799996], [-77.03498514699999, -8.520651083999951], [-77.03456432399997, -8.520698667999966], [-77.03413238899998, -8.52079159799996], [-77.03358793099994, -8.521123133999936], [-77.03328677399998, -8.52125334599998], [-77.03294353999996, -8.521325833999981], [-77.03257805199996, -8.521311384999933], [-77.03230501999997, -8.521247635999941], [-77.03179597299999, -8.52090805499995], [-77.03123186699997, -8.520476372999951], [-77.03080412199995, -8.520038553999939], [-77.03068055399996, -8.519899522999935], [-77.03026095699994, -8.51942741399995], [-77.02974647099995, -8.518727078999973], [-77.02949159999997, -8.518328308999969], [-77.02937838999998, -8.51815118099995], [-77.02908283199997, -8.517724147999957], [-77.02853295299997, -8.517285516999948], [-77.02730309999998, -8.516447890999927], [-77.02637910199996, -8.515750770999944], [-77.02579737699995, -8.515281745999971], [-77.02530200599995, -8.514949945999945], [-77.02490623699998, -8.514788115999977], [-77.02437979999996, -8.51481707399995], [-77.02376114899994, -8.514820295999925], [-77.02315543699996, -8.514797232999967], [-77.02267430199998, -8.51466856899998], [-77.02231512699996, -8.514541719999954], [-77.02210725099997, -8.51446830499998], [-77.02154049599994, -8.51430146399997], [-77.02074967999994, -8.514068662999932], [-77.01955540699998, -8.513379616999941], [-77.01889551299996, -8.512790121999956], [-77.01856225399996, -8.511871688999975], [-77.01845441399996, -8.510890704999952], [-77.01836911499998, -8.510277794999979], [-77.01812124899999, -8.50997235999995], [-77.01746212899997, -8.509546386999943], [-77.01625816599994, -8.509275197999955], [-77.01537856899995, -8.508918343999937], [-77.01459240899999, -8.50852601899993], [-77.01416955899998, -8.508236763999946], [-77.01359284699998, -8.507610214999943], [-77.01329845299995, -8.50726207599996], [-77.01286413499997, -8.507019524999976], [-77.01174022999999, -8.506932045999974], [-77.01064020899997, -8.506949393999946], [-77.00987875899995, -8.50680172999995], [-77.00932779199997, -8.506618082999978], [-77.00893990499998, -8.506293655999968], [-77.00846753399998, -8.505491725999946], [-77.00806688099993, -8.505243750999966], [-77.00763227999994, -8.505155502999969], [-77.00724942199997, -8.505308353999965], [-77.00682667999996, -8.505561934999946], [-77.00638269399997, -8.505624609999927], [-77.00608978799994, -8.505595927999934], [-77.00565471599998, -8.505417100999978], [-77.00554624099993, -8.50532426999996], [-77.00526925599996, -8.505087232999927], [-77.00501372399998, -8.504475011999943], [-77.00488006999996, -8.504023071999939], [-77.00471764299994, -8.503852963999975], [-77.00435410599994, -8.503844711999932], [-77.00404183999996, -8.50398716199993], [-77.00334828199993, -8.504584111999975], [-77.00287604299996, -8.505029136999951], [-77.00184418099997, -8.505416933999982], [-77.00146522199998, -8.505559354999946], [-77.00059669799998, -8.50551355899995], [-77.00004063899996, -8.505520665999939], [-76.99958159899995, -8.50544763299996], [-76.99952681399998, -8.505428853999945], [-76.99931397199998, -8.505355895999969], [-76.99830821499995, -8.504902285999947], [-76.99689993299995, -8.504819748999978], [-76.99506432999993, -8.50486288299993], [-76.99355598399995, -8.505027636999955], [-76.99257675799998, -8.505156046999957], [-76.99156438899996, -8.505408110999952], [-76.99125561099999, -8.505471284999942], [-76.99111437299996, -8.505500180999945], [-76.99077654899997, -8.505513118999943], [-76.99063901699998, -8.505474440999933], [-76.99003212599996, -8.505303763999962], [-76.98937269699996, -8.504970576999938], [-76.98875079699997, -8.50460736599996], [-76.98827690099995, -8.504400419999968], [-76.98785538399994, -8.504172234999942], [-76.98743377499994, -8.50394413999993], [-76.98696924399997, -8.503527778999967], [-76.98652669799998, -8.50328921199997], [-76.98607394199996, -8.503113614999961], [-76.98578958799999, -8.502999896999938], [-76.98542007099996, -8.502677245999962], [-76.98510273599999, -8.502260130999957], [-76.98481655199998, -8.501790514999925], [-76.98445573899994, -8.501252846999932], [-76.98347937799997, -8.500472244999969], [-76.98289535499998, -8.500055762999978], [-76.98234842499994, -8.499417881999932], [-76.98192427699996, -8.498817522999957], [-76.98174151799998, -8.498364010999978], [-76.98154488099993, -8.49791337199997], [-76.98146024199997, -8.497203978999949], [-76.98158716699999, -8.496687056999974], [-76.98176142899996, -8.495927893999976], [-76.98182261099998, -8.49523394099998], [-76.98183596699994, -8.494669232999968], [-76.98172056799996, -8.49428263599998], [-76.98124845799998, -8.493801032999954], [-76.98032313199997, -8.493370188999961], [-76.97941521899997, -8.493165071999954], [-76.97978537199998, -8.492711461999932], [-76.98047924899998, -8.492224022999949], [-76.98118920399997, -8.491720228999952], [-76.98167283999999, -8.491298402999973], [-76.98243926499998, -8.49033364099995], [-76.98288578299997, -8.489828111999941], [-76.98332808399994, -8.489425787999949], [-76.98346684399996, -8.489299568999968], [-76.98417517399997, -8.488883992999945], [-76.98421679699999, -8.488859571999967], [-76.98511191699998, -8.488273470999957], [-76.98584962999996, -8.487643422999952], [-76.98649719299993, -8.486946755999952], [-76.98683816699997, -8.486189183999954], [-76.98708505999997, -8.485341781999978], [-76.98748789099994, -8.484588956999971], [-76.98809349899994, -8.483715950999965], [-76.98854460799998, -8.483046319999971], [-76.98890059399997, -8.482472453999947], [-76.98906483899998, -8.481851924999944], [-76.98852630999994, -8.481818961999977], [-76.98775992899994, -8.481655988999933], [-76.98680095299994, -8.481279565999955], [-76.98537658099997, -8.480258151999976], [-76.98467614199996, -8.479567531999976], [-76.98386065199998, -8.478662884999949], [-76.98340137499997, -8.478059265999946], [-76.98298079299997, -8.477581828999973], [-76.98246004399994, -8.477331985999967], [-76.98182622399997, -8.47727210499994], [-76.98053467199998, -8.477430079999976], [-76.97995235599996, -8.477534010999932], [-76.97918051499994, -8.477739879999945], [-76.97816819899998, -8.478010154999936], [-76.97772590099999, -8.478239573999929], [-76.97762739499996, -8.478262584999925], [-76.97648141899998, -8.478530277999937], [-76.97546515299996, -8.47868602899996], [-76.97440591699996, -8.478499739999961], [-76.97373085599997, -8.478188196999952], [-76.97309534399994, -8.47754793699994], [-76.97240413299994, -8.476757258999953], [-76.97215505399998, -8.476416258999961], [-76.97145074399998, -8.475762601999975], [-76.97044200899995, -8.474686045999931], [-76.96965470199996, -8.47392323799994], [-76.96910331999999, -8.473611150999943], [-76.96845550399996, -8.473244675999979], [-76.96744291299996, -8.47283583199993], [-76.96644101799995, -8.472548428999971], [-76.96555874099994, -8.472249483999974], [-76.96495950199994, -8.472025048999967], [-76.96429435699997, -8.471660099999951], [-76.96380383999997, -8.47142417799995], [-76.96298659399997, -8.471092533999979], [-76.96234386599997, -8.470868222999968], [-76.96151731599997, -8.470850677999977], [-76.96071327199996, -8.470973952999941], [-76.96018085499998, -8.471052380999936], [-76.95913941099997, -8.471022800999947], [-76.95793172199996, -8.470923446999961], [-76.95723442299999, -8.470698767999977], [-76.95654535599994, -8.47034223999998], [-76.95610302999995, -8.470010871999932], [-76.95568637499997, -8.469512583999972], [-76.95544456199997, -8.469122784999968], [-76.95519780099994, -8.468725007999979], [-76.95493471799995, -8.468447977999972], [-76.95456273399998, -8.46803841999997], [-76.95400230799999, -8.46778411899993], [-76.95311302399995, -8.467137308999952], [-76.95283640399998, -8.466887204999978], [-76.95249084699998, -8.466574772999934], [-76.95187716299995, -8.466003694999927], [-76.95112726099995, -8.465698896999982], [-76.95029124099995, -8.465386028999944], [-76.94884062699998, -8.464788925999926], [-76.94796488499998, -8.464502917999937], [-76.94737040599995, -8.464138032999927], [-76.94693996899997, -8.463549849999936], [-76.94670335299998, -8.462863789999972], [-76.94658482499995, -8.46247718799998], [-76.94638833499994, -8.462042697999948], [-76.94600793599994, -8.461744545999977], [-76.94536571199995, -8.461544426999978], [-76.94474339899995, -8.461421680999933], [-76.94406202499994, -8.461163805999945], [-76.94373044599996, -8.460935603999928], [-76.94354532499995, -8.460808198999928], [-76.94326522999995, -8.46054019199994], [-76.94306105899994, -8.460094075999962], [-76.94305797899995, -8.459479263999981], [-76.94314348399996, -8.45864053799994], [-76.94320861399996, -8.458193083999959], [-76.94331721799995, -8.457488309999974], [-76.94339256499995, -8.456850778999979], [-76.94354639199997, -8.456201739999926], [-76.94379993999996, -8.45552155699994], [-76.94394425199994, -8.454604159999974], [-76.94395244499998, -8.45353917899996], [-76.94396239499997, -8.452824678999946], [-76.94398310499997, -8.451557495999964], [-76.94354788099997, -8.451114786999938], [-76.94317989499996, -8.450590922999936], [-76.94285184299997, -8.449918508999929], [-76.94271285099995, -8.449177807999945], [-76.94286053499997, -8.448244301999978], [-76.94300877599994, -8.44753168799997], [-76.94308263599999, -8.44717663199998], [-76.94342455099996, -8.445975113999964], [-76.94379371399998, -8.444866665999939], [-76.94388187999994, -8.444592604999968], [-76.94399129699997, -8.444252485999925], [-76.94422699299997, -8.44332568699997], [-76.94449338199996, -8.442491035999979], [-76.94461064099994, -8.441338454999936], [-76.94473016799998, -8.44063932299997], [-76.94489887599997, -8.439952241999947], [-76.94531252099995, -8.43904336199995], [-76.94589716899998, -8.437888463999968], [-76.94615246299998, -8.437286744999938], [-76.94614630899997, -8.436637685999926], [-76.94592385499999, -8.435818839999968], [-76.94556796099994, -8.435167990999958], [-76.94492493799999, -8.434217433999947], [-76.94426629899993, -8.433484369999974], [-76.94395033099994, -8.433056061999935], [-76.94386043399999, -8.432934201999956], [-76.94350463099994, -8.432300072999965], [-76.94325269899997, -8.431510758999934], [-76.94316335999997, -8.431230854999967], [-76.94287323299994, -8.43031190299996], [-76.94265146099997, -8.42962693499993], [-76.94210923799994, -8.428659146999962], [-76.94175276799996, -8.428053494999972], [-76.94167285899994, -8.427741457999957], [-76.94150046199996, -8.427234699999929], [-76.94128925999996, -8.426793222999947], [-76.94073716199995, -8.426119106999977], [-76.94026382999994, -8.425509690999945], [-76.94001386399998, -8.425159439999959], [-76.93987814299999, -8.42500322799998], [-76.93977736099998, -8.424887229999968], [-76.93952707299997, -8.424471980999954], [-76.93944568599994, -8.423848178999947], [-76.93944561199999, -8.42384760899995], [-76.93953308099998, -8.423053169999946], [-76.93967297399996, -8.422284507999962], [-76.93985367999994, -8.421854111999949], [-76.93995560999997, -8.421319960999938], [-76.93997798199996, -8.421035894999932], [-76.93977433399994, -8.420615081999927], [-76.93946917299996, -8.42006413699994], [-76.93923490399999, -8.419583264999972], [-76.93911077799999, -8.41894111399995], [-76.93922970599994, -8.41853877699998], [-76.93965957199998, -8.417823558999942], [-76.93999998999999, -8.417359829999953], [-76.94007979999998, -8.41717872099997], [-76.94015816799998, -8.416726319999952], [-76.94030597699998, -8.41605272399994], [-76.94067531999997, -8.415071115999979], [-76.94091324499993, -8.41453611199995], [-76.94121492499994, -8.413641263999978], [-76.94133271999993, -8.413139488999946], [-76.94158170099996, -8.412637157999939], [-76.94176498799999, -8.41212421299997], [-76.94184000099995, -8.411818822999976], [-76.94180532999997, -8.411437674999945], [-76.94171351499995, -8.410173394999958], [-76.94166264199998, -8.409072450999929], [-76.94164507799996, -8.40858987699994], [-76.94173452699994, -8.408302768999931], [-76.94239843199995, -8.407862123999962], [-76.94291779699995, -8.407504241999959], [-76.94325840299996, -8.40726953799998], [-76.94355579899997, -8.407069863999936], [-76.94351837199997, -8.399554594999927], [-76.96100207199999, -8.399467905999927], [-76.96100604899993, -8.399461194999958], [-76.96150092799996, -8.39883233699993], [-76.96175235099997, -8.398497592999945], [-76.96192264099994, -8.398277158999974], [-76.96201103399994, -8.398000088999936], [-76.96195899899999, -8.39738209099994], [-76.96194874499997, -8.396967288999974], [-76.96202006199997, -8.396543943999973], [-76.96207896699997, -8.396429207999972], [-76.96225452899995, -8.396087242999954], [-76.96315302999994, -8.394845981999936], [-76.96371194199997, -8.394116548999932], [-76.96445683599995, -8.393074755999976], [-76.96508915899994, -8.392448736999938], [-76.96586804099996, -8.391956955999945], [-76.96646057199996, -8.391704854999944], [-76.96743999799997, -8.391720760999931], [-76.96842126599995, -8.392120680999938], [-76.96925679799995, -8.392531720999955], [-76.96976834599997, -8.39274721399994], [-76.96994582199994, -8.392819008999936], [-76.97030736899995, -8.392830129999936], [-76.97099024199997, -8.392599536999967], [-76.97137900799999, -8.392175690999977], [-76.97163590099996, -8.39161586199998], [-76.97168502599999, -8.39150880699998], [-76.97186086599999, -8.390842574999965], [-76.97210228599994, -8.390273376999971], [-76.97229462099995, -8.389655697999956], [-76.97242054999998, -8.388794989999951], [-76.97240126399998, -8.388210913999956], [-76.97267527099996, -8.38764155399997], [-76.97299852599997, -8.38715312599993], [-76.97317452799996, -8.386519346999933], [-76.97318823999996, -8.386016195999957], [-76.97310168599995, -8.385572601999968], [-76.97307119599998, -8.385416336999981], [-76.97297163699994, -8.385043567999958], [-76.97272514799994, -8.384606625999936], [-76.97271549199996, -8.383987787999956], [-76.97289502699994, -8.38365846299996], [-76.97315632399994, -8.383197465999956], [-76.97341720799994, -8.38265447799995], [-76.97357799399998, -8.381865646999927], [-76.97373919299997, -8.381158897999967], [-76.97403203299996, -8.380418584999973], [-76.97416076799993, -8.37982698899998], [-76.97427382599994, -8.379366732999927], [-76.97427192199996, -8.378989136999962], [-76.97422174599996, -8.37886369599994], [-76.97408841699996, -8.37853036499996], [-76.97382273599999, -8.37812127199993], [-76.97365491799997, -8.377514614999939], [-76.97369843399997, -8.377228664999961], [-76.97287545599994, -8.376187601999959], [-76.97212723599995, -8.375241100999972], [-76.97154998599996, -8.374839600999962], [-76.97063398599994, -8.374488225999926], [-76.96919736099994, -8.372207850999928], [-76.96877686099998, -8.37171510099995], [-76.96837261099995, -8.371241475999966], [-76.96796244399997, -8.370954370999925], [-76.96747186099998, -8.370610975999966], [-76.96646811099998, -8.369908350999935], [-76.96594098599996, -8.369644725999933], [-76.96555211099997, -8.369669725999927], [-76.96425961099999, -8.370359975999975], [-76.96336986099999, -8.37077360099994], [-76.96247773599998, -8.371188100999973], [-76.96118098599999, -8.371587225999974], [-76.96084661099997, -8.371690225999942], [-76.95999348599997, -8.371790475999944], [-76.95886398599998, -8.371577100999957], [-76.95765936099997, -8.371451600999933], [-76.95722198599998, -8.371492350999972], [-76.95658023599998, -8.371551975999978], [-76.95612861099994, -8.371627350999972], [-76.95523761099997, -8.372467975999939], [-76.95345673599996, -8.374301850999927], [-76.95327948599999, -8.374646850999966], [-76.95308986099997, -8.374937475999957], [-76.95297448599996, -8.375008600999934], [-76.95272873599998, -8.375183475999961], [-76.95187486099996, -8.37561760099993], [-76.95124736099996, -8.37570522599998], [-76.95005536099995, -8.37501522599996], [-76.94840148599997, -8.372805225999969], [-76.94718186099993, -8.370951850999973], [-76.94678036099998, -8.370684100999938], [-76.94586011099994, -8.369379100999936], [-76.94549211099996, -8.368609600999946], [-76.94472248599999, -8.366200350999975], [-76.94443811099995, -8.363305975999936], [-76.94426886099995, -8.362193850999972], [-76.94420386099995, -8.361766725999928], [-76.94360148599998, -8.360746225999947], [-76.94267923599995, -8.35994547599995], [-76.94174448599995, -8.359441225999944], [-76.94159806999994, -8.359394979999934], [-76.94079073599994, -8.359139975999938], [-76.94022198599998, -8.359123350999937], [-76.93786298599997, -8.35945797599993], [-76.93616398599994, -8.359828225999934], [-76.93519548599994, -8.360039350999955], [-76.93396473599995, -8.360495225999955], [-76.93351298599998, -8.360662475999959], [-76.93305295999994, -8.361008155999968], [-76.93294673599996, -8.361087975999965], [-76.93267786099995, -8.361135600999944], [-76.93194132199994, -8.361265566999975], [-76.93175623599996, -8.361298225999974], [-76.93021711099993, -8.360996975999967], [-76.92916298599994, -8.360528725999927], [-76.92700473599996, -8.359257100999969], [-76.92662736099999, -8.358289475999982], [-76.92643598599994, -8.356329350999943], [-76.92622223599994, -8.35414022599997], [-76.92618036099998, -8.35298897599995], [-76.92615148599998, -8.352196725999931], [-76.92611811099994, -8.351276600999938], [-76.92618486099997, -8.350490350999962], [-76.92646936099999, -8.35005535099998], [-76.92701811099994, -8.349769225999978], [-76.92738086099996, -8.34966560099997], [-76.92836490999997, -8.349384461999932], [-76.92842348599999, -8.349367725999969], [-76.92891048599995, -8.348912600999938], [-76.92923998599997, -8.348604725999962], [-76.93056511099996, -8.347011975999976], [-76.93120748599995, -8.345874350999964], [-76.93128502699994, -8.345641763999936], [-76.93147523599998, -8.345071225999959], [-76.93184998599997, -8.343478475999973], [-76.93193023599997, -8.342595100999972], [-76.93164923599994, -8.342193475999977], [-76.92969261099995, -8.34053072599994], [-76.92749998599999, -8.339878100999954], [-76.92694236099999, -8.339476225999931], [-76.92630198599994, -8.338695100999928], [-76.92530236099998, -8.337757850999935], [-76.92350673599998, -8.335926850999954], [-76.92285223599998, -8.335337600999935], [-76.92197348599996, -8.334932100999936], [-76.92150036099997, -8.334560350999936], [-76.92141586099996, -8.334391350999965], [-76.92111173599994, -8.333960475999959], [-76.92109123399996, -8.333901905999937], [-76.92086636099998, -8.333259475999967], [-76.92063211099997, -8.332306850999942], [-76.92022586099995, -8.331510100999935], [-76.91963248599995, -8.33083847599994], [-76.91944336499995, -8.330773762999968], [-76.91903886099993, -8.330635350999955], [-76.91830473599998, -8.330432350999956], [-76.91756873599996, -8.330201100999943], [-76.91715386099997, -8.329837475999966], [-76.91654711099994, -8.329123725999978], [-76.91595811099995, -8.328570475999982], [-76.91534386099994, -8.328150225999934], [-76.91501547799999, -8.32780964799997], [-76.91492311099995, -8.327713850999942], [-76.91444123599996, -8.327214225999967], [-76.91374523599995, -8.32608985099995], [-76.91362036099997, -8.325126225999952], [-76.91378086099996, -8.32330585099993], [-76.91361436099999, -8.322684225999978], [-76.91325748599996, -8.322017975999927], [-76.91216636099995, -8.321134850999954], [-76.91188861099994, -8.320576100999972], [-76.91154998599995, -8.319409350999933], [-76.91161561099995, -8.318662975999928], [-76.91192498599997, -8.317972975999965], [-76.91254361099999, -8.317235350999965], [-76.91268636099994, -8.316806975999953], [-76.91261498599994, -8.31435610099993], [-76.91259700299997, -8.31414928099997], [-76.91247223599999, -8.312714350999954], [-76.91202011099995, -8.311929100999976], [-76.91037675099994, -8.310161323999978], [-76.90886361099996, -8.308533600999965], [-76.90807023599996, -8.307051225999942], [-76.90716598599994, -8.30536185099993], [-76.90699948599996, -8.304433850999942], [-76.90721361099997, -8.303550475999941], [-76.90796311099996, -8.30169435099998], [-76.90776986099996, -8.300220850999949], [-76.90800198599999, -8.299414100999968], [-76.90879698599997, -8.299029350999945], [-76.90969111099997, -8.298633475999964], [-76.91088986099999, -8.297875475999945], [-76.91111936099998, -8.29749047599995], [-76.91099086099996, -8.296976350999955], [-76.91081848599998, -8.296287100999962], [-76.91055483299994, -8.295232490999979], [-76.91051511099994, -8.295073600999956], [-76.90990836099996, -8.293253350999976], [-76.90930161099999, -8.291789975999961], [-76.90875211099996, -8.290789100999973], [-76.90817736099996, -8.28998760099995], [-76.90761271799994, -8.289435433999927], [-76.90718161099994, -8.289013850999936], [-76.90648198599996, -8.288077975999954], [-76.90583898599994, -8.286954350999963], [-76.90546998599996, -8.286020975999975], [-76.90501423599994, -8.285717100999932], [-76.90422648599997, -8.28528022599994], [-76.90309123599997, -8.28486585099995], [-76.90196686099995, -8.284455225999977], [-76.90144936099995, -8.28402697599995], [-76.90124323599997, -8.283466350999959], [-76.90143148599998, -8.282813475999944], [-76.90169923599996, -8.281885475999957], [-76.90205611099998, -8.279654725999933], [-76.90271648599997, -8.27817347599995], [-76.90296623599994, -8.27740610099994], [-76.90298933699995, -8.27708948399993], [-76.90309123599997, -8.275692850999974], [-76.90327830599995, -8.275192187999949], [-76.90369798599994, -8.274068975999967], [-76.90420165699999, -8.272960852999972], [-76.90423336099997, -8.27289110099997], [-76.90444761099997, -8.271945225999957], [-76.90448323599998, -8.271124350999969], [-76.90441186099997, -8.270481850999943], [-76.90403698599994, -8.269800850999957], [-76.90341836099998, -8.268729975999975], [-76.90329936099994, -8.268087600999934], [-76.90420348599997, -8.266802600999938], [-76.90466311099993, -8.266573100999949], [-76.90551761099994, -8.26614647599996], [-76.90620798599997, -8.265519100999938], [-76.90703511099997, -8.26404247599993], [-76.90767936099996, -8.262543475999962], [-76.90776748599995, -8.261309725999979], [-76.90782517199995, -8.260501842999929], [-76.90786798599999, -8.259902225999951], [-76.90794123599994, -8.258875600999943], [-76.90786798599999, -8.258093975999941], [-76.90779461299996, -8.257311159999972], [-76.90765386099997, -8.255809475999968], [-76.90770091599995, -8.255142718999934], [-76.90774886099996, -8.25446335099997], [-76.90819336099997, -8.253441350999935], [-76.90881236099995, -8.252944100999969], [-76.90976736099998, -8.252488225999969], [-76.91105648599995, -8.252114725999945], [-76.91193686099996, -8.251074350999943], [-76.91246036099994, -8.250455725999927], [-76.91269123599994, -8.249959350999973], [-76.91275398599998, -8.249307475999956], [-76.91236511099999, -8.24833797599996], [-76.91198461099998, -8.246981725999945], [-76.91177023599994, -8.24567297599998], [-76.91187698599998, -8.244433475999926], [-76.91198873599996, -8.24409110099998], [-76.91229172799996, -8.24295918599995], [-76.91262273599995, -8.241722600999935], [-76.91285149499998, -8.240022819999979], [-76.91288961099997, -8.23973960099994], [-76.91298386099999, -8.238370975999942], [-76.91307898599996, -8.23698785099998], [-76.91376673599996, -8.236002600999939], [-76.91443523599997, -8.23508447599994], [-76.91494336099998, -8.233486350999954], [-76.91482361099997, -8.233118475999959], [-76.91503011099996, -8.23239560099995], [-76.91686248599996, -8.229754475999925], [-76.91902607499998, -8.227259518999972], [-76.91919423599995, -8.227065600999936], [-76.92003511099995, -8.225606600999981], [-76.92051098599995, -8.224951225999973], [-76.92174036099993, -8.223258475999955], [-76.92319173599998, -8.221259725999971], [-76.92328831899994, -8.22116432799993], [-76.92402795599997, -8.22043376199997], [-76.92489411099996, -8.219578225999953], [-76.92559673599999, -8.21849735099994], [-76.92552786099998, -8.217595475999929], [-76.92545011099998, -8.216571725999927], [-76.92512898599995, -8.215321725999956], [-76.92485736099997, -8.21426410099997], [-76.92455711099996, -8.213095600999964], [-76.92447661099999, -8.211837100999958], [-76.92439173599996, -8.210510975999966], [-76.92432057299999, -8.210131544999967], [-76.92415936099997, -8.209271975999968], [-76.92388173599994, -8.207791975999953], [-76.92374636099998, -8.207070225999928], [-76.92363061099996, -8.206452850999938], [-76.92333362099998, -8.20576497999997], [-76.92319173599998, -8.205436350999946], [-76.92292246499994, -8.204812660999949], [-76.92237823599999, -8.203552100999957], [-76.92130573599997, -8.201787975999935], [-76.92086636099998, -8.201065225999969], [-76.92026498599995, -8.200011225999958], [-76.91956048599997, -8.198776475999978], [-76.91926561099996, -8.198259725999947], [-76.91845661099995, -8.197060600999976], [-76.91818736099998, -8.19632222599995], [-76.91753480199998, -8.195961486999977], [-76.91734348599994, -8.195855725999934], [-76.91629123599995, -8.195466350999936], [-76.91564886099997, -8.19451460099998], [-76.91518148599994, -8.193513850999977], [-76.91442173599995, -8.192541725999945], [-76.91317411099999, -8.190945475999968], [-76.91226648599996, -8.189783975999944], [-76.91223832999998, -8.18964835099996], [-76.91212723599995, -8.18911322599996], [-76.91190561099995, -8.188046350999969], [-76.91188923599998, -8.186900350999963], [-76.91186548599995, -8.185234725999976], [-76.91204398599996, -8.184093350999945], [-76.91206748599996, -8.183044725999935], [-76.91195023599994, -8.18187147599997], [-76.91185848599997, -8.180953100999943], [-76.91142823599995, -8.17967647599994], [-76.91101336099996, -8.178445100999966], [-76.91008973599997, -8.176571225999965], [-76.90896048599996, -8.175126975999945], [-76.90841673599994, -8.173894350999944], [-76.90837035499999, -8.17378922699993], [-76.90810436099997, -8.17318635099997], [-76.90802536099994, -8.172830100999931], [-76.90726561099996, -8.172127600999943], [-76.90718485799994, -8.171885300999975], [-76.90701136099995, -8.171364725999979], [-76.90699798599996, -8.170735600999933], [-76.90724001499996, -8.169611894999946], [-76.90727623599997, -8.16944372599994], [-76.90761461099999, -8.168416100999934], [-76.90793473599996, -8.167442975999961], [-76.90838011099999, -8.166090725999936], [-76.90838811099997, -8.166066600999955], [-76.90864423599999, -8.16528810099993], [-76.90929861099994, -8.16395935099996], [-76.91041448599998, -8.16279497599993], [-76.91073948599995, -8.162025850999953], [-76.91134498599996, -8.161222975999976], [-76.91155911099997, -8.15946222599996], [-76.91176936099998, -8.158901225999955], [-76.91308861099998, -8.157438600999967], [-76.91339407199996, -8.15717098999994], [-76.91477136099996, -8.155964350999966], [-76.91634198599996, -8.155297975999929], [-76.91714261099997, -8.155054350999933], [-76.91798348599997, -8.15479847599994], [-76.91869748599999, -8.154274975999954], [-76.91947098599996, -8.15332110099996], [-76.92002420499995, -8.152059573999964], [-76.92013223599997, -8.151813225999945], [-76.92031586099995, -8.150423600999943], [-76.92057798599996, -8.149112600999956], [-76.92118111099995, -8.147722725999927], [-76.92215123599993, -8.146438100999944], [-76.92309511099995, -8.145546600999978], [-76.92495673599996, -8.144550225999978], [-76.92614523599997, -8.143686350999928], [-76.92678461099996, -8.142936850999945], [-76.92717549699995, -8.14224947899993], [-76.92754911099996, -8.141592475999971], [-76.92823911099998, -8.14037885099998], [-76.92916711099997, -8.139355725999962], [-76.93021073599994, -8.13845697599993], [-76.93091798599994, -8.13799822599998], [-76.93135623599994, -8.137713850999944], [-76.93223661099995, -8.137142850999965], [-76.93295048599998, -8.136833475999936], [-76.93403036099994, -8.136610850999944], [-76.93505811099999, -8.136644975999957], [-76.93615823599998, -8.136681600999964], [-76.93807811099998, -8.136745600999973], [-76.94037836099994, -8.13799047599997], [-76.94184236099994, -8.138550475999978], [-76.94218636099998, -8.138682100999972], [-76.94312723599995, -8.139316725999947], [-76.94415646799996, -8.139732031999927], [-76.94450173599995, -8.139871350999954], [-76.94582786099994, -8.140064225999936], [-76.94703361099994, -8.139919475999932], [-76.94774648599997, -8.139494225999954], [-76.94807829399997, -8.139296344999934], [-76.94840798599995, -8.139099725999927], [-76.94952748599997, -8.138686850999932], [-76.95044348599998, -8.138224975999947], [-76.95117073599994, -8.137654600999952], [-76.95150573599994, -8.137316725999938], [-76.95191373599994, -8.136793225999952], [-76.95236786099997, -8.136254475999976], [-76.95313586099996, -8.13551610099995], [-76.95431561099997, -8.13504872599998], [-76.95532836099994, -8.134542350999936], [-76.95610211099995, -8.133796350999944], [-76.95681248599999, -8.132740225999953], [-76.95710136099996, -8.132310975999928], [-76.95781023599994, -8.131257350999931], [-76.95844611099994, -8.130730225999969], [-76.95850598599998, -8.130680600999938], [-76.95867661099999, -8.130539100999954], [-76.95905098599997, -8.130228725999928], [-76.95998986099994, -8.12929935099993], [-76.96045948599993, -8.12833622599993], [-76.96132861099994, -8.127185225999938], [-76.96196286099996, -8.126159475999941], [-76.96269723599994, -8.125436600999933], [-76.96350973599993, -8.124636725999949], [-76.96458773599994, -8.12345047599996], [-76.96501928599997, -8.123105377999934], [-76.96620573599995, -8.122156600999972], [-76.96784298599994, -8.121352600999955], [-76.96921173599998, -8.120680475999961], [-76.97059198599999, -8.120291600999963], [-76.97187161099998, -8.119931100999963], [-76.97313436099995, -8.119756350999978], [-76.97524811099998, -8.119463975999963], [-76.97568893999994, -8.11935021499994], [-76.97800711099995, -8.118751975999942], [-76.97850002399997, -8.118465415999935], [-76.98002736099994, -8.117577475999951], [-76.98132211099994, -8.116650600999947], [-76.98237636099998, -8.115862600999947], [-76.98339573599998, -8.114914475999967], [-76.98491486099994, -8.113853475999974], [-76.98573561099994, -8.112879350999947], [-76.98672336099997, -8.111225225999931], [-76.98684961099997, -8.110287100999926], [-76.98677248599995, -8.108401725999954], [-76.98660048599999, -8.10792460099998], [-76.98654098599997, -8.10772822599995], [-76.98616873599997, -8.10649910099994], [-76.98613125399999, -8.106112569999937], [-76.98601748599998, -8.104939350999928], [-76.98625236099997, -8.103882350999982], [-76.98676923599999, -8.103248100999963], [-76.98778436099997, -8.101965850999932], [-76.98832471299994, -8.101244495999936], [-76.98877323599999, -8.100645725999925], [-76.98993036099995, -8.098686475999955], [-76.99068573599999, -8.097407225999973], [-76.99158411099995, -8.095365600999969], [-76.99208798599994, -8.09313797599998], [-76.99250398599997, -8.091299225999933], [-76.99257548599996, -8.091029850999973], [-76.99281823599995, -8.090116725999962], [-76.99298086099998, -8.08950510099993], [-76.99344426999994, -8.088077849999934], [-76.99352061099995, -8.087842725999963], [-76.99388086099998, -8.086917975999938], [-76.99487036099998, -8.085210725999957], [-76.99559761099994, -8.084152350999943], [-76.99667448599996, -8.082948100999943], [-76.99731686099994, -8.082304725999961], [-76.99857203699997, -8.081689059999974], [-76.99867898599996, -8.081636600999957], [-76.99959511099996, -8.081378350999955], [-77.00013536099993, -8.081472100999974], [-77.00084023599999, -8.081566100999964], [-77.00149786099996, -8.081753975999959], [-77.00302473599999, -8.08170710099995], [-77.00319325499999, -8.081601790999969], [-77.00358861099994, -8.081354725999972], [-77.00401023599994, -8.08087335099998], [-77.00467773599996, -8.080111350999971], [-77.00537111099999, -8.079359350999937], [-77.00703511099994, -8.077105475999929], [-77.00783786099998, -8.075779350999937], [-77.00840823599998, -8.074679725999943], [-77.00880473599995, -8.07346872599993], [-77.00932223599995, -8.072429725999939], [-77.00942973599996, -8.071855350999954], [-77.00978123599998, -8.071218725999927], [-77.01017773599995, -8.069718725999962], [-77.01045898599995, -8.069027350999932], [-77.01105140399994, -8.067899804999968], [-77.01142973599997, -8.06717972599995], [-77.01189448599996, -8.066544975999932], [-77.01223823599997, -8.065621100999977], [-77.01258011099998, -8.06510160099998], [-77.01291598599994, -8.064121100999955], [-77.01343548599993, -8.063369100999978], [-77.01388061099993, -8.062404475999926], [-77.01407261099996, -8.061988475999954], [-77.01458023599997, -8.060888725999973], [-77.01538086099998, -8.05915622599997], [-77.01583011099996, -8.05788872599993], [-77.01638473599996, -8.057063225999968], [-77.01715036099995, -8.055923850999932], [-77.01801361099996, -8.054421850999972], [-77.01875973599994, -8.053498100999946], [-77.01956248599998, -8.05268747599996], [-77.02094336099998, -8.051585975999956], [-77.02445898599996, -8.04915035099998], [-77.02825973599994, -8.047289100999933], [-77.02854886099993, -8.047058600999947], [-77.03044923599998, -8.046357475999969], [-77.03137298599995, -8.046123100999978], [-77.03151154199998, -8.046122365999963], [-77.03212698599998, -8.046119100999931], [-77.03261523599997, -8.04597260099996], [-77.03437886099994, -8.045820350999975], [-77.03518748599998, -8.045816350999928], [-77.03570511099997, -8.045927725999945], [-77.03771943299995, -8.04584282899998], [-77.03876573599996, -8.04579872599993], [-77.03997848599994, -8.045792975999973], [-77.04090036099996, -8.045615225999939], [-77.04147848599996, -8.045669975999942], [-77.04194711099996, -8.045494100999974], [-77.04373236099997, -8.04537122599993], [-77.04465423599999, -8.045365225999944], [-77.04702736099995, -8.045005850999928], [-77.04881248599997, -8.044367225999963], [-77.05002536099994, -8.044246100999942], [-77.05198636099993, -8.043775350999965], [-77.05239061099996, -8.043773475999956], [-77.05349036099994, -8.043421725999963], [-77.05458011099995, -8.043298850999975], [-77.05579298599997, -8.042777350999927], [-77.05734972799996, -8.042326465999963], [-77.05822061099997, -8.042074225999954], [-77.05925786099994, -8.041896475999977], [-77.06057602399994, -8.041476272999944], [-77.06110161099997, -8.041308725999954], [-77.06294923599995, -8.040956975999961], [-77.06358398599997, -8.040722475999928], [-77.06554473599994, -8.04031060099993], [-77.06669536099997, -8.03995897599998], [-77.06709961099995, -8.039956975999928], [-77.06870311099993, -8.039511725999944], [-77.07033598599998, -8.039076225999963], [-77.07050155799999, -8.038983081999959], [-77.07085348599998, -8.038785100999974], [-77.07356248599996, -8.037792975999935], [-77.07598048599993, -8.03668747599994], [-77.07730861099998, -8.036220725999954], [-77.07800386099996, -8.036101600999928], [-77.07898048599998, -8.035749975999977], [-77.07967186099995, -8.035689475999959], [-77.08123036099994, -8.035279350999929], [-77.08320111099994, -8.035039100999938], [-77.08348048599998, -8.034865225999965], [-77.08613673599996, -8.034275350999962], [-77.08642573599997, -8.034101600999975], [-77.08711911099994, -8.03392385099994], [-77.08838673599996, -8.033169975999954], [-77.08884373599994, -8.032994100999929], [-77.09200973599997, -8.030906225999956], [-77.09304886099994, -8.030382850999956], [-77.09604686099993, -8.029099600999928], [-77.09719923599994, -8.028865225999937], [-77.09818361099997, -8.02840035099996], [-77.09892973599995, -8.028164100999959], [-77.09967773599999, -8.027757850999933], [-77.10152348599996, -8.027230475999943], [-77.10262498599997, -8.027165975999935], [-77.10492573599998, -8.026751975999957], [-77.10527736099993, -8.02680860099997], [-77.10602536099998, -8.026689475999945], [-77.10665823599999, -8.02639847599994], [-77.10821486099996, -8.025814475999937], [-77.11052736099998, -8.025226600999929], [-77.11213673599997, -8.024988225999948], [-77.11456248599995, -8.024746100999948], [-77.11535969199997, -8.024741295999945], [-77.11617973599994, -8.024736350999945], [-77.11768361099996, -8.025017600999945], [-77.11832411099994, -8.025244100999942], [-77.12092573599995, -8.02672847599996], [-77.12179486099996, -8.026896475999934], [-77.12219911099999, -8.027181600999938], [-77.12347461099995, -8.027749975999939], [-77.12393948599998, -8.02815235099996], [-77.12527536099998, -8.028892600999939], [-77.12758598599999, -8.02957222599997], [-77.12936786099993, -8.030559850999964], [-77.12948286099999, -8.030633100999978], [-77.13019611099998, -8.031086725999955], [-77.13077536099996, -8.031455100999949], [-77.13198823599998, -8.031966850999936], [-77.13268548599996, -8.032136725999976], [-77.13360548599996, -8.032189475999928], [-77.13481836099999, -8.032470725999929], [-77.13597848599994, -8.032523475999938], [-77.13690236099995, -8.032689475999973], [-77.13898436099998, -8.032621100999961], [-77.13990623599994, -8.03238672599997], [-77.14296673599995, -8.032025350999959], [-77.14417973599996, -8.032076225999958], [-77.14568361099998, -8.03195522599998], [-77.14614061099996, -8.03201172599995], [-77.14631636099995, -8.032123100999968], [-77.14718548599996, -8.032175725999934], [-77.14920898599996, -8.03216597599993], [-77.14955073599998, -8.032048850999956], [-77.15053511099995, -8.032042975999957], [-77.15123006699997, -8.031871666999962], [-77.15220698599995, -8.031630850999932], [-77.15312886099997, -8.031165975999954], [-77.15387698599994, -8.030646600999944], [-77.15537298599997, -8.030003850999947], [-77.15595311099997, -8.029539100999955], [-77.15710548599998, -8.028900350999947], [-77.15974411099995, -8.02681447599997], [-77.16187298599993, -8.02461522599998], [-77.16302536099994, -8.023802725999928], [-77.16366286099998, -8.023046725999961], [-77.16385811099997, -8.022903850999967], [-77.16492386099998, -8.022123100999977], [-77.16622848599997, -8.02163672599994], [-77.16736536099995, -8.021609225999953], [-77.16850198599997, -8.021701225999948], [-77.16902148599996, -8.021755850999966], [-77.17080661099999, -8.021460975999958], [-77.17205285199998, -8.021053084999949], [-77.17142188899999, -8.020494045999953], [-77.17078768299996, -8.020018317999927], [-77.16966300699994, -8.019383622999953], [-77.16827693499994, -8.019000733999974], [-77.16824121999997, -8.018988647999947], [-77.16820695599995, -8.018972929999961], [-77.16817451699995, -8.018953748999934], [-77.16746660299998, -8.018483928999956], [-77.16744932799998, -8.018471723999937], [-77.16714579599994, -8.018243723999944], [-77.16711345199997, -8.018216328999927], [-77.16708453999996, -8.018185356999936], [-77.16661268399997, -8.017616473999965], [-77.16658813299995, -8.017583166999941], [-77.16657653699997, -8.017564129999926], [-77.16620839499996, -8.016915536999932], [-77.16619494899999, -8.016889426999967], [-77.16618282399997, -8.016859998999962], [-77.16585165599997, -8.015943345999972], [-77.16584115399996, -8.01590902299995], [-77.16583411699997, -8.015873831999954], [-77.16583061499995, -8.015838118999966], [-77.16578746899995, -8.01493908499998], [-77.16578705899997, -8.014923714999952], [-77.16578803399995, -8.014895252999963], [-77.16584177099998, -8.014167907999934], [-77.16584844399995, -8.014120589999948], [-77.16586131799994, -8.014074560999973], [-77.16588016899993, -8.014030626999954], [-77.16590466799994, -8.013989553999977], [-77.16620945199998, -8.013547887999948], [-77.16623292599996, -8.01351746599994], [-77.16626801299998, -8.01348194999997], [-77.16629275999998, -8.013460135999935], [-77.16657436499997, -8.013211900999977], [-77.16661628999998, -8.013180190999947], [-77.16665007799998, -8.013160787999936], [-77.16703295499997, -8.01296744299998], [-77.16706924099998, -8.012951537999982], [-77.16710705199995, -8.012939676999963], [-77.16749287899995, -8.012841389999949], [-77.16772991399995, -8.012784460999967], [-77.16774503599999, -8.01277061199994], [-77.16773302299998, -8.012544286999969], [-77.16769243599998, -8.012052313999959], [-77.16769122099998, -8.012024589999953], [-77.16769414999999, -8.01197678799997], [-77.16776813499996, -8.011400567999942], [-77.16777961599996, -8.011346557999957], [-77.16791214999995, -8.010904093999955], [-77.16791500099998, -8.01089501499996], [-77.16802527999994, -8.010559349999937], [-77.16799469899996, -8.010109745999955], [-77.16784834999999, -8.009881448999977], [-77.16757938799998, -8.009682575999932], [-77.16715559499994, -8.00959103699995], [-77.16654696299997, -8.009524939999949], [-77.16602188699994, -8.009597534999955], [-77.16545043699995, -8.009695546999978], [-77.16458339699994, -8.009834651999938], [-77.16455865099994, -8.009837618999939], [-77.16359933799998, -8.00991918799997], [-77.16357041799995, -8.009920490999946], [-77.16351768299995, -8.00991692699995], [-77.16274820799998, -8.009806004999973], [-77.16271031999997, -8.009798470999954], [-77.16267344999994, -8.009786961999964], [-77.16263801799994, -8.009771608999927], [-77.16260442599997, -8.009752585999934], [-77.16210245299999, -8.009429178999937], [-77.16206243499994, -8.009399306999967], [-77.16202691799998, -8.009364232999928], [-77.16199657699997, -8.00932462399993], [-77.16170567299997, -8.008885065999948], [-77.16168766899995, -8.00885449599997], [-77.16137743099995, -8.008262989999935], [-77.16137247699999, -8.008253185999934], [-77.16132795699997, -8.008161635999954], [-77.16115901999996, -8.00781423999996], [-77.16115626899995, -8.007808454999974], [-77.16114053699994, -8.007768532999933], [-77.16098445899996, -8.007291017999933], [-77.16098185199996, -8.007282699999962], [-77.16097126399995, -8.007236707999937], [-77.16087172399995, -8.006622782999955], [-77.16086761399998, -8.006579206999959], [-77.16084478899995, -8.005890528999942], [-77.16084459599995, -8.005880489999981], [-77.16084638899997, -8.005842628999972], [-77.16091933399997, -8.00511518199994], [-77.16092775699997, -8.005065908999939], [-77.16094291799999, -8.00501826599998], [-77.16124283299996, -8.004261708999934], [-77.16132283499996, -8.003990721999969], [-77.16146391099994, -8.003503144999968], [-77.16147019999994, -8.003483525999968], [-77.16160961899999, -8.003087849999929], [-77.16167734799996, -8.002867753999965], [-77.16174659299998, -8.002628440999956], [-77.16187373899999, -8.002168594999944], [-77.16188799899999, -8.002127692999977], [-77.16190706399993, -8.002088783999966], [-77.16193065899995, -8.002052425999977], [-77.16234517799995, -8.001490606999937], [-77.16236201099997, -8.001469489999977], [-77.16237955499997, -8.001450506999959], [-77.16269199299995, -8.001135773999977], [-77.16303303899997, -8.00077790599994], [-77.16305704799998, -8.000754921999942], [-77.16309627999993, -8.000725116999945], [-77.16341020699997, -8.000518682999939], [-77.16376584499994, -8.000226712999961], [-77.16417574299999, -7.999800033999975], [-77.16452461299997, -7.999408019999976], [-77.16468091899998, -7.999165535999964], [-77.16484086099996, -7.9988152689999765], [-77.16486482399995, -7.998771182999974], [-77.16487552099994, -7.998755337999967], [-77.16513274299996, -7.998395240999969], [-77.16514834799995, -7.998374954999974], [-77.16536291399996, -7.998115530999939], [-77.16536740999999, -7.9981102009999745], [-77.16538495399999, -7.998091218999946], [-77.16566527999998, -7.997808827999961], [-77.16566411399998, -7.997799369999939], [-77.16559668999997, -7.997699696999973], [-77.16559332599996, -7.997694630999945], [-77.16558576099999, -7.997682514999951], [-77.16544051899996, -7.997439326999938], [-77.16542251499999, -7.997405149999963], [-77.16523198299996, -7.99698736299996], [-77.16502735699999, -7.996527748999938], [-77.16501141399993, -7.996484782999971], [-77.16483850599997, -7.9959090559999595], [-77.16482723899998, -7.995858700999975], [-77.16482420599993, -7.99583131199995], [-77.16480349799997, -7.995544421999966], [-77.16480256799997, -7.995520375999945], [-77.16480290599998, -7.99550275699994], [-77.16482003099998, -7.995110434999958], [-77.16482054299996, -7.995101339999962], [-77.16483837399994, -7.994842947999928], [-77.16483931699997, -7.994831801999965], [-77.16487578799996, -7.994468077999954], [-77.16487741399999, -7.9944544639999435], [-77.16488691299998, -7.994408380999971], [-77.16493964799997, -7.9942167659999654], [-77.16493938899998, -7.994167648999962], [-77.16493051399993, -7.993951753999966], [-77.16492740999996, -7.993941435999943], [-77.16471844499995, -7.993949716999964], [-77.16470594599997, -7.993949995999969], [-77.16469687999995, -7.993949930999975], [-77.16431295799998, -7.99394237599995], [-77.16427038499995, -7.993939030999968], [-77.16424329499995, -7.993934243999945], [-77.16399428399995, -7.993880450999939], [-77.16370707499993, -7.993835815999944], [-77.16368775999996, -7.993832277999957], [-77.16346678199994, -7.993785602999935], [-77.16344160999995, -7.993779340999936], [-77.16342907799998, -7.993775497999934], [-77.16325603299998, -7.993719003999956], [-77.16321998199999, -7.993705073999934], [-77.16321414999999, -7.993702392999978], [-77.16304172999997, -7.993621298999926], [-77.16279906599993, -7.993585947999975], [-77.16229405999997, -7.9935712349999335], [-77.16206698699995, -7.993603033999932], [-77.16160488499997, -7.993770994999977], [-77.16136622399995, -7.994011409999928], [-77.16107913799993, -7.994168369999954], [-77.16069589399996, -7.9942899579999676], [-77.16038564299998, -7.994361953999942], [-77.16016869699996, -7.994412297999929], [-77.15978589299993, -7.994617590999951], [-77.15946338399993, -7.994882359999963], [-77.15915368799995, -7.995302519999939], [-77.15862837599997, -7.995783598999935], [-77.15810142699996, -7.995953768999925], [-77.15722558499994, -7.995934427999941], [-77.15690229699999, -7.995808814999975], [-77.15664857699994, -7.995710232999954], [-77.15618769299994, -7.995425311999952], [-77.15603476499996, -7.995330770999942], [-77.15555322499995, -7.995010408999974], [-77.15524771599996, -7.994784485999958], [-77.15497515099997, -7.994582924999975], [-77.15493236799995, -7.994547761999968], [-77.15476526999998, -7.994410426999934], [-77.15439682799996, -7.994107606999933], [-77.15428505099999, -7.9940233219999755], [-77.15398732999995, -7.993798824999942], [-77.15395695799998, -7.993775333999963], [-77.15337301999995, -7.993323692999979], [-77.15293934299996, -7.992979160999937], [-77.15284486599995, -7.992928225999947], [-77.15243406599996, -7.992706750999957], [-77.15227266599999, -7.9926830679999625], [-77.15185427099993, -7.992621675999942], [-77.15172573399997, -7.992602814999941], [-77.15075580599995, -7.992942699999958], [-77.15018087099998, -7.9931131099999675], [-77.14998563399996, -7.993156709999937], [-77.14967281699995, -7.993226567999955], [-77.14957273099998, -7.993224871999928], [-77.14880899699995, -7.993211927999937], [-77.14811418599999, -7.9931860739999365], [-77.14809573699995, -7.993185387999972], [-77.14793436299993, -7.9931793829999265], [-77.14790668999996, -7.993178352999962], [-77.14725706599995, -7.9929969819999656], [-77.14723390699999, -7.9929905159999635], [-77.14694007999998, -7.992825165999932], [-77.14669487999998, -7.992687180999951], [-77.14654468499998, -7.992557548999969], [-77.14623212899994, -7.992287782999938], [-77.14608611399996, -7.992186171999947], [-77.14607447899994, -7.99217807499997], [-77.14557714099999, -7.991831980999962], [-77.14553687199998, -7.991819533999944], [-77.14521186099995, -7.991719075999981], [-77.14407704399997, -7.991769615999942], [-77.14394441599995, -7.99175228799993], [-77.14352910799994, -7.991770681999981], [-77.14349922199995, -7.991772004999973], [-77.14299747399997, -7.991794226999957], [-77.14298326199997, -7.99179457799994], [-77.14297328699996, -7.991794492999929], [-77.14249789999997, -7.991783923999947], [-77.14173732899997, -7.991846211999928], [-77.14169128599997, -7.991847057999962], [-77.14164550699996, -7.991842082999938], [-77.14160072899995, -7.991831366999975], [-77.14128525299998, -7.991734376999943], [-77.14100453099996, -7.991669740999953], [-77.14075292899997, -7.991611809999938], [-77.14066024099998, -7.99159046799997], [-77.14065199799995, -7.991588468999964], [-77.13956280299999, -7.9913107809999815], [-77.13952982499995, -7.991300685999931], [-77.13949795899998, -7.991287512999975], [-77.13946749299998, -7.991271381999979], [-77.13878436099998, -7.990867046999938], [-77.13874638699997, -7.990841191999948], [-77.13871467699994, -7.990813122999953], [-77.13871200099999, -7.990810753999938], [-77.13848866199999, -7.990586262999955], [-77.13805639699996, -7.99015176599994], [-77.13784817199996, -7.989956617999951], [-77.13760461499999, -7.989810555999952], [-77.13757307699996, -7.989789320999932], [-77.13754394599994, -7.989764905999948], [-77.13751754299994, -7.989737581999975], [-77.13717754599998, -7.989342772999976], [-77.13715978299996, -7.9893221459999495], [-77.13679287999997, -7.989029195999933], [-77.13667708199995, -7.988968021999938], [-77.13603146599996, -7.988626953999926], [-77.13538255899994, -7.988415053999972], [-77.13448210799999, -7.988276201999952], [-77.13445120799997, -7.988274601999933], [-77.13414374499996, -7.988258679999944], [-77.13360967599994, -7.988231023999958], [-77.13322214699997, -7.988210954999943], [-77.13257435799994, -7.988214296999956], [-77.13234943299994, -7.98827366699993], [-77.13187857799994, -7.988397949999978], [-77.13160397799999, -7.988470430999939], [-77.13145340199998, -7.988539596999942], [-77.13081409599994, -7.988833258999932], [-77.13021275499995, -7.988945452999928], [-77.12962759599998, -7.989054626999973], [-77.12953065599999, -7.989030105999973], [-77.12866031299995, -7.98880995199994], [-77.12865460699999, -7.988808508999966], [-77.12797213999994, -7.9885445589999335], [-77.12746457299994, -7.98834825199998], [-77.12717610899995, -7.988242108999941], [-77.12710717799996, -7.988213078999934], [-77.12641868099996, -7.987923123999963], [-77.12558853499996, -7.987461008999958], [-77.12543793999998, -7.987329920999969], [-77.12535825499998, -7.987260557999946], [-77.12497394999997, -7.9869260319999285], [-77.12457381099995, -7.98610294599996], [-77.12449067599994, -7.985964335999938], [-77.12443840899994, -7.985877191999975], [-77.12410188399997, -7.9853161029999455], [-77.12378640099996, -7.98491159699995], [-77.12373959199994, -7.984851578999951], [-77.12352835299998, -7.984417052999959], [-77.12343398499996, -7.984222934999934], [-77.12333945899996, -7.984028490999947], [-77.12330106199994, -7.983562301999939], [-77.12332125999995, -7.9834159859999545], [-77.12337044399999, -7.983059684999944], [-77.12346450399997, -7.982888841999966], [-77.12354871599996, -7.982735887999979], [-77.12355309099996, -7.982718050999949], [-77.12366223699996, -7.9822731129999624], [-77.12368970199998, -7.9821611519999465], [-77.12383113199996, -7.98201045299993], [-77.12388361399996, -7.9819545309999285], [-77.12416995099994, -7.981649427999969], [-77.12427668899994, -7.981535693999945], [-77.12457550599999, -7.981324883999946], [-77.12512890799997, -7.9809622469999795], [-77.12517329499997, -7.98093315999995], [-77.12539621099995, -7.980764701999931], [-77.12577077299994, -7.980481643999951], [-77.12613902399994, -7.979924804999939], [-77.12624304899998, -7.979767505999973], [-77.12630641499999, -7.979671688999929], [-77.12639218899994, -7.9795158929999275], [-77.12675208699994, -7.9788621949999765], [-77.12686345599997, -7.978644816999974], [-77.12694399799994, -7.978487609999945], [-77.12719744799995, -7.977992909999955], [-77.12718259399998, -7.977712396999948], [-77.12717988599996, -7.977661256999966], [-77.12713867999997, -7.976883097999973], [-77.12713097599999, -7.976737601999957], [-77.12709468999998, -7.9764598579999415], [-77.12700607199997, -7.975781557999937], [-77.12700739299999, -7.975719323999954], [-77.12702042399997, -7.975105410999959], [-77.12702555399994, -7.974863743999947], [-77.12703018899998, -7.974645368999973], [-77.12702943199997, -7.974498987999937], [-77.12702292699998, -7.973240273999977], [-77.12702855999999, -7.973207466999952], [-77.12713784599998, -7.972570967999957], [-77.12719760899995, -7.9722228989999735], [-77.12715146299996, -7.971912319999944], [-77.12707332699995, -7.971386436999978], [-77.12664317099996, -7.97075033699997], [-77.12658979499997, -7.970671404999962], [-77.12601660699994, -7.970016624999971], [-77.12528323599997, -7.9697909819999495], [-77.12496529399994, -7.969693156999938], [-77.12433596699998, -7.969805295999947], [-77.12422822199994, -7.969824494999955], [-77.12363059899997, -7.970246108999959], [-77.12336054099995, -7.9703052479999315], [-77.12279182999998, -7.970429786999944], [-77.12201211199994, -7.97043378099994], [-77.12123131699997, -7.9702285039999765], [-77.12121179299999, -7.970218386999932], [-77.12097685799995, -7.970096653999974], [-77.12083920499998, -7.970025327999963], [-77.12065998299994, -7.969932462999964], [-77.12062652699996, -7.9698695799999655], [-77.12032686999999, -7.969306339999946], [-77.11987602099998, -7.9690525639999805], [-77.11969525299997, -7.968950811999946], [-77.11906409699998, -7.968684970999959], [-77.11899279599999, -7.968672423999976], [-77.11774334799998, -7.968452549999938], [-77.11760180599998, -7.968426163999936], [-77.11738863799997, -7.968386425999938], [-77.11696286399996, -7.968307054999968], [-77.11657208399998, -7.968129670999929], [-77.11611049199996, -7.968178666999961], [-77.11564358399994, -7.968360430999951], [-77.11546746499994, -7.968579598999952], [-77.11503567499994, -7.969116929999927], [-77.11467727899998, -7.969405766999955], [-77.11434868899994, -7.9695589909999285], [-77.11421055199997, -7.969623404999936], [-77.11421009799994, -7.969623457999944], [-77.11380605799997, -7.969670298999972], [-77.11310058699996, -7.969752085999971], [-77.11291575399997, -7.9697735139999395], [-77.11237130899997, -7.969677696999952], [-77.11212330099994, -7.969634049999968], [-77.11147444699998, -7.9695142669999655], [-77.11136683499996, -7.969494400999963], [-77.11089863499996, -7.969425033999926], [-77.10987167499997, -7.969401829999981], [-77.10960291399994, -7.9693957569999725], [-77.10935118799995, -7.96943291499997], [-77.10859545699998, -7.96943676099994], [-77.10808857099994, -7.969515196999964], [-77.10787626399997, -7.969548048999968], [-77.10733810799996, -7.969873671999949], [-77.10710324199994, -7.9700216729999624], [-77.10676414799997, -7.970235351999975], [-77.10568526199995, -7.970384341999932], [-77.10560380199996, -7.970377990999964], [-77.10482119899996, -7.97031697999995], [-77.10424595099994, -7.9704275309999275], [-77.10387846999998, -7.970311834999961], [-77.10371681699996, -7.970260940999935], [-77.10323665499999, -7.970109768999976], [-77.10230171599994, -7.97025801999996], [-77.10180008999998, -7.970691079999938], [-77.10144296199996, -7.971231035999949], [-77.10125446299998, -7.9713171979999515], [-77.10119169699993, -7.971393063999926], [-77.10107562399998, -7.971533362999935], [-77.10101595699996, -7.971593451999979], [-77.10071757899993, -7.9718939419999515], [-77.10028719199994, -7.972183134999966], [-77.10014397399993, -7.972327366999934], [-77.10009410199996, -7.972445021999931], [-77.09993061099993, -7.972830716999965], [-77.09978830699998, -7.973154324999939], [-77.09978940499997, -7.973369577999961], [-77.09979105299999, -7.973692455999981], [-77.09951485099998, -7.974032496999939], [-77.09950657899998, -7.974042679999968], [-77.09946917599996, -7.97408872799997], [-77.09893726499996, -7.974105812999937], [-77.09874186099995, -7.973877960999971], [-77.09858263699994, -7.973692296999957], [-77.09826912599993, -7.97339324099994], [-77.09785428399994, -7.973168518999955], [-77.09749585699996, -7.97303852999994], [-77.09738741399997, -7.972999201999926], [-77.09673968299995, -7.9727889339999365], [-77.09650781899995, -7.9727490519999265], [-77.09587519699994, -7.9726402369999505], [-77.09483381799998, -7.972346810999966], [-77.09474112699996, -7.972320693999961], [-77.09416366799996, -7.971998333999977], [-77.09391407999993, -7.971740842999964], [-77.09373917299996, -7.971560395999973], [-77.09355397299998, -7.971232006999969], [-77.09344864499997, -7.971045242999935], [-77.09317549599996, -7.9704291039999475], [-77.09311856299996, -7.97030067999998], [-77.09302974799994, -7.970002742999952], [-77.09298187499996, -7.969842150999966], [-77.09273031899994, -7.969441604999929], [-77.09263320299993, -7.9692741569999725], [-77.09260254299994, -7.969194259999938], [-77.09242787999995, -7.9687391099999445], [-77.09206092399995, -7.967782861999979], [-77.09200872999998, -7.967646848999948], [-77.09198446599999, -7.967394924999951], [-77.09195787799996, -7.967211752999958], [-77.09190056099999, -7.966816875999939], [-77.09183307199999, -7.966607520999958], [-77.09181894599999, -7.966582220999953], [-77.09169069999996, -7.9663525319999735], [-77.09167845799999, -7.966328545999943], [-77.09166865699996, -7.966305348999981], [-77.09156928199997, -7.966045185999974], [-77.09155968899995, -7.966020071999935], [-77.09153336999998, -7.965745578999929], [-77.09151381399994, -7.965541611999981], [-77.09152622099998, -7.965459566999925], [-77.09161735499998, -7.964856905999966], [-77.09178229699995, -7.96440526899994], [-77.09198871499996, -7.964166192999926], [-77.09206932899997, -7.96407282499996], [-77.09223302499998, -7.963885166999944], [-77.09224471799996, -7.963856446999955], [-77.09232550499996, -7.96365801099995], [-77.09234015299995, -7.963546715999939], [-77.09230329099995, -7.96332598999993], [-77.09226265899997, -7.96319079999995], [-77.09222848099995, -7.963077083999963], [-77.09205740299996, -7.962828044999981], [-77.09205252899994, -7.962820762999968], [-77.09203024799996, -7.962781394999979], [-77.09192356899996, -7.962561889999961], [-77.09191053899997, -7.962531642999977], [-77.09190032199996, -7.962500339999963], [-77.09187899699998, -7.962423231999935], [-77.09180434599995, -7.962153308999973], [-77.09171858399998, -7.961882661999937], [-77.09171695199996, -7.961877367999932], [-77.09170586899995, -7.961828159999925], [-77.09166656899998, -7.961570796999979], [-77.09165614799997, -7.961502555999971], [-77.09165210899994, -7.961450542999955], [-77.09164987399998, -7.9610099899999796], [-77.09163525999998, -7.960875790999978], [-77.09159149899995, -7.960473945999979], [-77.09159025599996, -7.960460023999929], [-77.09157815899994, -7.960286745999952], [-77.09154885999999, -7.959867073999931], [-77.09154884699996, -7.959817059999978], [-77.09155575599993, -7.959767522999925], [-77.09163355799996, -7.9593988819999595], [-77.09165884199996, -7.959279082999956], [-77.09166222299996, -7.959264556999926], [-77.09172455899994, -7.959019769999941], [-77.09176989899998, -7.958755848999942], [-77.09175876299997, -7.958640217999971], [-77.09173615299994, -7.95857919499997], [-77.09173461899996, -7.958574004999946], [-77.09172235299997, -7.958532489999925], [-77.09171497299997, -7.958484359999943], [-77.09171414599996, -7.958435677999944], [-77.09172272799998, -7.9582662149999805], [-77.09172558799997, -7.958184595999967], [-77.09173090699994, -7.958032800999945], [-77.09173757599996, -7.95766690499994], [-77.09173913899997, -7.957639314999938], [-77.09176374499998, -7.957380817999933], [-77.09177558299996, -7.957256448999942], [-77.09177739599994, -7.957240959999979], [-77.09178670699998, -7.957195594999973], [-77.09188092299996, -7.956850704999965], [-77.09188279799997, -7.956844105999949], [-77.09190683099996, -7.956763569999964], [-77.09197759999995, -7.956526417999953], [-77.09205359299995, -7.956271782999977], [-77.09207208299995, -7.956209827999942], [-77.09217407699998, -7.955870933999961], [-77.09223709299994, -7.955629185999953], [-77.09223961399994, -7.955620014999965], [-77.09224943499999, -7.955590779999966], [-77.09233124999997, -7.9553778669999815], [-77.09238941499996, -7.955218841999965], [-77.09239273399999, -7.955210119999947], [-77.09247563999998, -7.9550004229999445], [-77.09248239399994, -7.954984469999943], [-77.09249842999998, -7.954954837999935], [-77.09245749899998, -7.954930634999926], [-77.09242106299996, -7.954905991999965], [-77.09238788999994, -7.954877128999954], [-77.09235847099995, -7.954844470999944], [-77.09229207099997, -7.954761094999981], [-77.09227200499998, -7.954733287999943], [-77.09226330899997, -7.954719257999955], [-77.09212520199998, -7.954484614999956], [-77.09208785999994, -7.954421170999979], [-77.09207709799995, -7.954401516999951], [-77.09199833999998, -7.954246448999982], [-77.09198074199998, -7.954205802999979], [-77.09196825999999, -7.954163317999928], [-77.09190111899994, -7.953869084999951], [-77.09189603999994, -7.953842145999943], [-77.09189208799995, -7.95379070599995], [-77.09188941999997, -7.953264529999956], [-77.09188719699995, -7.952825880999967], [-77.09184695699997, -7.952649569999949], [-77.09184315899995, -7.95263059499996], [-77.09179372299997, -7.95234383199994], [-77.09179241499999, -7.952335690999973], [-77.09171787399998, -7.951833633999968], [-77.09171407099996, -7.951789469999937], [-77.09171489599998, -7.951767290999953], [-77.09171571799999, -7.951745172999949], [-77.09172278999995, -7.951701410999931], [-77.09173517899995, -7.951658838999947], [-77.09182980899999, -7.951395267999942], [-77.09184826799998, -7.951352682999925], [-77.09187204399996, -7.951312805999976], [-77.09206427399994, -7.951032982999948], [-77.09220423699998, -7.950689190999981], [-77.09225725799996, -7.950454734999937], [-77.09224617199999, -7.950224831999947], [-77.09224656399994, -7.950183294999931], [-77.09225012799999, -7.950154872999974], [-77.09225173299996, -7.950142077999942], [-77.09226160999998, -7.950101723999978], [-77.09227606399998, -7.950062764999927], [-77.09229490399997, -7.9500257159999705], [-77.09246792699997, -7.949729057999946], [-77.09252513199993, -7.949566791999928], [-77.09249933799998, -7.949275983999939], [-77.09241544899999, -7.949148155999978], [-77.09239167399994, -7.949105850999956], [-77.09237379099994, -7.949060754999948], [-77.09236212099995, -7.949013678999961], [-77.09230364299998, -7.948684268999955], [-77.09229834999996, -7.948634872999946], [-77.09229989799996, -7.948585218999938], [-77.09231550399994, -7.94842988399995], [-77.09232357299999, -7.948382120999952], [-77.09233797299999, -7.948335861999965], [-77.09250513299997, -7.947903556999961], [-77.09263454699999, -7.947509882999952], [-77.09265124599995, -7.9474680769999395], [-77.09267302399996, -7.947428662999926], [-77.09269954399997, -7.94739224999995], [-77.09273039499999, -7.94735940299995], [-77.09301692199995, -7.9470900819999315], [-77.09304699399996, -7.947064744999977], [-77.09307964199996, -7.947042805999956], [-77.09349724299994, -7.946793948999925], [-77.09404870499998, -7.946448845999953], [-77.09405478899998, -7.946445121999943], [-77.09465497299993, -7.946085747999973], [-77.09546982499995, -7.945507230999965], [-77.09589563499998, -7.945134302999975], [-77.09593714199997, -7.945102969999937], [-77.09597488799994, -7.9450816049999275], [-77.09657426899997, -7.944788138999968], [-77.09690346899998, -7.944536079999978], [-77.09693396699998, -7.944293413999958], [-77.09689301199995, -7.944004897999946], [-77.09665149999995, -7.943655571999955], [-77.09663006499994, -7.943620449999969], [-77.09661276799994, -7.943583127999943], [-77.09647642899995, -7.943238773999951], [-77.09628173799996, -7.942741642999977], [-77.09626751099995, -7.942696960999967], [-77.09625920299999, -7.942650817999947], [-77.09617884299996, -7.941943261999938], [-77.09617754899995, -7.9419295319999605], [-77.09606437499997, -7.940420049999943], [-77.09606337099996, -7.940394925999954], [-77.09606061999995, -7.939852501999951], [-77.09602125799995, -7.939322540999967], [-77.09594365799995, -7.938781854999945], [-77.09584501799998, -7.938135839999973], [-77.09574900799998, -7.937560889999929], [-77.09562260799999, -7.937067433999971], [-77.09540144499994, -7.936549002999925], [-77.09538092499997, -7.9365009019999775], [-77.09536720499995, -7.936463006999929], [-77.09535592599997, -7.936412488999963], [-77.09529628999996, -7.9360108119999495], [-77.09529404199998, -7.935992423999949], [-77.09523326699997, -7.935361303999969], [-77.09523161199996, -7.935328574999971], [-77.09523312199997, -7.9352937379999275], [-77.09528794499994, -7.934697752999966], [-77.09533659599998, -7.934240067999951], [-77.09535855999997, -7.934033439999951], [-77.09533843099996, -7.933603996999977], [-77.09531427299999, -7.933193719999963], [-77.09528003499997, -7.932612249999977], [-77.09511967799995, -7.931935092999936], [-77.09482512599999, -7.9313191209999445], [-77.09480591599998, -7.931269002999954], [-77.09480342699999, -7.931260311999949], [-77.09465734799994, -7.930725033999977], [-77.09439596099998, -7.930227378999973], [-77.09410029799994, -7.929808172999969], [-77.09408069499995, -7.929777145999935], [-77.09406434499994, -7.929744299999982], [-77.09397846199994, -7.929547261999971], [-77.09385401699996, -7.929433213999971], [-77.09380052699998, -7.9293841919999295], [-77.09347762899995, -7.9292168259999585], [-77.09345038699996, -7.929201173999957], [-77.09344346499995, -7.929196677999926], [-77.09322064699995, -7.929048279999961], [-77.09318598799996, -7.929022068999927], [-77.09316944299997, -7.929007012999932], [-77.09293819599998, -7.928783128999953], [-77.09280284799996, -7.928652088999968], [-77.09277626999994, -7.928623418999962], [-77.09275294699995, -7.928592059999971], [-77.09273315099995, -7.928558375999955], [-77.09255597099997, -7.928215729999977], [-77.09253892299995, -7.9281774709999695], [-77.09252642399997, -7.928137503999949], [-77.09222245899997, -7.9269218479999495], [-77.09221714299997, -7.926896853999949], [-77.09212510199995, -7.926373690999981], [-77.09203683399994, -7.9260121669999535], [-77.09185399199998, -7.925580796999952], [-77.09184458099998, -7.925556115999939], [-77.09175929999998, -7.925305262999927], [-77.09167952099995, -7.925236369999936], [-77.09164407499998, -7.925201213999969], [-77.09163952499995, -7.925195930999962], [-77.09150554199994, -7.925037263999968], [-77.09132534599996, -7.924966449999943], [-77.09098527399993, -7.924883498999975], [-77.09057913199996, -7.924832753999965], [-77.09020501899994, -7.924816872999941], [-77.08960679099994, -7.924837950999972], [-77.08884071899996, -7.924953648999974], [-77.08878867399994, -7.924957655999947], [-77.08877524999997, -7.924957474999928], [-77.08825698799996, -7.924940938999953], [-77.08821877899999, -7.924937697999951], [-77.08818881499997, -7.924932268999953], [-77.08793903799994, -7.92487611699994], [-77.08791838499997, -7.9248708339999325], [-77.08786779499997, -7.9248521269999515], [-77.08708486199998, -7.9244888489999425], [-77.08707534999996, -7.924484265999979], [-77.08703404699997, -7.924463620999973], [-77.08700204999997, -7.924445546999948], [-77.08699414899996, -7.924440395999966], [-77.08695581399996, -7.924414682999952], [-77.08692066799995, -7.924387855999953], [-77.08688445599995, -7.924356225999929], [-77.08685172099996, -7.9243237179999255], [-77.08682057799996, -7.924288570999977], [-77.08680638499999, -7.924271449999935], [-77.08654698499998, -7.9239381399999615], [-77.08653299899999, -7.923918894999929], [-77.08650823999994, -7.923882355999979], [-77.08616611199994, -7.923397424999962], [-77.08615863899996, -7.923386406999953], [-77.08615005099995, -7.923372555999947], [-77.08598926099995, -7.923099694999962], [-77.08597210499994, -7.923066834999929], [-77.08595841099998, -7.923032396999929], [-77.08594832399996, -7.922996742999942], [-77.08586001199996, -7.922609715999954], [-77.08585233499997, -7.922560781999948], [-77.08585143799996, -7.922511261999944], [-77.08586459799994, -7.922251633999963], [-77.08589049199998, -7.921802300999957], [-77.08588989799995, -7.921684435999964], [-77.08589200999995, -7.921643617999962], [-77.08589872799996, -7.921603296999933], [-77.08590996799995, -7.921563990999971], [-77.08599509999993, -7.921319602999972], [-77.08601434899998, -7.921274478999976], [-77.08603954499995, -7.921232366999959], [-77.08611430599996, -7.921124737999946], [-77.08615832499999, -7.921008898999958], [-77.08635827399996, -7.919955042999959], [-77.08636613699997, -7.919922121999946], [-77.08637035399994, -7.919908536999969], [-77.08695496399997, -7.9181491549999805], [-77.08696113999997, -7.918132026999956], [-77.08708078299998, -7.9178247089999445], [-77.08715779299996, -7.91749088399996], [-77.08718760099998, -7.91736167199997], [-77.08719183099998, -7.917345132999969], [-77.08730039999995, -7.916958946999955], [-77.08732764599995, -7.916809941999929], [-77.08727996399995, -7.916544488999932], [-77.08727823999999, -7.916534000999945], [-77.08727594399994, -7.91651528999995], [-77.08724556799996, -7.916199726999935], [-77.08724402099995, -7.916156196999964], [-77.08724773499995, -7.916112796999926], [-77.08725665699995, -7.916070156999979], [-77.08730504799996, -7.915893024999946], [-77.08726783799995, -7.915703436999934], [-77.08720553999996, -7.915535260999945], [-77.08719404299995, -7.915498223999975], [-77.08718658899994, -7.91546017099995], [-77.08718326499996, -7.915421541999933], [-77.08715891499997, -7.914662220999958], [-77.08716026699994, -7.91461742499996], [-77.08716716499998, -7.914573139999959], [-77.08717950399995, -7.914530045999982], [-77.08757763099999, -7.913408283999956], [-77.08758867799997, -7.913380792999931], [-77.08759791999995, -7.913360270999931], [-77.08762638699994, -7.913271423999959], [-77.08767851899995, -7.913108720999958], [-77.08769318799995, -7.913041311999962], [-77.08765258299997, -7.912942275999967], [-77.08764052699996, -7.912908062999975], [-77.08757514299998, -7.912685428999964], [-77.08756448599996, -7.912637077999932], [-77.08756053599996, -7.912585637999939], [-77.08756037399996, -7.912553616999958], [-77.08754792799994, -7.912505017999933], [-77.08753891499998, -7.912455884999929], [-77.08753678199997, -7.912405982999928], [-77.08756945799996, -7.9111766839999405], [-77.08757276699998, -7.911136600999953], [-77.08757485899997, -7.91112336599997], [-77.08758600099998, -7.911060476999978], [-77.08762908299997, -7.910817301999941], [-77.08764906099998, -7.910704537999948], [-77.08768313799999, -7.910113286999945], [-77.08768869399995, -7.91006770499996], [-77.08769999999998, -7.910023191999926], [-77.08837745199997, -7.907925801999966], [-77.08839570799995, -7.907880169999942], [-77.08841999799995, -7.907837425999958], [-77.08913137799993, -7.906763061999925], [-77.08915749899995, -7.906728339999972], [-77.08923996599998, -7.906631432999973], [-77.08958237299998, -7.90615930499996], [-77.08984785799998, -7.905695123999976], [-77.09001762299994, -7.905300413999953], [-77.09016093099996, -7.904716433999965], [-77.09017410099995, -7.904674163999971], [-77.09019235199997, -7.904633814999954], [-77.09048845599995, -7.904073503999939], [-77.09067148799994, -7.903629256999977], [-77.09068972199998, -7.903591414999937], [-77.09071223299998, -7.9035559339999395], [-77.09073871699997, -7.903523294999957], [-77.09076881599998, -7.903493935999961], [-77.09101998999995, -7.903277085999946], [-77.09138657299997, -7.902870955999958], [-77.09139841699994, -7.902858444999936], [-77.09167013999996, -7.902584788999945], [-77.09175949899998, -7.902205164999941], [-77.09176408699994, -7.902187654999977], [-77.09177042499994, -7.902167879999979], [-77.09195962999996, -7.901631174999977], [-77.09197221699998, -7.901600164999934], [-77.09205231399994, -7.901429519999965], [-77.09259752799994, -7.900267951999979], [-77.09278484299995, -7.8997376229999645], [-77.09280102199995, -7.899699084999952], [-77.09282155099999, -7.899662663999948], [-77.09284615599995, -7.899628846999974], [-77.09311689099997, -7.899298714999929], [-77.09352543099999, -7.898791138999968], [-77.09376482799996, -7.898358919999964], [-77.09385341799998, -7.8980894249999665], [-77.09386257999995, -7.89806465099997], [-77.09399764199998, -7.897736821999956], [-77.09406314399996, -7.897515082999973], [-77.09406569799995, -7.897476766999944], [-77.09407694499998, -7.897424592999926], [-77.09416471599997, -7.897131744999967], [-77.09418797599994, -7.896768928999961], [-77.09418521899994, -7.896221719999971], [-77.09418345199998, -7.895871128999943], [-77.09411455099996, -7.8956906939999385], [-77.09395231899998, -7.895575100999963], [-77.09369765199995, -7.895415301999947], [-77.09350060599996, -7.895372675999965], [-77.09347707499995, -7.895366756999977], [-77.09344901399999, -7.895357442999966], [-77.09307408899997, -7.895215813999926], [-77.09306139299997, -7.895210741999961], [-77.09286882099997, -7.895129590999943], [-77.09168744099998, -7.895415469999932], [-77.09164058699997, -7.895423608999977], [-77.09159306799995, -7.895425562999947], [-77.09057345099995, -7.895400764999977], [-77.09053248599997, -7.895397444999958], [-77.09048119199997, -7.895386534999943], [-77.08906914499994, -7.894974830999956], [-77.08902193499995, -7.894957437999949], [-77.08897637699994, -7.894932925999967], [-77.08813409299995, -7.894398969999941], [-77.08809923499996, -7.894373858999927], [-77.08806760299996, -7.89434480999995], [-77.08803964199996, -7.894312232999937], [-77.08731521599998, -7.893359136999948], [-77.08729147099996, -7.893323745999965], [-77.08727206299994, -7.893285816999935], [-77.08725726199998, -7.893245874999934], [-77.08724727299995, -7.893204475999937], [-77.08712388499998, -7.892517454999961], [-77.08712215999998, -7.892506967999964], [-77.08712001599997, -7.892489800999954], [-77.08705875199996, -7.891880717999925], [-77.08698377499996, -7.891516415999945], [-77.08665723099995, -7.891006563999952], [-77.08663375499998, -7.890963804999956], [-77.08662033999997, -7.89093070399997], [-77.08622484999995, -7.889796578999949], [-77.08621385499998, -7.889758412999981], [-77.08620712499999, -7.889719274999948], [-77.08620473999997, -7.889679636999972], [-77.08620129199994, -7.888992015999975], [-77.08620144399998, -7.888979553999945], [-77.08622524399993, -7.888174508999953], [-77.08587880499994, -7.887099390999936], [-77.08587625199993, -7.887091121999958], [-77.08573522599994, -7.8866081249999525], [-77.08557166399999, -7.886047942999937], [-77.08514668899994, -7.884680217999971], [-77.08490387599994, -7.883936448999975], [-77.08490127099998, -7.883928129999958], [-77.08489733899995, -7.883913975999974], [-77.08462818599997, -7.882862822999925], [-77.08423316699998, -7.881892215999926], [-77.08387597599994, -7.88145831099996], [-77.08384685399994, -7.881417462999934], [-77.08382367899998, -7.881372990999978], [-77.08345968999998, -7.88053767599996], [-77.08344984499996, -7.880512559999943], [-77.08308481199998, -7.8794679669999255], [-77.08307982199995, -7.87945259199995], [-77.08307149799998, -7.879419084999938], [-77.08296479499995, -7.878880637999941], [-77.08276411499997, -7.87844182799995], [-77.08275316699996, -7.878415113999949], [-77.08239688499998, -7.877435842999944], [-77.08235930599994, -7.877364888999978], [-77.08211798999997, -7.876909250999972], [-77.08210989699995, -7.876892995999981], [-77.08169753099997, -7.876009703999955], [-77.08168181799994, -7.8759699469999305], [-77.08167091799999, -7.875928619999968], [-77.08166498399999, -7.875886298999944], [-77.08166409899997, -7.875843575999966], [-77.08170657699998, -7.8747431409999535], [-77.08171097099995, -7.874699247999956], [-77.08172069299997, -7.874656214999959], [-77.08173559799997, -7.8746146829999475], [-77.08175546399997, -7.87457526999998], [-77.08223112899998, -7.873759698999947], [-77.08223856799998, -7.873747503999937], [-77.08226031299995, -7.8737170029999675], [-77.08283239999997, -7.8729966239999385], [-77.08285867599994, -7.87296701799994], [-77.08288803599999, -7.8729404499999305], [-77.08292013099998, -7.872917236999967], [-77.08363845799994, -7.872458583999958], [-77.08367796899995, -7.872436691999951], [-77.08408659399998, -7.872242476999929], [-77.08484225299998, -7.871893461999946], [-77.08502746299996, -7.871644648999961], [-77.08505763499994, -7.8715112459999546], [-77.08499470499999, -7.8713382739999815], [-77.08477208399995, -7.871078567999973], [-77.08474744799997, -7.871046331999935], [-77.08472658499994, -7.871011548999945], [-77.08470975599994, -7.870974656999977], [-77.08469717299994, -7.870936118999964], [-77.08452604199994, -7.8702911859999745], [-77.08451793199998, -7.870251939999946], [-77.08451398399995, -7.870200499999953], [-77.08451087599997, -7.869578649999937], [-77.08450812699994, -7.869028552999964], [-77.08450922899993, -7.868998518999945], [-77.08455404199998, -7.868427968999981], [-77.08457344399994, -7.868091487999948], [-77.08449546799994, -7.867657236999946], [-77.08412817499999, -7.867103149999934], [-77.08359906099997, -7.866343855999958], [-77.08357621399995, -7.86630641499994], [-77.08355807699996, -7.866266490999976], [-77.08334602899998, -7.865712647999942], [-77.08333738299996, -7.865687279999975], [-77.08332646399998, -7.8656391009999425], [-77.08320734599994, -7.864873229999944], [-77.08320415599997, -7.8648447489999285], [-77.08316319199997, -7.864274795999961], [-77.08315600499998, -7.864197942999965], [-77.08310273899997, -7.86362838499997], [-77.08310216099994, -7.863621483999964], [-77.08301986799995, -7.862512100999936], [-77.08301888499994, -7.862487227999964], [-77.08301893199996, -7.862479368999971], [-77.08303271699998, -7.86165927899998], [-77.08279044199998, -7.860912879999944], [-77.08239128499997, -7.8602285659999325], [-77.08202547699995, -7.8598846119999735], [-77.08169850299998, -7.85958078799996], [-77.08167009699997, -7.859551225999951], [-77.08164522499999, -7.8595186509999735], [-77.08162420599996, -7.859483481999973], [-77.08160730899993, -7.859446167999977], [-77.08139347099996, -7.858892331999925], [-77.08138445699996, -7.858866008999939], [-77.08137969399996, -7.858848545999933], [-77.08126336499998, -7.85837558399993], [-77.08117543399999, -7.858056240999929], [-77.08113381499999, -7.857905089999974], [-77.08103232399998, -7.857659786999932], [-77.08084309599997, -7.857553203999942], [-77.08016980699995, -7.857200353999929], [-77.08016229999998, -7.857196305999935], [-77.07970049399995, -7.856940277999968], [-77.07966367199998, -7.85691686399997], [-77.07962993999996, -7.856889204999959], [-77.07959978699995, -7.856857702999946], [-77.07957364999999, -7.8568228139999405], [-77.07919610799996, -7.856249864999938], [-77.07918304399999, -7.856228329999965], [-77.07895071499996, -7.8558133069999485], [-77.07893797399998, -7.855788315999973], [-77.07866112199997, -7.855186039999978], [-77.07853428799996, -7.8549086679999505], [-77.07816923399997, -7.8542170299999725], [-77.07761157699997, -7.85336441499993], [-77.07732182499996, -7.853028618999929], [-77.07687795799995, -7.852706535999971], [-77.07634342399996, -7.85238751299994], [-77.07633511699999, -7.852382401999932], [-77.07629569899996, -7.852353517999973], [-77.07580325799995, -7.851938856999936], [-77.07578740699995, -7.85192458399996], [-77.07540345599995, -7.851557720999949], [-77.07486651899995, -7.851402405999977], [-77.07424056699995, -7.851265828999942], [-77.07419657399998, -7.851253282999949], [-77.07415451499998, -7.851235311999972], [-77.07411506099999, -7.851212201999942], [-77.07352733499994, -7.850816196999972], [-77.07257094799996, -7.8502107639999394], [-77.07188486599995, -7.849816196999939], [-77.07187886499997, -7.84981266799997], [-77.07095506499996, -7.849257535999925], [-77.07094769199995, -7.849252983999975], [-77.07094053699996, -7.849248329999966], [-77.07044960699994, -7.848920677999956], [-77.07041821099995, -7.848897172999955], [-77.07038954699993, -7.848870420999958], [-77.07036395099993, -7.848840735999943], [-77.07034172299996, -7.84880846599998], [-77.06978912799997, -7.847904981999932], [-77.06935592199994, -7.84717474699994], [-77.06915216999994, -7.846946743999979], [-77.06913856799997, -7.846930450999935], [-77.06871282199995, -7.846388790999981], [-77.06815782499996, -7.845786006999958], [-77.06776102199996, -7.845444251999936], [-77.06738607799997, -7.845276518999981], [-77.06734211099996, -7.845253053999954], [-77.06694660099998, -7.84500565999997], [-77.06690410499994, -7.8449743619999595], [-77.06686901399996, -7.844939952999937], [-77.06659538599996, -7.844632523999962], [-77.06627118699998, -7.844303751999973], [-77.06604495299996, -7.844152917999963], [-77.06545993499998, -7.843774468999925], [-77.06544026799997, -7.843760804999931], [-77.06493336899996, -7.843383200999938], [-77.06459116199994, -7.843140737999931], [-77.06416913399994, -7.842954268999961], [-77.06364731499997, -7.842780568999956], [-77.06363951799995, -7.842777873999978], [-77.06341466699996, -7.842697310999938], [-77.06294312099999, -7.842528356999935], [-77.06221867099998, -7.842337660999931], [-77.06136408599997, -7.842162121999934], [-77.06133679299995, -7.84215540699995], [-77.06131749199994, -7.842149270999926], [-77.06075908599996, -7.841954443999953], [-77.05976965299999, -7.841675065999937], [-77.05973950799995, -7.841665033999959], [-77.05904742699994, -7.841400534999934], [-77.05903278699998, -7.841394570999967], [-77.05854975199998, -7.841185424999935], [-77.05853589199995, -7.8411789679999515], [-77.05768955599996, -7.8407621429999494], [-77.05766509499995, -7.840748907999966], [-77.05708776599994, -7.840407304999928], [-77.05704839399993, -7.840380362999952], [-77.05701291199995, -7.840348494999944], [-77.05698193899997, -7.840312252999979], [-77.05671854899998, -7.839959427999929], [-77.05644110199995, -7.839634126999954], [-77.05602082699994, -7.839305665999973], [-77.05524006599995, -7.838804091999975], [-77.05471918099994, -7.838609968999947], [-77.05469710299997, -7.838600903999975], [-77.05464976799993, -7.838575238999965], [-77.05463052399995, -7.838562716999945], [-77.05319635199999, -7.837629481999954], [-77.05315884999999, -7.837601473999939], [-77.05236378799998, -7.836923480999928], [-77.05235778199994, -7.836918234999928], [-77.05172150599998, -7.836350051999943], [-77.05157724599997, -7.836221228999932], [-77.05154569699994, -7.836189329999968], [-77.05151834599997, -7.836153784999965], [-77.05149561299999, -7.836115139999947], [-77.05115654899998, -7.835447076999969], [-77.05115097899994, -7.83543560499993], [-77.05113734699995, -7.835401857999955], [-77.05072375399999, -7.834207950999939], [-77.05071288899995, -7.8341699839999706], [-77.05070623899996, -7.834131060999937], [-77.05070388399997, -7.834091647999969], [-77.05070085399996, -7.833472363999931], [-77.05063049099994, -7.8330118049999555], [-77.05058321299998, -7.832781908999948], [-77.05057976599994, -7.832762471999956], [-77.05057641799993, -7.832730031999972], [-77.05056331399999, -7.832502870999974], [-77.05056271999996, -7.83248386799994], [-77.05056077599994, -7.8320865019999815], [-77.05053838299995, -7.831904357999974], [-77.05053727299997, -7.831894128999977], [-77.05048689599994, -7.831358586999954], [-77.05042454699998, -7.830777356999931], [-77.05037901299994, -7.830396510999947], [-77.05030240999997, -7.830161740999927], [-77.05007851499994, -7.8297414489999255], [-77.04974904199997, -7.829326433999938], [-77.04972925499999, -7.829298961999939], [-77.04971615199997, -7.829277210999976], [-77.04943787799994, -7.8287762769999745], [-77.04943468199997, -7.828770395999925], [-77.04903488999997, -7.828018206999957], [-77.04868567899996, -7.827354183999944], [-77.04836350599999, -7.82687730899994], [-77.04795834799995, -7.826336200999947], [-77.04794403599999, -7.8263156319999325], [-77.04765323399994, -7.825861391999979], [-77.04762976699999, -7.825818626999933], [-77.04762483699994, -7.825807514999951], [-77.04738219399997, -7.825234648999981], [-77.04737816599999, -7.825224731999981], [-77.04706240499996, -7.8244130369999425], [-77.04705366099995, -7.824387842999954], [-77.04691028499997, -7.8239195309999445], [-77.04669488299999, -7.823331828999926], [-77.04668803599998, -7.823311255999954], [-77.04668023899995, -7.823280333999946], [-77.04662161199997, -7.822995224999943], [-77.04647649299994, -7.822788341999967], [-77.04625125499996, -7.8226063789999785], [-77.04624486399996, -7.822601094999925], [-77.04590694799998, -7.822315076999928], [-77.04586944899995, -7.822278143999938], [-77.04584406899994, -7.822245657999929], [-77.04553006299994, -7.82179272999997], [-77.04552423799998, -7.821784063999928], [-77.04551830399998, -7.821774638999955], [-77.04533613699994, -7.821475170999975], [-77.04489251899997, -7.82113673799995], [-77.04443619099999, -7.82076617499996], [-77.04408053099996, -7.820624385999963], [-77.04359028199997, -7.8204258449999315], [-77.04306161199997, -7.820217920999937], [-77.04288773099995, -7.820122683999955], [-77.04262873899995, -7.819980830999953], [-77.04233967599998, -7.8197239099999365], [-77.04224243799996, -7.819456491999972], [-77.04221165599995, -7.819045241999959], [-77.04216201299994, -7.818701054999963], [-77.04217933799998, -7.818318274999967], [-77.04214878999994, -7.817954860999976], [-77.04183208599994, -7.817497057999958], [-77.04170512099995, -7.817255167999974], [-77.04151275999999, -7.816586939999979], [-77.04138034399995, -7.816331401999946], [-77.04124532699996, -7.816219449999949], [-77.04107138999996, -7.816126370999939], [-77.04074507399997, -7.8159626829999524], [-77.04073416699998, -7.815956977999974], [-77.04050571199997, -7.815832508999961], [-77.04047542499995, -7.815814032999981], [-77.04044709599998, -7.815792691999945], [-77.04042099499998, -7.815768688999981], [-77.04019804299998, -7.815542539999967], [-77.04018216799994, -7.815525348999927], [-77.04002774199995, -7.815344632999938], [-77.03983928999997, -7.815158508999957], [-77.03960414099998, -7.815014163999933], [-77.03959965399997, -7.815011363999929], [-77.03957452499998, -7.81499390099998], [-77.03933981399996, -7.814815644999953], [-77.03931270699997, -7.814792887999943], [-77.03928795799999, -7.814767601999961], [-77.03926580099994, -7.814740026999971], [-77.03900623599998, -7.814382501999944], [-77.03899585199997, -7.814367408999942], [-77.03899186299998, -7.8143611439999745], [-77.03878035199995, -7.814021324999942], [-77.03875932799997, -7.813982428999964], [-77.03874627899995, -7.813950346999945], [-77.03865217999999, -7.813682898999957], [-77.03855446099999, -7.813564959999951], [-77.03844098799993, -7.8134745999999495], [-77.03792920399997, -7.8132662519999485], [-77.03784074199996, -7.813186186999928], [-77.03771457199997, -7.81306559199993], [-77.03763130299996, -7.812996625999972], [-77.03755886799996, -7.812936632999936], [-77.03737620999993, -7.812826763999965], [-77.03651383099998, -7.812332498999979], [-77.03594670799998, -7.8121056129999715], [-77.03557145299999, -7.8118778019999695], [-77.03496403699995, -7.81147998299997], [-77.03479650099996, -7.8113145099999315], [-77.03477813299997, -7.811294970999938], [-77.03441434799998, -7.810875808999981], [-77.03397878999994, -7.810362053999938], [-77.03396935499995, -7.810350445999973], [-77.03361860699994, -7.809900226999957], [-77.03323779199997, -7.809501974999932], [-77.03294980199996, -7.80927025099993], [-77.03266209299994, -7.8090955839999765], [-77.03226988899996, -7.808872888999929], [-77.03223548899996, -7.808850700999926], [-77.03220381899996, -7.808824781999931], [-77.03217528499994, -7.808795464999946], [-77.03196914199998, -7.808555964999925], [-77.03193871399998, -7.808515113999931], [-77.03191433799998, -7.808470406999959], [-77.03189649899997, -7.808422728999972], [-77.03175489299997, -7.807937339999967], [-77.03155425299997, -7.807441628999925], [-77.03132350899995, -7.8068683659999465], [-77.03131259399998, -7.806837205999955], [-77.03130600699996, -7.806811932999949], [-77.03114664999998, -7.806095136999943], [-77.03114288799998, -7.806075713999974], [-77.03099465599996, -7.805179473999942], [-77.03098998399997, -7.805131436999943], [-77.03099176899997, -7.805083205999949], [-77.03111762899994, -7.803876762999948], [-77.03119581499999, -7.803032557999927], [-77.03120317999998, -7.802114906999975], [-77.03120423199994, -7.8020901169999775], [-77.03124936999995, -7.801503891999971], [-77.03125488399996, -7.8014630149999675], [-77.03126502699996, -7.801423028999977], [-77.03136018399994, -7.801121517999945], [-77.03140939099995, -7.800971855999933], [-77.03143985899999, -7.800740757999961], [-77.03144781299994, -7.800699921999978], [-77.03146041799994, -7.800660267999945], [-77.03147750699998, -7.800622320999935], [-77.03156209399998, -7.800460148999946], [-77.03156999099997, -7.800356843999964], [-77.03157238799997, -7.8003345929999455], [-77.03157428599997, -7.800322479999977], [-77.03161779799996, -7.800072526999941], [-77.03164343599997, -7.799708080999949], [-77.03164571299999, -7.799685704999945], [-77.03167870599998, -7.799438364999958], [-77.03166449299994, -7.7990487529999655], [-77.03162508099996, -7.798925065999981], [-77.03148946099998, -7.798516336999967], [-77.03148628699995, -7.79850627999997], [-77.03147816599994, -7.798473754999975], [-77.03140739299994, -7.798121372999958], [-77.03140620899995, -7.798113088999969], [-77.03140166099996, -7.798081279999963], [-77.03140045799995, -7.798040799999967], [-77.03140857399995, -7.797734600999945], [-77.03141087599994, -7.797702372999936], [-77.03144405699999, -7.797417911999958], [-77.03142502899993, -7.797095610999975], [-77.03140413499995, -7.79674171399995], [-77.03140404099997, -7.796700839999971], [-77.03140857499994, -7.796660216999953], [-77.03148183099995, -7.796227814999952], [-77.03153341099994, -7.795808809999926], [-77.03153175099999, -7.795464531999926], [-77.03150464299995, -7.795276525999952], [-77.03137255599995, -7.795160041999964], [-77.03115607799998, -7.795056643999942], [-77.03089052799999, -7.795026777999965], [-77.03088128599995, -7.795025618999944], [-77.03084675899999, -7.795019122999975], [-77.03044047899994, -7.794922138999937], [-77.02996434299996, -7.79488013699995], [-77.02986910199996, -7.79489960899997], [-77.02984961099997, -7.794903043999966], [-77.02981196199994, -7.794906637999929], [-77.02931321699998, -7.794928163999941], [-77.02908082999994, -7.794889890999968], [-77.02890798199996, -7.79485484099996], [-77.02873499599997, -7.794791089999933], [-77.02834565999996, -7.79462313199997], [-77.02772541799999, -7.794402576999971], [-77.02732676299996, -7.7943091719999416], [-77.02714187099997, -7.794321585999967], [-77.02697632399997, -7.794345533999945], [-77.02687936699994, -7.794381875999932], [-77.02670330199999, -7.7944257729999435], [-77.02641300299996, -7.794507196999973], [-77.02608847599998, -7.794557332999943], [-77.02608308699996, -7.794558108999979], [-77.02591587599994, -7.794580865999933], [-77.02530002399999, -7.794629138999937], [-77.02499402999996, -7.794585754999957], [-77.02459492999998, -7.794506937999927], [-77.02402741999998, -7.794318299999929], [-77.02342659999994, -7.79414996099996], [-77.02289294499997, -7.793894186999978], [-77.02285547899999, -7.793873426999937], [-77.02282073099997, -7.79384840299997], [-77.02278918699994, -7.7938194639999665], [-77.02247103099995, -7.793490902999963], [-77.02244372699994, -7.793459234999943], [-77.02242026799996, -7.793424638999966], [-77.02240096499997, -7.79338757499994], [-77.02238607599998, -7.793348537999975], [-77.02225457199995, -7.792932977999953], [-77.02224535899995, -7.792897785999969], [-77.02223973599996, -7.792861849999952], [-77.02221618099998, -7.7926377709999315], [-77.02220957899993, -7.7925749669999504], [-77.02220760699998, -7.792538995999962], [-77.02220801699997, -7.792519987999981], [-77.02221869199997, -7.792297425999948], [-77.02217271299997, -7.79210003999998], [-77.02213526799994, -7.79204722999998], [-77.02204027799996, -7.791961219999962], [-77.02181157099994, -7.791871231999949], [-77.02139145699994, -7.791700214999935], [-77.02135049199995, -7.791680461999931], [-77.02131232999994, -7.791655746999936], [-77.02096574199999, -7.791399076999937], [-77.02056138999995, -7.791099627999927], [-77.02054142199995, -7.791083721999939], [-77.02051514199997, -7.791058849999956], [-77.02026928199996, -7.790801698999928], [-77.02025741499995, -7.79078865799994], [-77.01993766599998, -7.7904154359999325], [-77.01993381099999, -7.790410859999952], [-77.01967328699999, -7.790096371999937], [-77.01964790599999, -7.7900617389999525], [-77.01962681599997, -7.790024351999932], [-77.01961031399998, -7.789984736999941], [-77.01952737499994, -7.789746668999953], [-77.01942063799999, -7.789440289999959], [-77.01940945399997, -7.789401237999925], [-77.01940273099996, -7.789361181999936], [-77.01934255999998, -7.7888161169999535], [-77.01934038599995, -7.788778273999981], [-77.01934408399995, -7.788725031999945], [-77.01940010899995, -7.788349868999944], [-77.01940539699996, -7.78832200599993], [-77.01951817599996, -7.787833522999961], [-77.01952313199996, -7.78781444599997], [-77.01952817499995, -7.787798416999976], [-77.01981197499998, -7.786964686999966], [-77.01982477899998, -7.786932288999935], [-77.01984038499995, -7.786901728999965], [-77.01986360799998, -7.786861137999949], [-77.01982970799997, -7.786788294999951], [-77.01974888199999, -7.786691657999938], [-77.01959441099996, -7.786574364999979], [-77.01900593999994, -7.7863692609999475], [-77.01897585199998, -7.786357241999951], [-77.01821431599996, -7.786011090999978], [-77.01796003999993, -7.785931271999971], [-77.01723547499995, -7.785695421999947], [-77.01636909199993, -7.785386036999967], [-77.01597943899998, -7.785232932999975], [-77.01591271999996, -7.785194639999929], [-77.01579618599999, -7.785129240999936], [-77.01554471599997, -7.7849466639999605], [-77.01532386999997, -7.784824694999941], [-77.01528466599996, -7.784799633999967], [-77.01524900499999, -7.784769768999979], [-77.01521747699996, -7.784735590999958], [-77.01518780999999, -7.784698964999961], [-77.01491500999998, -7.784411511999963], [-77.01469076899997, -7.7841992209999376], [-77.01466579699996, -7.784173095999961], [-77.01464356099996, -7.78414461899996], [-77.01462428299999, -7.784114071999966], [-77.01449211899995, -7.783879450999962], [-77.01442948199997, -7.7837985589999334], [-77.01430419699994, -7.783730609999964], [-77.01428284599996, -7.783718067999928], [-77.01423931799997, -7.783685637999952], [-77.01410055399998, -7.783563389999927], [-77.01406825099997, -7.783531085999925], [-77.01404028399998, -7.783494981999979], [-77.01401709799995, -7.783455652999976], [-77.01382062899995, -7.783055957999977], [-77.01381414699995, -7.783034855999972], [-77.01375544699994, -7.782795945999965], [-77.01374896999994, -7.782763048999925], [-77.01374503299996, -7.7827116049999745], [-77.01374337599998, -7.782364444999928], [-77.01371583199995, -7.782077430999948], [-77.01367832499994, -7.781850563999967], [-77.01367743499998, -7.781844898999964], [-77.01367461699994, -7.7818201629999635], [-77.01365524099998, -7.781575120999946], [-77.01361813699998, -7.78133328399997], [-77.01361314699994, -7.781304276999947], [-77.01356253299997, -7.781147033999957], [-77.01356035699996, -7.7811400299999605], [-77.01354909599996, -7.781089506999933], [-77.01353915999994, -7.781022418999953], [-77.01353527199996, -7.78097129899993], [-77.01353613499998, -7.780944581999961], [-77.01355408799998, -7.780686171999946], [-77.01355666999996, -7.780661408999947], [-77.01356091199995, -7.780637083999977], [-77.01361718999993, -7.780368924999948], [-77.01362642499998, -7.7803338109999345], [-77.01363914499996, -7.78029979799993], [-77.01365521999998, -7.780267228999946], [-77.01382642799996, -7.779960252999956], [-77.01383733499995, -7.779941982999958], [-77.01385602599998, -7.779915388999939], [-77.01398950299995, -7.779742537999937], [-77.01401677299998, -7.779711133999967], [-77.01404747599997, -7.779683058999979], [-77.01408120699995, -7.779658683999969], [-77.01438918699995, -7.779464650999955], [-77.01443062299995, -7.7794421669999565], [-77.01446358699997, -7.7794288789999655], [-77.01479878599997, -7.779312475999973], [-77.01481404799995, -7.779307550999931], [-77.01513588999995, -7.779211479999958], [-77.01555357099994, -7.779076743999951], [-77.01555998899994, -7.779074739999942], [-77.01601088699994, -7.778938450999931], [-77.01603440899999, -7.77893224099995], [-77.01649544899993, -7.778826906999939], [-77.01748173699997, -7.778597127999944], [-77.01820727699999, -7.778342772999963], [-77.01822722999998, -7.778335393999953], [-77.01894673499999, -7.7780693059999635], [-77.01963163899995, -7.777795138999977], [-77.01966288199998, -7.777784254999972], [-77.01967056199999, -7.777782056999968], [-77.02057076299997, -7.7775351849999765], [-77.02145512799996, -7.777264574999947], [-77.02216310399996, -7.776975486999959], [-77.02276743999994, -7.776623384999937], [-77.02328004299994, -7.776232637999954], [-77.02328489399997, -7.776229003999958], [-77.02363390999994, -7.775972836999927], [-77.02365803199996, -7.775954990999935], [-77.02367554299997, -7.775942221999969], [-77.02370053899995, -7.775928027999953], [-77.02372065199995, -7.7759169589999715], [-77.02410213799999, -7.775710371999935], [-77.02412268499995, -7.775700093999944], [-77.02414790899996, -7.775689590999946], [-77.02468294799996, -7.7754900879999695], [-77.02537791799995, -7.775179535999939], [-77.02564360699995, -7.774970101999941], [-77.02603592199995, -7.774506895999934], [-77.02605514999993, -7.774486076999949], [-77.02629944299997, -7.774241556999925], [-77.02666671399999, -7.77384326899994], [-77.02668974599999, -7.773820434999948], [-77.02726282099997, -7.773301052999955], [-77.02726791299995, -7.773296524999978], [-77.02728421799998, -7.773283112999934], [-77.02784331599997, -7.772849903999941], [-77.02788293399993, -7.7728231909999295], [-77.02792573199997, -7.7728019099999415], [-77.02822142799994, -7.772678438999947], [-77.02855182699994, -7.77254047699995], [-77.02920668799999, -7.772091752999927], [-77.02945804999996, -7.771827594999934], [-77.02987065399998, -7.771374323999964], [-77.03018435299998, -7.771002640999939], [-77.03042754399996, -7.770681105999927], [-77.03046990499996, -7.770389930999954], [-77.03047586599996, -7.77035869599996], [-77.03060414699996, -7.769817276999959], [-77.03064885499998, -7.769525800999929], [-77.03060029899996, -7.769243572999926], [-77.03052243499997, -7.768846235999945], [-77.03051964499997, -7.768830050999952], [-77.03051755999996, -7.768813429999966], [-77.03045715499997, -7.7682205339999655], [-77.03045530199995, -7.768185710999944], [-77.03045677099993, -7.768151419999981], [-77.03049320899999, -7.767749409999965], [-77.03049518399996, -7.767732222999939], [-77.03049680499998, -7.767721718999951], [-77.03057142999995, -7.767281256999979], [-77.03057676899994, -7.767255486999943], [-77.03076049199996, -7.766507298999954], [-77.03080847899997, -7.766160407999962], [-77.03079349499995, -7.765938376999941], [-77.03064432199994, -7.765499055999953], [-77.03046732599995, -7.765184851999948], [-77.03044812099995, -7.765145308999934], [-77.03043386699994, -7.765103735999958], [-77.03042477299994, -7.765060743999925], [-77.03032560899999, -7.764391330999956], [-77.03032171999996, -7.764340210999933], [-77.03031923899994, -7.7638235769999255], [-77.03032126599999, -7.763783623999927], [-77.03032770499993, -7.763744138999925], [-77.03033847799998, -7.763705604999927], [-77.03048338899998, -7.763279853999961], [-77.03052765999996, -7.7631497859999286], [-77.03054046199998, -7.7631173889999445], [-77.03055135599999, -7.763095325999927], [-77.03079855099998, -7.76263490499997], [-77.03080898699994, -7.76261674899996], [-77.03105645699998, -7.762213731999964], [-77.03107913699995, -7.7621809899999334], [-77.03110528599996, -7.762150930999951], [-77.03113458999997, -7.762123921999944], [-77.03148621699995, -7.761833907999971], [-77.03157999599995, -7.761591457999941], [-77.03158774199994, -7.761572973999932], [-77.03161052399997, -7.761530412999946], [-77.03185416099996, -7.761140349999948], [-77.03188585599997, -7.761097480999979], [-77.03190340099997, -7.761078503999954], [-77.03218974799995, -7.7607901529999594], [-77.03239056599995, -7.760371953999936], [-77.03264259599996, -7.759834634999947], [-77.03285266199998, -7.759324919999926], [-77.03285748299999, -7.759313759999941], [-77.03286293999997, -7.75930223499995], [-77.03311648499994, -7.758790344999966], [-77.03346052799998, -7.758025705999955], [-77.03368066399997, -7.75731392199998], [-77.03368679999994, -7.7572957969999266], [-77.03399975299999, -7.7564462899999285], [-77.03440811199994, -7.75536331099994], [-77.03462849999994, -7.754639634999933], [-77.03464426999994, -7.754597482999941], [-77.03497674199997, -7.753853719999938], [-77.03500162599994, -7.753807627999947], [-77.03501647799999, -7.7537860919999275], [-77.03537388199999, -7.753306007999981], [-77.03601868499999, -7.752439897999977], [-77.03664425199997, -7.751622974999975], [-77.03717609999995, -7.750596184999949], [-77.03717874799997, -7.750591168999961], [-77.03761460199996, -7.749781104999954], [-77.03790665699995, -7.748869940999953], [-77.03808531999994, -7.748072714999978], [-77.03812450099997, -7.747574909999969], [-77.03801200499998, -7.747027546999959], [-77.03791378599993, -7.74654964299998], [-77.03791067399999, -7.746532381999941], [-77.03783626799998, -7.7460532749999516], [-77.03783216499994, -7.746000743999957], [-77.03783419099994, -7.745960800999967], [-77.03790302499993, -7.745314667999935], [-77.03791145399998, -7.745266645999948], [-77.03792628299993, -7.745220191999977], [-77.03815849299997, -7.744633004999969], [-77.03816183199996, -7.744622423999942], [-77.03834360099995, -7.744046350999952], [-77.03835892099994, -7.744006269999943], [-77.03836819899993, -7.7439872509999645], [-77.03858205999995, -7.743579609999927], [-77.03860351499998, -7.74354388699993], [-77.03862894499997, -7.7435108609999475], [-77.03865801399996, -7.7434809699999505], [-77.03869033499996, -7.743454610999947], [-77.03872547999998, -7.743432132999942], [-77.03933190199996, -7.743091753999977], [-77.03935751199998, -7.743078684999944], [-77.03936865299994, -7.743073769999967], [-77.03962050899997, -7.742967680999925], [-77.03989414899996, -7.742776779999929], [-77.04036652599996, -7.742419857999948], [-77.04038797399994, -7.74240483799997], [-77.04039395299998, -7.74240104699993], [-77.04069339199998, -7.74221526599996], [-77.04106817899998, -7.741942538999979], [-77.04120228099998, -7.741762397999935], [-77.04123804499994, -7.741591934999974], [-77.04116962299997, -7.741350741999952], [-77.04085581899994, -7.741077225999959], [-77.04080555899998, -7.741042075999928], [-77.04029420599994, -7.74068445599994], [-77.04026708099997, -7.7406635099999335], [-77.04024206299994, -7.7406400999999505], [-77.04021937599998, -7.740614434999941], [-77.03966451499997, -7.739923448999946], [-77.03963770099995, -7.739885246999961], [-77.03961603999994, -7.739843919999942], [-77.03928958099993, -7.739109248999966], [-77.03906588899997, -7.738778017999948], [-77.03904717499995, -7.738747073999946], [-77.03903164999997, -7.738714420999941], [-77.03901946999997, -7.738680385999942], [-77.03882440499996, -7.738035088999936], [-77.03881303999998, -7.737984302999962], [-77.03881120599993, -7.737970058999963], [-77.03873714799994, -7.737287938999941], [-77.03864136099997, -7.736731152999937], [-77.03854800599998, -7.736276898999961], [-77.03837388999995, -7.735721934999958], [-77.03805003499997, -7.735231766999959], [-77.03777805099998, -7.734901115999946], [-77.03709386899999, -7.73440566499994], [-77.03707076199998, -7.734387457999958], [-77.03703336399997, -7.734350407999955], [-77.03652977899998, -7.733769936999977], [-77.03649988199999, -7.733730270999956], [-77.03647714999994, -7.733689916999936], [-77.03613805899994, -7.732985932999952], [-77.03613578599999, -7.732981123999934], [-77.03611838799998, -7.7329358589999515], [-77.03600061399999, -7.732554769999979], [-77.03585993799999, -7.732197362999955], [-77.03585003899997, -7.7321687479999355], [-77.03584611099996, -7.7321545929999616], [-77.03576453799997, -7.731835617999934], [-77.03567333399997, -7.731576817999951], [-77.03553460899997, -7.731351916999927], [-77.03523269399994, -7.730961984999965], [-77.03522399799994, -7.730950271999973], [-77.03491015199995, -7.730509271999949], [-77.03490161799994, -7.730496731999949], [-77.03459953399994, -7.730031578999956], [-77.03457481499998, -7.729986891999943], [-77.03438094999996, -7.729569175999927], [-77.03436261399997, -7.72952085999998], [-77.03435359899999, -7.729483712999979], [-77.03425516399994, -7.7289579699999535], [-77.03425291799994, -7.728944594999973], [-77.03414615999998, -7.728223777999972], [-77.03397540699996, -7.727720832999978], [-77.03372706099998, -7.727035240999953], [-77.03338563799997, -7.726306364999971], [-77.03311519099998, -7.7259280429999535], [-77.03310632499995, -7.725915051999948], [-77.03310103599995, -7.7259066809999695], [-77.03278685299995, -7.725393922999956], [-77.03277927199997, -7.725380949999931], [-77.03238012499997, -7.724664251999968], [-77.03218423699997, -7.724167565999949], [-77.03212519899995, -7.723980469999958], [-77.03186434799994, -7.723350423999932], [-77.03185207499996, -7.723315925999941], [-77.03184064999994, -7.723264263999965], [-77.03176601099995, -7.722737102999929], [-77.03176514599994, -7.722726355999953], [-77.03176252199995, -7.722693739999954], [-77.03174686899996, -7.72190995699998], [-77.03174487899997, -7.721870431999946], [-77.03172190699996, -7.721414251999931], [-77.03160463999995, -7.720798996999974], [-77.03154460299999, -7.720529706999969], [-77.03153989799995, -7.720504374999962], [-77.03153647599999, -7.72047054799998], [-77.03151015599997, -7.719980337999971], [-77.03150964099996, -7.719962721999934], [-77.03151317799995, -7.719910583999933], [-77.03161768899997, -7.719179904999976], [-77.03162013799994, -7.719165011999962], [-77.03165898099996, -7.718956184999968], [-77.03165238299994, -7.718836028999931], [-77.03150577399998, -7.71854699499994], [-77.03126535099994, -7.718081379999944], [-77.03092257799995, -7.7177028829999585], [-77.03001338899998, -7.71719841099997], [-77.02999774199998, -7.717189209999958], [-77.02915990899999, -7.716667865999966], [-77.02836644599995, -7.716051998999944], [-77.02783027099997, -7.7153841859999375], [-77.02780919599996, -7.715355084999942], [-77.02779665399999, -7.7153343289999725], [-77.02731296099995, -7.714469562999966], [-77.02730049999997, -7.714445154999964], [-77.02729119999998, -7.71442322799993], [-77.02699184799997, -7.713647132999938], [-77.02641943999998, -7.713179996999941], [-77.02523684799996, -7.712729011999954], [-77.02472790099995, -7.712459646999946], [-77.02408089599999, -7.712003256999935], [-77.02406143199994, -7.711988520999967], [-77.02321893299995, -7.711304836999943], [-77.02319221199997, -7.711280861999967], [-77.02316800299997, -7.711254363999956], [-77.02296828899995, -7.711012737999965], [-77.02266164299994, -7.71053937399995], [-77.02247571899994, -7.710036779999939], [-77.02246847399994, -7.71001511399993], [-77.02246127699993, -7.70998702299994], [-77.02226509199994, -7.709069462999935], [-77.02226105699998, -7.709047191999957], [-77.02225980599997, -7.709037986999931], [-77.02224685199997, -7.708932465999965], [-77.02217657899996, -7.708192696999959], [-77.02217447599998, -7.707749629999967], [-77.02207513499997, -7.7067139939999265], [-77.02207356799994, -7.706671925999956], [-77.02207691199999, -7.706629960999976], [-77.02208512299995, -7.7065886689999274], [-77.02209808899994, -7.706548607999935], [-77.02233547399999, -7.705939053999941], [-77.02249704999997, -7.70526251299998], [-77.02262648299995, -7.70458130399993], [-77.02263432199999, -7.704548508999949], [-77.02263434599996, -7.704548409999973], [-77.02263992899998, -7.704530802999955], [-77.02277238699997, -7.704147474999957], [-77.02277690299996, -7.704135140999938], [-77.02291526599998, -7.703777436999928], [-77.02287274299994, -7.7034114739999495], [-77.02260042099994, -7.702857885999947], [-77.02237238999999, -7.702512681999963], [-77.02185249399997, -7.702226079999946], [-77.02100242799997, -7.70209222699998], [-77.02095846699996, -7.702082478999955], [-77.02093556399996, -7.702075057999934], [-77.02046478899996, -7.70190506199998], [-77.02043973399998, -7.701894944999935], [-77.02020062099996, -7.701787882999952], [-77.02009556999997, -7.70179226099998], [-77.01993804799997, -7.701861464999979], [-77.01989571099995, -7.701877004999972], [-77.01988635699996, -7.701879657999939], [-77.01956067099997, -7.701967300999968], [-77.01951738999998, -7.701976158999969], [-77.01915101099996, -7.702026019999948], [-77.01913446999998, -7.702027885999939], [-77.01868387399998, -7.7020682789999455], [-77.01865314099996, -7.70206972699998], [-77.01861196999994, -7.702067581999927], [-77.01827590699997, -7.702030871999966], [-77.01777670799999, -7.701975795999942], [-77.01776666399996, -7.701974545999974], [-77.01771480199994, -7.701963445999979], [-77.01710843599994, -7.7017841399999725], [-77.01706243499996, -7.701767080999957], [-77.01702767399996, -7.70174912899995], [-77.01667181099998, -7.701540316999967], [-77.01666106199997, -7.701533756999936], [-77.01664056199996, -7.701519742999949], [-77.01622670099994, -7.701215527999977], [-77.01620565099995, -7.701198816999977], [-77.01617598399997, -7.70117034499998], [-77.01584821599994, -7.700817884999935], [-77.01582553699996, -7.700790985999959], [-77.01580558299997, -7.700762016999931], [-77.01578854199994, -7.700731252999958], [-77.01563359399995, -7.7004162499999325], [-77.01561741199998, -7.700377923999952], [-77.01560574799998, -7.700337997999952], [-77.01551761999997, -7.699955707999948], [-77.01551233599997, -7.699927816999946], [-77.01550972699994, -7.699905590999947], [-77.01547928099995, -7.699551732999964], [-77.01547825899996, -7.699535653999931], [-77.01545658899994, -7.699009536999938], [-77.01545628799994, -7.698996397999963], [-77.01545650999998, -7.698981943999968], [-77.01545963499996, -7.698893569999939], [-77.01545588799996, -7.698889602999941], [-77.01533653399997, -7.698808960999941], [-77.01500520199994, -7.6986716249999745], [-77.01499584899994, -7.698667594999961], [-77.01467837699994, -7.698525439999969], [-77.01467139999994, -7.6985222199999725], [-77.01415231299995, -7.698275899999942], [-77.01410874599998, -7.698251417999927], [-77.01406897199996, -7.698221186999945], [-77.01403374699998, -7.698185783999975], [-77.01400374099995, -7.698145881999949], [-77.01378125999997, -7.697802085999967], [-77.01376121899995, -7.697766950999949], [-77.01374523499999, -7.697729803999948], [-77.01373350699998, -7.697691109999937], [-77.01359930299998, -7.697138517999974], [-77.01347110999995, -7.696727703999954], [-77.01338539299996, -7.696593719999953], [-77.01325073299995, -7.696401625999954], [-77.01324377399999, -7.696391328999937], [-77.01322174299997, -7.696352410999964], [-77.01313517599993, -7.696174654999936], [-77.01309319999996, -7.69613576699993], [-77.01300079299995, -7.6961085849999336], [-77.01282966699995, -7.696076900999969], [-77.01252516299996, -7.696041531999981], [-77.01247886099998, -7.696033083999964], [-77.01243404599995, -7.696018723999941], [-77.01228991199997, -7.695961994999948], [-77.01227392199996, -7.695955254999944], [-77.01224607299997, -7.695941257999948], [-77.01208452699996, -7.695851169999969], [-77.01198133599996, -7.695836958999962], [-77.01167665299994, -7.695847072999925], [-77.01166630099993, -7.695847269999945], [-77.01119634699995, -7.695849474999932], [-77.01114474099995, -7.695846035999978], [-77.01111903599997, -7.695841525999981], [-77.01059099399998, -7.695729190999941], [-77.01056610999996, -7.695722971999942], [-77.01055981099995, -7.695721095999943], [-77.00992024199996, -7.69552441299993], [-77.00942399899998, -7.695384130999969], [-77.00941064699998, -7.695380043999933], [-77.00903601499994, -7.695257419999962], [-77.00899999399996, -7.695243466999955], [-77.00895931199994, -7.695221963999927], [-77.00868036499998, -7.695051052999929], [-77.00864327499994, -7.69502500599998], [-77.00860973699997, -7.694994541999961], [-77.00858027499999, -7.694960137999942], [-77.00855534999994, -7.694922332999965], [-77.00830391499994, -7.694483397999932], [-77.00828962199995, -7.694455749999975], [-77.00827349599996, -7.694414499999937], [-77.00818589499994, -7.694142230999944], [-77.00818371899999, -7.694135226999947], [-77.00817616899997, -7.694105455999932], [-77.00811710599999, -7.693822571999931], [-77.00801873599994, -7.69333895099993], [-77.00801671199997, -7.693328166999947], [-77.00795261699994, -7.692955327999925], [-77.00794829299997, -7.692919562999975], [-77.00794755799996, -7.692883546999951], [-77.00796825699996, -7.692183409999927], [-77.00797155099997, -7.692144287999952], [-77.00798004299998, -7.692102007999949], [-77.00823917899999, -7.6911201089999395], [-77.00825461399995, -7.691074303999926], [-77.00826062599998, -7.691062139999929], [-77.00827603399995, -7.691030961999957], [-77.00856145199998, -7.690539282999964], [-77.00858970499996, -7.690497597999979], [-77.00862348499999, -7.690460228999939], [-77.00916054799995, -7.689943452999955], [-77.00919275699994, -7.689915902999928], [-77.00922797099997, -7.689892293999947], [-77.00962250699996, -7.689660025999956], [-77.00963596399998, -7.689652483999964], [-77.01048833699997, -7.689198333999968], [-77.01091053099998, -7.688976449999927], [-77.01153758899994, -7.688427325999953], [-77.01154918499998, -7.688417607999952], [-77.01226709899998, -7.687841082999967], [-77.01228600399998, -7.68782688899995], [-77.01281396999997, -7.687456814999962], [-77.01304711599994, -7.687236392999978], [-77.01307646599997, -7.687211460999947], [-77.01310830499995, -7.687189779999926], [-77.01314227199998, -7.687171594999938], [-77.01338266399995, -7.687058881999974], [-77.01363441999996, -7.6868844749999425], [-77.01400107699999, -7.686506243999929], [-77.01402459599996, -7.686484063999956], [-77.01424707299998, -7.686294455999928], [-77.01439413499997, -7.686107341999957], [-77.01456349399996, -7.685837782999954], [-77.01479162299995, -7.68546297599994], [-77.01480122199996, -7.685426265999979], [-77.01489164499998, -7.685080446999962], [-77.01488286499995, -7.684708894999972], [-77.01485226399996, -7.684650857999941], [-77.01458807199998, -7.684523678999938], [-77.01416288999997, -7.6844391939999355], [-77.01412020499998, -7.684427977999974], [-77.01407920299994, -7.6844116699999745], [-77.01345441299998, -7.68411800399997], [-77.01341437499997, -7.684096006999937], [-77.01339278799998, -7.684081189999972], [-77.01293081499995, -7.683738921999975], [-77.01289421699994, -7.683707846999937], [-77.01286206099996, -7.683672214999945], [-77.01283491199996, -7.68363265399995], [-77.01253521499996, -7.683126972999958], [-77.01251502899999, -7.683087599999965], [-77.01249981199999, -7.683046063999939], [-77.01248979199994, -7.683002984999973], [-77.01243288699999, -7.682665861999965], [-77.01242861899993, -7.682629282999926], [-77.01242810299993, -7.682592460999956], [-77.01247911399997, -7.681215698999949], [-77.01251185799998, -7.680140695999967], [-77.01246123599998, -7.679151149999939], [-77.01229477899994, -7.678048742999977], [-77.01193783699995, -7.676904750999938], [-77.01193646799999, -7.676900256999943], [-77.01171703699998, -7.676159263999978], [-77.01171622399994, -7.676155593999965], [-77.01170612099997, -7.676109956999937], [-77.01170239699997, -7.67606914199996], [-77.01167459599998, -7.675256021999928], [-77.01167438899995, -7.675245391999965], [-77.01167453399995, -7.675233344999981], [-77.01169513599996, -7.674515673999963], [-77.01169895999999, -7.674472637999941], [-77.01170790199996, -7.674430363999932], [-77.01172183299997, -7.674389454999925], [-77.01174055599995, -7.674350495999931], [-77.01176380299995, -7.674314042999981], [-77.01221642399997, -7.673690027999953], [-77.01223503199998, -7.673666492999928], [-77.01225257499993, -7.673647516999949], [-77.01261975499995, -7.6732777629999305], [-77.01272089699995, -7.672952947999931], [-77.01273939699996, -7.672453667999946], [-77.01267286899997, -7.671860497999944], [-77.01266140099995, -7.6718322819999685], [-77.01258990999997, -7.671812265999961], [-77.01230079799996, -7.6718858109999815], [-77.01229152699995, -7.6718880409999315], [-77.01186040999994, -7.671985733999975], [-77.01183338699997, -7.671990790999928], [-77.01181672599995, -7.671992867999961], [-77.01107380899998, -7.672068100999979], [-77.01102779499996, -7.672069824999937], [-77.01098193199994, -7.672065720999967], [-77.00992620299996, -7.671903221999969], [-77.00988625599996, -7.671894750999968], [-77.00984751699997, -7.6718818509999664], [-77.00981047899995, -7.671864684999946], [-77.00977561099995, -7.6718434709999315], [-77.00898182299994, -7.671297038999967], [-77.00895259499998, -7.67127464899994], [-77.00892579799995, -7.671249413999931], [-77.00890170599996, -7.671221594999963], [-77.00829696199997, -7.670446914999957], [-77.00827672199995, -7.670418215999973], [-77.00825936599995, -7.670387694999931], [-77.00824505599996, -7.670355638999979], [-77.00781338199994, -7.669246745999942], [-77.00734512399998, -7.668277454999952], [-77.00683685999996, -7.667491926999958], [-77.00632520599999, -7.667107744999953], [-77.00507253299998, -7.666605405999974], [-77.00505868799996, -7.666599518999931], [-77.00504382899999, -7.666592421999951], [-77.00498776499995, -7.666564068999946], [-77.00410653699998, -7.666118403999974], [-77.00407390599997, -7.666099716999952], [-77.00404339199997, -7.666077755999936], [-77.00401532499995, -7.666052757999978], [-77.00346130999998, -7.66550519499998], [-77.00343124299997, -7.6654715189999365], [-77.00340561099995, -7.6654343729999255], [-77.00294649399996, -7.664671093999971], [-77.00293612699994, -7.664652656999976], [-77.00257324999995, -7.663960686999928], [-77.00255521399998, -7.6639205149999725], [-77.00254220499994, -7.663878454999974], [-77.00241997899997, -7.663376718999928], [-77.00231554099997, -7.662947998999925], [-77.00209664399995, -7.662659635999944], [-77.00152689899994, -7.662186685999927], [-77.00152265299994, -7.6621831059999295], [-77.00149711699999, -7.66215899599996], [-77.00103934799995, -7.661682737999968], [-77.00100840999994, -7.6616459429999395], [-77.00098263299998, -7.661605381999948], [-77.00081335299996, -7.661295217999964], [-77.00079528599997, -7.661256936999962], [-77.00078182399994, -7.661216812999953], [-77.00077315199997, -7.66117539499993], [-77.00076938899997, -7.661133249999978], [-77.00076872399995, -7.661111352999967], [-77.00074105999994, -7.660200528999951], [-77.00074089799995, -7.660191260999966], [-77.00074091799996, -7.6601854289999665], [-77.00075797199997, -7.658702352999967], [-77.00076139999999, -7.658656705999931], [-77.00076590099997, -7.658631165999964], [-77.00091840999994, -7.657916865999937], [-77.00092510799999, -7.657890441999939], [-77.00127965299998, -7.6567032939999535], [-77.00128511399998, -7.656686514999933], [-77.00151025399998, -7.656048238999972], [-77.00162139799994, -7.655304473999934], [-77.00163164699995, -7.655257533999929], [-77.00163795399999, -7.655237856999975], [-77.00182567499996, -7.654705178999961], [-77.00184191899996, -7.654666436999946], [-77.00186255599994, -7.65462983499998], [-77.00188730799994, -7.6545958659999656], [-77.00211617299993, -7.654317339999977], [-77.00212145199998, -7.654311061999977], [-77.00212568499995, -7.654306806999955], [-77.00215827199997, -7.65427404299993], [-77.00246906799998, -7.65400451499994], [-77.00260554999994, -7.653810375999967], [-77.00262070499997, -7.653790336999975], [-77.00272316799999, -7.653664203999938], [-77.00257049999993, -7.65368835299995], [-77.00253197599994, -7.6536921699999425], [-77.00249326299996, -7.653691865999974], [-77.00245480299998, -7.653687444999946], [-77.00185196299998, -7.653585317999955], [-77.00121074199996, -7.653483344999927], [-77.00117110499997, -7.653474747999951], [-77.00011291799996, -7.653182514999969], [-77.00007846699998, -7.653170913999929], [-76.99969415299995, -7.6530196129999695], [-76.99967816399999, -7.653012872999966], [-76.99967288999994, -7.653010448999964], [-76.99906738099997, -7.65272622599997], [-76.99903642899994, -7.652709827999956], [-76.99900720899996, -7.652690524999969], [-76.99897999299998, -7.652668498999958], [-76.99868145399995, -7.652401985999973], [-76.99865033099996, -7.652370581999946], [-76.99864687699994, -7.652366583999935], [-76.99816337099998, -7.651798575999976], [-76.99774022299994, -7.651488962999963], [-76.99773159299997, -7.651482446999978], [-76.99733675699997, -7.651175046999981], [-76.99689798899993, -7.650844185999972], [-76.99631432899997, -7.650498475999939], [-76.99630482499998, -7.650492646999965], [-76.99626652699999, -7.650464665999948], [-76.99595200599998, -7.650201627999934], [-76.99592032799995, -7.650171350999926], [-76.99589254899996, -7.650137475999941], [-76.99586907799994, -7.65010050099994], [-76.99550639599994, -7.649444396999968], [-76.99549478699998, -7.649421510999957], [-76.99548629699996, -7.649401655999952], [-76.99528006499997, -7.648876382999958], [-76.99527025699996, -7.64884798099996], [-76.99526590399995, -7.648832139999968], [-76.99511933199994, -7.648246792999942], [-76.99511589699995, -7.648231709999948], [-76.99499772899998, -7.647656138999935], [-76.99492076699994, -7.64742840599996], [-76.99480419599996, -7.647094238999955], [-76.99471618499996, -7.646834853999962], [-76.99470672399997, -7.646801898999968], [-76.99470043199995, -7.6467681989999505], [-76.99469736799995, -7.646734055999957], [-76.99468257499996, -7.6463819529999455], [-76.99468226099998, -7.646368485999972], [-76.99468039499999, -7.645966648999945], [-76.99468343499996, -7.645918207999955], [-76.99475309799999, -7.645385356999952], [-76.99475948899999, -7.645350793999967], [-76.99489909399995, -7.64475903999994], [-76.99490366499998, -7.644741618999944], [-76.99491275999998, -7.644714309999927], [-76.99509749599997, -7.644225499999948], [-76.99510174399995, -7.64421477999997], [-76.99528667999994, -7.643769024999926], [-76.99529118499999, -7.643758629999979], [-76.99531641299995, -7.6437122119999685], [-76.99553130699996, -7.643380113999967], [-76.99555431799996, -7.6433484529999305], [-76.99558061999994, -7.643319456999961], [-76.99560990799995, -7.643293462999964], [-76.99584530299995, -7.643106282999952], [-76.99603259299994, -7.642854722999971], [-76.99612788399997, -7.642491456999949], [-76.99613028799996, -7.64248274199997], [-76.99613662999997, -7.642462966999972], [-76.99627607599996, -7.642067648999955], [-76.99640137699998, -7.641658141999926], [-76.99641764399996, -7.641615027999933], [-76.99643450299999, -7.641582294999978], [-76.99667710899996, -7.64116497699996], [-76.99670113699995, -7.6411288289999675], [-76.99672933099998, -7.641095810999957], [-76.99676128399994, -7.641066398999953], [-76.99706222799995, -7.640821029999927], [-76.99710044899996, -7.6407937879999395], [-76.99714188099995, -7.640771706999942], [-76.99718582699995, -7.640755156999944], [-76.99776142799999, -7.640579972999944], [-76.99779861899998, -7.640570877999949], [-76.99783656499994, -7.640565749999951], [-76.99787484099994, -7.640564646999962], [-76.99837836999995, -7.640576667999937], [-76.99841929299998, -7.640579965999962], [-76.99882249099994, -7.640635527999962], [-76.99887425399999, -7.640646579999952], [-76.99926376499997, -7.640761195999971], [-76.99956268299997, -7.640772235999975], [-76.99994365499998, -7.640784546999953], [-77.00030774699997, -7.640782859999945], [-77.00065018499998, -7.640663272999973], [-77.00097882599994, -7.640511146999927], [-77.00102794699995, -7.640492631999962], [-77.00147379799995, -7.6403612479999765], [-77.00150138499998, -7.64035427999994], [-77.00188997199996, -7.6402721889999725], [-77.00223478799995, -7.640139866999959], [-77.00245369399994, -7.639980583999943], [-77.00276935799997, -7.639749298999959], [-77.00316936099995, -7.63945963599997], [-77.00331997099994, -7.63921017399997], [-77.00343340299997, -7.638958093999975], [-77.00348033199998, -7.638656480999941], [-77.00349867599994, -7.6384778299999425], [-77.00352065299995, -7.638263792999965], [-77.00352865799994, -7.638216739999962], [-77.00354280399995, -7.638171148999959], [-77.00364229099995, -7.637912359999973], [-77.00366071299999, -7.637872025999968], [-77.00368394299994, -7.637834243999976], [-77.00371163199998, -7.637799581999957], [-77.00374336499993, -7.637768559999927], [-77.00391635699998, -7.637620425999955], [-77.00408881599998, -7.637304112999971], [-77.00426492499997, -7.636932301999934], [-77.00429474599997, -7.636554023999963], [-77.00429336499997, -7.63625779399996], [-77.00429285399997, -7.636148100999947], [-77.00429035699995, -7.635612321999929], [-77.00429335299998, -7.635564206999959], [-77.00430273699999, -7.635516916999961], [-77.00431834499994, -7.635471292999966], [-77.00435036199997, -7.635394800999961], [-77.00445351599996, -7.63452671899995], [-77.00454380899998, -7.633835802999954], [-77.00455819499996, -7.633130463999976], [-77.00446786599997, -7.632690464999939], [-77.00420879799998, -7.6313671159999785], [-77.00420282599998, -7.631321048999951], [-77.00420282299996, -7.631274598999937], [-77.00420878799997, -7.6312285309999766], [-77.00438441399996, -7.630330743999934], [-77.00439030799998, -7.630305471999975], [-77.00462339299997, -7.629446930999961], [-77.00476276999996, -7.628792629999964], [-77.00481573999997, -7.628061167999931], [-77.00478502399994, -7.62739957499997], [-77.00478342599996, -7.6273651589999645], [-77.00478447599994, -7.627316232999931], [-77.00479213899996, -7.627267895999978], [-77.00499772999996, -7.626369969999928], [-77.00500350099998, -7.62634799999995], [-77.00524027899996, -7.62556729399995], [-77.00524770899995, -7.6255453569999645], [-77.00557330499998, -7.6246767739999655], [-77.00558731199999, -7.624644334999971], [-77.00560442299997, -7.624613412999963], [-77.00562447699997, -7.624584304999928], [-77.00651804599994, -7.623414098999945], [-77.00654201599997, -7.623385834999965], [-77.00656875799996, -7.623360164999951], [-77.00659798999999, -7.6233373569999685], [-77.00728499299998, -7.6228557859999455], [-77.00731922799997, -7.622834523999927], [-77.00735561899995, -7.622817187999942], [-77.00841874399998, -7.622381416999929], [-77.00886056399997, -7.622047602999942], [-77.00894644599998, -7.621984147999967], [-77.00931008699996, -7.621715467999934], [-77.00931972499995, -7.621708587999933], [-77.00988727299995, -7.621317265999949], [-77.00989596099998, -7.621311458999969], [-77.00993852899995, -7.621287781999968], [-77.01083691799994, -7.6208643999999595], [-77.01086757299998, -7.620851773999959], [-77.01176885999996, -7.6205279659999405], [-77.01245157199997, -7.620157081999935], [-77.01310270899995, -7.6192824049999786], [-77.01366477799996, -7.618233270999951], [-77.01388968499998, -7.617404784999962], [-77.01390114899993, -7.617369739999958], [-77.01391613099997, -7.617336041999977], [-77.01393447399994, -7.617304041999944], [-77.01444103599994, -7.6165231189999645], [-77.01447028999996, -7.616484069999956], [-77.01447651399997, -7.61647702199997], [-77.01504748499997, -7.615847214999974], [-77.01531344099999, -7.61495660099996], [-77.01548521499996, -7.614018407999936], [-77.01549352299998, -7.6139831329999765], [-77.01550841799997, -7.613941412999964], [-77.01598269999994, -7.6128329469999585], [-77.01598651299997, -7.612824359999934], [-77.01646207599998, -7.6118037089999575], [-77.01646941199994, -7.611788861999969], [-77.01703372699995, -7.61070987599993], [-77.01704923299997, -7.610683086999927], [-77.01706142199998, -7.610665175999941], [-77.01762713299996, -7.6098851709999735], [-77.01764573899999, -7.609861636999938], [-77.01768023599999, -7.609826651999981], [-77.01866598899994, -7.608954164999943], [-77.01867002899996, -7.608950663999963], [-77.02040568899997, -7.607470003999936], [-77.02097706499995, -7.606482122999978], [-77.02128929299994, -7.605416046999949], [-77.02130679499999, -7.6053687959999365], [-77.02131726399995, -7.605347525999946], [-77.02172852699994, -7.6045768539999585], [-77.02219004199998, -7.603586337999957], [-77.02243615199995, -7.602838017999943], [-77.02248908899998, -7.602225267999927], [-77.02252519699994, -7.601685402999976], [-77.02257286999998, -7.600972628999955], [-77.02257551799994, -7.600946916999931], [-77.02257728999996, -7.600935528999969], [-77.02275231899995, -7.599918153999965], [-77.02276130199994, -7.599879077999958], [-77.02276730799997, -7.599860255999943], [-77.02312695899997, -7.598831280999946], [-77.02314103099997, -7.598796831999948], [-77.02315857599996, -7.598764006999943], [-77.02317940699999, -7.598733154999934], [-77.02343162599993, -7.598398184999951], [-77.02360247699994, -7.598122590999935], [-77.02378155699995, -7.597840484999949], [-77.02385484599995, -7.597684221999941], [-77.02387640899997, -7.59752074599993], [-77.02383817399993, -7.597191405999979], [-77.02353484499997, -7.596527146999961], [-77.02351800099996, -7.596482740999932], [-77.02340814299998, -7.596123451999972], [-77.02340470299998, -7.596111325999971], [-77.02331929099995, -7.5957888169999705], [-77.02331119699994, -7.5957495669999275], [-77.02330743799996, -7.59570763499994], [-77.02329332499994, -7.595253237999941], [-77.02329315599997, -7.595243726999968], [-77.02329525399995, -7.59520314699995], [-77.02337568399997, -7.59446128299993], [-77.02337654099995, -7.594454055999961], [-77.02349201099997, -7.593558032999965], [-77.02357259999997, -7.592889384999978], [-77.02358008399995, -7.5928478829999335], [-77.02359235999995, -7.592807531999938], [-77.02360925999994, -7.592768881999973], [-77.02383491699999, -7.592325328999948], [-77.02385228399999, -7.592294931999959], [-77.02387514599997, -7.592263030999959], [-77.02406655399994, -7.5920244439999465], [-77.02407448499997, -7.592014898999935], [-77.02409202399997, -7.591995923999946], [-77.02429343099999, -7.591793075999931], [-77.02448378499997, -7.591505271999949], [-77.02461032099995, -7.59129564899996], [-77.02462564299998, -7.5912012049999475], [-77.02461476099995, -7.591117511999926], [-77.02449297199996, -7.591026048999936], [-77.02420107899997, -7.590949833999957], [-77.02380406099996, -7.590843780999933], [-77.02379730599995, -7.5908419069999695], [-77.02376319499996, -7.590830220999976], [-77.02333947099999, -7.590661112999953], [-77.02275957099994, -7.590508220999936], [-77.02197798699996, -7.59040706899998], [-77.02192542499995, -7.590396158999965], [-77.02190649199997, -7.590389569999957], [-77.02187666499998, -7.590379005999978], [-77.02153413599996, -7.590260253999929], [-77.02150472499994, -7.5902485319999755], [-77.02148014699998, -7.590236330999971], [-77.02113166899994, -7.590046599999937], [-77.02109651299997, -7.590024767999978], [-77.02106407999997, -7.589999078999938], [-77.02070300399998, -7.589677850999976], [-77.02067783199999, -7.589653157999976], [-77.02065518699999, -7.589626138999961], [-77.02063528299993, -7.5895970509999415], [-77.02042996399996, -7.589263137999978], [-77.02040991399997, -7.589225780999925], [-77.02040388399996, -7.589212025999927], [-77.02013718599994, -7.58856745099996], [-77.02012662599998, -7.5885384879999265], [-77.01995631599993, -7.588001098999939], [-77.01995460999996, -7.587995561999946], [-77.01994974499996, -7.587977643999977], [-77.01969348899996, -7.586927838999941], [-77.01961978299994, -7.58663613799996], [-77.01948095599994, -7.586294450999958], [-77.01927873099999, -7.585913553999944], [-77.01902934799995, -7.5854686339999375], [-77.01901669399996, -7.58544386899996], [-77.01899835299997, -7.585395461999951], [-77.01888141799998, -7.585003580999967], [-77.01887028299996, -7.584953518999953], [-77.01886936099999, -7.584946912999953], [-77.01879974499997, -7.584411448999958], [-77.01879762399994, -7.584390266999947], [-77.01875654999998, -7.583806830999947], [-77.01875566199999, -7.5837831739999615], [-77.01875621699998, -7.583761426999956], [-77.01880032299994, -7.582969508999952], [-77.01882613099997, -7.582359470999961], [-77.01883105099995, -7.5823134379999715], [-77.01884182599997, -7.582268408999937], [-77.01901578399998, -7.5817041069999505], [-77.01902272999996, -7.581683749999968], [-77.01910086299995, -7.581475290999947], [-77.01910995299994, -7.58145327699998], [-77.01912744599997, -7.581419452999967], [-77.01921495899995, -7.581270093999933], [-77.01922019699998, -7.581261154999936], [-77.01924900499995, -7.581219098999952], [-77.01928344899994, -7.5811814989999675], [-77.01940516499997, -7.581066122999971], [-77.01944232299996, -7.581035328999974], [-77.01948325599994, -7.581009740999946], [-77.01971280699996, -7.580886687999964], [-77.01973223699997, -7.580877008999948], [-77.01975997799997, -7.58086557799993], [-77.01994052399994, -7.5807997769999815], [-77.02016193199995, -7.58072064199996], [-77.02033327599997, -7.580630978999977], [-77.02033801299996, -7.580628543999978], [-77.02050630499997, -7.580543600999931], [-77.02060885699996, -7.580476407999981], [-77.02069238699994, -7.580400689999976], [-77.02071401399996, -7.580365254999947], [-77.02074673499999, -7.580299188999959], [-77.02075513099999, -7.580183206999948], [-77.02075764199998, -7.58015946699993], [-77.02076051599994, -7.580141990999948], [-77.02076268399998, -7.580130567999959], [-77.02080563499999, -7.579904210999928], [-77.02081351699997, -7.579871222999941], [-77.02081961299996, -7.579852145999951], [-77.02114192099998, -7.5789322339999785], [-77.02140486999997, -7.578042615999948], [-77.02141255299995, -7.578019518999952], [-77.02158776999994, -7.577546600999938], [-77.02188112899995, -7.576654613999949], [-77.02188775699994, -7.576636162999932], [-77.02233190299995, -7.575497943999949], [-77.02235312299996, -7.575452976999941], [-77.02238032199995, -7.57541133899997], [-77.02285679999994, -7.574781249999944], [-77.02288412999997, -7.574749177999934], [-77.02291500999996, -7.574720491999926], [-77.02294902199998, -7.5746955829999365], [-77.02360258699997, -7.574273911999967], [-77.02369614999998, -7.574213545999953], [-77.02370144499997, -7.574210193999932], [-77.02405152899996, -7.573992801999964], [-77.02426174899995, -7.573805967999931], [-77.02428495599997, -7.573687309999968], [-77.02427545199998, -7.573571098999935], [-77.02425345199998, -7.573533864999945], [-77.02404095499998, -7.573467989999926], [-77.02358041799994, -7.573378304999949], [-77.02354935499994, -7.573370822999948], [-77.02350985599998, -7.573356936999971], [-77.02287579099993, -7.573091988999977], [-77.02284522999997, -7.573077511999941], [-77.02281615699997, -7.573060251999948], [-77.02219043599996, -7.5726481899999385], [-77.02150763499998, -7.572254983999926], [-77.02147431999998, -7.572233283999935], [-77.02144359099998, -7.572208069999931], [-77.02141581599994, -7.572179645999938], [-77.02098958699997, -7.571691836999946], [-77.02096330099994, -7.571657878999929], [-77.02094123099994, -7.571621052999944], [-77.02092368799998, -7.571581877999961], [-77.02072952999998, -7.571068518999937], [-77.02072134699995, -7.571044327999971], [-77.02071009799994, -7.570993802999965], [-77.02059869899995, -7.570240707999972], [-77.02059481699996, -7.5701895859999695], [-77.02059566099996, -7.570163192999928], [-77.02062908099998, -7.569676356999935], [-77.02067260899997, -7.568770951999966], [-77.02067717299997, -7.568728531999966], [-77.02068671299998, -7.568686942999932], [-77.02070109499994, -7.568646764999926], [-77.02072011899998, -7.568608556999948], [-77.02098167299994, -7.568152881999936], [-77.02099036699997, -7.568138519999934], [-77.02102206599994, -7.568096025999978], [-77.02154752899997, -7.567494568999962], [-77.02158210299996, -7.567460012999959], [-77.02161534799995, -7.567434237999976], [-77.02217685899996, -7.567048927999963], [-77.02218486099997, -7.567043591999948], [-77.02219268899995, -7.56703866099997], [-77.02285765299996, -7.56663156299993], [-77.02341294099995, -7.566270043999964], [-77.02402042199998, -7.565789181999946], [-77.02436630699998, -7.56524432599997], [-77.02475683999995, -7.564599916999953], [-77.02477954399995, -7.56456676199997], [-77.02480579299998, -7.56453632299997], [-77.02483526099996, -7.564508975999956], [-77.02524118599996, -7.564172224999936], [-77.02526426499998, -7.56415458999993], [-77.02558841199993, -7.563926907999928], [-77.02565848199998, -7.563877690999959], [-77.02566973599994, -7.563870096999949], [-77.02569505199995, -7.563855116999946], [-77.02614404699995, -7.563613477999979], [-77.02616670399993, -7.563575068999967], [-77.02631285699994, -7.563140655999973], [-77.02631211099998, -7.562980699999969], [-77.02624771799998, -7.562720931999934], [-77.02615854799996, -7.562626901999977], [-77.02583321599997, -7.56240190099993], [-77.02545308799995, -7.562155491999931], [-77.02541574999998, -7.56212772799995], [-77.02538228699996, -7.562095415999977], [-77.02535325399998, -7.562059088999945], [-77.02532912799995, -7.562019346999932], [-77.02512354599997, -7.561625636999963], [-77.02511598799998, -7.56161028899993], [-77.02510620599998, -7.561587084999928], [-77.02488780199997, -7.561014042999943], [-77.02487929199998, -7.560988988999952], [-77.02486815399999, -7.560939213999973], [-77.02476916599994, -7.560281605999933], [-77.02476519299995, -7.560229867999965], [-77.02476590999999, -7.5602054049999765], [-77.02481055899995, -7.5594995859999585], [-77.02481329299997, -7.5594725699999685], [-77.02481875099994, -7.559442666999928], [-77.02505772699999, -7.558387325999945], [-77.02506302299997, -7.55836676399997], [-77.02507160699997, -7.558340808999958], [-77.02523259199995, -7.557909518999963], [-77.02524185199997, -7.557887050999966], [-77.02526555299994, -7.55784301999995], [-77.02546585599998, -7.557525677999934], [-77.02549108899996, -7.55749069899997], [-77.02552031399995, -7.557458963999977], [-77.02555311599997, -7.557430924999949], [-77.02558902699997, -7.557406979999939], [-77.02573559199999, -7.557321394999974], [-77.02580289099996, -7.557258450999939], [-77.02591016099996, -7.557080739999947], [-77.02591581499996, -7.557071685999972], [-77.02613576999994, -7.556734254999981], [-77.02615627599994, -7.556705898999951], [-77.02643271399995, -7.556360182999981], [-77.02644100299995, -7.5563501879999535], [-77.02646718199998, -7.55632279799994], [-77.02676310699997, -7.556043962999979], [-77.02679458899996, -7.556017507999968], [-77.02682887399999, -7.5559947839999495], [-77.02719222499996, -7.555782608999948], [-77.02722135199997, -7.555767327999945], [-77.02761451199996, -7.555583297999931], [-77.02765370399999, -7.555567782999958], [-77.02806534999996, -7.555431923999947], [-77.02807542799997, -7.555428759999927], [-77.02812664399994, -7.555417448999947], [-77.02853939199997, -7.555358020999961], [-77.02858932599997, -7.555354318999946], [-77.02863929399996, -7.555357520999962], [-77.02868834299994, -7.555367565999973], [-77.02873553599994, -7.555384262999951], [-77.02894119899997, -7.555473422999967], [-77.02923792799999, -7.555534319999936], [-77.02979113899994, -7.555549845999963], [-77.02980636999996, -7.555550592999964], [-77.03018372299994, -7.555577070999959], [-77.03035976999996, -7.555583276999926], [-77.03057789099995, -7.555520963999982], [-77.03079150899998, -7.5554131369999595], [-77.03104633399994, -7.555234138999936], [-77.03181929499993, -7.55431028199996], [-77.03216985299997, -7.5538298519999785], [-77.03245604799997, -7.55344052199996], [-77.03247327099996, -7.553418876999956], [-77.03248775499998, -7.5534030159999475], [-77.03307610099995, -7.552795970999966], [-77.03376471399997, -7.552102348999938], [-77.03378356399998, -7.552084670999932], [-77.03378886099995, -7.552080136999962], [-77.03438890199999, -7.5515764019999665], [-77.03472068999997, -7.5512910819999775], [-77.03497453599994, -7.551072787999942], [-77.03501376099996, -7.551043426999968], [-77.03504752499998, -7.551024041999938], [-77.03556939399994, -7.550760609999941], [-77.03620737499995, -7.550313303999928], [-77.03621836499997, -7.550305893999962], [-77.03623098199995, -7.550298080999937], [-77.03663946599994, -7.550056562999941], [-77.03729278499998, -7.549627029999954], [-77.03731946899995, -7.549611196999933], [-77.03798977499997, -7.54925137999993], [-77.03860457899998, -7.548901668999974], [-77.03863195599996, -7.548887598999954], [-77.03865196899994, -7.548879082999974], [-77.03919746899999, -7.5486660519999305], [-77.03921573399998, -7.548659475999955], [-77.03962736699998, -7.548523608999972], [-77.03963744499998, -7.5485204449999515], [-77.03968333099994, -7.548509950999971], [-77.04017422299995, -7.5484307739999394], [-77.04022806599994, -7.548426498999959], [-77.04050610299998, -7.54842519999994], [-77.04076242999997, -7.54842400299998], [-77.04104513999994, -7.548358127999961], [-77.04136931599999, -7.548257623999973], [-77.04158095799994, -7.54818107899996], [-77.04170869099994, -7.548088108999934], [-77.04185894399996, -7.547974554999939], [-77.04189711999999, -7.547949323999944], [-77.04193817999999, -7.547929099999976], [-77.04205573799999, -7.5478801509999585], [-77.04209987599995, -7.547845720999931], [-77.04220617899995, -7.547629896999979], [-77.04234217499999, -7.54727205699993], [-77.04236191099994, -7.547228900999926], [-77.04238713799998, -7.547188694999932], [-77.04241742199997, -7.547152129999972], [-77.04270362999995, -7.5468494159999295], [-77.04272862099998, -7.5468253989999425], [-77.04274039399996, -7.546815553999977], [-77.04329916799998, -7.546368051999934], [-77.04332863799993, -7.546346784999969], [-77.04335492899997, -7.546331281999926], [-77.04382208399994, -7.54608167799995], [-77.04438900899999, -7.545677530999967], [-77.04508103199998, -7.545171565999965], [-77.04558177299998, -7.544560879999949], [-77.04608819899994, -7.5437465629999565], [-77.04660637799998, -7.542700127999979], [-77.04696810699994, -7.541942370999948], [-77.04711186599997, -7.5410973669999635], [-77.04726110699994, -7.539756112999953], [-77.04731129899994, -7.538542718999963], [-77.04723558399996, -7.537658277999981], [-77.04723486399996, -7.537648197999943], [-77.04717064499994, -7.536530444999926], [-77.04707916099994, -7.5359549949999405], [-77.04691373599996, -7.5354473259999395], [-77.04689643699999, -7.535425668999949], [-77.04668291699994, -7.535624824999957], [-77.04667405999999, -7.535632817999954], [-77.04664583599998, -7.535655086999952], [-77.04623973099996, -7.53594401099997], [-77.04621042899998, -7.535962806999976], [-77.04617945299998, -7.53597870699997], [-77.04614708999998, -7.53599156599995], [-77.04534394599995, -7.536266845999933], [-77.04444515099993, -7.536637608999968], [-77.04441043999998, -7.536649906999969], [-77.04440203599995, -7.536652301999936], [-77.04355223999994, -7.536883499999931], [-77.04351001499998, -7.536892330999933], [-77.04286077799998, -7.53698798299996], [-77.04239108199994, -7.537116089999927], [-77.04238070899999, -7.537118755999927], [-77.04192443799997, -7.537228840999944], [-77.04151987699998, -7.537323114999936], [-77.04105664799994, -7.537475744999938], [-77.04104675099995, -7.537478849999957], [-77.04100144999995, -7.537489248999975], [-77.04001948799998, -7.537649300999931], [-77.04001432199993, -7.537650104999955], [-77.03999498899998, -7.537652442999956], [-77.03932416399994, -7.537715366999976], [-77.03929194599993, -7.537716949999947], [-77.03924481299998, -7.53771409999996], [-77.03851111199998, -7.537621537999939], [-77.03845831699994, -7.537610511999958], [-77.03842484099994, -7.537599077999971], [-77.03768043199995, -7.537303559999941], [-77.03764672999995, -7.537288142999955], [-77.03761478199993, -7.537269371999969], [-77.03664159599998, -7.5366284499999665], [-77.03596913499996, -7.536189547999925], [-77.03593761899998, -7.536166462999972], [-77.03590877799996, -7.536140123999928], [-77.03588294899998, -7.536110837999956], [-77.03574035199995, -7.535930391999955], [-77.03547492099995, -7.535594508999964], [-77.03496361099997, -7.5350328479999575], [-77.03459907999996, -7.534755707999977], [-77.03429046799994, -7.534521079999934], [-77.03349420199999, -7.534445353999956], [-77.03347868099996, -7.534443539999927], [-77.03344484799999, -7.534437198999967], [-77.03249707999998, -7.534212590999971], [-77.03186794499999, -7.534272603999966], [-77.03170163699997, -7.534301058999972], [-77.03169347799997, -7.53430235899998], [-77.03152534299994, -7.534327125999937], [-77.03087660599994, -7.534583932999965], [-77.03086841199996, -7.534587062999947], [-77.03058987199995, -7.534689606999962], [-77.03054150699995, -7.534726156999966], [-77.03029678399997, -7.5350000589999695], [-77.03026466999995, -7.535031778999951], [-77.03022884899997, -7.535059262999937], [-77.03018987799999, -7.535082083999953], [-77.02977141299993, -7.535293316999969], [-77.02973291899997, -7.535310027999969], [-77.02969274799995, -7.535322183999938], [-77.02965143699998, -7.535329622999939], [-77.02960954099996, -7.53533224399996], [-77.02910572399998, -7.535334579999926], [-77.02815961399995, -7.535367580999946], [-77.02762150899997, -7.535498072999928], [-77.02708555799995, -7.535822363999955], [-77.02688204699996, -7.535971511999946], [-77.02648424399996, -7.536263050999935], [-77.02565259799997, -7.537361060999956], [-77.02562823999995, -7.537389951999955], [-77.02560099599998, -7.537416150999945], [-77.02557116299994, -7.5374393719999375], [-77.02524801899995, -7.5376648439999485], [-77.02490167999997, -7.538255982999942], [-77.02489460399994, -7.538267555999937], [-77.02487717499997, -7.538292513999977], [-77.02451238299994, -7.5387706669999375], [-77.02434780399994, -7.538983865999967], [-77.02426779799998, -7.539215418999959], [-77.02425837999994, -7.53923978399996], [-77.02407342799995, -7.53967118199995], [-77.02407058599994, -7.539677635999965], [-77.02404926099996, -7.539717850999978], [-77.02386370699998, -7.540020089999928], [-77.02383941999994, -7.540054889999965], [-77.02381121699995, -7.540086612999971], [-77.02377948599997, -7.540114823999943], [-77.02374466399993, -7.540139132999968], [-77.02370722899997, -7.540159205999942], [-77.02336259199996, -7.540318767999963], [-77.02333911699998, -7.540328633999934], [-77.02310941899998, -7.540415804999952], [-77.02308431399996, -7.540424297999948], [-77.02304824699996, -7.54043306799997], [-77.02266029199996, -7.5405066189999275], [-77.02264588999998, -7.540509049999969], [-77.02261561399996, -7.540512246999981], [-77.02241902899993, -7.540524699999935], [-77.02224822399995, -7.540582394999944], [-77.02212801999997, -7.54065951299998], [-77.02210612399995, -7.540672497999935], [-77.02178957999996, -7.540845500999978], [-77.02140270899997, -7.541154613999936], [-77.02107018599997, -7.5414359829999285], [-77.02070700899998, -7.541856966999944], [-77.02067468299998, -7.541889928999979], [-77.02063841699999, -7.541918516999942], [-77.02059879999996, -7.541942266999968], [-77.01995317899997, -7.542275333999953], [-77.01991915999997, -7.5422907219999615], [-77.01988373299997, -7.542302531999951], [-77.01893577299995, -7.542565237999952], [-77.01888752199994, -7.542575140999929], [-77.01883836999997, -7.542578422999952], [-77.01878922599997, -7.542575021999937], [-77.01808392099997, -7.5424777939999785], [-77.01803968899998, -7.5424688449999735], [-77.01799691599996, -7.542454478999957], [-77.01795626399996, -7.5424349179999695], [-77.01742276299996, -7.542135997999935], [-77.01739342199994, -7.542117665999967], [-77.01736596799998, -7.5420966229999635], [-77.01734065099998, -7.542073061999929], [-77.01693604999997, -7.541658733999952], [-77.01690966699994, -7.54162853899993], [-77.01688679399996, -7.541595614999949], [-77.01643758899996, -7.540865758999928], [-77.01641716999995, -7.540827649999926], [-77.01640145299996, -7.540787380999973], [-77.01639066199994, -7.540745528999935], [-77.01622861599998, -7.5399138889999335], [-77.01622588399994, -7.539897983999936], [-77.01622228999997, -7.53986043499998], [-77.01619007399995, -7.539114304999941], [-77.01619130399996, -7.539065145999928], [-77.01619920699994, -7.53901660799994], [-77.01633689099998, -7.538427479999939], [-77.01639051899997, -7.538068593999981], [-77.01639819599995, -7.53803101099993], [-77.01651680199996, -7.537575377999929], [-77.01652545799999, -7.537446037999928], [-77.01648243199998, -7.537145022999937], [-77.01642210399996, -7.537050667999949], [-77.01600145599997, -7.536920236999947], [-77.01595997199996, -7.536904534999962], [-77.01594169199996, -7.536895681999965], [-77.01539388599997, -7.536611175999951], [-77.01536885499996, -7.536596883999948], [-77.01466103799999, -7.536154554999939], [-77.01462061599995, -7.536125008999932], [-77.01458466599996, -7.536090179999974], [-77.01455387499993, -7.536050734999947], [-77.01453887899999, -7.536028509999937], [-77.01417738099997, -7.535492757999975], [-77.01417402299995, -7.535487689999968], [-77.01415588099997, -7.5354564999999525], [-77.01392854099998, -7.5350164749999635], [-77.01392169699994, -7.535002496999937], [-77.01390853599997, -7.5349700489999805], [-77.01370450499996, -7.534387357999947], [-77.01369937599998, -7.534371549999946], [-77.01368900799997, -7.534326648999979], [-77.01365619699999, -7.534127176999959], [-77.01358049899994, -7.533666976999939], [-77.01357964299996, -7.533661513999959], [-77.01357571699998, -7.5336100689999626], [-77.01357355799996, -7.5331425369999465], [-77.01348850599999, -7.532891767999956], [-77.01330855299994, -7.532682084999976], [-77.01276325599997, -7.532391633999964], [-77.01274222699999, -7.532379511999977], [-77.01222158999997, -7.532055702999969], [-77.01220349499994, -7.532043563999935], [-77.01164557999994, -7.531644283999981], [-77.01161562899995, -7.531620354999973], [-77.01158838099997, -7.531593399999963], [-77.01156414299999, -7.531563720999941], [-77.01123610199994, -7.531115545999967], [-77.01122478199994, -7.5310991519999675], [-77.01120628299998, -7.5310672659999796], [-77.01085800999994, -7.530389558999957], [-77.01083800499998, -7.530342796999946], [-77.01082476899995, -7.53029369799998], [-77.01069711899999, -7.529639851999946], [-77.01069436099993, -7.529623808999929], [-77.01069092399996, -7.5295895619999555], [-77.01065938399995, -7.528986940999971], [-77.01065976099994, -7.528943044999949], [-77.01066546399994, -7.528899517999946], [-77.01067640899998, -7.528857000999949], [-77.01086546299996, -7.528272502999926], [-77.01087999999999, -7.528234877999978], [-77.01090328699996, -7.5281915079999635], [-77.01144642699995, -7.5273269099999425], [-77.01146412299994, -7.527301431999945], [-77.01180374999996, -7.52685469599993], [-77.01206632899994, -7.526485855999965], [-77.01212853199996, -7.526109829999939], [-77.01209972199996, -7.525848253999925], [-77.01196904799997, -7.525539072999948], [-77.01196581199997, -7.525531154999953], [-77.01176209999994, -7.525015433999954], [-77.01175180799999, -7.5249856299999465], [-77.01164447699995, -7.524621884999931], [-77.01163364899998, -7.524572848999981], [-77.01162977299998, -7.524525922999942], [-77.01161663399995, -7.52375830699998], [-77.01161697899994, -7.523737987999937], [-77.01165108499998, -7.522988129999931], [-77.01162119599996, -7.522271848999935], [-77.01157852399996, -7.522122409999952], [-77.01139241699997, -7.521821607999925], [-77.01137182199994, -7.521783358999926], [-77.01136429699994, -7.521765924999954], [-77.01113333599994, -7.5211896849999675], [-77.01112863599997, -7.5211773069999595], [-77.01100458999997, -7.520831628999929], [-77.01067793599998, -7.520440169999972], [-77.01063919399996, -7.520403234999947], [-77.00934804299999, -7.519172322999964], [-77.00781137399997, -7.518581376999975], [-77.00675603499997, -7.518418771999961], [-77.00491250499994, -7.518177244999947], [-77.00308429599994, -7.5180361019999395], [-77.00182558899996, -7.5179521509999745], [-77.00160424399996, -7.51795316099998], [-77.00080696799995, -7.517956797999943], [-76.99984840199994, -7.517991068999947], [-76.99927917199994, -7.51799366399996], [-76.99816902999999, -7.517639930999962], [-76.99808308099995, -7.5175860179999745], [-76.99688663599994, -7.516835522999941], [-76.99609094699997, -7.516317474999937], [-76.99580184999996, -7.515993484999967], [-76.99524422799993, -7.515250544999958], [-76.99505712899997, -7.51509772199995], [-76.99439858199997, -7.5142955389999315], [-76.99424237199997, -7.51375918399998], [-76.99423650999995, -7.513736288999951], [-76.99407988799999, -7.51302898299997], [-76.99407589399993, -7.513008027999945], [-76.99398677199997, -7.51245150699998], [-76.99398396899994, -7.512428513999964], [-76.99392334799995, -7.511749474999931], [-76.99392192299996, -7.511719030999927], [-76.99392194799998, -7.511712795999927], [-76.99392901599998, -7.511157018999938], [-76.99393552899994, -7.510778764999941], [-76.99384379499998, -7.510508226999946], [-76.99358372199998, -7.510106715999939], [-76.99313524299998, -7.50968981099993], [-76.99310558799993, -7.509658768999941], [-76.99307982499994, -7.509624440999971], [-76.99305831499998, -7.509587309999972], [-76.99304136199999, -7.509547897999937], [-76.99288655299995, -7.509119553999938], [-76.99274902399998, -7.508749615999932], [-76.99259027999994, -7.508440533999931], [-76.99247532199996, -7.508247509999933], [-76.99245788799999, -7.508214462999945], [-76.99243922699998, -7.508164937999936], [-76.99240414799993, -7.508044487999939], [-76.99234145999998, -7.507829239999978], [-76.99233921599995, -7.507821186999934], [-76.99228472599998, -7.507616540999948], [-76.99219485499998, -7.507499924999934], [-76.99203181999997, -7.5074319569999375], [-76.99154575099999, -7.507413073999942], [-76.99150990899994, -7.507409896999945], [-76.99149212599997, -7.507406974999981], [-76.99076914699998, -7.507269706999978], [-76.99076383099998, -7.5072686569999405], [-76.99003453499995, -7.507118875999936], [-76.98999085199995, -7.507107023999936], [-76.98994899099995, -7.507089827999948], [-76.98990960399993, -7.507067556999971], [-76.98987330799997, -7.5070405579999715], [-76.98984066899999, -7.507009253999968], [-76.98981219499996, -7.506974131999925], [-76.98944554599996, -7.50645912799996], [-76.98942284399999, -7.506422878999956], [-76.98940458799996, -7.506384209999965], [-76.98939103099997, -7.50634365999997], [-76.98938236299995, -7.506301797999981], [-76.98937870599997, -7.506259206999971], [-76.98938011099995, -7.506216482999946], [-76.98943493399997, -7.505623027999945], [-76.98944126999999, -7.505581288999963], [-76.98945243699995, -7.505540570999926], [-76.98946828299995, -7.5055014279999455], [-76.98948859099994, -7.505464395999979], [-76.98951308599999, -7.505429977999938], [-76.98983720999996, -7.505026660999931], [-76.98986191599994, -7.504998956999941], [-76.98988933599998, -7.504973924999945], [-76.98991917999996, -7.504951827999946], [-76.99085344099996, -7.504331591999971], [-76.99087122599997, -7.504320640999936], [-76.99120589399996, -7.5041277679999325], [-76.99123507399997, -7.504112667999948], [-76.99125422999998, -7.504104490999964], [-76.99159786899997, -7.503969324999957], [-76.99174014399995, -7.503797353999971], [-76.99181384599996, -7.503611015999979], [-76.99183175499996, -7.503572519999977], [-76.99185405999998, -7.503536383999972], [-76.99188045399995, -7.503503104999936], [-76.99230967999995, -7.503022767999937], [-76.99234157999996, -7.502991240999961], [-76.99235494999994, -7.5029801259999545], [-76.99268692799996, -7.502717363999977], [-76.99306673099994, -7.502406518999976], [-76.99307508699997, -7.502399883999942], [-76.99343021399994, -7.502126296999961], [-76.99351769099997, -7.501987719999931], [-76.99352964599996, -7.501875706999954], [-76.99379547299998, -7.501177871999971], [-76.99399463699996, -7.5007033619999675], [-76.99416536699994, -7.500300738999954], [-76.99452270999996, -7.499825510999926], [-76.99495267199995, -7.499507822999931], [-76.99567075499994, -7.499303639999937], [-76.99660519099996, -7.499241990999963], [-76.99723764699996, -7.499181711999938], [-76.99794200299993, -7.499121104999972], [-76.99863230499994, -7.499132318999955], [-76.99886225299997, -7.49910257099998], [-76.99916279099995, -7.498785466999948], [-76.99956392099995, -7.498453554999969], [-76.99974922199993, -7.498093919999974], [-76.99984889799998, -7.497878191999973], [-76.99999079699995, -7.497461347999945], [-77.00013308899997, -7.497130611999978], [-77.00027551099998, -7.496828578999953], [-77.00040368499998, -7.496555314999966], [-77.00018726599995, -7.496398429999942], [-76.99989835999997, -7.496112710999967], [-76.99965213399997, -7.495726334999972], [-76.99949271199995, -7.4954543769999304], [-76.99902421999997, -7.494679421999933], [-76.99863347799999, -7.494135832999973], [-76.99818534999997, -7.493621207999979], [-76.99746479199996, -7.493280038999956], [-76.99703281099994, -7.493152833999943], [-76.99633078499994, -7.493156018999969], [-76.99632820299996, -7.493156030999955], [-76.99583909499995, -7.493115193999927], [-76.99523553699999, -7.493204041999945], [-76.99444477999998, -7.493236329999945], [-76.99376899499998, -7.493253743999958], [-76.99300653999995, -7.493185438999944], [-76.99263227399996, -7.493101023999941], [-76.99208466799996, -7.492845171999932], [-76.99137901499995, -7.492618737999976], [-76.99073133799999, -7.492492501999948], [-76.99038661399999, -7.492580171999975], [-76.99022960899998, -7.492839213999957]], [[-76.88793214299994, -8.106388437999954], [-76.88850936999995, -8.106634534999955], [-76.88912517999995, -8.106918725999947], [-76.88985611499999, -8.10718324499993], [-76.89041449799998, -8.107505972999945], [-76.89105040699997, -8.107981428999949], [-76.89209126399999, -8.108818592999967], [-76.89267082299995, -8.109562215999972], [-76.89311596799996, -8.110306461999926], [-76.89361961699996, -8.111241796999934], [-76.89387318999997, -8.112082612999927], [-76.89403137999994, -8.113057825999931], [-76.89422752699994, -8.113937180999926], [-76.89434650699997, -8.114740349999977], [-76.89441547099995, -8.115140095999948], [-76.89444967999998, -8.115269105999971], [-76.89453047799998, -8.115322636999963], [-76.89457813299998, -8.115316323999934], [-76.89478680899998, -8.115283059999967], [-76.89490559099994, -8.115275330999964], [-76.89509751099996, -8.11541138399997], [-76.89528029399997, -8.115487077999944], [-76.89558879099997, -8.115753548999976], [-76.89564022399998, -8.11604932399996], [-76.89558150599998, -8.116324679999934], [-76.89558279599999, -8.11659975699996], [-76.89558408599999, -8.116874834999976], [-76.89572411599994, -8.117100517999972], [-76.89572946299995, -8.117351446999976], [-76.89564685399995, -8.11765083499995], [-76.89559842199998, -8.11798694099997], [-76.89566887799998, -8.118499222999958], [-76.89592784399997, -8.118440607999958], [-76.89621554799999, -8.11836750699996], [-76.89670467699995, -8.118250410999963], [-76.89707885999997, -8.118191258999957], [-76.89748177899997, -8.118117618999975], [-76.89788449499997, -8.118000923999944], [-76.89802797599998, -8.117885437999973], [-76.89812771099997, -8.117655337999963], [-76.89812710399997, -8.117526171999941], [-76.89806902499998, -8.117425977999972], [-76.89809648099998, -8.117138806999947], [-76.89836944399997, -8.116994012999953], [-76.89858540599994, -8.116978652999933], [-76.89878753599999, -8.116977709999958], [-76.89888784699997, -8.116977242999951], [-76.89914721599996, -8.117004736999945], [-76.89940698999999, -8.11711834199997], [-76.89955127899998, -8.117175076999956], [-76.89991125999995, -8.117159043999948], [-76.90006914099996, -8.117043490999947], [-76.90018354799997, -8.116870730999949], [-76.90024027899995, -8.116683887999955], [-76.90038321799994, -8.116453586999967], [-76.90056969999995, -8.116294842999935], [-76.90077031499999, -8.116078624999943], [-76.90109386699999, -8.116049797999949], [-76.90129562899995, -8.116077559999951], [-76.90159820299993, -8.116104850999932], [-76.90191477399998, -8.116045963999966], [-76.90234683099999, -8.116043944999944], [-76.90283676399997, -8.116099063999968], [-76.90309687599995, -8.116284424999947], [-76.90328518199993, -8.11651317899998], [-76.90354569999994, -8.116784650999932], [-76.90399350999996, -8.117069597999944], [-76.90431143399996, -8.117297744999973], [-76.90457235799994, -8.117655325999976], [-76.90484788799995, -8.11805589599993], [-76.90513777699994, -8.118169875999968], [-76.90534629899997, -8.118601720999948], [-76.90569293799996, -8.118810594999957], [-76.90623142299995, -8.11898029799994], [-76.90648195899996, -8.119170485999973], [-76.90663711499997, -8.11949507199995], [-76.90675377499997, -8.119800702999953], [-76.90713705799999, -8.120144552999932], [-76.90740806299993, -8.120602548999955], [-76.90771657099998, -8.120869007999943], [-76.90775605999994, -8.12109845599997], [-76.90733477599997, -8.12134919999994], [-76.90679818399997, -8.121581348999939], [-76.90647309299999, -8.121869913999944], [-76.90603224199998, -8.122044204999952], [-76.90520733699998, -8.12222029399993], [-76.90436340699995, -8.122434742999928], [-76.90371087399996, -8.122514341999931], [-76.90319329999994, -8.122708124999974], [-76.90284743499996, -8.12273769899997], [-76.90217196899994, -8.122602250999932], [-76.90177585499998, -8.122592142999963], [-76.90143997499996, -8.122629593999932], [-76.90097229999998, -8.12271549999997], [-76.90060080799998, -8.122836836999966], [-76.90020542399998, -8.12298220599996], [-76.89977397899997, -8.123115781999957], [-76.89948700499997, -8.123344363999934], [-76.89920042399996, -8.123656665999931], [-76.89909398199995, -8.123992045999955], [-76.89915933599997, -8.124447818999954], [-76.89896991599994, -8.125003652999965], [-76.89876192299994, -8.125693526999953], [-76.89864976399997, -8.126344680999978], [-76.89847954699997, -8.126900424999974], [-76.89838560099997, -8.12734099599993], [-76.89829210499994, -8.127877245999969], [-76.89831401899994, -8.128589517999956], [-76.89821325899999, -8.128601948999972], [-76.89813897099998, -8.128628607999929], [-76.89804310199997, -8.128660151999952], [-76.89797611499995, -8.128708304999975], [-76.89794034599998, -8.128758704999939], [-76.89788292699996, -8.12879963699993], [-76.89782075399995, -8.128850159999956], [-76.89775135499997, -8.128895931999978], [-76.89768430199996, -8.12892973399994], [-76.89754297099995, -8.128992585999981], [-76.89744712399994, -8.129028913999946], [-76.89733445099995, -8.12906053599994], [-76.89722178999995, -8.129094549999934], [-76.89711873099998, -8.129162937999979], [-76.89705211299997, -8.129191438999953], [-76.89699195999998, -8.129221875999974], [-76.89692420299997, -8.12926228899994], [-76.89685114599996, -8.129311908999966], [-76.89678323899994, -8.129362147999927], [-76.89662454199998, -8.129484162999972], [-76.89654419899995, -8.129542005999951], [-76.89646684899998, -8.129591581999932], [-76.89639376999997, -8.129631311999958], [-76.89630756699995, -8.129671368999936], [-76.89620213199998, -8.12971592599996], [-76.89615859199995, -8.129733285999976], [-76.89592265899995, -8.129757223999945], [-76.89580390599997, -8.129772129999935], [-76.89567073399996, -8.129783514999929], [-76.89551961099994, -8.129805747999967], [-76.89536867099997, -8.12986744899996], [-76.89525372199995, -8.12992539299995], [-76.89503074399994, -8.129983685999946], [-76.89486777799993, -8.12999452799994], [-76.89475315399994, -8.130006609999953], [-76.89470039099996, -8.130014506999942], [-76.89465089499998, -8.130023713999947], [-76.89460401199995, -8.130034353999974], [-76.89455937199995, -8.130046510999932], [-76.89449744799998, -8.130062748999933], [-76.89430956699994, -8.130105568999966], [-76.89425403099995, -8.130121797999948], [-76.89420718899999, -8.130139102999976], [-76.89415979299997, -8.130162304999942], [-76.89413943899996, -8.130175043999941], [-76.89412119099995, -8.130188615999941], [-76.89410496999994, -8.130203083999959], [-76.89409075799995, -8.130218468999942], [-76.89407852199997, -8.130234805999976], [-76.89406824299994, -8.130252121999945], [-76.89405862499996, -8.130274335999957], [-76.89405067799999, -8.13030114999998], [-76.89403157699996, -8.130403824999973], [-76.89402113299997, -8.130443704999948], [-76.89399977399995, -8.130503974999954], [-76.89397742699998, -8.130559993999952], [-76.89395397799996, -8.130612044999964], [-76.89392937899999, -8.130660229999933], [-76.89390356499996, -8.130704668999954], [-76.89387654399997, -8.130745334999972], [-76.89384830399996, -8.130782246999956], [-76.89381883799996, -8.130815411999947], [-76.89378905799998, -8.130842368999936], [-76.89375244899998, -8.130868222999936], [-76.89370790899994, -8.13089397799996], [-76.89361029499997, -8.130943657999978], [-76.89356923899999, -8.130966335999972], [-76.89352864399996, -8.130992922999951], [-76.89349573699997, -8.131020239999941], [-76.89346743999994, -8.131050381999955], [-76.89343964799997, -8.131086744999948], [-76.89341090499994, -8.131131128999925], [-76.89335418299999, -8.13122849299998], [-76.89332849499993, -8.131269653999937], [-76.89329892399996, -8.131310644999928], [-76.89326921199995, -8.13134421899997], [-76.89321356399995, -8.13139575799994], [-76.89314976499998, -8.131446581999967], [-76.89307723599995, -8.131497168999942], [-76.89299411899998, -8.131548822999946], [-76.89292951399995, -8.131585255999937], [-76.89286604299997, -8.131617538999933], [-76.89280373999998, -8.131645657999968], [-76.89274263499993, -8.131669595999938], [-76.89265469199995, -8.131701817999954], [-76.89260312699997, -8.131717854999977], [-76.89255593799999, -8.131727754999929], [-76.89251487599995, -8.131730457999936], [-76.89247876299999, -8.131726280999942], [-76.89244192399997, -8.131715287999953], [-76.89240402999997, -8.131697386999974], [-76.89236443899995, -8.13167227799994], [-76.89232969199998, -8.131645612999932], [-76.89229170699997, -8.131612510999958], [-76.89217149299998, -8.131495635999954], [-76.89212951899998, -8.13145716899993], [-76.89203041599995, -8.13139954999997], [-76.89198708499998, -8.131373439999948], [-76.89193889699999, -8.131335391999926], [-76.89187865099996, -8.131285439999942], [-76.89180876999995, -8.131228355999951], [-76.89173892199994, -8.131178447999957], [-76.89166665099998, -8.131123767999952], [-76.89160637199996, -8.131066639999972], [-76.89159446899998, -8.13104868299996], [-76.89156527299997, -8.131004638999968], [-76.89150966099999, -8.130918784999949], [-76.89145884799996, -8.130832907999945], [-76.89138873199994, -8.130725592999966], [-76.89132580499995, -8.130615851999949], [-76.89127253599997, -8.130518026999937], [-76.89122162299998, -8.130410621999943], [-76.89119236999994, -8.130315076999977], [-76.89117276299999, -8.130229054999973], [-76.89114029099994, -8.130074011999966], [-76.89100613799997, -8.12981603399993], [-76.89096882599995, -8.129750113999933], [-76.89093301799994, -8.12969263399998], [-76.89080599399995, -8.12949568099998], [-76.89076858699997, -8.129440875999933], [-76.89073378899997, -8.129393001999972], [-76.89069587799997, -8.129344844999935], [-76.89065844399994, -8.129301682999937], [-76.89062085699999, -8.129262791999963], [-76.89058277299995, -8.129227816999958], [-76.89046112199998, -8.129134299999976], [-76.89012033499995, -8.12896922899995], [-76.89003461999994, -8.12894506799995], [-76.88994444699995, -8.128924859999927], [-76.88985032799997, -8.12890872099996], [-76.88975306499998, -8.128896789999942], [-76.88969770799997, -8.128893241999947], [-76.88963966699998, -8.12889334099998], [-76.88957833499995, -8.128897085999938], [-76.88951250999997, -8.12890454799998], [-76.88939014099998, -8.128925306999975], [-76.88917342799994, -8.128971133999926], [-76.88909172499996, -8.128987067999958], [-76.88901057199996, -8.129000058999964], [-76.88893742999994, -8.129008222999971], [-76.88872108399994, -8.129028295999944], [-76.88861626399995, -8.129035645999977], [-76.88851340899998, -8.129038176999927], [-76.88842145399997, -8.129034540999953], [-76.88836794099996, -8.129029358999958], [-76.88831239699994, -8.12902186499997], [-76.88825441799997, -8.129012006999972], [-76.88819328999995, -8.128999662999945], [-76.88806224699994, -8.12896796299998], [-76.88788080299997, -8.12891744999996], [-76.88776206599994, -8.128882500999964], [-76.88766394599998, -8.128851031999943], [-76.88757597099999, -8.128819680999925], [-76.88749612199996, -8.128787674999955], [-76.88738457199997, -8.128739199999927], [-76.88728805499994, -8.128695170999947], [-76.88719988599996, -8.128652532999979], [-76.88711861199994, -8.12861056099996], [-76.88704219099998, -8.128568143999928], [-76.88697113199999, -8.12852550499997], [-76.88690503599997, -8.128482402999964], [-76.88684368999998, -8.128438697999968], [-76.88678601599997, -8.128393523999932], [-76.88673296799999, -8.128347514999973], [-76.88668446099996, -8.128300598999942], [-76.88664043899996, -8.128252720999967], [-76.88660084699995, -8.128203819999953], [-76.88656567299995, -8.128153874999953], [-76.88653489099994, -8.128102852999973], [-76.88650848899994, -8.128050727999948], [-76.88648819499997, -8.128002838999976], [-76.88646836799995, -8.127948367999977], [-76.88644860099998, -8.127886572999955], [-76.88642330099998, -8.127799958999958], [-76.88639429599993, -8.127686710999967], [-76.88639113199997, -8.127671077999935], [-76.88636911199995, -8.127562259999934], [-76.88634700099993, -8.127423545999932], [-76.88632471499994, -8.12725024699995], [-76.88630611399998, -8.127081690999944], [-76.88630155399994, -8.127019703999963], [-76.88629936899997, -8.126963320999948], [-76.88629981499997, -8.126926973999957], [-76.88630250999995, -8.126886397999954], [-76.88631797699998, -8.126753376999943], [-76.88632227399995, -8.126705152999932], [-76.88632375199995, -8.126658419999956], [-76.88632175299995, -8.126616370999955], [-76.88631318899996, -8.12653808999994], [-76.88630302999997, -8.126477226999953], [-76.88628963299999, -8.12642397899998], [-76.88627262799997, -8.126377394999963], [-76.88625639399999, -8.126344508999978], [-76.88623514399995, -8.126309295999931], [-76.88620997199996, -8.126272815999926], [-76.88616382799995, -8.126210456999956], [-76.88608133699995, -8.126099343999954], [-76.88607134799997, -8.126085888999967], [-76.88603756099997, -8.126044307999962], [-76.88600568899994, -8.126008429999956], [-76.88597274099999, -8.125975214999926], [-76.88594011199996, -8.125946423999949], [-76.88590738599999, -8.125921688999938], [-76.88587432699995, -8.125900834999925], [-76.88585060099996, -8.12588883199993], [-76.88582312499994, -8.125877770999978], [-76.88569868899998, -8.125839809999945], [-76.88567031099996, -8.12582931299994], [-76.88564589999999, -8.125818171999981], [-76.88559983199997, -8.125793321999936], [-76.88555547799996, -8.12576661199995], [-76.88551329599994, -8.125738315999968], [-76.88547361599996, -8.12570865899994], [-76.88543678799994, -8.125677910999968], [-76.88540292999994, -8.125646181999969], [-76.88537220699999, -8.125613624999971], [-76.88534473299995, -8.125580363999973], [-76.88532515899993, -8.125552182999968], [-76.88530586899998, -8.12551879199998], [-76.88525122799996, -8.125405053999941], [-76.88522365299997, -8.125353681999968], [-76.88517751599994, -8.125276928999938], [-76.88511331799998, -8.125173046999976], [-76.88505856499995, -8.125090342999954], [-76.88500614699996, -8.125018094999973], [-76.88495485899995, -8.124954774999935], [-76.88490253899994, -8.124897957999963], [-76.88484969799998, -8.124848443999952], [-76.88479588799999, -8.12480581799997], [-76.88474083899996, -8.124769869999966], [-76.88468628399994, -8.12474083099994], [-76.88462342899999, -8.124712877999968], [-76.88455127699996, -8.12468537199993], [-76.88445223499997, -8.12465160499994], [-76.88435006099996, -8.124617068999953], [-76.88429234099993, -8.12459985399994], [-76.88423754799999, -8.124587474999942], [-76.88418785699997, -8.12458106899993], [-76.88416068699996, -8.124580414999969], [-76.88413064999997, -8.124582306999969], [-76.88399616599997, -8.12460308599998], [-76.88396432799993, -8.124605927999937], [-76.88393592799997, -8.12460615699996], [-76.88389751599993, -8.124602852999942], [-76.88385503999996, -8.124595702999954], [-76.88370669999995, -8.124559058999978], [-76.88364760299999, -8.124547690999975], [-76.88357253599997, -8.124540240999977], [-76.88348805499999, -8.124538362999942], [-76.88340738999995, -8.124540792999937], [-76.88321925199995, -8.124550984999928], [-76.88312883899994, -8.124552402999939], [-76.88304811599994, -8.124548492999963], [-76.88297543799996, -8.124538842999925], [-76.88291130999994, -8.124524638999958], [-76.88276513399995, -8.124483881999936], [-76.88269905799996, -8.12446836099997], [-76.88266358999994, -8.124462520999941], [-76.88262353299996, -8.124458162999929], [-76.88248251899995, -8.12445005199993], [-76.88242806599999, -8.124445029999947], [-76.88267994299997, -8.124177334999956], [-76.88296638299994, -8.123831553999935], [-76.88320463899998, -8.123418509999965], [-76.88335647799994, -8.123035079999966], [-76.88358531199998, -8.122381410999935], [-76.88394118499997, -8.121482746999959], [-76.88402868999998, -8.120944131999977], [-76.88396505599997, -8.120167012999957], [-76.88375028499996, -8.119151388999967], [-76.88344605999998, -8.11825577999997], [-76.88329255499997, -8.117508976999943], [-76.88331726599995, -8.116372640999941], [-76.88334364899998, -8.115595104999954], [-76.88312944199998, -8.114699078999934], [-76.88297496599995, -8.11374297499998], [-76.88327208199996, -8.113113689999977], [-76.88363073799997, -8.11281302499998], [-76.88371810399997, -8.112244510999972], [-76.88383505599995, -8.111586157999966], [-76.88380226699996, -8.110988297999938], [-76.88340692799994, -8.109853904999966], [-76.88361347399996, -8.109105435999936], [-76.88354929199994, -8.108208715999979], [-76.88348510999998, -8.107311995999964], [-76.88348149199999, -8.10653459799994], [-76.88344647999998, -8.105458338999938], [-76.88326284299995, -8.104681772999982], [-76.88307823299994, -8.103695905999928], [-76.88295432699994, -8.102859261999981], [-76.88298085499997, -8.102111624999964], [-76.88324963199994, -8.101841278999927], [-76.88403124499996, -8.102166574999956], [-76.88442295599998, -8.102523571999939], [-76.88517581999997, -8.103118102999929], [-76.88565865599998, -8.103713880999976], [-76.88599105999998, -8.10422065199998], [-76.88629373999999, -8.104787361999968], [-76.88674755199997, -8.105592574999946], [-76.88735482799996, -8.106123202999981], [-76.88793214299994, -8.106388437999954]]]}}, {"type": "Feature", "properties": {"objectid": 17332, "anp_gid": 135, "acr_codi": "ACR23", "acr_nomb": "Sistema de Lomas de Lima", "acr_sect": "Lomas de Carabayllo1", "acr_ubpo": "Lima", "acr_suleg": 228.97, "acr_balec": "D.S. N° 011-2019-MINAM", "acr_felec": 1575694800000, "acr_balem": " ", "acr_felem": null, "acr_obs": null, "met_link": null, "acr_orden": 23, "acr_id": 23}, "geometry": {"type": "Polygon", "coordinates": [[[-77.08637188699998, -11.817849028999944], [-77.08742018399994, -11.818448908999926], [-77.08920164499995, -11.818661751999969], [-77.09024111399998, -11.819024654999964], [-77.09065571599996, -11.819015116999935], [-77.09060111099996, -11.818675479999968], [-77.09016111099999, -11.817984229999979], [-77.08978398599999, -11.816475853999975], [-77.08990973699997, -11.815470103999928], [-77.09188948699995, -11.812013228999945], [-77.09201836099999, -11.811588104999942], [-77.09204661199993, -11.811541854999973], [-77.09308373599998, -11.808713478999948], [-77.09307036099995, -11.806857478999973], [-77.09220786099996, -11.80357472999998], [-77.08513673599998, -11.801736354999946], [-77.08225036099998, -11.800873729999978], [-77.08066194199995, -11.799646268999936], [-77.08053565499995, -11.799586232999957], [-77.07978483499994, -11.799221359999933], [-77.07903725599994, -11.79885008399998], [-77.07829297399996, -11.79847243599994], [-77.07755204499995, -11.798088442999926], [-77.07681452399999, -11.797698132999926], [-77.07617930999999, -11.797354939999934], [-77.07617931099998, -11.797355119999963], [-77.07618051699995, -11.797515571999952], [-77.07618226999995, -11.797748903999945], [-77.07626163199996, -11.808306800999958], [-77.07789330999998, -11.80836134599997], [-77.07789938299999, -11.80836194899996], [-77.07790712099995, -11.808363931999963], [-77.07791451799994, -11.808367277999935], [-77.07899295599998, -11.808979080999961], [-77.07997895599993, -11.809538437999947], [-77.08626215699996, -11.81310274499998], [-77.08626848999995, -11.81310707299997], [-77.08627418499998, -11.813112600999943], [-77.08627881999996, -11.813119019999931], [-77.08628225299998, -11.813126133999958], [-77.08628437999994, -11.813133726999979], [-77.08628512999996, -11.813141084999927], [-77.08629159899994, -11.813492147999966], [-77.08629337599996, -11.813588592999963], [-77.08637188699998, -11.817849028999944]]]}}, {"type": "Feature", "properties": {"objectid": 17333, "anp_gid": 136, "acr_codi": "ACR24", "acr_nomb": "Ausangate", "acr_sect": " ", "acr_ubpo": "Cusco", "acr_suleg": 66514.17, "acr_balec": "D.S. N° 012-2019-MINAM", "acr_felec": 1576126800000, "acr_balem": " ", "acr_felem": null, "acr_obs": null, "met_link": null, "acr_orden": 24, "acr_id": 24}, "geometry": {"type": "Polygon", "coordinates": [[[-70.99908915099996, -13.806682911999928], [-71.14962192499996, -13.957895452999935], [-71.02314570099998, -13.96729285799995], [-71.10194439799994, -13.989711548999935]]]}}, {"type": "Feature", "properties": {"objectid": 17334, "anp_gid": 137, "acr_codi": "ACR25", "acr_nomb": "Bosque Montano de Carpish", "acr_sect": " ", "acr_ubpo": "Huánuco", "acr_suleg": 50559.21, "acr_balec": "D.S. N° 014-2019-MINAM", "acr_felec": 1577854800000, "acr_balem": " ", "acr_felem": null, "acr_obs": null, "met_link": null, "acr_orden": 25, "acr_id": 25}, "geometry": {"type": "Polygon", "coordinates": [[[-76.23389975199996, -9.416740837999953], [-76.25342902099999, -9.399752731999968], [-76.28978657999994, -9.391169802999968], [-76.29840668999998, -9.387561520999952], [-76.30229264099995, -9.39033899499998], [-76.30743383099997, -9.391045163999934], [-76.31404007099997, -9.393045790999963], [-76.28136315299997, -9.352549395999972], [-76.06827014399994, -9.423023090999948], [-76.06100972399997, -9.437315507999926], [-76.05495654699996, -9.44012497999995], [-76.04573502999995, -9.453710756999953], [-76.03606711899994, -9.463975527999935], [-76.03190059699995, -9.467548539999939], [-76.02921843099995, -9.470841277999966], [-76.02619257199996, -9.473191032999978], [-76.02243760599998, -9.50117265199998], [-76.05023843199996, -9.579489508999927], [-76.05295397299994, -9.578256200999931], [-76.05544344399993, -9.578765462999968], [-76.05808957699998, -9.580039899999974], [-76.05857522499997, -9.581167780999976], [-76.06061817099999, -9.580721277999942], [-76.06270289699995, -9.581308289999981], [-76.06445296999993, -9.57971416099997], [-76.06543081899997, -9.57787355299996], [-76.06779698499997, -9.575952108999957], [-76.06997104699997, -9.574280083999952], [-76.07227722099998, -9.574414443999956], [-76.07828128699998, -9.575712386999953], [-76.08538862599994, -9.577220823999937], [-76.08916766899995, -9.579918501999941], [-76.09120581499997, -9.584027529999958], [-76.09041332399994, -9.58802961899994], [-76.08554490499995, -9.589982986999928], [-76.08108586299994, -9.591603272999976], [-76.07839447799995, -9.594817387999967], [-76.07846840099995, -9.59813070399997], [-76.07779621399999, -9.603771869999946], [-76.08662444299995, -9.602060277999954], [-76.09232927799997, -9.608339309999963], [-76.09630674599998, -9.615648345999944], [-76.09507861099996, -9.618464999999958], [-76.08451888999997, -9.618968610999957], [-76.07573638899999, -9.61961999999994], [-76.06933278099996, -9.622841506999976], [-76.06839559399998, -9.627424915999939], [-76.07056537499994, -9.630423428999961], [-76.07138515699995, -9.633483544999933], [-76.07239217799997, -9.636275090999959], [-76.07223631899996, -9.640367093999942], [-76.07212860999994, -9.644435020999936], [-76.07431636399997, -9.647983358999966], [-76.07656119399996, -9.65025419799997], [-76.07994031699997, -9.651315544999932], [-76.08532701299998, -9.652810789999933], [-76.08911920299994, -9.656339990999982], [-76.09132998099994, -9.659969867999962], [-76.09215288599995, -9.663910398999974], [-76.09297358899994, -9.667161839999949], [-76.09329219399996, -9.670242599999938], [-76.09534457899997, -9.672571320999964], [-76.09540877399996, -9.674523542999964], [-76.09844156799994, -9.67577719299993], [-76.10054977899995, -9.677454887999943], [-76.10258003299998, -9.678883980999956], [-76.10485764999999, -9.679259487999957], [-76.10917496799993, -9.678786177999939], [-76.11183834699995, -9.679141250999976], [-76.11378316399998, -9.678043893999927], [-76.11533308399999, -9.680048701999965], [-76.11632521699994, -9.682552986999951], [-76.11602445799997, -9.684946626999931], [-76.11611105099996, -9.687313485999937], [-76.11843656799994, -9.690483364999977], [-76.12206870499995, -9.692060225999967], [-76.11962377899994, -9.69361865999997], [-76.11763961999998, -9.69450562999998], [-76.11704714099994, -9.696191993999946], [-76.11862141599994, -9.699689710999962], [-76.11957633399999, -9.702576922999981], [-76.13054389399997, -9.703578457999981], [-76.13201915899998, -9.703903650999962], [-76.13348649399995, -9.703967103999958], [-76.13503314299999, -9.704292296999938], [-76.13573904999998, -9.703372238999975], [-76.13642116199998, -9.704165391999936], [-76.13722224699995, -9.705267875999937], [-76.13821368999999, -9.706116549999933], [-76.13909408999996, -9.707544226999971], [-76.14083109699999, -9.709471589999964], [-76.14206841599997, -9.710819950999962], [-76.14322642099995, -9.711874845999944], [-76.14461443999994, -9.712136586999975], [-76.14562967599994, -9.71308837099997], [-76.14575658099994, -9.714968144999943], [-76.14703355799998, -9.715753366999934], [-76.14877849599998, -9.716237190999948], [-76.15065827099994, -9.71676860399998], [-76.15203042599995, -9.717799703999958], [-76.15310911499995, -9.718362842999966], [-76.15401331099997, -9.71875941999997], [-76.15566306999995, -9.719044954999958], [-76.16023163499995, -9.719788536999943], [-76.16365805899994, -9.72400018299993], [-76.16637064499997, -9.726688972999966], [-76.16446707599994, -9.730853029999935], [-76.16511177599995, -9.732054595999955], [-76.16596165099998, -9.732335467999974], [-76.16687967799999, -9.732783938999944], [-76.16777463999995, -9.732667231999926], [-76.16862602399993, -9.732155889999945], [-76.16942444199998, -9.732018572999948], [-76.17019678799994, -9.732186401999968], [-76.17094949599993, -9.731908672999964], [-76.17186083199994, -9.731301412999926], [-76.17279941099997, -9.730726955999955], [-76.17380219099994, -9.73040948299996], [-76.17446480699994, -9.730233741999939], [-76.17499215499998, -9.729307782999967], [-76.17567618699997, -9.728360349999946], [-76.17651107199998, -9.72744828599997], [-76.18453710699998, -9.70798446699996], [-76.20262300499996, -9.508186659999978], [-76.20425538899997, -9.50632436899997], [-76.20546458399997, -9.504750644999945], [-76.19933501199995, -9.498291139999935], [-76.19739159999995, -9.496614419999958], [-76.19583422399995, -9.495088468999938], [-76.19284625099993, -9.494547888999932], [-76.19009221199997, -9.492643165999937], [-76.18731278399997, -9.490355683999951], [-76.18592669099996, -9.48611266499995], [-76.18358582599996, -9.483785373999979], [-76.18026860499998, -9.483471170999962], [-76.17889268799996, -9.481408564999981], [-76.17695774799995, -9.47936697199998], [-76.17515869899995, -9.477592884999979], [-76.17355044499999, -9.475224771999933], [-76.17130801399998, -9.473452144999953], [-76.16925833199997, -9.47165971499993], [-76.16709797199997, -9.47134151199998], [-76.16401215399998, -9.471007227999962], [-76.16209824499998, -9.46944399499995], [-76.15943786599996, -9.46949108299998], [-76.15668531499995, -9.470801776999963], [-76.15356298599994, -9.471080040999937], [-76.15067269899998, -9.471568068999943], [-76.14778723399996, -9.47351079899994], [-76.14570220699994, -9.472656259999951], [-76.14448906499996, -9.470916445999933], [-76.14246061699998, -9.46967408599994], [-76.14000327799994, -9.469911779999961], [-76.13892402599998, -9.471494448999977], [-76.13716469199994, -9.472935762999953], [-76.13513122399996, -9.474564586999975], [-76.13477793799996, -9.477063683999972], [-76.13257030499994, -9.478506430999971], [-76.13018857099996, -9.47977745399993], [-76.12695072999998, -9.480146785999978], [-76.12403127699997, -9.480601203999981], [-76.12350492799999, -9.478822735999927], [-76.12179241599995, -9.476904504999936], [-76.11961697999999, -9.474915960999965], [-76.11705519699996, -9.47537092899995], [-76.11566974099998, -9.475459085999944], [-76.11263638799994, -9.476461694999955], [-76.11066537799996, -9.477501866999944], [-76.10916029099997, -9.477114230999973], [-76.10821201999994, -9.479012245999968], [-76.10695102599993, -9.479590478999967], [-76.10486621599995, -9.478793113999927], [-76.10325368099996, -9.477965534999953], [-76.10196826999999, -9.476935933999926], [-76.10085501199995, -9.475475098999937], [-76.09946369999994, -9.474484101999963], [-76.09863904799994, -9.47283093599998], [-76.09712529099994, -9.472739968999974], [-76.09557163999995, -9.472228002999941], [-76.09370072799999, -9.47198500199994], [-76.09234864299998, -9.471194837999974], [-76.09060392899994, -9.471228980999967], [-76.08851284599996, -9.47147474899998], [-76.08707132699999, -9.472895705999974], [-76.08495878499997, -9.472452420999957], [-76.08380870099995, -9.471518032999938], [-76.08217992799996, -9.471637913999928], [-76.08121986499998, -9.472894658999962], [-76.07963593499994, -9.47194245299994], [-76.07855376099997, -9.471141829999965], [-76.07704355699997, -9.472189697999966], [-76.07502953799997, -9.472425579999936], [-76.07408419699993, -9.47132698799993], [-76.07527716699997, -9.47133529499996], [-76.07618904099996, -9.47007631899993], [-76.07677601499995, -9.468961902999979], [-76.07714527099995, -9.46758495499995], [-76.07822940599993, -9.467473951999978], [-76.07962459099997, -9.466644171999974], [-76.08011187499994, -9.465252502999931], [-76.07977982399996, -9.463875319999943], [-76.07937006199995, -9.462306956999953], [-76.07988641799994, -9.460965444999943], [-76.08079133999996, -9.460579825999957], [-76.08068222599996, -9.459594361999962], [-76.08068191099994, -9.458455914999945], [-76.08110005799995, -9.457573620999938], [-76.08191615099997, -9.456527881999932], [-76.08206526699996, -9.454890803999945], [-76.08282372499997, -9.45391223699994], [-76.08360082799999, -9.452732624999953], [-76.08357897499997, -9.451139141999931], [-76.08403215999994, -9.449642295999979], [-76.08390710399993, -9.448183123999968], [-76.08449174199995, -9.446866442999976], [-76.08596181799999, -9.446370280999929], [-76.08724718599996, -9.44513405999993], [-76.08877532299994, -9.444471333999957], [-76.08968712399997, -9.44322429899995], [-76.09110567999994, -9.442202996999981], [-76.09221005599994, -9.440895540999975], [-76.09373857999998, -9.44036439499996], [-76.09600357699998, -9.440309490999937], [-76.09727736699995, -9.439240764999965], [-76.09874540199996, -9.438638005999962], [-76.10033270399998, -9.437652034999928], [-76.10059135799997, -9.435629389999974], [-76.10151627999994, -9.434741194999958], [-76.10271933699994, -9.434175140999969], [-76.10457277499995, -9.433535263999943], [-76.10638918299998, -9.432620332999932], [-76.10731190599995, -9.431050210999956], [-76.10771711999996, -9.429661169999974], [-76.10786970099997, -9.428392557999928], [-76.11005153299999, -9.428732629999956], [-76.11173002399994, -9.42991172099994], [-76.11496831999995, -9.432457617999944], [-76.12264746899996, -9.430064450999964], [-76.12945011499994, -9.43233967499998], [-76.13891531899998, -9.43821909299993], [-76.14690425099997, -9.442093193999938], [-76.15451395899998, -9.440584843999943], [-76.16142541799996, -9.439270055999941], [-76.17173522899998, -9.438183101999925], [-76.18109695299995, -9.434682467999949], [-76.18748186799996, -9.434493498999927], [-76.19499116699996, -9.438942304999955], [-76.19876682499995, -9.443738640999982], [-76.20369426299999, -9.447720298999968], [-76.23389975199996, -9.416740837999953]]]}}, {"type": "Feature", "properties": {"objectid": 17338, "anp_gid": 111, "acr_codi": "ACR06", "acr_nomb": "Imiria", "acr_sect": " ", "acr_ubpo": "Ucayali", "acr_suleg": 135737.52, "acr_balec": "D.S. Nº 006-2010-MINAM", "acr_felec": 1276578000000, "acr_balem": " ", "acr_felem": null, "acr_obs": null, "met_link": null, "acr_orden": 6, "acr_id": 6}, "geometry": {"type": "Polygon", "coordinates": [[[-74.16294936699995, -8.75826979599998], [-74.15443685099996, -8.757039561999932], [-74.14256699299995, -8.75954278599994], [-74.13784486899993, -8.757063065999944], [-74.13636213199999, -8.75507801599997], [-74.13633561299997, -8.755056801999956], [-74.13628181599995, -8.75501376699998], [-74.13616646499997, -8.754921491999937], [-74.13588932999994, -8.754706287999966], [-74.13538158699998, -8.754382739999926], [-74.13501399799998, -8.754148500999975], [-74.13482501799996, -8.75402807599994], [-74.13479676899993, -8.754014008999945], [-74.13479389899999, -8.754012579999937], [-74.13472987699998, -8.753980698999953], [-74.13467618999994, -8.753953963999948], [-74.13455791799998, -8.753895067999963], [-74.13449509099996, -8.75386378199994], [-74.13435017799998, -8.753727284999968], [-74.13426830299994, -8.75363563999997], [-74.13412321399994, -8.75347323699998], [-74.13392392599997, -8.753250168999955], [-74.13386460299995, -8.75318376599995], [-74.13383232499996, -8.753147636999927], [-74.13379333799998, -8.753087222999966], [-74.13379231899995, -8.753084605999959], [-74.13379066899995, -8.753080373999978], [-74.13245884299994, -8.752252253999927], [-74.13384885099998, -8.750441347999981], [-74.13916182999998, -8.74788689299993], [-74.14397297099998, -8.745723838999936], [-74.14643749899994, -8.743840599999942], [-74.14466596899996, -8.740778743999954], [-74.14191189199994, -8.742433853999955], [-74.13928581499994, -8.73995827799996], [-74.13974375599997, -8.737123406999956], [-74.14418815499994, -8.73753537999994], [-74.14814351199993, -8.737617650999937], [-74.15159516199998, -8.736153527999932], [-74.15590184999996, -8.739697642999943], [-74.15967216799999, -8.740161581999928], [-74.16053884399997, -8.736965353999949], [-74.15988156099996, -8.73450231499993], [-74.15832644599999, -8.73321428099996], [-74.15737113499995, -8.732387527999947], [-74.15892456299997, -8.729689447999931], [-74.16154514699997, -8.726556516999949], [-74.16301454299997, -8.729684835999933], [-74.16736233199998, -8.728081350999958], [-74.17182067399995, -8.725425565999956], [-74.17620646299997, -8.723245478999957], [-74.17564428899993, -8.717039307999926], [-74.17717877199993, -8.712854655999934], [-74.17926104399999, -8.713600250999946], [-74.17948132399994, -8.708542498999975], [-74.18060326199998, -8.703337093999949], [-74.17852527299993, -8.69647989699996], [-74.17724304399997, -8.691539641999952], [-74.17151987099999, -8.686254303999931], [-74.17053925099998, -8.684541888999945], [-74.16927559699997, -8.687455481999962], [-74.16595009499997, -8.68274327399996], [-74.16878390299996, -8.677356480999947], [-74.17503174899997, -8.674882667999952], [-74.18307169199994, -8.67313071999996], [-74.18330095299996, -8.670989414999951], [-74.18413949999996, -8.666384832999938], [-74.18792486599995, -8.664987519999954], [-74.19201080899995, -8.663342371999931], [-74.19327996899995, -8.666030586999966], [-74.19768590699994, -8.66725237299994], [-74.19748015799996, -8.67070500799997], [-74.19643889599996, -8.67460854199993], [-74.19314134999996, -8.67788216599996], [-74.19694324899996, -8.675509791999957], [-74.19962398099995, -8.677545708999958], [-74.19816061399996, -8.678485785999953], [-74.19393024599998, -8.682336202999977], [-74.19543979399998, -8.684646250999947], [-74.20030168999995, -8.683034998999972], [-74.20468885799994, -8.682135028999937], [-74.20890706699998, -8.681178219999936], [-74.21388293499996, -8.676863279999964], [-74.21908944499995, -8.673570667999968], [-74.22235827499998, -8.669025359999978], [-74.22833810699996, -8.664785051999957], [-74.23119312799997, -8.659719726999981], [-74.23584786099997, -8.655263821999938], [-74.23497613799998, -8.651940493999973], [-74.23279551699994, -8.649902296999926], [-74.23736645399998, -8.649284465999926], [-74.23783486799994, -8.643458304999967], [-74.23446264299997, -8.644143845999963], [-74.23547842299996, -8.640693411999962], [-74.23411227299994, -8.636851932999946], [-74.22968201099997, -8.635130302999926], [-74.23022082799997, -8.631602227999963], [-74.22825371699997, -8.628944805999936], [-74.22649857399995, -8.634810955999967], [-74.22033624399995, -8.63340201099993], [-74.21661074899998, -8.632584939999958], [-74.21156922799997, -8.630052023999951], [-74.20721247799997, -8.626689729999953], [-74.20545275999996, -8.62203489999996], [-74.20832409999997, -8.62172798399996], [-74.21117779799994, -8.620198198999958], [-74.21054978299998, -8.615968990999932], [-74.21196206999997, -8.613446859999954], [-74.21455810299994, -8.61074760899993], [-74.21697280699993, -8.609504035999976], [-74.21918646999995, -8.614159202999929], [-74.22235090499998, -8.610833543999945], [-74.22553370099996, -8.61230607899995], [-74.22294870399998, -8.615905085999941], [-74.22518223799995, -8.616968522999969], [-74.22637672899998, -8.612908600999958], [-74.23048804599995, -8.612455402999956], [-74.22750088999999, -8.610890775999962], [-74.22576089299997, -8.60448170099994], [-74.22347057899998, -8.598624852999933], [-74.22712131399999, -8.598199961999967], [-74.22120364799997, -8.595945730999972], [-74.22263010799998, -8.59352821799996], [-74.22538472699995, -8.59358061699993], [-74.22137630599997, -8.591804520999972], [-74.22030142599993, -8.585905435999962], [-74.22087464499998, -8.583720360999962], [-74.21599192199994, -8.58716093299995], [-74.21360592199994, -8.584596578999935], [-74.21475918899995, -8.57980779999997], [-74.21429457399995, -8.577287154999965], [-74.20832272499996, -8.580034627999964], [-74.20737925299994, -8.58479310599995], [-74.20650044699994, -8.587934712999981], [-74.20336350199995, -8.58509154199993], [-74.20125291299996, -8.578236188999938], [-74.19825579199994, -8.579012408999972], [-74.19440423399993, -8.584996502999957], [-74.19524100399997, -8.588946957999951], [-74.19284793499997, -8.587343803999943], [-74.18605803399998, -8.583989607999968], [-74.18181470799993, -8.585292428999935], [-74.17751967499998, -8.584854224999958], [-74.17418099899999, -8.581880349999949], [-74.17521680399994, -8.576327139999933], [-74.17162743699998, -8.578002883999943], [-74.17097800599998, -8.581980654999938], [-74.16574124399995, -8.58683803799994], [-74.16064947999996, -8.589542282999957], [-74.15621499399998, -8.58966410399995], [-74.15646444999999, -8.585254988999964], [-74.15447427499998, -8.583302388999925], [-74.15361535699998, -8.589709865999964], [-74.15089534299995, -8.58909022499995], [-74.14893371699998, -8.583302501999981], [-74.14895982799999, -8.581207259999928], [-74.14451765799998, -8.582333038999934], [-74.14061517999994, -8.580651799999941], [-74.14441479199996, -8.57831568499995], [-74.13905815399994, -8.578150470999958], [-74.13906006399998, -8.581054240999947], [-74.13435925599998, -8.584510852999927], [-74.13057456099995, -8.582796585999972], [-74.13167758899993, -8.579207581999981], [-74.12897628699994, -8.579482499999926], [-74.12572674399996, -8.579455161999931], [-74.12615790099994, -8.584227538999926], [-74.12387212199997, -8.58576313499998], [-74.12542185099994, -8.587011687999961], [-74.12751789999999, -8.59271270499994], [-74.12574735899994, -8.594187248999958], [-74.12561427799994, -8.597537758999977], [-74.12798561999995, -8.601970308999967], [-74.12361144199997, -8.60154044799998], [-74.11976981299995, -8.606610029999956], [-74.11519688199996, -8.606249164999952], [-74.11329774799998, -8.607249425999953], [-74.11448220799997, -8.610294454999973], [-74.11313322699993, -8.614212383999927], [-74.11058115899993, -8.613750656999969], [-74.10630824599997, -8.615396650999969], [-74.10230594799998, -8.617727601999945], [-74.10568268699996, -8.621951094999929], [-74.10730556199996, -8.626683528999934], [-74.10554604499998, -8.635146529999929], [-74.10329916999996, -8.636780090999935], [-74.10260474799998, -8.632089138999959], [-74.09966964499995, -8.632803986999932], [-74.09697266199998, -8.634540822999952], [-74.09352096399994, -8.630460356999947], [-74.09611956199996, -8.631565989999956], [-74.09981401899995, -8.628445657999976], [-74.09803615799996, -8.626340787999936], [-74.09433023199995, -8.626727020999965], [-74.08932369899998, -8.623946028999967], [-74.14544273199994, -9.096039674999929], [-74.37198370799996, -8.977900807999958], [-74.29137917699995, -8.858671430999948], [-74.28849046799996, -8.857464569999934], [-74.28600152499996, -8.856504368999936], [-74.28126396999994, -8.854893972999946], [-74.27624677099993, -8.853313821999961], [-74.27732441499995, -8.847653520999927], [-74.27709134599996, -8.844344601999978], [-74.25843615399998, -8.840054179999981], [-74.25958959099995, -8.838395356999968], [-74.26140950599995, -8.832831816999942], [-74.25941834799994, -8.832071594999945], [-74.25762946899994, -8.837654630999964], [-74.25635173399996, -8.837175184999978], [-74.25616523599996, -8.841071520999947], [-74.25267945899998, -8.845908962999943], [-74.24942020999998, -8.844233388999953], [-74.24698196699995, -8.84084353299994], [-74.24363925199998, -8.839599163999935], [-74.24479408699995, -8.838266355999963], [-74.24233224199997, -8.838323704999937], [-74.23689757299996, -8.837084090999952], [-74.23728083499998, -8.836062949999928], [-74.23336593099998, -8.83440933299994], [-74.23219325899998, -8.83147428999996], [-74.23424943299995, -8.826356053999973], [-74.23667406099997, -8.823375847999955], [-74.23445442699995, -8.824817800999938], [-74.23220994599995, -8.822347985999954], [-74.23137672999997, -8.818497347999937], [-74.23050990299998, -8.821535123999979], [-74.23255443599999, -8.825535212999966], [-74.23099846799994, -8.828295361999949], [-74.22987491099997, -8.832516516999931], [-74.22614201199997, -8.832562467999935], [-74.22649672599994, -8.831693310999981], [-74.22488031799998, -8.829614922999951], [-74.22347083299996, -8.832733855999948], [-74.22207322499997, -8.833905461999962], [-74.22090580799994, -8.83434961699993], [-74.21962458099995, -8.837259090999964], [-74.21771748699996, -8.833929324999929], [-74.20901523099997, -8.829272017999926], [-74.20645645899998, -8.79872216299998], [-74.20666349799995, -8.795856170999969], [-74.20662094399995, -8.791362787999958], [-74.20624066099998, -8.784468080999943], [-74.20360188499996, -8.782493278999937], [-74.19354603299996, -8.781798291999962], [-74.18760576099999, -8.77781745699997], [-74.18184582299995, -8.771679914999936], [-74.17518137899998, -8.761752498999954], [-74.17021444999995, -8.760039312999936], [-74.16294936699995, -8.75826979599998]]]}}, {"type": "Feature", "properties": {"objectid": 17341, "anp_gid": 129, "acr_codi": "ACR22", "acr_nomb": "Bosques El Chaupe, Cunia y Chinchiquilla", "acr_sect": "A", "acr_ubpo": "Cajamarca", "acr_suleg": 12130.88, "acr_balec": "D.S. Nº 008-2019-MINAM", "acr_felec": 1569906000000, "acr_balem": " ", "acr_felem": null, "acr_obs": null, "met_link": null, "acr_orden": 22, "acr_id": 22}, "geometry": {"type": "Polygon", "coordinates": [[[-79.22253281199994, -5.099727692999977], [-79.22323355899994, -5.0985059069999465], [-79.22854590299994, -5.091764682999951], [-79.23432753699996, -5.089367745999937], [-79.23599426399994, -5.08746823499996], [-79.23603900999996, -5.087334216999977], [-79.23609191999998, -5.0870726639999475], [-79.23675612999995, -5.081170785999973], [-79.23897887899994, -5.0768026319999535], [-79.24094804599997, -5.0715551519999735], [-79.24108552399997, -5.065378884999973], [-79.24099939199994, -5.0630119839999566], [-79.24117956199996, -5.062592029999962], [-79.24184201499997, -5.0618512079999505], [-79.24279281799994, -5.060887759999957], [-79.24326106299998, -5.06049504799995], [-79.24491708899996, -5.0591758609999715], [-79.24598150899999, -5.058192705999943], [-79.24630556699998, -5.058043226999928], [-79.24736576999999, -5.057343514999957], [-79.24746352699998, -5.057310141999949], [-79.24784360899997, -5.057030992999955], [-79.24804788699998, -5.056827249999969], [-79.24805660599998, -5.0568243219999545], [-79.24806430499996, -5.056821771999978], [-79.24808034099993, -5.056816459999936], [-79.24810382399994, -5.05680868099995], [-79.24816027499998, -5.056789980999952], [-79.24814272999998, -5.056770229999927], [-79.24777838899996, -5.0567285089999245], [-79.24676612999997, -5.05645089099994], [-79.24582210899996, -5.056054693999954], [-79.24504527399995, -5.055945355999938], [-79.24463640999994, -5.055853599999978], [-79.24381550799995, -5.055616413999928], [-79.24356428399994, -5.055414398999972], [-79.24340721999994, -5.0551558899999804], [-79.24252736599993, -5.053086161999943], [-79.24152570899997, -5.052109016999964], [-79.24025579399995, -5.051988952999977], [-79.23848316299996, -5.052511700999958], [-79.23707516899998, -5.052874931999952], [-79.23675343499997, -5.052888544999973], [-79.23489550499994, -5.052615727999978], [-79.23249844599997, -5.052509990999965], [-79.23099439599997, -5.052378294999926], [-79.23073904999995, -5.052245986999935], [-79.22930614599994, -5.0514463739999655], [-79.22867136099995, -5.0510686339999324], [-79.22793708899997, -5.050618569999926], [-79.22734679499996, -5.050362243999928], [-79.22707853299994, -5.050183618999938], [-79.22688996599999, -5.049921860999973], [-79.22670291599997, -5.049393383999927], [-79.22596515599997, -5.048495399999979], [-79.22506088199998, -5.047430037999959], [-79.22469990299999, -5.04676244999996], [-79.22435603299994, -5.046119937999947], [-79.22381166599996, -5.0453119119999315], [-79.22368168699995, -5.045051305999948], [-79.22341819799993, -5.04366823099997], [-79.22343529499994, -5.043402607999951], [-79.22366133699995, -5.042348249999975], [-79.22380117599994, -5.042102647999968], [-79.22413957999999, -5.039963168999975], [-79.22364074099994, -5.0390646399999355], [-79.22318859099994, -5.038696462999951], [-79.22282437599995, -5.038037399999951], [-79.22194291399995, -5.036069175999955], [-79.22122746999997, -5.034149074999959], [-79.22099782799995, -5.033223226999951], [-79.22077742699997, -5.0326257899999405], [-79.22066972099998, -5.032347197999968], [-79.22044797899997, -5.030368438999972], [-79.22029552099997, -5.029649622999955], [-79.22034338999998, -5.028874597999959], [-79.22047430799995, -5.027311365999935], [-79.22027912199997, -5.026655388999927], [-79.22034855299995, -5.025805332999937], [-79.22028003999998, -5.024426432999974], [-79.22023204899995, -5.023578541999939], [-79.21927150799996, -5.022722433999945], [-79.21871747399996, -5.022206818999962], [-79.21701316999997, -5.018216204999931], [-79.20105034099998, -5.015285485999925], [-79.19793485599996, -5.015902171999926], [-79.19779917999995, -5.023487828999976], [-79.19753224799996, -5.026028740999948], [-79.19681290999995, -5.027656013999945], [-79.19687341399998, -5.029285443999925], [-79.19592705999997, -5.030749158999981], [-79.19429983999999, -5.031400556999927], [-79.19410175499996, -5.032796967999957], [-79.19377160199997, -5.0346859929999255], [-79.19379914899997, -5.036478254999963], [-79.19428188099994, -5.038174023999943], [-79.19365927399997, -5.040062235999926], [-79.19381733299997, -5.041659347999939], [-79.19322549999998, -5.044166761999975], [-79.19207974999995, -5.046516914999927], [-79.18870447399996, -5.055305166999972], [-79.19059604799997, -5.060294742999929], [-79.19230687999999, -5.06277279699998], [-79.19331044199998, -5.066176353999936], [-79.19329951899994, -5.070107066999981], [-79.19368830499997, -5.07284642299993], [-79.19460599399997, -5.075454763999971], [-79.19495098199997, -5.078105668999967], [-79.19494348499995, -5.0807997539999405], [-79.19422722499996, -5.083627843999977], [-79.19219939199996, -5.085561953999957], [-79.18964118799994, -5.0868355729999735], [-79.18681858099995, -5.0881525989999545], [-79.18435018699995, -5.088808125999947], [-79.18177559499998, -5.089182820999952], [-79.17967666899995, -5.090473213999928], [-79.17654447699994, -5.09223095699997], [-79.17389988799994, -5.092885935999959], [-79.17186818599998, -5.094867596999961], [-79.16974963099995, -5.096407347999957], [-79.16815723499997, -5.098787724999966], [-79.16956068999997, -5.10091164499994], [-79.17088038899999, -5.102948133999973], [-79.16906954999996, -5.103250990999925], [-79.16742997699998, -5.103188085999932], [-79.16701905599996, -5.105197706999945], [-79.16690688199998, -5.109837561999939], [-79.16538321099995, -5.12168898799996], [-79.16586530599994, -5.126159877999953], [-79.16605530199996, -5.12918015799994], [-79.16017841199994, -5.138173465999955], [-79.15735546099995, -5.142868513999929], [-79.15917217599997, -5.145137045999945], [-79.15930090499995, -5.145659713999976], [-79.15751983499996, -5.1460898109999675], [-79.15445180699999, -5.146428925999942], [-79.15044789999996, -5.149016299999971], [-79.14929341499999, -5.149784085999954], [-79.14846002199994, -5.150187535999976], [-79.14716316999994, -5.15065139099994], [-79.13923012899994, -5.156160106999948], [-79.13364245399998, -5.161514521999948], [-79.12782622599997, -5.165299298999969], [-79.12388476299998, -5.166680997999947], [-79.12297334699997, -5.167167057999961], [-79.12176924599999, -5.167717416999949], [-79.12040495199994, -5.167485288999956], [-79.11777532599996, -5.167678285999955], [-79.11719476499997, -5.1684397189999345], [-79.11532651399995, -5.1703701619999265], [-79.11321877399996, -5.170884446999935], [-79.11249618899996, -5.1713392489999706], [-79.11232925099995, -5.172837595999965], [-79.11047505199997, -5.173418574999971], [-79.10865673799998, -5.172859227999936], [-79.10771706899999, -5.171911500999954], [-79.10583444399998, -5.171123873999932], [-79.10421210799996, -5.170239270999957], [-79.10307289799994, -5.170822363999946], [-79.10148015499993, -5.170915345999958], [-79.09972433699994, -5.171203334999973], [-79.09963683299998, -5.171698950999939], [-79.10236432099998, -5.17484692499994], [-79.10550459599995, -5.179049970999927], [-79.10634378599997, -5.18220114099995], [-79.10439204999994, -5.183547877999956], [-79.10323255199995, -5.187074473999928], [-79.10070613299996, -5.1891106079999645], [-79.10265660899995, -5.193761298999959], [-79.10712934799994, -5.197787872999925], [-79.10356630699994, -5.199412147999965], [-79.09884846599994, -5.202965157999927], [-79.09416708299995, -5.2067040159999465], [-79.09289681399997, -5.210044425999968], [-79.08994168599997, -5.211185452999928], [-79.09051248399999, -5.212617157999944], [-79.09248522599995, -5.213670457999967], [-79.09307942499998, -5.21635695599997], [-79.09406356799997, -5.21915439299994], [-79.09793561099997, -5.217382314999952], [-79.10054033999995, -5.218178027999954], [-79.10223380799994, -5.221462157999952], [-79.10556132399995, -5.222468104999962], [-79.10812942599995, -5.223276378999969], [-79.10945976699998, -5.225150126999949], [-79.10996097599997, -5.225915499999928], [-79.11374402499996, -5.224740676999943], [-79.11765262499995, -5.225012069999934], [-79.11988038899995, -5.22502379499997], [-79.12008780299999, -5.224826347999965], [-79.12078476599999, -5.224072436999961], [-79.12116872299998, -5.223657105999962], [-79.12174496799997, -5.2230337729999405], [-79.12248672999993, -5.222008450999965], [-79.12279259299999, -5.22143755299993], [-79.12539796699997, -5.215803078999954], [-79.12587387399998, -5.212902089999943], [-79.12522581899998, -5.210938093999971], [-79.12327005199995, -5.2089611579999655], [-79.12354685999998, -5.205968445999929], [-79.12483732699997, -5.204471277999971], [-79.12835010199996, -5.202162194999971], [-79.13127454699998, -5.200991105999947], [-79.13729286999995, -5.200998660999971], [-79.14323850299996, -5.19787624099996], [-79.14335638899996, -5.1970619759999295], [-79.14436157299997, -5.195796943999937], [-79.14937006399998, -5.193513523999968], [-79.15566429799998, -5.191904401999977], [-79.15828779899994, -5.187391088999959], [-79.16315914099994, -5.1879761779999285], [-79.16463662799998, -5.188591140999961], [-79.16465239999997, -5.1884524919999535], [-79.16534447499998, -5.186505218999969], [-79.17179002399996, -5.183082720999948], [-79.17874889199999, -5.18017778799998], [-79.18699484199999, -5.177276442999926], [-79.19378420499999, -5.173596538999959], [-79.19843025599994, -5.169222200999968], [-79.20108304499996, -5.167027722999933], [-79.20250978199994, -5.16665175299994], [-79.21214556999996, -5.1685391759999675], [-79.22030766299997, -5.169120194999948], [-79.22449491399993, -5.168035072999942], [-79.22769447899998, -5.158034658999952], [-79.22733603399996, -5.153424865999966], [-79.22370168199996, -5.149597547999974], [-79.21703236099995, -5.146044519999975], [-79.21276748199995, -5.144378888999938], [-79.20867302499994, -5.142088229999956], [-79.20214178799995, -5.131467612999927], [-79.20378828199995, -5.129651280999951], [-79.20724387199994, -5.12579543399994], [-79.20689574799997, -5.121833583999944], [-79.20392270999997, -5.118523686999936], [-79.20265001599995, -5.114194904999977], [-79.20284813099994, -5.109678302999953], [-79.20211472199998, -5.106566636999958], [-79.20158929499996, -5.103800243999956], [-79.20208343599995, -5.1035902489999785], [-79.20334235599995, -5.10272125299997], [-79.20443746199999, -5.101445184999932], [-79.20728774299994, -5.099551341999927], [-79.21091146499998, -5.098545701999967], [-79.21513407099997, -5.09920578699996], [-79.21716101699997, -5.098865627999942], [-79.21896667999994, -5.0989406749999375], [-79.22168550899994, -5.099483286999941], [-79.22223503399994, -5.099811467999928], [-79.22253281199994, -5.099727692999977]]]}}, {"type": "Feature", "properties": {"objectid": 17346, "anp_gid": 130, "acr_codi": "ACR22", "acr_nomb": "Bosques El Chaupe, Cunia y Chinchiquilla", "acr_sect": "B", "acr_ubpo": "Cajamarca", "acr_suleg": 9738.0, "acr_balec": "D.S. Nº 008-2019-MINAM", "acr_felec": 1569906000000, "acr_balem": " ", "acr_felem": null, "acr_obs": null, "met_link": null, "acr_orden": 22, "acr_id": 22}, "geometry": {"type": "Polygon", "coordinates": [[[-79.08326699099996, -5.266702142999975], [-79.08526647799994, -5.266028357999971], [-79.08432186199997, -5.263907507999932], [-79.08363532699997, -5.261250512999936], [-79.08351400099997, -5.2583341229999405], [-79.08330504199995, -5.255678598999964], [-79.08409517199993, -5.25285205299997], [-79.08488396199994, -5.250460725999972], [-79.08510741499998, -5.248372320999977], [-79.08541875499998, -5.245936004999976], [-79.08612347599995, -5.242630435999956], [-79.08591528099998, -5.239713774999927], [-79.08640131999994, -5.236929805999978], [-79.08714876199997, -5.233841973999972], [-79.08620369899995, -5.230531357999951], [-79.08581733599993, -5.229093927999941], [-79.08560555499997, -5.227352370999938], [-79.08400558999995, -5.225258394999969], [-79.08279503299997, -5.2236008349999565], [-79.08180260899996, -5.221595759999957], [-79.08063679999998, -5.219503110999938], [-79.07972922599998, -5.218151134999971], [-79.07890755399995, -5.217104079999956], [-79.07852199999996, -5.21540552099998], [-79.07687389899996, -5.214878209999938], [-79.07557668499999, -5.213176861999955], [-79.07532124499994, -5.211522224999953], [-79.07467429599996, -5.210127525999951], [-79.07394224999996, -5.208166773999949], [-79.07272988699998, -5.207118523999952], [-79.07169210699999, -5.205766149999931], [-79.07113305299998, -5.2040235409999696], [-79.06950269699996, -5.2024892029999705], [-79.06996276199999, -5.200828892999937], [-79.06845133799999, -5.200794670999926], [-79.06675682299993, -5.2012682199999745], [-79.06497614699998, -5.20152388899993], [-79.06293060899998, -5.203214969999976], [-79.04158889799999, -5.2080658119999725], [-79.04105034099996, -5.217154171999937], [-79.03510097899994, -5.232819382999935], [-79.02271700799997, -5.2485909649999485], [-79.01492058299993, -5.259932572999958], [-79.00697019599994, -5.26646487499994], [-79.00163377099994, -5.266515045999938], [-78.98430303599997, -5.2982511769999405], [-78.98053779899999, -5.303181363999954], [-78.97801971299998, -5.305479638999941], [-78.97626127399997, -5.304860985999937], [-78.97506869699998, -5.303823290999958], [-78.97492990399996, -5.303892550999933], [-78.97474236999994, -5.304091108999955], [-78.97456852999994, -5.3042675609999606], [-78.97442056199998, -5.30442004799994], [-78.97424942199996, -5.304625889999954], [-78.97409841399997, -5.304797987999962], [-78.97390931499996, -5.305006395999953], [-78.97381310499998, -5.30510860399994], [-78.97362890499994, -5.305307985999946], [-78.97349814899997, -5.305465229999925], [-78.97337956399997, -5.305624051999928], [-78.97326681299995, -5.305791753999927], [-78.97315405799998, -5.305961082999943], [-78.97303263699996, -5.306159133999927], [-78.97292488899996, -5.3063415879999525], [-78.97283876699998, -5.306475561999946], [-78.97271780799997, -5.306643325999971], [-78.97254639699997, -5.30682050799993], [-78.97238238699998, -5.306996899999945], [-78.97226812899999, -5.307183402999954], [-78.97212546399999, -5.307479746999945], [-78.97204255699995, -5.30770604099996], [-78.97198804799996, -5.307908380999947], [-78.97189779499996, -5.308195546999968], [-78.97178223099996, -5.308457030999932], [-78.97160910899998, -5.308716025999956], [-78.97143816399995, -5.308943928999952], [-78.97123593499998, -5.30914017799995], [-78.97104463699998, -5.309275884999977], [-78.97086370099998, -5.309386943999925], [-78.97041616799999, -5.30960164499993], [-78.97022907999997, -5.309662958999979], [-78.97005183299996, -5.309721682999964], [-78.96984623299994, -5.309817384999974], [-78.96968287099997, -5.309932661999937], [-78.97259746999998, -5.309735973999977], [-78.97519509699998, -5.310890489999963], [-78.97541356099998, -5.315026735999936], [-78.97788568499999, -5.318466393999927], [-78.98153686699999, -5.317173783999976], [-78.98309263499993, -5.3183857219999595], [-78.98267196299997, -5.3220958219999375], [-78.98521659399995, -5.324868562999939], [-78.98572746199994, -5.327781477999963], [-78.98717617899996, -5.328985298999953], [-78.98784881099994, -5.329258532999972], [-78.98827242999994, -5.329024851999975], [-78.98851576799996, -5.328864989999943], [-78.98876892999994, -5.328707509999958], [-78.98902132299997, -5.328564760999939], [-78.98925528999996, -5.328457305999962], [-78.98954895599996, -5.328409713999974], [-78.99072698599997, -5.328126238999971], [-78.99136357399993, -5.328000656999961], [-78.99154561799998, -5.3279947429999766], [-78.99185694899995, -5.327979033999952], [-78.99214489799994, -5.3278858539999305], [-78.99227333599998, -5.327833202999955], [-78.99248542699996, -5.327739866999934], [-78.99270081899994, -5.327658749999955], [-78.99296355499996, -5.327579684999932], [-78.99330129399993, -5.327487661999953], [-78.99350064299995, -5.327429545999962], [-78.99369665199998, -5.327373136999938], [-78.99383002099995, -5.327328635999947], [-78.99403826199995, -5.327254710999966], [-78.99428454399998, -5.3271604179999485], [-78.99453734099995, -5.327059349999956], [-78.99500716199998, -5.32687391099995], [-78.99529112999994, -5.3267014279999785], [-78.99547917499996, -5.3265690479999535], [-78.99560328599995, -5.326487086999975], [-78.99577204499997, -5.326376883999956], [-78.99594233199997, -5.326269126999932], [-78.99610613799996, -5.326156556999933], [-78.99632409099996, -5.325980603999938], [-78.99647143899995, -5.325853423999945], [-78.99667878999998, -5.32569226399994], [-78.99684259899999, -5.325578878999977], [-78.99696906499997, -5.325493580999932], [-78.99713206499996, -5.3253793799999585], [-78.99728760999994, -5.325255481999932], [-78.99749152799995, -5.325067367999964], [-78.99764362199994, -5.324923023999929], [-78.99780066399995, -5.324782674999938], [-78.99796346499994, -5.324646411999936], [-78.99815137799999, -5.324498478999942], [-78.99829870999997, -5.324378747999958], [-78.99842994999995, -5.324264767999978], [-79.00069213699999, -5.320929451999973], [-79.00394861299998, -5.320364525999935], [-79.00921129499994, -5.318551541999966], [-79.01047489899997, -5.3171629589999725], [-79.01260755899995, -5.315559568999959], [-79.01495952899995, -5.313260538999941], [-79.01852440499994, -5.311835806999966], [-79.02047379199996, -5.311380231999976], [-79.01931676899994, -5.3084437159999425], [-79.01741264099996, -5.306479165999974], [-79.01646412599996, -5.304387119999944], [-79.01660091099995, -5.302342076999935], [-79.01600126699998, -5.299772421999933], [-79.01691858099997, -5.29803452799996], [-79.01597062599996, -5.2957684039999435], [-79.01542078599994, -5.292395227999975], [-79.01941412599996, -5.293675521999944], [-79.02446335099995, -5.296431119999966], [-79.03067798599994, -5.299297065999951], [-79.03032581899998, -5.300819188999981], [-79.03036192399998, -5.303125928999975], [-79.03000878399996, -5.30495269499994], [-79.02869892299998, -5.307255141999974], [-79.02920203899998, -5.309855934999973], [-79.02960649799996, -5.311121348999961], [-79.03087833399996, -5.312474720999944], [-79.03137361099994, -5.31306944399995], [-79.03193055599996, -5.313628610999956], [-79.03238194399995, -5.314770832999955], [-79.03284194399998, -5.315479998999933], [-79.03381444499996, -5.316047499999968], [-79.03480249999996, -5.316087221999965], [-79.03563416699996, -5.316261109999971], [-79.03599472199994, -5.316644444999952], [-79.03591944399994, -5.316999998999961], [-79.03550916699999, -5.317152777999979], [-79.03499999999997, -5.317651388999934], [-79.03460277799996, -5.318630277999944], [-79.03360166699997, -5.3191563879999535], [-79.03326972199994, -5.319658888999925], [-79.03331999999995, -5.320552222999936], [-79.03392361199997, -5.321081388999971], [-79.03420499999999, -5.321954443999971], [-79.03464277699999, -5.323055554999939], [-79.03454583399997, -5.323583054999972], [-79.03472222199997, -5.324801665999928], [-79.03485222299997, -5.325564443999951], [-79.03502638899994, -5.32666722099998], [-79.03502694499997, -5.327506665999977], [-79.03543472199993, -5.328718332999927], [-79.03634194399996, -5.329649999999958], [-79.03784527799996, -5.330054165999968], [-79.03815988899999, -5.330394937999927], [-79.03878669099998, -5.330048962999967], [-79.04004918099997, -5.329008471999941], [-79.04118333699995, -5.327358267999955], [-79.04885700599993, -5.327933798999936], [-79.04791241999999, -5.321612473999949], [-79.05145224299997, -5.32174465199995], [-79.05687704799999, -5.323737680999955], [-79.06014199199996, -5.321731751999948], [-79.06530053999995, -5.322340208999947], [-79.06745960899997, -5.324114947999931], [-79.06961248999994, -5.3225428339999326], [-79.07240934299995, -5.321880220999958], [-79.07396133899994, -5.320881887999974], [-79.07631218499995, -5.317037737999954], [-79.07679803899998, -5.315207485999963], [-79.07649648699999, -5.313619886999959], [-79.07647413799998, -5.313411078999934], [-79.07696623899994, -5.312366390999955], [-79.07661974099994, -5.3114313869999705], [-79.07480472199995, -5.31061666599993], [-79.07545749999997, -5.31017972199993], [-79.07596138899999, -5.30931611099993], [-79.07623527799996, -5.308654443999956], [-79.07702388899997, -5.307777777999945], [-79.07736111199995, -5.30708333299998], [-79.07682111099996, -5.306512221999981], [-79.07656444499997, -5.305731110999943], [-79.07695777799995, -5.304874444999939], [-79.07791249999997, -5.304162499999961], [-79.07775249999997, -5.303641944999981], [-79.07722444399997, -5.303045277999956], [-79.07648202599995, -5.29949424299997], [-79.07590359899996, -5.29823748299998], [-79.07580358599995, -5.294725108999955], [-79.07396325799994, -5.289921883999966], [-79.07493835999998, -5.2871589249999715], [-79.07608078499999, -5.285740407999981], [-79.07731983299999, -5.281300201999954], [-79.07527777799999, -5.2796824999999785], [-79.07568833399995, -5.278882777999968], [-79.07587166699994, -5.27801722199996], [-79.07581722199996, -5.277377221999927], [-79.07521833299995, -5.27638666699994], [-79.07539527699998, -5.2758119439999405], [-79.07591666699994, -5.275083332999941], [-79.07668861099995, -5.274498888999972], [-79.07737444499998, -5.274021110999968], [-79.07720249999994, -5.273048333999952], [-79.07710111099993, -5.272101110999927], [-79.07756527799995, -5.271111110999925], [-79.07813888899994, -5.270621388999928], [-79.07893222199993, -5.269846388999952], [-79.07972222299998, -5.26944444399993], [-79.08042499999993, -5.268897221999964], [-79.08125777799995, -5.268201943999941], [-79.08194749999996, -5.267746943999953], [-79.08275472199995, -5.267200832999947], [-79.08326699099996, -5.266702142999975]]]}}, {"type": "Feature", "properties": {"objectid": 17350, "anp_gid": 134, "acr_codi": "ACR23", "acr_nomb": "Sistema de Lomas de Lima", "acr_sect": "Lomas de Villa María", "acr_ubpo": "Lima", "acr_suleg": 627.94, "acr_balec": "D.S. N° 011-2019-MINAM", "acr_felec": 1575694800000, "acr_balem": " ", "acr_felem": null, "acr_obs": null, "met_link": null, "acr_orden": 23, "acr_id": 23}, "geometry": {"type": "Polygon", "coordinates": [[[-76.94726998699997, -12.117374636999955], [-76.94747545899997, -12.116106331999958], [-76.94409791299995, -12.117008561999967], [-76.94409858199998, -12.117413110999962], [-76.94369044299998, -12.11817140599993], [-76.94265034899996, -12.118627367999977], [-76.94170718899994, -12.118104366999944], [-76.94033076399995, -12.118193478999956], [-76.93985592699994, -12.118921778999947], [-76.93966289299993, -12.118596271999934], [-76.93959804099995, -12.11854788599993], [-76.93955783399997, -12.118463847999976], [-76.93953020799995, -12.11833428899996], [-76.93953422399994, -12.118274486999951], [-76.93830606399996, -12.118824178999944], [-76.93827186199997, -12.11891832699996], [-76.93831703899997, -12.119039708999935], [-76.93818143599998, -12.11929400899993], [-76.93814261899996, -12.11935621799995], [-76.93807663799998, -12.119437785999935], [-76.93802204199994, -12.119489367999961], [-76.93797929599998, -12.119519914999955], [-76.93790006899997, -12.119561402999977], [-76.93782197599995, -12.119590116999973], [-76.93773740699999, -12.119601584999941], [-76.93761426799995, -12.119595852999964], [-76.93756454299995, -12.119588315999977], [-76.93750524599994, -12.11957474199994], [-76.93744919499994, -12.11955680699998], [-76.93733751099995, -12.119517103999954], [-76.93726354099994, -12.119485768999937], [-76.93715625099998, -12.119435737999936], [-76.93703046799999, -12.11937143199998], [-76.93687651399995, -12.119316936999951], [-76.93667577299993, -12.119197344999975], [-76.93664195199995, -12.118935847999978], [-76.93659184799998, -12.118918838999946], [-76.93649249599997, -12.118845337999971], [-76.93640588899996, -12.11876691499998], [-76.93630119599999, -12.118700074999936], [-76.93624684499997, -12.118673798999964], [-76.93614000899998, -12.11877874499993], [-76.93605892799997, -12.11887051399998], [-76.93599612899999, -12.118968830999961], [-76.93566537799995, -12.119343094999977], [-76.93553798999994, -12.119617913999946], [-76.93325857099995, -12.119985085999929], [-76.93109864699994, -12.11998185699997], [-76.93083976899999, -12.12014693599997], [-76.92132528699995, -12.119311077999953], [-76.92132083799999, -12.119313322999972], [-76.92097882799999, -12.119095675999972], [-76.92031551499997, -12.118959694999944], [-76.92017945299995, -12.118931801999963], [-76.91921906999994, -12.118963125999926], [-76.91893446499995, -12.118972407999934], [-76.91829382899994, -12.118993300999932], [-76.91721471499994, -12.11951453599994], [-76.91703045399998, -12.119603550999955], [-76.91656903599994, -12.119826545999956], [-76.91646970299996, -12.119874550999953], [-76.91643969799998, -12.119891270999972], [-76.91625939699998, -12.119991734999928], [-76.91581502999998, -12.12023933699993], [-76.91508531899996, -12.120645931999945], [-76.91451646599995, -12.120956709999973], [-76.91435857799996, -12.12104280099993], [-76.91267782899996, -12.121227301999966], [-76.91257193799999, -12.121272990999955], [-76.91163257799997, -12.121678300999974], [-76.91078195299997, -12.122333425999955], [-76.91191157899993, -12.124526425999932], [-76.91258457899994, -12.126722300999973], [-76.91426684999993, -12.133650975999956], [-76.91080089099995, -12.135163898999963], [-76.90855627099995, -12.137374769999951], [-76.90887261799998, -12.138793134999958], [-76.90921302399994, -12.139493885999968], [-76.90958126699996, -12.140007907999973], [-76.91008823699997, -12.140854137999952], [-76.91054280099996, -12.141884123999944], [-76.91150927499996, -12.147012659999973], [-76.91162479799993, -12.148445318999961], [-76.91300231499997, -12.151866619999964], [-76.91601810299994, -12.152754774999948], [-76.91757752599995, -12.151590075999934], [-76.91748257099994, -12.151058630999955], [-76.91698281599997, -12.150003864999974], [-76.91766035499995, -12.148731684999973], [-76.91822389199996, -12.146814593999977], [-76.91892174599997, -12.145835226999964], [-76.91831068299996, -12.14522984499996], [-76.91619245499999, -12.145232565999947], [-76.91360990099997, -12.142562888999976], [-76.91254689499993, -12.139787056999978], [-76.91279059299995, -12.139026075999936], [-76.91397276899994, -12.13914479899995], [-76.91913562799994, -12.143112089999931], [-76.92005386199997, -12.145121137999979], [-76.92008282299997, -12.145845135999934], [-76.91947966799995, -12.146309738999946], [-76.91948907799997, -12.146940619999953], [-76.92032232299994, -12.147624721999932], [-76.92133400899996, -12.147230434999926], [-76.92131518399998, -12.148076812999932], [-76.92112141699994, -12.149591893999968], [-76.92150925799996, -12.150799285999938], [-76.92067877599999, -12.151698728999975], [-76.92080650999998, -12.152429154999936], [-76.92241032399994, -12.153616908999936], [-76.92350925699998, -12.153802557999938], [-76.92482262499993, -12.15219409699995], [-76.92559376499997, -12.151186499999937], [-76.92594890699996, -12.149296116999949], [-76.92591161499996, -12.149145035999936], [-76.92580408499998, -12.148874489999969], [-76.92592640799995, -12.148586135999949], [-76.92596098399997, -12.148463256999946], [-76.92602254099995, -12.148427784999967], [-76.92614582999994, -12.148295523999934], [-76.92656935499997, -12.14807061099998], [-76.92670477999997, -12.148034648999953], [-76.92619609799993, -12.147546612999975], [-76.92591852699996, -12.146951298999966], [-76.92551159499999, -12.146810861999938], [-76.92343899599996, -12.145841773999962], [-76.92259122099995, -12.14457102199998], [-76.92280872899994, -12.143966041999931], [-76.92319534399996, -12.144048275999978], [-76.92231819399996, -12.141671879999933], [-76.92257788199998, -12.14089079799993], [-76.92320356599998, -12.140087219999941], [-76.92402941599994, -12.13992904099996], [-76.92469180799998, -12.140785365999932], [-76.92541620799994, -12.141476244999978], [-76.92583070499995, -12.142334289999951], [-76.92574875399998, -12.14376449699995], [-76.92856678099997, -12.14379043699995], [-76.92776327099995, -12.143141989999947], [-76.92714416799998, -12.142420151999943], [-76.92683473699998, -12.142171667999946], [-76.92571491499996, -12.140262035999967], [-76.92530608299995, -12.139257271999952], [-76.92530365799996, -12.138497965999932], [-76.92561514999994, -12.13793433199993], [-76.92825844099997, -12.139919794999969], [-76.92831261099997, -12.13998961699997], [-76.92866470999996, -12.140367821999973], [-76.92936844299999, -12.141123728999958], [-76.93030838099997, -12.142069557999946], [-76.93071740599999, -12.142830363999963], [-76.93157723399997, -12.143368005999946], [-76.93260131399995, -12.141912913999931], [-76.93127922899998, -12.140308521999941], [-76.93125457799994, -12.14015085699998], [-76.93174312199994, -12.139825092999956], [-76.93419651099998, -12.13994527799997], [-76.93445837099995, -12.13847317099993], [-76.93358722899995, -12.138327833999938], [-76.93182421799997, -12.137861853999937], [-76.93110284099998, -12.137589479999974], [-76.92569519499995, -12.135914869999965], [-76.92498605999998, -12.134637987999952], [-76.92535925299995, -12.13245440399993], [-76.92776270799999, -12.130055820999928], [-76.92750409799999, -12.129016227999955], [-76.92676559899996, -12.129108391999978], [-76.92649775599995, -12.128274568999927], [-76.92584466599999, -12.127789076999932], [-76.92417561499997, -12.128887246999966], [-76.92236187099996, -12.128457415999947], [-76.92148470799998, -12.127725631999965], [-76.92116517299996, -12.126231765999933], [-76.92158603899998, -12.125805854999953], [-76.91970046699998, -12.124356969999951], [-76.91850853999995, -12.12457167399998], [-76.91826175199998, -12.124047255999926], [-76.91863982699994, -12.122020239999927], [-76.91890621399995, -12.121886863999976], [-76.92022460199996, -12.12264990899996], [-76.91990559099997, -12.12350889499993], [-76.92207437899998, -12.125362214999939], [-76.92423840599997, -12.127099766999947], [-76.92573037899996, -12.126916409999978], [-76.92799976499998, -12.12765809299998], [-76.92733431799996, -12.126738024999952], [-76.92752171499995, -12.126435395999977], [-76.92895898499995, -12.12656170799994], [-76.92903961699994, -12.126415561999977], [-76.92809200299996, -12.12573012699994], [-76.92561750299996, -12.125139624999974], [-76.92467225999997, -12.124615047999953], [-76.92323942299998, -12.12425942599998], [-76.92452575999994, -12.12344025599998], [-76.92605498699999, -12.124576118999926], [-76.92652869499994, -12.123877934999939], [-76.92921142899996, -12.124195276999956], [-76.92986965999995, -12.124477669999976], [-76.93030743599996, -12.125850679999928], [-76.93201688899995, -12.126312275999965], [-76.93369460199995, -12.125947463999978], [-76.93503779199995, -12.123447730999942], [-76.93785157799994, -12.122466801999963], [-76.94016522399994, -12.122139898999933], [-76.94057203899996, -12.122003478999943], [-76.94113327799994, -12.121605771999953], [-76.94113329699996, -12.121605747999979], [-76.94115037899996, -12.121578029999966], [-76.94119086199998, -12.121512354999936], [-76.94126199199997, -12.121415630999934], [-76.94132583299995, -12.121328820999963], [-76.94138450499997, -12.121249036999927], [-76.94142628499998, -12.121192224999959], [-76.94146630599994, -12.121137802999954], [-76.94150046899995, -12.121091347999936], [-76.94152923599995, -12.121052229999975], [-76.94159029499997, -12.121042243999966], [-76.94167953699997, -12.121027648999927], [-76.94169474199998, -12.121025145999965], [-76.94169478099997, -12.121025095999926], [-76.94173567699994, -12.12101840799994], [-76.94188995299999, -12.120993175999956], [-76.94197293399998, -12.120944754999925], [-76.94213790999999, -12.12090705199995], [-76.94228800999997, -12.12090838499995], [-76.94260541999995, -12.120790295999939], [-76.94274993699997, -12.120720914999936], [-76.94288810599994, -12.120659386999932], [-76.94298633099999, -12.120588491999968], [-76.94310282599997, -12.120533373999933], [-76.94324206499994, -12.120415243999958], [-76.94347125299998, -12.120274070999926], [-76.94355911399998, -12.120222264999938], [-76.94384117099997, -12.11999362499995], [-76.94396966699998, -12.119861489999948], [-76.94409520299996, -12.119769277999978], [-76.94423607799996, -12.11963269399996], [-76.94429891799996, -12.119575338999937], [-76.94444904799997, -12.119508480999968], [-76.94455378499998, -12.119444967999982], [-76.94473824199997, -12.119321104999926], [-76.94493007799997, -12.119192426999973], [-76.94550867799995, -12.11893522899993], [-76.94569273599996, -12.118853479999927], [-76.94616698599998, -12.118823479999946], [-76.94669611199998, -12.11873335499996], [-76.94723636099997, -12.118361979999975], [-76.94759961099999, -12.117974229999959], [-76.94774611099996, -12.117535104999945], [-76.94726998699997, -12.117374636999955]]]}}, {"type": "Feature", "properties": {"objectid": 17352, "anp_gid": 131, "acr_codi": "ACR23", "acr_nomb": "Sistema de Lomas de Lima", "acr_sect": "Lomas de Ancón", "acr_ubpo": "Lima", "acr_suleg": 12166.61, "acr_balec": "D.S. N° 011-2019-MINAM", "acr_felec": 1575694800000, "acr_balem": " ", "acr_felem": null, "acr_obs": null, "met_link": null, "acr_orden": 23, "acr_id": 23}, "geometry": {"type": "Polygon", "coordinates": [[[-77.13601451299996, -11.660321273999955], [-77.13581848099994, -11.660399889999951], [-77.13526440999993, -11.662035742999933], [-77.13402289499999, -11.662754225999947], [-77.13133147799994, -11.661594357999945], [-77.12834678999997, -11.660766708999972], [-77.12701268399996, -11.660158769999953], [-77.12634303799996, -11.660377969999956], [-77.12486422799998, -11.659603984999933], [-77.12388658999998, -11.658923105999975], [-77.12207157399996, -11.657366496999941], [-77.12206819599999, -11.657338223999943], [-77.12077605699994, -11.656256415999962], [-77.11779123799994, -11.65405868099998], [-77.11409980499997, -11.651481660999934], [-77.10964504999998, -11.64933032099998], [-77.10485206799996, -11.647084650999943], [-77.10322124899994, -11.646224459999928], [-77.10085802699996, -11.64604481899994], [-77.09739251499997, -11.64626999799998], [-77.09440619599997, -11.646538273999965], [-77.09232258199995, -11.64833435099996], [-77.09177759499994, -11.64949293099994], [-77.09078374099994, -11.650269460999937], [-77.08759259999994, -11.650481273999958], [-77.08478826599998, -11.649074274999975], [-77.08239579099995, -11.648129540999946], [-77.08000792199994, -11.647841321999977], [-77.07870255499995, -11.646691637999936], [-77.07726214799999, -11.645878878999952], [-77.07506784799995, -11.64490464399995], [-77.07341793399996, -11.643489706999958], [-77.07051063199998, -11.64290381099994], [-77.06956168399995, -11.643043789999979], [-77.06732734099995, -11.642937294999967], [-77.06448608999995, -11.64257847999994], [-77.06111921399997, -11.641631545999928], [-77.05812058899994, -11.641526330999966], [-77.05491153399998, -11.641158078999979], [-77.05338591899994, -11.640263752999942], [-77.05238637799994, -11.64015853799998], [-77.05091383099995, -11.642246760999967], [-77.04786213699998, -11.644104095999978], [-77.04456373499994, -11.645107468999981], [-77.04083257499997, -11.649280072999943], [-77.03869185899998, -11.651957789999926], [-77.03838957999994, -11.65211414099997], [-77.03780468199994, -11.652416740999968], [-77.03508187699998, -11.653793440999948], [-77.03494252099995, -11.653890100999945], [-77.03370035099994, -11.655218938999951], [-77.03306303399995, -11.65565389699998], [-77.03241833399994, -11.656302834999963], [-77.03055046399999, -11.66244409999996], [-77.03064677199995, -11.663677382999936], [-77.03045070699994, -11.664740550999966], [-77.02987847599996, -11.666122040999937], [-77.02981290699995, -11.666371570999956], [-77.02930644799994, -11.667532225999935], [-77.02890429499996, -11.668281184999955], [-77.02841480099994, -11.669030757999963], [-77.02824679799994, -11.66995024399995], [-77.02799270599996, -11.671042518999968], [-77.02779225199998, -11.671503083999937], [-77.02733165499995, -11.672223755999937], [-77.02675439399997, -11.672916555999961], [-77.02609224899999, -11.674037313999975], [-77.02495887299995, -11.677606814999933], [-77.02509945299994, -11.677720610999927], [-77.02537343299997, -11.67804506999994], [-77.02544308999995, -11.678533177999952], [-77.02528497199995, -11.679211539999926], [-77.02517426799994, -11.680004354999937], [-77.02503877199996, -11.68059072799997], [-77.02497056599998, -11.680820783999934], [-77.02491450499997, -11.68111962699993], [-77.02491908999997, -11.68175092599995], [-77.02514586199999, -11.682506922999949], [-77.02523255199998, -11.68321799499995], [-77.02542430399996, -11.68396275899994], [-77.02558993099996, -11.684317430999954], [-77.02564126899995, -11.684971357999927], [-77.02554179499998, -11.685706699999969], [-77.02560728299994, -11.686704887999952], [-77.02555531099995, -11.68756616099995], [-77.02548835599998, -11.68796838999998], [-77.02524896499995, -11.688681762999977], [-77.02485675599996, -11.689201074999971], [-77.02437513099994, -11.690237562999926], [-77.02440935099997, -11.691741037999975], [-77.02500417299996, -11.693458648999979], [-77.02524227099997, -11.694168649999938], [-77.02557596099996, -11.69521085699995], [-77.02581773799994, -11.696425894999948], [-77.02610159199997, -11.69702078299997], [-77.02617428499997, -11.697407081999927], [-77.02613282099998, -11.698111042999926], [-77.02605363499998, -11.69843300599996], [-77.02599498699993, -11.69906623999998], [-77.04277263599994, -11.712163281999949], [-77.04375394099998, -11.712763087999974], [-77.04418037899995, -11.71353066599994], [-77.04419986599999, -11.713679175999971], [-77.04732418599997, -11.716562008999972], [-77.05000389799994, -11.717534759999978], [-77.05320953299997, -11.719222007999974], [-77.05434535699999, -11.719778985999938], [-77.05562837099995, -11.720018470999946], [-77.05638868499994, -11.720453016999954], [-77.05738165999998, -11.720847625999966], [-77.05910503999996, -11.72185172099995], [-77.06030406399998, -11.722261405999973], [-77.06225277399994, -11.72326129499993], [-77.06396320899995, -11.72362084599996], [-77.06441992799995, -11.723351836999939], [-77.06573289599999, -11.72370105899995], [-77.06706157099995, -11.724638729999981], [-77.06844903299998, -11.725214576999974], [-77.06993560899997, -11.726064702999963], [-77.07056738999995, -11.726179695999974], [-77.07161078399997, -11.72617213899997], [-77.07298666399998, -11.726819784999975], [-77.07451311299997, -11.728120628999932], [-77.07659558499995, -11.729161013999942], [-77.07876109099999, -11.729934412999967], [-77.08043804299996, -11.730977982999946], [-77.08343332799996, -11.73237660999996], [-77.08577323799994, -11.733314012999926], [-77.08886511599997, -11.734629455999936], [-77.09212522999997, -11.736187032999965], [-77.09531281099999, -11.737971498999968], [-77.09629566099994, -11.738939938999977], [-77.09945917599998, -11.740730502999952], [-77.10365940099996, -11.741122357999927], [-77.10983433999996, -11.743378415999928], [-77.11190490699994, -11.74440929399998], [-77.11336519199995, -11.744966416999944], [-77.11531273699995, -11.745683484999972], [-77.12023029799997, -11.740647168999942], [-77.12434083799997, -11.73629841199994], [-77.11950726199996, -11.732615069999952], [-77.11923026599999, -11.732091044999947], [-77.11915505299999, -11.73177475999995], [-77.11917912799998, -11.730160474999934], [-77.11889278399997, -11.729206089999934], [-77.11852886199995, -11.728419668999948], [-77.11763153799996, -11.726895902999956], [-77.11742958299999, -11.725869151999973], [-77.11730945099998, -11.725230375999956], [-77.11708926199998, -11.72340268299996], [-77.11619037299994, -11.721669683999949], [-77.11633778699996, -11.721112621999964], [-77.11692550899994, -11.720223501999953], [-77.11669181599996, -11.719806758999937], [-77.11582991899996, -11.718946296999945], [-77.11550473999995, -11.71846446799998], [-77.11518714299996, -11.717384763999974], [-77.11505918299997, -11.716512893999948], [-77.11508866399998, -11.715603990999966], [-77.11517131099998, -11.715304470999968], [-77.11648510599997, -11.714170858999978], [-77.11697415999998, -11.713868332999937], [-77.11805018199993, -11.71337613999998], [-77.11873324599998, -11.713060219999932], [-77.12179066599998, -11.713073441999938], [-77.12267389799996, -11.71355112499998], [-77.12706299199994, -11.71715325699995], [-77.12881411699993, -11.720353504999935], [-77.13123852399997, -11.722611925999956], [-77.13499197399995, -11.72673120899998], [-77.13503645399999, -11.726773065999964], [-77.13594726499997, -11.727311659999941], [-77.13773199399998, -11.727154845999962], [-77.14051943899995, -11.726299852999944], [-77.14263523899996, -11.726022988999944], [-77.14468869599995, -11.726189298999941], [-77.14590421499997, -11.726481473999968], [-77.14973236799995, -11.728246137999975], [-77.15322027399998, -11.72993678599994], [-77.15618335499994, -11.73090919699996], [-77.15781523899994, -11.731090562999952], [-77.15838882199995, -11.731100271999935], [-77.15869193599997, -11.731074070999966], [-77.15923722599996, -11.730986259999952], [-77.15984289599999, -11.730862122999952], [-77.16037512199995, -11.730654847999972], [-77.16179090499998, -11.729920646999972], [-77.16188427299994, -11.729864483999961], [-77.16522248399997, -11.727856434999978], [-77.16734849299996, -11.724933547999967], [-77.17223615899997, -11.718765615999928], [-77.17404785199994, -11.71541793199998], [-77.17429062399998, -11.713266575999967], [-77.17499259399995, -11.71192820999994], [-77.17640173399997, -11.709891239999934], [-77.18055187099998, -11.69158962499995], [-77.18277159699994, -11.68704489299995], [-77.18211247099998, -11.68590855399998], [-77.17834375399997, -11.687535154999978], [-77.17645436399994, -11.688342729999931], [-77.17375664399998, -11.690850031999958], [-77.17148247099993, -11.691934257999947], [-77.16892133899995, -11.693038727999976], [-77.16521161099996, -11.696462280999981], [-77.16439938099995, -11.698094437999941], [-77.16237370999994, -11.699687927999946], [-77.16083547099998, -11.701564676999965], [-77.15784916099994, -11.701935344999981], [-77.15552112199998, -11.702090604999967], [-77.15450686699995, -11.700954273999969], [-77.15453601499996, -11.700173697999958], [-77.15482349299998, -11.699230212999964], [-77.15564963899999, -11.698133602999974], [-77.15632109899997, -11.697114674999966], [-77.15687921399996, -11.696498322999958], [-77.15672688399997, -11.696127395999952], [-77.15633426399995, -11.695556456999952], [-77.15552198999995, -11.69405609699993], [-77.15525865699993, -11.69137990799993], [-77.15499736899994, -11.68896673699993], [-77.15518423799995, -11.688032755999927], [-77.15498127899997, -11.686886493999964], [-77.15451182999999, -11.685790056999963], [-77.15520414399998, -11.684184159999973], [-77.15563738199995, -11.683917572999974], [-77.15749953999995, -11.683113348999939], [-77.15821620899999, -11.681985495999982], [-77.15828145699999, -11.68174003699994], [-77.15767307599998, -11.680457789999934], [-77.15656826099996, -11.678768325999954], [-77.15570827299996, -11.677363963999937], [-77.15384812399998, -11.675249735999955], [-77.15286335999997, -11.673391962999972], [-77.15266172299994, -11.672413070999937], [-77.15216441399997, -11.670634534999976], [-77.15153748699998, -11.669874038999978], [-77.15117022599998, -11.669648318999975], [-77.14980200699995, -11.668815759999973], [-77.14841954499997, -11.668233075999979], [-77.14619905899997, -11.667197527999974], [-77.14472605799995, -11.666267595999955], [-77.14335022299997, -11.66521015099994], [-77.14162226599996, -11.664422057999957], [-77.14066254499994, -11.66398673699996], [-77.13993259699998, -11.663452707999966], [-77.13972935299995, -11.663194368999939], [-77.13927901099999, -11.662660465999977], [-77.13817134099997, -11.661552815999926], [-77.13688201399998, -11.660452862999932], [-77.13601451299996, -11.660321273999955]]]}}, {"type": "Feature", "properties": {"objectid": 17367, "anp_gid": 340, "acr_codi": "ACR26", "acr_nomb": "Chuyapi Urusayhua", "acr_sect": " ", "acr_ubpo": "Cusco", "acr_suleg": 80190.78, "acr_balec": "D.S. Nº 003-2021-MINAM", "acr_felec": 1616648400000, "acr_balem": " ", "acr_felem": null, "acr_obs": null, "met_link": null, "acr_orden": 26, "acr_id": 26}, "geometry": {"type": "Polygon", "coordinates": [[[-72.61552354799994, -12.68194452399996], [-72.61042138599998, -12.688452707999943], [-72.60789201999995, -12.688617115999932], [-72.60697411299998, -12.687104445999978], [-72.60366317099994, -12.685528595999926], [-72.60297400399998, -12.684475538999948], [-72.59994738299997, -12.680892434999976], [-72.58673592999997, -12.698049674999936], [-72.59114544499994, -12.716162814999961], [-72.59932801499997, -12.740110581999943], [-72.65429460499996, -12.746736691999956], [-72.65475114899994, -12.73947276299998], [-72.66346731999994, -12.73448140399995], [-72.67128583499994, -12.738146097999959], [-72.68114835599994, -12.750607626999965], [-72.68908322799996, -12.756568133999963], [-72.69521262599994, -12.766127662999963], [-72.69774910599995, -12.77841482399998], [-72.71352286699994, -12.785079086999929], [-72.72308604199998, -12.792368556999975], [-72.72884069299994, -12.802878826999972], [-72.74628745999996, -12.809300569999948], [-72.75999486999996, -12.813090056999954], [-72.78701995299997, -12.814141226999936], [-72.81992573699995, -12.828967667999962], [-72.82580884299995, -12.847546832999967], [-72.80835317799995, -12.863001915999973], [-72.84146702799995, -12.87933366599998], [-72.83015788499995, -12.900677237999957], [-72.83086535499996, -12.91454830999993], [-72.80466008199994, -12.92377100699997], [-72.81478508499998, -12.94785040499994], [-72.78260300599999, -12.956068315999971], [-72.76660551599997, -12.944848283999931], [-72.73642698399993, -12.961454584999956], [-72.72382172799996, -12.96703490699997], [-72.72309379999996, -12.973777536999933], [-72.73050095999997, -12.977828221999971], [-72.74221981399995, -12.984069321999982], [-72.75601544499995, -12.98512195099994], [-72.76261267499996, -12.983313580999948], [-72.77229094799998, -12.98752658799998], [-72.78676039099997, -12.98060789799996], [-72.79727231899994, -12.982948758999953], [-72.81746816599997, -12.971389095999939], [-72.83462361599999, -12.972262126999965], [-72.85341350499993, -12.968325419999928], [-72.86152690199998, -12.97407326399997], [-72.87089897299995, -12.975788029999933], [-72.88257306499997, -12.981874498999957], [-72.90189029099997, -12.983342303999962], [-72.91966076499995, -12.988248312999929], [-72.94025597499996, -12.956130391999977], [-72.94971140499996, -12.930531601999974], [-72.95166029299997, -12.907593106999968], [-72.97342761199997, -12.886614238999982], [-72.97940623399995, -12.882456297999965], [-72.98670388099998, -12.880759635999937], [-72.99862129599995, -12.893931149999958], [-73.00909281799994, -12.903176770999949], [-73.02479006599998, -12.907958841999971], [-73.01530092399997, -12.915530376999982], [-73.01537941799995, -12.92781254199997], [-73.01179823399997, -12.936437212999977], [-73.00969357199995, -12.956177413999967], [-73.00536845499994, -12.979433962999963], [-73.01410551599997, -12.986849486999972], [-73.03333882799996, -12.984384106999926], [-73.05293267699994, -12.985039772999926], [-73.06155055699998, -12.978562265999926], [-73.07094082199995, -12.96944268599998], [-73.08022493499993, -12.965854155999978], [-73.09204150699998, -12.958747824999932], [-73.09945421199996, -12.956123692999938], [-73.11384197499996, -12.951954908999937], [-73.12058970799995, -12.969560523999974], [-73.13275081299997, -12.963896726999963], [-73.13854324499994, -12.958796655999947], [-73.14504570699995, -12.958209325999974], [-73.14787009899999, -12.951302640999927], [-73.16039772399995, -12.936386158999937], [-73.16157241899998, -12.912529390999964], [-73.16998390799995, -12.891978759999972], [-73.16332649099996, -12.881308332999936], [-73.16315329399998, -12.874647809999942], [-73.16031816999998, -12.876845077999974], [-73.15878535499996, -12.878125696999973], [-73.15239764699999, -12.87996996499993], [-73.14920176399994, -12.883654142999944], [-73.14504543899994, -12.886996661999945], [-73.14258722799997, -12.889789169999972], [-73.14061311899997, -12.894689550999942], [-73.13845187299995, -12.898512428999936], [-73.13377870599999, -12.902135614999963], [-73.12910005399993, -12.905823227999974], [-73.12448174799994, -12.910553826999944], [-73.12251259799996, -12.916913588999932], [-73.11604646999996, -12.911407104999967], [-73.12124573199998, -12.903162492999968], [-73.12640517399996, -12.892690437999931], [-73.11775377299995, -12.892389205999962], [-73.11385083499994, -12.892887903999963], [-73.10836823599993, -12.893773099999976], [-73.10457125299996, -12.894630433999964], [-73.09954393399994, -12.893780891999938], [-73.09716721299998, -12.890559166999935], [-73.09740762599995, -12.88777495599993], [-73.09552585899996, -12.885190536999971], [-73.09088749899996, -12.88609010099998], [-73.08067073999996, -12.88942547299996], [-73.06313016099995, -12.896346249999965], [-73.05859762599994, -12.896163190999971], [-73.05547001799994, -12.893975808999926], [-73.05512769299997, -12.886063947999958], [-73.06045334399994, -12.882934941999963], [-73.06459484799996, -12.882164487999944], [-73.05603479999996, -12.878011903999948], [-73.07462270199994, -12.857572715999936], [-73.08623025699995, -12.85837288199997], [-73.08498043699996, -12.853485362999947], [-73.08099291699995, -12.845813421999935], [-73.07977678599997, -12.842925324999953], [-73.07390418099999, -12.837056962999952], [-73.06746438499994, -12.833056763999934], [-73.06253163099996, -12.827998613999966], [-73.05753213799994, -12.818958317999943], [-73.04948468099997, -12.815710326999977], [-73.04652176399998, -12.815678779999928], [-73.04234170499996, -12.815485101999968], [-73.03953582699995, -12.812795497999957], [-73.03702974699996, -12.811676810999927], [-73.03415036099994, -12.810937925999951], [-73.03251322399996, -12.809557862999952], [-73.03038583699998, -12.806829311999934], [-73.03030250199998, -12.804382379999936], [-73.02848793199996, -12.803658581999969], [-73.02648812499996, -12.802316428999973], [-73.02619167799998, -12.799392032999947], [-73.02503376399994, -12.79803465599997], [-73.02564546599996, -12.79693924399993], [-73.02554399399997, -12.794948918999978], [-73.02520658699996, -12.79301492999997], [-73.02551126099996, -12.79038606399996], [-73.02670622399995, -12.787114138999982], [-73.02768586299999, -12.783955375999938], [-73.02663683199995, -12.78099187099997], [-73.02532380099996, -12.77688812799994], [-73.02550818899994, -12.771341672999938], [-73.02352332399994, -12.770355549999977], [-73.02065172499994, -12.770716642999957], [-73.01788939599999, -12.771710223999946], [-73.01461313399994, -12.771005284999944], [-73.00891469399994, -12.768738399999961], [-73.00238646899999, -12.774877772999957], [-72.99283565099995, -12.777387866999959], [-72.98610030999998, -12.778773686999955], [-72.98086020399995, -12.777764184999967], [-72.97864812699999, -12.773997819999977], [-72.97536402499998, -12.773476140999946], [-72.97131832099996, -12.771558417999927], [-72.97026882199998, -12.768784141999959], [-72.96812751199997, -12.772574101999965], [-72.96592074999995, -12.779816873999948], [-72.96070078599996, -12.783621653999944], [-72.95878043899995, -12.787925335999944], [-72.95112190099996, -12.796046168999965], [-72.94722253799995, -12.807145728999956], [-72.94152312499995, -12.803873118999945], [-72.93478950799994, -12.801955272999976], [-72.92841326799999, -12.801044372999968], [-72.92367805499998, -12.801964165999948], [-72.91922476699995, -12.801620543999945], [-72.91843964499998, -12.806439699999942], [-72.91956484199994, -12.811843050999926], [-72.91999877399996, -12.817159637999964], [-72.91777071599995, -12.82024095099996], [-72.91932333599993, -12.825819852999928], [-72.91666853999999, -12.82862995499994], [-72.91245130399994, -12.82871423499995], [-72.91092618699997, -12.83115725099998], [-72.90641811299997, -12.831752636999965], [-72.90136735099998, -12.828441281999972], [-72.89460403299995, -12.827437920999955], [-72.89060359999996, -12.818439157999933], [-72.88827593799994, -12.810481975999949], [-72.88701076599995, -12.80733946099997], [-72.88266908099996, -12.804985200999965], [-72.87844788099994, -12.801053722999939], [-72.87251502099997, -12.801943174999963], [-72.86826327699998, -12.798640987999931], [-72.86705223699994, -12.791834894999965], [-72.86944345299997, -12.786323437999954], [-72.86912323499996, -12.766640992999953], [-72.85815751299998, -12.759853600999975], [-72.84689739699996, -12.757657925999979], [-72.84166073099993, -12.757579332999967], [-72.84183645099995, -12.76127495399993], [-72.82851895899995, -12.772681047999981], [-72.82481558299997, -12.77160327799993], [-72.82065394799997, -12.767571060999956], [-72.81543367699999, -12.769689488999973], [-72.81147320599996, -12.769627990999936], [-72.80924900599996, -12.76874457599996], [-72.80127781199997, -12.771040351999943], [-72.79259033899996, -12.768341780999947], [-72.79213623699997, -12.760767359999932], [-72.79041369199996, -12.748738254999978], [-72.78858703499998, -12.741699464999954], [-72.78790200899994, -12.736433571999953], [-72.78883540399994, -12.730613344999938], [-72.79275442599999, -12.724549018999937], [-72.79898175099999, -12.72615499699998], [-72.80395874999994, -12.720936095999946], [-72.80666498499994, -12.714233786999955], [-72.80872026499998, -12.708870995999973], [-72.80487094999995, -12.701174310999932], [-72.79563397199996, -12.699505185999953], [-72.79295362499994, -12.689089034999938], [-72.78893220999998, -12.684111004999977], [-72.78565979299998, -12.67955042899996], [-72.77491333599994, -12.675297172999933], [-72.75999255299996, -12.68628499099998], [-72.76161590599997, -12.701141709999945], [-72.76286288899996, -12.70780863999994], [-72.74673054799996, -12.716566291999982], [-72.73102081299999, -12.716905242999928], [-72.72595778799996, -12.719345980999947], [-72.71798011099997, -12.725754285999926], [-72.70628091799995, -12.72269532599995], [-72.70330690399999, -12.716521837999949], [-72.69840153699994, -12.720338830999935], [-72.68575725099998, -12.715791284999966], [-72.67684115499998, -12.709674054999937], [-72.67407960499997, -12.698951527999952], [-72.66172383699995, -12.703874561999953], [-72.65655651399999, -12.700142354999969], [-72.66043561799995, -12.69296116199996], [-72.66012527099997, -12.684263807999969], [-72.66053705499996, -12.67298072899996], [-72.65983548499997, -12.67332313199995], [-72.65953859199993, -12.673746894999965], [-72.65936360599994, -12.674351987999955], [-72.65897210899993, -12.67508343299994], [-72.65795249799999, -12.67578161199998], [-72.65703729199998, -12.677030141999978], [-72.63206262799997, -12.676938886999949], [-72.63030191399997, -12.67049461299996], [-72.62717188999994, -12.666917095999963], [-72.62612214799998, -12.67102586599998], [-72.61552354799994, -12.68194452399996]]]}}, {"type": "Feature", "properties": {"objectid": 17506, "anp_gid": 342, "acr_codi": "ACR27", "acr_nomb": "Paramos y Bosques Montanos de Jaén y Tabaconas", "acr_sect": " ", "acr_ubpo": "Cajamarca", "acr_suleg": 31537.23, "acr_balec": "D.S. N° 005-2021-MINAM", "acr_felec": 1620277200000, "acr_balem": " ", "acr_felem": null, "acr_obs": null, "met_link": null, "acr_orden": 27, "acr_id": 27}, "geometry": {"type": "Polygon", "coordinates": [[[-79.18465261999995, -5.353897524999979], [-79.17898723099995, -5.352685084999962], [-79.17195392899998, -5.357637218999969], [-79.17155752399998, -5.357711537999933], [-79.16939042899998, -5.35811782299993], [-79.15913011399994, -5.35364543999998], [-79.15929344299997, -5.355215968999971], [-79.15717679099998, -5.359345477999966], [-79.15712058599996, -5.359446978999927], [-79.15503177299996, -5.362949200999935], [-79.15432530199996, -5.366960737999932], [-79.15326129599998, -5.372780486999943], [-79.15923066299996, -5.3737388779999264], [-79.16458985399998, -5.373610350999968], [-79.17028558799996, -5.37558955999998], [-79.17748003699995, -5.377211529999954], [-79.18413334799999, -5.384880927999973], [-79.19991903799996, -5.382694396999966], [-79.20270021599998, -5.384936009999933], [-79.20232536199995, -5.392756327999962], [-79.19855101499996, -5.396877392999954], [-79.19459555999998, -5.401205845999925], [-79.19707634799994, -5.410454221999942], [-79.19725478199996, -5.412128712999959], [-79.19821751699999, -5.42116343999993], [-79.19549140999999, -5.427683685999966], [-79.19501446799995, -5.430295417999957], [-79.18136939999994, -5.434305295999934], [-79.16872152699995, -5.436726452999949], [-79.16622028699999, -5.44929615999996], [-79.16447952599998, -5.457998207999935], [-79.16222993299994, -5.461915512999951], [-79.16045203099998, -5.465002391999974], [-79.15815826199997, -5.471541669999965], [-79.15863230499997, -5.47517021799996], [-79.15863872199998, -5.475219336999942], [-79.16735200699998, -5.476573943999938], [-79.16712284899995, -5.486998676999974], [-79.15307523899997, -5.485794003999956], [-79.14953724599997, -5.487519143999975], [-79.14795795999999, -5.490516133999961], [-79.14871510399996, -5.496621705999928], [-79.15148480499994, -5.499695471999928], [-79.15442695399997, -5.502453302999925], [-79.15384930399995, -5.505426278999948], [-79.15089214199998, -5.507523852999952], [-79.14654053499999, -5.508260794999956], [-79.13887507599998, -5.506817329999933], [-79.13239931899994, -5.511616301999936], [-79.13581483099995, -5.515912796999942], [-79.13380014499995, -5.522461733999933], [-79.12708077199994, -5.5271784329999605], [-79.12828769999999, -5.5276488979999385], [-79.12822387899996, -5.528964454999937], [-79.12878696499996, -5.530222182999978], [-79.12961986999994, -5.531092014999956], [-79.13066084099995, -5.532231635999949], [-79.13173165899997, -5.533371349999925], [-79.13211747399998, -5.5340603499999474], [-79.13238391199997, -5.534748973999967], [-79.13327692499996, -5.5351692709999725], [-79.13402192599995, -5.535142908999944], [-79.13488346799994, -5.534866878999935], [-79.13628873399995, -5.534426331999953], [-79.13761479399994, -5.53451307499995], [-79.14248164699995, -5.5402182219999645], [-79.13395320799998, -5.548222537999948], [-79.12047018599998, -5.5374198179999325], [-79.11213463799999, -5.542339075999962], [-79.09996437099994, -5.547092152999937], [-79.09856934599998, -5.543127471999981], [-79.10008490399997, -5.53196602099996], [-79.09531290699994, -5.525856718999933], [-79.09243814799999, -5.524690172999954], [-79.08064613799996, -5.515773456999966], [-79.07225756699995, -5.509236502999954], [-79.06484159199994, -5.5033445899999265], [-79.05662360899998, -5.50829962499995], [-79.05022734099998, -5.49967139599994], [-79.04509888199993, -5.489673036999932], [-79.03995661799996, -5.486708739999926], [-79.03512060899999, -5.489432354999963], [-79.04316609099999, -5.504078487999948], [-79.04148999799997, -5.511794136999981], [-79.04419294399997, -5.51312622599994], [-79.04545541399995, -5.513341328999957], [-79.04728164499994, -5.515257824999935], [-79.04831005799997, -5.516179602999955], [-79.04910365899997, -5.516293216999941], [-79.04982617299999, -5.516563450999968], [-79.05129789799997, -5.517016891999958], [-79.05289589199998, -5.5184096209999325], [-79.05321938799995, -5.519807730999958], [-79.05552195999996, -5.520791312999961], [-79.05673420199997, -5.5222636749999765], [-79.05731442099994, -5.523327219999942], [-79.05780641199993, -5.5247312809999585], [-79.05748884899998, -5.528404646999945], [-79.05732551699998, -5.529014900999925], [-79.05458059199998, -5.533975785999928], [-79.05952333499994, -5.537774828999943], [-79.06560531799994, -5.546146861999944], [-79.06778470799998, -5.545363903999942], [-79.07074934699995, -5.5467378999999255], [-79.07628940199999, -5.546726411999941], [-79.07776841599997, -5.547113975999935], [-79.07850214899997, -5.547504246999949], [-79.08035914699997, -5.549136988999976], [-79.08077551799994, -5.549672660999931], [-79.08243377099996, -5.552953744999968], [-79.08323826499998, -5.5552050469999585], [-79.08334196399994, -5.555898153999976], [-79.08322110099994, -5.558515998999951], [-79.08649939599997, -5.56067718099996], [-79.08816501899997, -5.5629614639999545], [-79.09154385299996, -5.564246372999946], [-79.09525581299994, -5.57100404199997], [-79.09971146699996, -5.572218689999943], [-79.10040402699997, -5.572479922999946], [-79.10172629199997, -5.57287994099994], [-79.10309909599994, -5.573702777999927], [-79.10457463999995, -5.57599638399995], [-79.11092040499994, -5.578955592999932], [-79.11524942399996, -5.576728253999931], [-79.11957623899997, -5.571748125999932], [-79.12347186899996, -5.566968471999928], [-79.13049101099995, -5.5646670649999805], [-79.13827314599996, -5.566518124999959], [-79.14637725999995, -5.563559881999936], [-79.14890098099994, -5.558775657999945], [-79.15092262899998, -5.555816282999956], [-79.15603033399998, -5.552920785999959], [-79.16256349099996, -5.5472176399999285], [-79.16596576699999, -5.5471649079999565], [-79.16979341299998, -5.552565741999956], [-79.16189949799997, -5.55764084599997], [-79.15830600299995, -5.5611288389999345], [-79.15435935799997, -5.5693886619999375], [-79.15930360299996, -5.569425614999943], [-79.15942556699997, -5.579327835999948], [-79.16275859699994, -5.580302432999929], [-79.16434459899995, -5.586853699999949], [-79.16759362999994, -5.589721082999972], [-79.16926332399999, -5.59549501999993], [-79.17472222199996, -5.601696709999942], [-79.18452552099996, -5.6068720569999755], [-79.18121017699997, -5.616608977999931], [-79.17923345999998, -5.625954527999966], [-79.18052058699999, -5.625724752999929], [-79.18186293999997, -5.626598308999974], [-79.18311349099997, -5.627124902999981], [-79.18553860399999, -5.627174345999947], [-79.18636799899997, -5.6273957379999615], [-79.18769639199996, -5.628123536999965], [-79.19058601999996, -5.629044634999957], [-79.19243950699996, -5.629211896999948], [-79.19264435999997, -5.629242332999979], [-79.19676787999998, -5.630099618999964], [-79.19962074999995, -5.629671992999931], [-79.20085836599998, -5.629076766999958], [-79.20162201299996, -5.628898718999949], [-79.20534745599997, -5.628862353999978], [-79.20578755799994, -5.628912501999935], [-79.20960560099996, -5.629833348999966], [-79.21093019599994, -5.63113666199996], [-79.21125399999994, -5.632384884999965], [-79.21306326599995, -5.63386682099997], [-79.21472243999995, -5.635143397999968], [-79.21689138299996, -5.6362587139999505], [-79.21756417699999, -5.636402763999968], [-79.21887556699994, -5.636877090999974], [-79.21939901899998, -5.637761872999931], [-79.22626965199998, -5.632987258999947], [-79.23348363599996, -5.626227535999931], [-79.23850043599998, -5.62372897399996], [-79.23954019299998, -5.617122244999962], [-79.24825133399997, -5.619671227999959], [-79.25522250999995, -5.618552772999976], [-79.26663149899997, -5.618396859999962], [-79.27537085099993, -5.617581791999953], [-79.27978338699995, -5.6148730369999384], [-79.28637643499997, -5.607242495999969], [-79.28633448099998, -5.599963199999934], [-79.28394689099997, -5.595434989999944], [-79.27992703899997, -5.590458919999946], [-79.27583330399995, -5.586079423999934], [-79.27741697799996, -5.581535735999978], [-79.28000030599998, -5.574616799999944], [-79.29017920299998, -5.572015100999977], [-79.29732649999994, -5.565968286999976], [-79.29980132799994, -5.559003642999926], [-79.29839799199993, -5.554270359999975], [-79.29767652999999, -5.550940633999971], [-79.29789973599998, -5.5454886369999485], [-79.30012437399995, -5.540747703999955], [-79.30501694199995, -5.534006940999973], [-79.30857598399996, -5.529658585999925], [-79.30607379799994, -5.524144523999951], [-79.28625706699995, -5.526945085999955], [-79.27990879699996, -5.52523578499995], [-79.27122868199996, -5.5202672339999594], [-79.26592047799994, -5.509895385999926], [-79.26273676199997, -5.509280264999973], [-79.25987685499996, -5.499723186999972], [-79.25435053899997, -5.491695531999937], [-79.25314544999998, -5.490228057999957], [-79.25190555599994, -5.49083292399996], [-79.23484256499995, -5.488265438999974], [-79.23421648799996, -5.488047958999971], [-79.22876308399998, -5.484931241999959], [-79.22840758599995, -5.484665134999943], [-79.22509362999995, -5.481478176999929], [-79.22481914699995, -5.481141880999928], [-79.22256635899998, -5.477581977999932], [-79.22228918999997, -5.476725020999936], [-79.22163760099994, -5.466157383999928], [-79.22163836599998, -5.465922540999941], [-79.22295490299996, -5.44661733099997], [-79.22300820799995, -5.428447020999954], [-79.22117037199996, -5.424149084999954], [-79.21382675499996, -5.413796460999947], [-79.21370022499997, -5.413590085999942], [-79.21301654399997, -5.4122865989999696], [-79.21294867399996, -5.4121420309999735], [-79.21173499599996, -5.4092292839999345], [-79.21159996599994, -5.4086575009999365], [-79.21116028899996, -5.402301972999965], [-79.21117013599996, -5.4019507029999545], [-79.21177941199994, -5.39710682499998], [-79.21150974399995, -5.383459989999949], [-79.20903073299996, -5.378497566999954], [-79.20499487099994, -5.373590613999966], [-79.19822164799996, -5.366426168999965], [-79.19312851599994, -5.363157696999963], [-79.19291520999997, -5.362997362999977], [-79.18824881099994, -5.358916507999936], [-79.18798091799994, -5.358624481999925], [-79.18717261299997, -5.3575215929999445], [-79.18714635399994, -5.35748480999996], [-79.18465261999995, -5.353897524999979]]]}}, {"type": "Feature", "properties": {"objectid": 17508, "anp_gid": 347, "acr_codi": "ACR29", "acr_nomb": "Codo del Pozuzo", "acr_sect": " ", "acr_ubpo": "Huanuco", "acr_suleg": 10453.45, "acr_balec": "D.S. N° 014-2021-MINAM", "acr_felec": 1627102800000, "acr_balem": " ", "acr_felem": null, "acr_obs": null, "met_link": null, "acr_orden": 29, "acr_id": 29}, "geometry": {"type": "Polygon", "coordinates": [[[-75.55632968599997, -9.739942866999968], [-75.55578656399996, -9.742295271999978], [-75.55737420599996, -9.741642098999932], [-75.55875492399997, -9.740776112999981], [-75.55935799099996, -9.740770202999954], [-75.55985969299996, -9.74121172799994], [-75.56026267899995, -9.741545052999982], [-75.56068947499995, -9.741941976999954], [-75.56105153799996, -9.742012705999969], [-75.56148550299997, -9.741858452999963], [-75.56237911599999, -9.741406555999959], [-75.56371647299994, -9.74119695099995], [-75.56230384299994, -9.73604402899997], [-75.56372604199998, -9.736032640999952], [-75.56732416599993, -9.739653443999941], [-75.56705436999994, -9.741851655999938], [-75.56759509399996, -9.74191015599996], [-75.56863772799994, -9.742933154999946], [-75.56902592999995, -9.743573281999943], [-75.56975948199994, -9.74371563699998], [-75.57082974999997, -9.743273540999951], [-75.57148619299994, -9.743463879999979], [-75.57214330499994, -9.744046663999939], [-75.57278022399998, -9.744103026999937], [-75.57336870299997, -9.744044607999967], [-75.57387992499997, -9.743948028999966], [-75.57567438799998, -9.743820571999947], [-75.57677852799998, -9.743077381999967], [-75.57737530599996, -9.742187078999962], [-75.57376699299994, -9.738014705999944], [-75.57674011399996, -9.733306669999934], [-75.57303476699997, -9.725625259999958], [-75.56525717999995, -9.719469991999972], [-75.56649770099995, -9.714466438999978], [-75.57545825499994, -9.708744538999952], [-75.59082488899998, -9.707054223999933], [-75.59711663699994, -9.708038181999939], [-75.60555161699995, -9.719690449999973], [-75.60705056199998, -9.717811360999974], [-75.60905427399996, -9.716181780999932], [-75.61006873999997, -9.714094623999927], [-75.61070912599996, -9.71339553599995], [-75.60941309299994, -9.702454308999961], [-75.61315909199999, -9.687072408999938], [-75.61393285999998, -9.687467303999938], [-75.61443759199994, -9.688754960999972], [-75.61448302799994, -9.68986760699994], [-75.61478155899994, -9.690710990999946], [-75.61533985099999, -9.691538750999939], [-75.61601999299995, -9.69154470899997], [-75.61648208299994, -9.691935961999945], [-75.61801038299996, -9.69323198199993], [-75.61942573799996, -9.694432207999967], [-75.62122755399997, -9.682852326999978], [-75.61729171099995, -9.673932753999964], [-75.64282103699998, -9.668197135999947], [-75.65090952099996, -9.655863717999978], [-75.65713034999999, -9.653617982999947], [-75.65424614999995, -9.646795103999978], [-75.67109828299994, -9.619087499999978], [-75.67199774999995, -9.613071366999975], [-75.60360280399993, -9.613486967999961], [-75.59203908199999, -9.629895266999938], [-75.57738581599995, -9.641713901999935], [-75.57024428999995, -9.649531052999976], [-75.57058786899995, -9.653301970999962], [-75.55978304299998, -9.650823465999963], [-75.55232675199994, -9.656026966999946], [-75.55176205199996, -9.667468982999935], [-75.54800366599994, -9.67122840199994], [-75.54179205499997, -9.662872208999943], [-75.53867506099994, -9.663048946999936], [-75.54218985399996, -9.672223457999962], [-75.54206225899998, -9.677921607999963], [-75.54976520499997, -9.683878635999974], [-75.55430405799996, -9.672385019999979], [-75.55874580399995, -9.674023896999927], [-75.55238980199994, -9.689065875999972], [-75.54648339099998, -9.700606875999938], [-75.53583800799998, -9.71329482799996], [-75.53543314199999, -9.716669004999972], [-75.52078436799997, -9.723294002999978], [-75.52193217099995, -9.734480130999941], [-75.52246294199995, -9.734543462999966], [-75.52413482099996, -9.73470601699995], [-75.52506105899994, -9.73458360199993], [-75.52609450899996, -9.73525204899994], [-75.52791826399994, -9.73535452699997], [-75.53061289199997, -9.735452589999966], [-75.53076455599995, -9.735016814999938], [-75.53089992699995, -9.73310947699997], [-75.53119630199996, -9.732468223999945], [-75.53184228299995, -9.731757508999976], [-75.53201285699998, -9.73112386799994], [-75.53211171999999, -9.730341377999935], [-75.53211723299995, -9.729734221999934], [-75.53949429599999, -9.730789886999958], [-75.54683135699997, -9.72964768299994], [-75.54575006299996, -9.732453526999961], [-75.54602822099997, -9.733099244999948], [-75.54609901399994, -9.734050095999976], [-75.54739414999995, -9.73668227099995], [-75.54840635299996, -9.738714687999959], [-75.54859798099994, -9.73959360699996], [-75.54948715999996, -9.739893492999954], [-75.55059658999994, -9.739786414999969], [-75.55218001999998, -9.739045172999965], [-75.55639245499998, -9.739309662999972], [-75.55632968599997, -9.739942866999968]]]}}, {"type": "Feature", "properties": {"objectid": 17509, "anp_gid": 349, "acr_codi": "ACR31", "acr_nomb": "Comunal Alto Tamaya - Abujao", "acr_sect": " ", "acr_ubpo": "Ucayali", "acr_suleg": 150010.82, "acr_balec": "D.S. Nº 021-2021-MINAM", "acr_felec": 1627102800000, "acr_balem": " ", "acr_felem": null, "acr_obs": null, "met_link": null, "acr_orden": 31, "acr_id": 31}, "geometry": {"type": "Polygon", "coordinates": [[[-73.44947598299996, -8.632121121999944], [-73.45257751099996, -8.633853000999977], [-73.45450258099999, -8.636184857999979], [-73.45507388699997, -8.637843939999925], [-73.45611010499994, -8.640235933999975], [-73.45802345899995, -8.641600386999926], [-73.45987598099998, -8.643462579999948], [-73.46009007799995, -8.645632443999943], [-73.46489995499996, -8.645805472999939], [-73.46636927599997, -8.64641869299993], [-73.46719447199996, -8.648209178999934], [-73.46862845299995, -8.650032782999972], [-73.47237566099994, -8.651862191999953], [-73.47343157799997, -8.654718163999974], [-73.47668668299997, -8.655936916999963], [-73.47644198999996, -8.65939058899994], [-73.47533838499999, -8.661204424999937], [-73.47422002099995, -8.66429095899997], [-73.47258805199994, -8.665959126999951], [-73.47179401499994, -8.670534146999955], [-73.47286900599994, -8.67259201099995], [-73.47418774099998, -8.674953657999936], [-73.47364110599995, -8.676882182999975], [-73.47348832099993, -8.67878604599997], [-73.47278022599994, -8.682658913999944], [-73.47177357899994, -8.684253008999974], [-73.47120660199994, -8.686518736999972], [-73.47230385899996, -8.688676303999955], [-73.47348760599994, -8.690853353999955], [-73.47532565699998, -8.692956465999941], [-73.47612611199997, -8.695128963999935], [-73.47487332599997, -8.697787320999964], [-73.47104468099997, -8.697992064999937], [-73.47183438399998, -8.702473818999977], [-73.47034130599997, -8.703780303999963], [-73.47028472699998, -8.705137514999933], [-73.46869151199996, -8.708667023999965], [-73.46572329899993, -8.71264933699996], [-73.46675325599995, -8.715008687999955], [-73.46581914199999, -8.716508206999947], [-73.46434941999996, -8.719554101999961], [-73.46127011999994, -8.722268964999955], [-73.45868031799995, -8.725225020999972], [-73.45831324799997, -8.730295392999949], [-73.45787060399994, -8.732217071999969], [-73.45662696699998, -8.735251299999959], [-73.45729374299998, -8.737772716999928], [-73.45687656699994, -8.740044740999963], [-73.45996356599994, -8.745339692999949], [-73.45695025899994, -8.746445147999964], [-73.45609464099994, -8.74866944799993], [-73.45284520199993, -8.748458589999927], [-73.45159788599994, -8.75121570999994], [-73.45105086899997, -8.754465104999952], [-73.45112569799994, -8.757022057999961], [-73.44881480499998, -8.759885759999975], [-73.44594600499994, -8.763219469999967], [-73.44746708099996, -8.764122656999973], [-73.44828031199995, -8.766298953999978], [-73.44652893199998, -8.76738650599998], [-73.44927251699994, -8.770130824999967], [-73.45173015299997, -8.771319870999946], [-73.45123185399996, -8.774571456999979], [-73.45091864899996, -8.777724277999937], [-73.45253807699999, -8.78063239599993], [-73.45106698499995, -8.782314416999952], [-73.45147809199995, -8.785244370999976], [-73.44871595999996, -8.783232993999945], [-73.44869396699994, -8.786209012999961], [-73.44922104399996, -8.787024250999934], [-73.45001272299999, -8.790635540999972], [-73.44915256899998, -8.793904763999933], [-73.44981481299999, -8.796586944999945], [-73.44887223899997, -8.79885102999998], [-73.45007110799997, -8.801591433999931], [-73.45169686899999, -8.80436511299996], [-73.45022457299996, -8.806770559999961], [-73.45149322399999, -8.809378683999967], [-73.66179891599995, -8.71992714399994], [-73.79739188099995, -8.628228112999977], [-73.82060074099996, -8.432422067999937], [-73.78231968099993, -8.372998949999953], [-73.70161698699997, -8.307369351999967], [-73.59888778999994, -8.286796463999963], [-73.59650307999993, -8.287825384999962], [-73.59166322999994, -8.288123241999926], [-73.58918676999997, -8.287793115999932], [-73.58432978599996, -8.289249394999956], [-73.58058666299996, -8.292528237999932], [-73.57643222099995, -8.293399499999964], [-73.57073679599995, -8.29314594699997], [-73.56800413799994, -8.293571405999955], [-73.53218035899994, -8.302929475999974], [-73.52794535899994, -8.312690351999947], [-73.53111348399995, -8.332833350999977], [-73.54190823299996, -8.350222601999974], [-73.52569535799995, -8.356304725999962], [-73.52548708799998, -8.448150107999936], [-73.43781879099998, -8.452306122999971], [-73.43863979399998, -8.452492288999963], [-73.43951207099997, -8.453150315999949], [-73.44112378599993, -8.453844978999939], [-73.44719492099995, -8.457517276999965], [-73.44970742499999, -8.457801578999977], [-73.45082477399995, -8.457623114999933], [-73.45196300799995, -8.458267734999936], [-73.45434651799997, -8.458333597999967], [-73.45623535099998, -8.458924424999964], [-73.45724030799994, -8.46004314399994], [-73.45850051999997, -8.461162866999928], [-73.45933319699998, -8.46184193199997], [-73.46005524299994, -8.462624526999946], [-73.46088769799996, -8.463361348999968], [-73.46206318499998, -8.463908913999944], [-73.46315282399996, -8.464161563999937], [-73.46402958199997, -8.463968627999975], [-73.46569980299995, -8.464108034999981], [-73.46716705099993, -8.46422930999995], [-73.46851873399999, -8.46423460799997], [-73.46904331199994, -8.465079953999975], [-73.47458531399997, -8.470531028999972], [-73.47491555799996, -8.470642063999946], [-73.47574214499997, -8.471407717999966], [-73.47701555499998, -8.472146233999979], [-73.47686645399995, -8.47317954999994], [-73.47705582999998, -8.473705902999939], [-73.47852621599998, -8.475856140999952], [-73.47958831799997, -8.477360412999928], [-73.48068607899995, -8.478593417999946], [-73.48249502399995, -8.480282820999946], [-73.48367644799998, -8.482297456999959], [-73.48429027599997, -8.482588642999929], [-73.48417089499998, -8.48344302399994], [-73.48384818399995, -8.484365926999942], [-73.48395880199996, -8.48574681699995], [-73.48403689799994, -8.486544206999952], [-73.48386565999994, -8.487305970999955], [-73.48418721899998, -8.488156290999939], [-73.48462011999999, -8.490202672999942], [-73.48543854099995, -8.49158631499995], [-73.48631414699997, -8.493183888999965], [-73.48692795599999, -8.494965279999974], [-73.48949940399996, -8.49613045999996], [-73.48893335499997, -8.49696578399994], [-73.49001135399999, -8.49725876499997], [-73.49030132299998, -8.49877319999996], [-73.49090947199994, -8.499041254999952], [-73.49150698999995, -8.499060896999936], [-73.49243570799996, -8.500439182999969], [-73.49365163299996, -8.501073473999952], [-73.49447890699997, -8.501688933999958], [-73.49521973799995, -8.501408548999962], [-73.49482329199998, -8.502304460999937], [-73.49439683399999, -8.50299315199993], [-73.49427658999997, -8.504189277999956], [-73.49398087099996, -8.504939836999938], [-73.49356331299998, -8.505321742999968], [-73.49423801399996, -8.506175776999953], [-73.49465893599995, -8.506906098999934], [-73.49462536099998, -8.50761165199998], [-73.49445423499998, -8.50802519299998], [-73.49351060899994, -8.508949664999932], [-73.49308105099993, -8.510428396999941], [-73.49215348699994, -8.511184174999926], [-73.49258010199998, -8.51242844199993], [-73.49248472999994, -8.513172104999967], [-73.49222647199997, -8.514191272999938], [-73.49138428299995, -8.514786299999969], [-73.49037447299997, -8.514897435999956], [-73.48961652299994, -8.515623180999967], [-73.48962630699998, -8.517057589999979], [-73.48910802199998, -8.517577164999977], [-73.48866452599998, -8.518672311999978], [-73.48805949199993, -8.519697795999946], [-73.48728822699996, -8.519886552999935], [-73.48646103599998, -8.520581339999978], [-73.48601589999998, -8.522090676999937], [-73.48566466999995, -8.523232199999939], [-73.48485450999993, -8.523512843999981], [-73.48441912099997, -8.524500628999931], [-73.48353178399998, -8.524811649999947], [-73.48299443799993, -8.52625158799998], [-73.48271108899996, -8.52776155099997], [-73.48181926099994, -8.529207768999981], [-73.48088416499996, -8.52990211599996], [-73.48138668299998, -8.53143049299996], [-73.48063165699995, -8.53335280899995], [-73.48049638799995, -8.534433802999956], [-73.47919696699995, -8.535671312999966], [-73.47734584699998, -8.536124270999949], [-73.47647627199996, -8.537777658999971], [-73.47745063499997, -8.538847669999939], [-73.47688135299995, -8.540555927999947], [-73.47757613399995, -8.542177111999933], [-73.47723343999996, -8.54309620999993], [-73.47758101899996, -8.544831082999963], [-73.47695193399994, -8.546071211999958], [-73.47562964599996, -8.547231905999979], [-73.47441293899993, -8.548968289999948], [-73.47389987899999, -8.550093810999954], [-73.47471779599994, -8.551753835999932], [-73.47498072299999, -8.553457693999974], [-73.47465905099995, -8.554898456999979], [-73.47404950999999, -8.557028414999934], [-73.47320435199998, -8.55833671299996], [-73.47262213199997, -8.559408264999945], [-73.47282174899993, -8.561526071999936], [-73.47177671099996, -8.562710847999938], [-73.47131137399998, -8.565385961999937], [-73.47064652899996, -8.56784551499993], [-73.47126023699997, -8.57047120599998], [-73.47085121099997, -8.572548250999944], [-73.46892407099995, -8.572694019999972], [-73.46742849299994, -8.574759078999932], [-73.46593251899998, -8.574998585999936], [-73.46569738299996, -8.57406187099997], [-73.46480973099995, -8.574418846999947], [-73.46316768099996, -8.574573389999955], [-73.46237324099997, -8.574746642999969], [-73.46163920599997, -8.577144528999952], [-73.46090137399995, -8.578568264999944], [-73.46091735799996, -8.580340171999978], [-73.46098127699997, -8.581690400999946], [-73.46007475999994, -8.582898691999958], [-73.46105399499999, -8.584682115999954], [-73.45911840999997, -8.586906441999929], [-73.45930977999996, -8.588631438999926], [-73.45837696899997, -8.590369119999934], [-73.45617459999994, -8.59161189599996], [-73.45576465999994, -8.592975563999971], [-73.45344302499996, -8.593457146999981], [-73.45335908799996, -8.595151942999962], [-73.45139053899999, -8.59598009299998], [-73.45140733599999, -8.59753722499994], [-73.45017370299996, -8.599572552999973], [-73.44854405299998, -8.602334953999957], [-73.44957202999996, -8.603497306999941], [-73.45008060799995, -8.605409252999948], [-73.44906880599996, -8.60784431999997], [-73.44735237599997, -8.609195027999931], [-73.44723769599995, -8.610859010999945], [-73.44617422599998, -8.612726253999938], [-73.44497185399996, -8.614609068999926], [-73.44568803899995, -8.616659125999945], [-73.44580257799998, -8.618807258999936], [-73.44597860499994, -8.62136981599997], [-73.44720468699995, -8.622724758999937], [-73.44738150999996, -8.62660662099995], [-73.44743226199995, -8.629276072999971], [-73.44947598299996, -8.632121121999944]]]}}, {"type": "Feature", "properties": {"objectid": 17510, "anp_gid": 348, "acr_codi": "ACR30", "acr_nomb": "Q'eros Kosñipata", "acr_sect": " ", "acr_ubpo": "Cusco", "acr_suleg": 55319.97, "acr_balec": "D.S. N° 015-2021-MINAM", "acr_felec": 1627102800000, "acr_balem": " ", "acr_felem": null, "acr_obs": null, "met_link": null, "acr_orden": 30, "acr_id": 30}, "geometry": {"type": "Polygon", "coordinates": [[[-71.45564402799994, -13.043011193999973], [-71.44761389199994, -13.046504794999976], [-71.44026741199997, -13.061806738999962], [-71.42101373199995, -13.071473149999974], [-71.42073120199996, -13.077023302999976], [-71.42105464299993, -13.079397996999944], [-71.42072116399999, -13.082542656999976], [-71.42155944299998, -13.085366143999977], [-71.40420608599999, -13.08828168499997], [-71.40017642799995, -13.093687863999946], [-71.39907062499998, -13.096784466999964], [-71.33343123299994, -13.123338050999962], [-71.32663064399998, -13.123507901999972], [-71.32172632399994, -13.121404268999981], [-71.31770000899996, -13.12005679899994], [-71.31042179299999, -13.120246099999974], [-71.30638921499997, -13.117870970999945], [-71.30229734999995, -13.114140308999936], [-71.29727348099993, -13.127591804999952], [-71.29574735999995, -13.134619182999927], [-71.29628356199999, -13.141428757999961], [-71.30372691399998, -13.147530980999932], [-71.29886793299994, -13.151882358999956], [-71.29776203999995, -13.155717911999943], [-71.30637720799996, -13.16299124699998], [-71.31216097399994, -13.165442019999944], [-71.31633601299995, -13.163351305999981], [-71.32067625399998, -13.169080040999972], [-71.32278556799997, -13.17052277099998], [-71.32647845099996, -13.170632901999966], [-71.33316997699995, -13.17266997799993], [-71.33772466699997, -13.17513972699993], [-71.34106454499994, -13.177101758999981], [-71.14536529099996, -13.174652961999982], [-71.14538765799995, -13.175191125999959], [-71.14539609899998, -13.17555875499994], [-71.14533081999997, -13.176141910999945], [-71.14528664399995, -13.17653654999998], [-71.14526610399997, -13.177019242999961], [-71.14414473499994, -13.180467593999936], [-71.14343270099994, -13.182868946999974], [-71.14290627299994, -13.186189640999942], [-71.14274605599996, -13.189543713999967], [-71.14131172999998, -13.194751728999961], [-71.13911406999995, -13.19881509299995], [-71.13833943699996, -13.203320689999941], [-71.13802346099999, -13.20705126699994], [-71.13761095099994, -13.209183715999927], [-71.13684090499999, -13.211661327999934], [-71.13409098999995, -13.216293936999932], [-71.13216683099995, -13.22146455099994], [-71.12958228299993, -13.22421161799997], [-71.11289258199997, -13.237329932999955], [-71.09951790899999, -13.239190090999955], [-71.09635171099995, -13.243409145999976], [-71.09349068799997, -13.246812809999938], [-71.09125527499998, -13.249261844999978], [-71.08393105699997, -13.251346576999936], [-71.07804116499995, -13.248971927999946], [-71.07400622599994, -13.250528549999956], [-71.06711613199997, -13.256002346999935], [-71.06688151199995, -13.25899020199995], [-71.06804060799993, -13.26319951499994], [-71.08071945899997, -13.280451958999947], [-71.08979220899994, -13.28327670899995], [-71.09239104199997, -13.285958767999944], [-71.09395433299994, -13.289395708999962], [-71.09580888199997, -13.29143320999998], [-71.09550207299998, -13.295684944999948], [-71.09863872199998, -13.301100494999957], [-71.10291070799997, -13.304070833999958], [-71.10821041799994, -13.299859635999951], [-71.11060614799999, -13.301704833999963], [-71.11620995799996, -13.302993833999949], [-71.11910450999994, -13.30713627299997], [-71.11674520799994, -13.308507084999974], [-71.11499479199995, -13.311939355999982], [-71.11331022199994, -13.315652285999931], [-71.11578495299995, -13.31926938099997], [-71.11912754099995, -13.320534217999977], [-71.12304709299997, -13.324971285999936], [-71.12166361699997, -13.327984395999977], [-71.12465438199996, -13.330468862999965], [-71.13193194299998, -13.33524650299995], [-71.13685690699998, -13.340690090999942], [-71.14148926699994, -13.346509092999952], [-71.14752794899994, -13.347915628999942], [-71.14929219699997, -13.343292300999963], [-71.15302444499997, -13.338873211999953], [-71.15774336099997, -13.336686734999944], [-71.15457292999997, -13.33171975099998], [-71.14811353299996, -13.330096079999976], [-71.15110334999997, -13.327054273999977], [-71.15439365699996, -13.32200908599998], [-71.15618820899994, -13.317260576999956], [-71.15944591999994, -13.314014269999973], [-71.16329564199998, -13.312135533999935], [-71.17303846599998, -13.309922402999973], [-71.17817876499998, -13.306816478999963], [-71.18177266799995, -13.304681641999935], [-71.18621702299998, -13.304834711999945], [-71.19057572699995, -13.306057352999971], [-71.19246772699995, -13.300573353999937], [-71.19814634699998, -13.292892580999933], [-71.20171319099995, -13.289841899999942], [-71.20791337399999, -13.279925482999943], [-71.20236271099998, -13.280711563999944], [-71.19726601299993, -13.279894896999963], [-71.19552014299995, -13.277112618999979], [-71.19171415399995, -13.269582113999945], [-71.19224531099997, -13.264807923999967], [-71.19304632399997, -13.262679270999968], [-71.19456733899995, -13.258491207999953], [-71.19634687099995, -13.25280946099997], [-71.19830142599994, -13.250318043999926], [-71.19881895799995, -13.246798970999976], [-71.20120304599999, -13.24322794099993], [-71.19912720599996, -13.239907100999972], [-71.19719802499998, -13.23520887999996], [-71.19883484599995, -13.236192672999948], [-71.20218637699998, -13.239104605999955], [-71.20498070399998, -13.239392631999976], [-71.20666058799998, -13.239486890999956], [-71.20994591599998, -13.242506835999961], [-71.21126122699997, -13.24723821799995], [-71.21267878199995, -13.25370191099995], [-71.21312263999994, -13.261921959999938], [-71.21540834499996, -13.266258027999982], [-71.21808930199995, -13.270334812999977], [-71.22162645599997, -13.27436819199994], [-71.22605583699993, -13.274957103999952], [-71.22750209499998, -13.277512488999946], [-71.22469566399997, -13.28124897999993], [-71.22362894499997, -13.283169868999948], [-71.22493063299999, -13.28418239499996], [-71.22663380199998, -13.283811326999967], [-71.22799605399996, -13.28497963999996], [-71.22809775199994, -13.288007234999952], [-71.22765925199997, -13.289818199999957], [-71.22895199499999, -13.291936276999934], [-71.23167472799997, -13.29383044499997], [-71.23376277099999, -13.294870790999937], [-71.23472655399996, -13.295634064999945], [-71.23618192999999, -13.296301135999954], [-71.23739700599998, -13.296985655999947], [-71.23860043299999, -13.298167860999968], [-71.24001349199995, -13.299555104999968], [-71.24166716299999, -13.301150992999965], [-71.24325616399994, -13.30257809699998], [-71.24515008799995, -13.303493886999945], [-71.24698804099995, -13.304442310999946], [-71.24905685799996, -13.304993621999927], [-71.25069138599997, -13.305750882999973], [-71.25204535799998, -13.307802037999977], [-71.25275920599995, -13.309798477999948], [-71.25416129899997, -13.31083598899994], [-71.25551102399999, -13.310383717999969], [-71.25643190999995, -13.312319282999965], [-71.25736791699995, -13.314534433999938], [-71.25719289199998, -13.318038551999962], [-71.25634133599993, -13.319685809999953], [-71.25653953099999, -13.322320917999946], [-71.25624072599999, -13.325196354999946], [-71.25767188099996, -13.327483085999972], [-71.25683281699997, -13.329625583999928], [-71.25679972599994, -13.331901353999967], [-71.25794769599997, -13.333855208999978], [-71.26147491599994, -13.335090908999973], [-71.26476182299996, -13.336735139999973], [-71.26963650999994, -13.338460741999938], [-71.27236803599999, -13.34075534699997], [-71.27511149099996, -13.341710960999933], [-71.27773715399996, -13.343121850999978], [-71.28047369399997, -13.343336317999956], [-71.28490711699999, -13.34485038799994], [-71.29064921799994, -13.345324510999944], [-71.29590282799995, -13.345779019999952], [-71.30064693099996, -13.34657274899996], [-71.31414519099997, -13.32868418399994], [-71.31830481899993, -13.32095401099997], [-71.32546546299994, -13.30183021099998], [-71.32104837799994, -13.296502266999937], [-71.32401099899994, -13.29056094899994], [-71.32886830599995, -13.28871457899993], [-71.33158243699995, -13.288035564999973], [-71.33672669899994, -13.289398073999962], [-71.37485165499999, -13.23381868399997], [-71.37459546599996, -13.231009656999959], [-71.37450609999996, -13.229124394999928], [-71.37617244599994, -13.227695063999931], [-71.37615904199998, -13.22626392099994], [-71.37304688999996, -13.225760270999956], [-71.37296226199999, -13.222090225999978], [-71.37895980899998, -13.219937223999978], [-71.38043028499999, -13.216468120999934], [-71.38304451799996, -13.214459026999975], [-71.38533003299995, -13.212438043999953], [-71.38582766699994, -13.210058999999944], [-71.38517250999996, -13.207346232999953], [-71.38806675699993, -13.206570622999948], [-71.39065273499995, -13.205460088999928], [-71.39212419299997, -13.202458602999968], [-71.39259477599995, -13.200508468999942], [-71.39430577999997, -13.198104071999978], [-71.39588932899994, -13.195836267999937], [-71.39640294599997, -13.192657029999964], [-71.39853570399998, -13.190425423999955], [-71.39688555099997, -13.187667664999935], [-71.39752412499996, -13.186349231999941], [-71.39922221299997, -13.184646887999975], [-71.39935583399995, -13.182343646999982], [-71.39960809199994, -13.179925287999936], [-71.39887402499994, -13.175649027999953], [-71.39816978499994, -13.173171392999961], [-71.39856348499995, -13.171185653999942], [-71.40037248099998, -13.167250133999971], [-71.40128404199999, -13.163439884999946], [-71.40637807399997, -13.16016076699998], [-71.41221063399996, -13.160796783999956], [-71.41549024199998, -13.15891665199996], [-71.41648508099996, -13.153845957999977], [-71.41800257299997, -13.148322965999967], [-71.41845721399994, -13.144763547999958], [-71.42112870299997, -13.14401744099996], [-71.42372707599998, -13.139240126999937], [-71.42665180999995, -13.136310400999946], [-71.42380900199998, -13.131164011999942], [-71.41152840599995, -13.134375896999927], [-71.41075005699997, -13.113539499999945], [-71.41556538699996, -13.108328490999952], [-71.41784616799998, -13.10623103699993], [-71.42589862199998, -13.097946116999935], [-71.43496236399994, -13.100292354999965], [-71.46595085399997, -13.09941224499994], [-71.46941259499994, -13.098065573999975], [-71.48100623899995, -13.101287187999958], [-71.49113860899996, -13.09870975399997], [-71.49787853599997, -13.090754834999927], [-71.49797049899996, -13.084776149999982], [-71.49908845299996, -13.081480229999954], [-71.49801613699998, -13.076790122999967], [-71.49650177299998, -13.073571294999965], [-71.48584205399999, -13.067454104999968], [-71.48323816499999, -13.057292422999978], [-71.47791466699994, -13.05524289999994], [-71.47245989299995, -13.053869361999944], [-71.47065520699994, -13.053791134999926], [-71.46846387599999, -13.052416199999982], [-71.46475199299994, -13.048466034999933], [-71.45564402799994, -13.043011193999973]]]}}, {"type": "Feature", "properties": {"objectid": 17513, "anp_gid": 116, "acr_codi": "ACR11", "acr_nomb": "Angostura-Faical", "acr_sect": " ", "acr_ubpo": "Tumbes", "acr_suleg": 8794.5, "acr_balec": "D.S. Nº 006-2011-MINAM", "acr_felec": 1300424400000, "acr_balem": " ", "acr_felem": null, "acr_obs": null, "met_link": null, "acr_orden": 11, "acr_id": 11}, "geometry": {"type": "Polygon", "coordinates": [[[-80.23831774099995, -3.733243118999951], [-80.23852441799994, -3.7337498809999374], [-80.23885759299998, -3.733759217999932], [-80.24010959799995, -3.7333894129999408], [-80.24040679999996, -3.7333444399999394], [-80.24106398199996, -3.7335530709999603], [-80.24116229799995, -3.7344125389999476], [-80.24050371599998, -3.7358322119999343], [-80.24255584699995, -3.737000941999952], [-80.24280603799997, -3.739271738999946], [-80.24342593299997, -3.7409639039999547], [-80.24388468399997, -3.7411542419999364], [-80.24420928399996, -3.7410640889999627], [-80.24474057699996, -3.7408022439999513], [-80.24510992599994, -3.7409020369999553], [-80.24520813699996, -3.741888150999955], [-80.24388320299994, -3.743280110999933], [-80.24407171999997, -3.7439677809999807], [-80.24484583599997, -3.7443393429999787], [-80.24570979399994, -3.744765230999974], [-80.24627712799997, -3.744729574999951], [-80.24677253999994, -3.7447842679999326], [-80.24709618099996, -3.7454177769999433], [-80.24670767899994, -3.7469191019999357], [-80.24636440199998, -3.7481852659999504], [-80.24723741699995, -3.7487468809999314], [-80.24845257299995, -3.749372112999936], [-80.24843402199997, -3.75000532699994], [-80.24764143999994, -3.7501584279999634], [-80.24717322799995, -3.7500947009999663], [-80.24668681999998, -3.750248064999937], [-80.24667714099996, -3.751035071999979], [-80.24645105199994, -3.7521565979999423], [-80.24609897499994, -3.753178507999962], [-80.24682774099995, -3.753939013999968], [-80.24743062499994, -3.7540118949999624], [-80.24759315599994, -3.7539668139999662], [-80.24886363699994, -3.752882538999927], [-80.24944875299997, -3.753344229999925], [-80.25055531499999, -3.7546025979999627], [-80.25055460499993, -3.7554348429999322], [-80.24840088199994, -3.7571698469999433], [-80.24757172899996, -3.7579561459999695], [-80.24738203099997, -3.7586434879999615], [-80.24788551499995, -3.7592771109999603], [-80.24900264299998, -3.759024826999962], [-80.25027314399995, -3.7581303539999453], [-80.25093945499998, -3.75782341799993], [-80.25102975899995, -3.757922943999972], [-80.25089390099998, -3.7588364889999752], [-80.25126257499994, -3.7594700369999714], [-80.25258582699996, -3.7600772609999353], [-80.25397263299999, -3.7600784579999527], [-80.25487321099996, -3.7600159069999677], [-80.25526031299995, -3.7601609769999413], [-80.25536741599996, -3.761291837999977], [-80.25464676599995, -3.761562605999927], [-80.25437676199994, -3.761381450999977], [-80.25380932999997, -3.7612181669999245], [-80.25344889799999, -3.7617605929999627], [-80.25511235399995, -3.763399374999949], [-80.25517318599998, -3.7635419259999594], [-80.25509746599994, -3.7636978859999317], [-80.25484136899996, -3.7638426709999635], [-80.25342099199997, -3.7640629719999765], [-80.25303251399998, -3.7642750669999714], [-80.25106898599995, -3.764716637999925], [-80.24852841199998, -3.765980903999946], [-80.24821269099994, -3.7666048139999475], [-80.24894011899994, -3.7689393499999255], [-80.24890346899997, -3.7696720559999335], [-80.24833541599997, -3.769898006999938], [-80.24745564599993, -3.769924092999929], [-80.24739410499996, -3.7708015149999596], [-80.24805552299995, -3.771353903999966], [-80.24844280699995, -3.7712909159999413], [-80.24950493299997, -3.7718798359999255], [-80.24940543899999, -3.7723863339999752], [-80.24843171799995, -3.7737152729999366], [-80.24745807999994, -3.7749447039999495], [-80.24757443399994, -3.775777049999931], [-80.24844653199995, -3.777433250999934], [-80.24939123699994, -3.7784381929999427], [-80.25031835699997, -3.7787284429999772], [-80.25095797699998, -3.7786747499999365], [-80.25248943399998, -3.778051889999972], [-80.25346225399994, -3.7775733169999626], [-80.25355246699996, -3.777591452999957], [-80.25407372299998, -3.7788312259999657], [-80.25525145099994, -3.781157101999952], [-80.25568216199997, -3.7829757499999346], [-80.25646335499994, -3.785654084999976], [-80.25717418599999, -3.785889882999925], [-80.25735475299996, -3.7858267289999503], [-80.25872515199995, -3.7839915349999274], [-80.25943661999997, -3.7835670029999733], [-80.25962597799997, -3.7836666449999257], [-80.25981449399995, -3.7843724079999674], [-80.25906593799994, -3.785665367999968], [-80.25765989199994, -3.787057268999945], [-80.25795634999997, -3.78790786299993], [-80.25956741799996, -3.7889947859999324], [-80.26024225799995, -3.7896738269999446], [-80.25973701599997, -3.790767978999952], [-80.25919668199998, -3.790767508999977], [-80.25843118199998, -3.790604064999968], [-80.25747603399998, -3.791453543999978], [-80.25480969699998, -3.7922563519999244], [-80.25431322799994, -3.7936128459999736], [-80.25322164899995, -3.7958282069999427], [-80.25312222999997, -3.796244243999979], [-80.25404887799994, -3.797258167999928], [-80.25545382699994, -3.7971147039999664], [-80.25590418899998, -3.797151266999947], [-80.25622786499997, -3.7977666849999423], [-80.25637006599999, -3.7999740689999726], [-80.25743138599995, -3.8015490169999566], [-80.25825978399996, -3.8016944699999726], [-80.25879025399996, -3.802708096999936], [-80.25833034499999, -3.8034313929999257], [-80.25781697399998, -3.8034852269999533], [-80.25725858699997, -3.803358145999937], [-80.25659199899997, -3.803719368999964], [-80.25669011599996, -3.8048230849999527], [-80.25811231299997, -3.8056475139999293], [-80.25947135699994, -3.806607577999955], [-80.26021849299997, -3.80700625399993], [-80.26107294999997, -3.808282497999926], [-80.26081094999995, -3.8092592579999405], [-80.26063897599994, -3.8102722799999356], [-80.25979177599999, -3.8110404729999345], [-80.25959212499998, -3.8128223939999657], [-80.26031221699998, -3.813257230999966], [-80.26118565999997, -3.812995677999936], [-80.26142900599996, -3.8131767779999564], [-80.26113981599997, -3.814352529999951], [-80.26028369099998, -3.815021207999962], [-80.25862604799994, -3.815689190999933], [-80.25858959799996, -3.8161866979999672], [-80.25993927199994, -3.817590018999965], [-80.26013695099994, -3.818114866999963], [-80.25947849299996, -3.8193174369999383], [-80.25803514599994, -3.8221204949999787], [-80.25912454799999, -3.8224832849999757], [-80.25933581499999, -3.822917683999947], [-80.26108559699998, -3.8224668889999407], [-80.26376319499997, -3.8211122719999366], [-80.26721180099997, -3.8185642109999662], [-80.26896425199999, -3.816277025999966], [-80.26999206399995, -3.8149209759999394], [-80.27120881999997, -3.81377314599996], [-80.27184854599994, -3.8134027959999344], [-80.27329010799997, -3.812653184999931], [-80.27402932199999, -3.811776330999976], [-80.27496658499996, -3.8109901049999735], [-80.27648018799994, -3.810240548999957], [-80.27771445799993, -3.8096716779999724], [-80.27781441899998, -3.8085952649999513], [-80.27730222099996, -3.8072379049999654], [-80.27749191499998, -3.8065505529999655], [-80.27893246599996, -3.8065065169999457], [-80.27945541999998, -3.806253677999962], [-80.28070867699995, -3.804499764999946], [-80.28299666899994, -3.803859394999961], [-80.28364579199996, -3.8030005469999537], [-80.28394365399998, -3.802186635999931], [-80.28513266299996, -3.80188005399998], [-80.28669119599994, -3.8012209799999255], [-80.28698837199994, -3.8012393129999396], [-80.28725839499998, -3.801420460999964], [-80.28779899099999, -3.801113336999947], [-80.28859268899998, -3.7996575519999283], [-80.28971932799999, -3.7985277049999695], [-80.29116061699995, -3.7980675359999623], [-80.29229620499996, -3.797001014999978], [-80.29369269799997, -3.796251323999968], [-80.29530530299996, -3.7955289459999335], [-80.29597266899998, -3.794362527999965], [-80.29720659999998, -3.794173563999948], [-80.29838685399994, -3.793541288999961], [-80.29956717899995, -3.7928185489999464], [-80.29938769999995, -3.792031379999969], [-80.29946913699996, -3.791551995999953], [-80.30150397099999, -3.7915898109999375], [-80.30184670899996, -3.7914544149999756], [-80.30211818399994, -3.7898263099999667], [-80.30260488699997, -3.7893291589999762], [-80.30547029499996, -3.787305109999977], [-80.30758770099999, -3.7859408249999547], [-80.31017406499996, -3.783726559999934], [-80.31217360699998, -3.7833482099999287], [-80.31543415699997, -3.7826813749999246], [-80.31606496699999, -3.7821481439999616], [-80.31666852499995, -3.781913417999931], [-80.31730788599998, -3.781959153999935], [-80.31810968799994, -3.781570796999972], [-80.31909174099997, -3.7810016549999546], [-80.31993904099994, -3.780007229999967], [-80.32018250099998, -3.779609384999958], [-80.32082153999994, -3.7799716789999707], [-80.32164120599998, -3.7798638189999565], [-80.32205507899994, -3.7798641509999698], [-80.32224453099997, -3.7799276219999456], [-80.32304501699997, -3.7812309149999805], [-80.32346776599996, -3.781348833999971], [-80.32390983999994, -3.7808245429999374], [-80.32474712899995, -3.781159877999926], [-80.32493623999994, -3.7811690689999296], [-80.32509866199996, -3.780753066999978], [-80.32536099199996, -3.7792425399999274], [-80.32564024099997, -3.779143248999958], [-80.32640538699997, -3.7795690209999293], [-80.32730487799995, -3.780953803999978], [-80.32779994199996, -3.7812708089999774], [-80.32820528499997, -3.781153521999954], [-80.32844911099994, -3.7802762209999514], [-80.32897232499994, -3.7791186999999695], [-80.32947808199998, -3.7772374619999596], [-80.33067605899998, -3.7766413639999428], [-80.33113548599994, -3.7767411969999785], [-80.33222423899997, -3.777945195999962], [-80.33260183699997, -3.7787777469999355], [-80.33424858799998, -3.7804435309999462], [-80.33506809999994, -3.780444166999928], [-80.33787813699996, -3.7800663769999687], [-80.33891414499999, -3.779587714999934], [-80.33836578999995, -3.7782846259999587], [-80.33801613499998, -3.7762217979999377], [-80.33780107099994, -3.7748104079999507], [-80.33826126399998, -3.7736075999999343], [-80.34095499799997, -3.7721803329999375], [-80.34322593299999, -3.7701285409999628], [-80.34437969599998, -3.768718185999944], [-80.34583906699999, -3.7680769979999695], [-80.34792870199999, -3.7668304909999506], [-80.35101293799994, -3.766290969999943], [-80.37812852999997, -3.7582033999999567], [-80.40485820799995, -3.7468700539999418], [-80.23390699999999, -3.7209003609999627], [-80.23406684299994, -3.7234967379999375], [-80.23469612599996, -3.7247185129999707], [-80.23718105599994, -3.725191074999941], [-80.23771196099995, -3.7256347959999516], [-80.23823308999994, -3.7269740759999763], [-80.23794421099996, -3.727815115999931], [-80.23782646899997, -3.7286020269999653], [-80.23924787999994, -3.7301863339999386], [-80.23982324499997, -3.731290461999947], [-80.23945364699995, -3.7317514939999796], [-80.23831774099995, -3.733243118999951]]]}}, {"type": "Feature", "properties": {"objectid": 17519, "anp_gid": 355, "acr_codi": "ACR32", "acr_nomb": "Bosque Nublado Amaru-Huachocolpa-Chihuana", "acr_sect": " ", "acr_ubpo": "Huancavelica", "acr_suleg": 5024.18, "acr_balec": "D.S. Nº 032-2021-MINAM", "acr_felec": 1636174800000, "acr_balem": " ", "acr_felem": null, "acr_obs": null, "met_link": null, "acr_orden": 32, "acr_id": 32}, "geometry": {"type": "Polygon", "coordinates": [[[-74.49920800699994, -12.071967952999955], [-74.49625070599996, -12.073001575999967], [-74.49374291199996, -12.07242279299993], [-74.49198864499994, -12.07448683399997], [-74.49046979899998, -12.07546025199997], [-74.48854709299997, -12.07402114499996], [-74.48574626499999, -12.074130829999945], [-74.48282742199996, -12.07492934499993], [-74.48072563199997, -12.075614508999934], [-74.47897257899996, -12.076989387999959], [-74.47751291199995, -12.077503457999967], [-74.47558534899997, -12.07859087099996], [-74.47453252899999, -12.079909614999963], [-74.47167295499997, -12.080191313999933], [-74.46933178599994, -12.08161165599995], [-74.46845444899998, -12.082686662999947], [-74.46819683999996, -12.083870519999948], [-74.46859571599998, -12.085019741999929], [-74.47008083899993, -12.086112991999926], [-74.47350712999997, -12.08698084699995], [-74.48748258899997, -12.08828644099998], [-74.47827643099998, -12.097312298999952], [-74.47253950499999, -12.106344434999926], [-74.47150207099997, -12.108428290999939], [-74.46991942699998, -12.109561767999935], [-74.46827882499997, -12.109259551999969], [-74.46639271299995, -12.110153164999929], [-74.46456546699994, -12.112003925999943], [-74.46170399699997, -12.114271375999976], [-74.46024080799998, -12.11642188899998], [-74.45954668499996, -12.117962728999942], [-74.46026532299999, -12.11850007399994], [-74.46180061599995, -12.119201701999941], [-74.46228486199993, -12.120226680999963], [-74.46321266499996, -12.121228592999955], [-74.46399917199994, -12.121880905999944], [-74.46522943999997, -12.122409657999981], [-74.46735542899995, -12.122566956999947], [-74.47042493299995, -12.121829324999965], [-74.47562223099999, -12.122331335999945], [-74.47646944399997, -12.122118610999962], [-74.48034222199993, -12.120172776999937], [-74.48165833299998, -12.119162499999959], [-74.48207163699993, -12.118927845999963], [-74.48285472199996, -12.118332777999967], [-74.48353777699998, -12.11669722299996], [-74.48389722299999, -12.11622749999998], [-74.48448638899998, -12.115658888999974], [-74.48603972199999, -12.115471943999978], [-74.48630694499997, -12.115146943999946], [-74.48649705799994, -12.114818954999976], [-74.48726583399997, -12.113529999999969], [-74.48895549999997, -12.112559844999964], [-74.49043083499998, -12.111734931999933], [-74.49154828399998, -12.11081669899994], [-74.49211579999997, -12.110555444999932], [-74.49347527799995, -12.110041666999962], [-74.49402861099998, -12.109120277999978], [-74.49498583399998, -12.108208888999968], [-74.49546472199995, -12.107685277999963], [-74.49622737199996, -12.107075100999964], [-74.49691738699994, -12.106758526999954], [-74.49795756599997, -12.106498070999976], [-74.49839961999999, -12.106420588999981], [-74.49914305599998, -12.10629027799996], [-74.50084416699997, -12.10585916599996], [-74.50159875699995, -12.105387032999943], [-74.50233499999996, -12.10461388899995], [-74.50264763099995, -12.104705535999926], [-74.50462855799998, -12.106374349999953], [-74.50602608099996, -12.107984690999956], [-74.50924911099997, -12.11029829499995], [-74.51101576799994, -12.112106352999945], [-74.51040818699994, -12.11306051899993], [-74.50880101099995, -12.114382001999957], [-74.50792397699996, -12.11531357499996], [-74.50726498099993, -12.116676205999966], [-74.50586898599994, -12.117901633999963], [-74.50487802699996, -12.118371680999928], [-74.50341764599995, -12.119172993999939], [-74.50254732299999, -12.119599250999954], [-74.50184054299996, -12.119974089999971], [-74.50137262799996, -12.12054747999997], [-74.50112262899995, -12.121278289999964], [-74.49988200499996, -12.122723251999957], [-74.49987888399994, -12.124398086999975], [-74.49982864799995, -12.125259341999936], [-74.49832144399994, -12.125065207999967], [-74.49730171699997, -12.124249866999946], [-74.49719084299994, -12.12378610199994], [-74.49623533799996, -12.124511278999933], [-74.49446908899995, -12.126302533999933], [-74.49270439899993, -12.127256359999933], [-74.49014869599995, -12.12859752299994], [-74.48908379899996, -12.129163809999966], [-74.48792805399995, -12.129550477999942], [-74.48628598899995, -12.129936240999939], [-74.48539836399993, -12.130512880999959], [-74.48700000499997, -12.132195472999967], [-74.48912872799997, -12.132917193999958], [-74.49065977499998, -12.133379396999942], [-74.49218564399996, -12.133497043999967], [-74.49585866799998, -12.133862646999944], [-74.49689279199998, -12.134797650999928], [-74.49871156299997, -12.135891985999933], [-74.50009934199994, -12.134961369999928], [-74.50209964299995, -12.134161049999932], [-74.50390580799996, -12.13419300199996], [-74.50564329199995, -12.133492674999957], [-74.50729338699995, -12.132706045999953], [-74.50944030999995, -12.131489613999975], [-74.51058085799997, -12.130091941999979], [-74.51173583999997, -12.12877324599998], [-74.51250838399994, -12.127554363999934], [-74.51497969699994, -12.12643894699994], [-74.51505890099997, -12.124507993999941], [-74.51605676699995, -12.124509727999964], [-74.51802146299997, -12.124513131999947], [-74.51976245399999, -12.124516135999954], [-74.52235954599996, -12.124520597999947], [-74.52234998399996, -12.124449854999966], [-74.52239998399995, -12.12360997999997], [-74.52269998399998, -12.122879979999936], [-74.52277564599996, -12.122078492999947], [-74.52258998399998, -12.121709979999935], [-74.52236998399997, -12.120969979999927], [-74.52242182799995, -12.120827590999966], [-74.52339998399998, -12.119559979999963], [-74.52443998399997, -12.11900997999993], [-74.52480985899996, -12.118619979999949], [-74.52561998399995, -12.117769979999935], [-74.52714998399995, -12.116939979999927], [-74.52857978799994, -12.115700149999952], [-74.52896998399996, -12.115169979999962], [-74.52891998399997, -12.112729979999926], [-74.52911985899993, -12.111299979999956], [-74.52999998299998, -12.109299979999946], [-74.53014599899996, -12.108642245999931], [-74.53056281299996, -12.108186632999946], [-74.53058998399996, -12.108169979999957], [-74.53182998399996, -12.107869979999975], [-74.53540998399995, -12.10620997999996], [-74.53643998399997, -12.105599979999965], [-74.53809160899993, -12.104920485999969], [-74.53954837199996, -12.104716592999978], [-74.53995998399995, -12.104679854999972], [-74.54051998399996, -12.10435997999997], [-74.54108998399994, -12.103929979999975], [-74.54146998399995, -12.10375997999995], [-74.54147444499995, -12.103758888999948], [-74.54261527699998, -12.102964999999926], [-74.54314570799994, -12.101970088999963], [-74.54350111099996, -12.100805277999939], [-74.54471569599997, -12.099049761999936], [-74.54515888899994, -12.098583333999954], [-74.54589095299997, -12.09808392399998], [-74.54656611099995, -12.097762777999947], [-74.54682673299999, -12.096888689999957], [-74.54763895099995, -12.096653646999926], [-74.54781442599995, -12.096518727999978], [-74.54897081199994, -12.095757972999934], [-74.54916111099999, -12.095632777999981], [-74.54973779099998, -12.09535412699995], [-74.54992472199996, -12.095199999999977], [-74.55118972499997, -12.094386820999944], [-74.55176416699999, -12.094144721999953], [-74.55230666599994, -12.09391055499998], [-74.55364888899999, -12.093587222999929], [-74.55469250199997, -12.092928222999944], [-74.55540583399994, -12.092477777999932], [-74.55578588899994, -12.092136367999956], [-74.55596813899996, -12.091174056999932], [-74.55579955799993, -12.090711082999974], [-74.55694142499993, -12.090465267999946], [-74.55746336599998, -12.091176441999949], [-74.55789957899998, -12.092038490999926], [-74.55844467199995, -12.093223720999958], [-74.55891338699996, -12.094120111999928], [-74.56979224099996, -12.094137167999975], [-74.57393754899994, -12.09414355499996], [-74.57348552699995, -12.09111384099998], [-74.57352237399994, -12.09043197099993], [-74.57378638499995, -12.089791218999949], [-74.57446127099996, -12.088101645999927], [-74.57482227199995, -12.08704953199998], [-74.57431839799995, -12.083985164999945], [-74.57282601999998, -12.08310082099996], [-74.57263760199999, -12.081788164999978], [-74.57260443799998, -12.081534982999926], [-74.57260614499995, -12.080458588999932], [-74.57254563599997, -12.079197994999959], [-74.57244373699996, -12.078213557999959], [-74.57230581899995, -12.07733092199993], [-74.57203528599996, -12.076225095999973], [-74.57188245299994, -12.075600376999944], [-74.57166685999994, -12.074910254999963], [-74.57156445699997, -12.074646990999952], [-74.57144922599997, -12.074187181999946], [-74.56688887699994, -12.073572957999943], [-74.56269020199994, -12.072784918999957], [-74.56265640899994, -12.07280925799995], [-74.56157997399998, -12.07365860599998], [-74.56108648599997, -12.074047983999947], [-74.56045482699994, -12.074546378999969], [-74.55968850399995, -12.075486026999954], [-74.55652199199994, -12.074092360999941], [-74.55574340799996, -12.072815498999944], [-74.55480559799997, -12.070741818999977], [-74.55471129899996, -12.068959138999958], [-74.55529605599997, -12.068170496999926], [-74.55529717999997, -12.067488591999961], [-74.55511698199996, -12.066196268999931], [-74.55438980599996, -12.064903071999936], [-74.55333320099999, -12.06436303199996], [-74.55223947999997, -12.064217715999973], [-74.55107324699998, -12.063821050999934], [-74.54965134299994, -12.063675195999963], [-74.54841218699994, -12.06327840199998], [-74.54764822499999, -12.062200467999958], [-74.54713988199995, -12.06090760799998], [-74.54546328699996, -12.060438309999938], [-74.54421509299993, -12.059108346999949], [-74.54281789199996, -12.058747159999939], [-74.54141835899998, -12.059761737999963], [-74.54099100499997, -12.060897544999932], [-74.53989624599996, -12.06137426999993], [-74.53880352799996, -12.060654666999937], [-74.53795268399995, -12.060653256999956], [-74.53625130499995, -12.06047098099998], [-74.53537305599997, -12.060794166999926], [-74.53516833299994, -12.062385555999981], [-74.53394937599995, -12.063529726999946], [-74.53346824199997, -12.064573545999963], [-74.53126884599999, -12.065164712999945], [-74.52897949699997, -12.064775960999953], [-74.52876077599996, -12.064735473999974], [-74.52689788699996, -12.06438626199997], [-74.52577159899994, -12.064177193999967], [-74.52512868399998, -12.064057850999973], [-74.52451056599995, -12.063958645999946], [-74.52392324099998, -12.063864380999973], [-74.52284101099997, -12.063664296999946], [-74.52225125099994, -12.06355525999993], [-74.50613330099998, -12.067416142999946], [-74.50462467699998, -12.06866303199996], [-74.50321274599997, -12.069706098999973], [-74.50229177099999, -12.070532994999951], [-74.50130610199994, -12.071481498999958], [-74.50043460899997, -12.072123670999929], [-74.49920800699994, -12.071967952999955]]]}}, {"type": "Feature", "properties": {"objectid": 20347, "anp_gid": 393, "acr_codi": "ACR33", "acr_nomb": "Bosques Secos Interandinos de Cutervo ", "acr_sect": " ", "acr_ubpo": "Cajamarca", "acr_suleg": 18410.94, "acr_balec": "D.S. Nº 008-2025-MINAM", "acr_felec": 1747458000000, "acr_balem": null, "acr_felem": null, "acr_obs": null, "met_link": null, "acr_orden": 33, "acr_id": 33}, "geometry": {"type": "MultiPolygon", "coordinates": [[[-78.72006425699999, -5.840854938999939], [-78.71747272999994, -5.843881814999975], [-78.71414404899997, -5.843848974999958], [-78.71339070399995, -5.845579850999968], [-78.71308817499994, -5.846565171999941], [-78.71269450799997, -5.847938762999945], [-78.71215169599998, -5.849281849999954], [-78.71151628399997, -5.851371944999926], [-78.71094434199995, -5.852535535999948], [-78.71013503599994, -5.853339409999933], [-78.70911809999996, -5.853813583999965], [-78.70925607799995, -5.871213305999959], [-78.70021086199995, -5.871086482999942], [-78.70103868799998, -5.877421708999975], [-78.70066504999994, -5.883089797999958], [-78.70032892499995, -5.888188423999964], [-78.69759989199997, -5.897620682999957], [-78.70339523899997, -5.899978064999971], [-78.70249353099996, -5.905503365999948], [-78.70381848499994, -5.92016298599998], [-78.70028657999995, -5.922126296999977], [-78.69746544199995, -5.919092727999953], [-78.69667892799998, -5.916272406999951], [-78.69611635399997, -5.9140195009999275], [-78.69532230099998, -5.912398620999966], [-78.69366795999997, -5.909891290999951], [-78.69167100499999, -5.90907582799997], [-78.69018060299999, -5.908501627999954], [-78.68728155899998, -5.9092369409999606], [-78.68537878899997, -5.911825046999979], [-78.68268237599995, -5.916751279999971], [-78.68048706599996, -5.921319370999981], [-78.67689913199996, -5.924116014999981], [-78.67637074099997, -5.9249707259999695], [-78.67376637999996, -5.929183402999968], [-78.67163336999994, -5.931562648999943], [-78.67013002599998, -5.934067466999977], [-78.66916847599998, -5.9355282499999475], [-78.66857664699995, -5.936990823999963], [-78.66763746599997, -5.9393117719999395], [-78.66731935099995, -5.9413005229999385], [-78.66692438499996, -5.943769673999952], [-78.66660670499994, -5.946573069999943], [-78.66648531699997, -5.947644245999925], [-78.66645959199997, -5.947871247999956], [-78.66639743299999, -5.948419758999933], [-78.66634137499994, -5.948914429999945], [-78.66628732999999, -5.950379262999945], [-78.66623349899999, -5.95183826799996], [-78.66516665899996, -5.957005494999976], [-78.66235473499995, -5.961046148999969], [-78.65989184999995, -5.962927324999953], [-78.65793952299998, -5.964418509999973], [-78.65714788499997, -5.965402505999975], [-78.65628281299996, -5.966477770999973], [-78.65472774999995, -5.96841066199994], [-78.65270568399995, -5.971078053999975], [-78.65172513999994, -5.972371514999963], [-78.65108761799996, -5.973278471999947], [-78.65107926799999, -5.973290350999946], [-78.64967172599995, -5.975292741999965], [-78.64967070299997, -5.975294198999961], [-78.64745687399994, -5.979052235999973], [-78.64700547099994, -5.979827107999938], [-78.64642993599995, -5.980940793999935], [-78.64466499999997, -5.984355971999946], [-78.64417531399994, -5.985303508999948], [-78.64369719899997, -5.9862218669999265], [-78.64332568899994, -5.986935452999944], [-78.64240503299999, -5.988703813999962], [-78.64234624399995, -5.991165850999948], [-78.64231766899997, -5.9923624579999455], [-78.64246022699996, -5.993952631999946], [-78.64386120799998, -5.996442292999973], [-78.64578495499995, -5.99986092599994], [-78.64633200999998, -6.001875282999947], [-78.64640654299996, -6.002149723999935], [-78.64640564699994, -6.002149335999945], [-78.64255742799998, -6.000485056999935], [-78.63673992299994, -5.999201570999958], [-78.63560322599994, -5.999674961999972], [-78.63425248599998, -6.0013132819999555], [-78.63212049599997, -6.004084173999956], [-78.62972246799995, -6.00622612899997], [-78.62735751699995, -6.007620868999936], [-78.62666726099997, -6.0084249999999315], [-78.62579019899994, -6.010992037999927], [-78.62548849799998, -6.01271036299994], [-78.62171037699994, -6.015391208999972], [-78.61731310999994, -6.017143056999942], [-78.61599225899994, -6.018751528999928], [-78.61562775499993, -6.019458929999928], [-78.61595017899998, -6.020828968999979], [-78.61493825299993, -6.021382596999956], [-78.61471728699996, -6.023528889999966], [-78.61446989799998, -6.024886097999968], [-78.61407482299995, -6.027053488999968], [-78.61360993399995, -6.030937582999968], [-78.61365844699998, -6.032327914999939], [-78.61375572299994, -6.035115879999978], [-78.61385995799998, -6.036707262999926], [-78.61398641199997, -6.0386379029999375], [-78.61398757699999, -6.040562844999954], [-78.61304195599996, -6.044715896999946], [-78.61288570399995, -6.046299553999972], [-78.61350230099998, -6.047803954999949], [-78.61369461199996, -6.049062626999955], [-78.61346239399995, -6.051253611999925], [-78.61333563299996, -6.05400801899998], [-78.61302304599997, -6.055556310999975], [-78.61235505399998, -6.055971793999959], [-78.61295090299996, -6.0577081449999355], [-78.61399761699994, -6.05871716799993], [-78.61525902399995, -6.05979887899997], [-78.61363023899997, -6.060772207999946], [-78.61225838799999, -6.060654003999957], [-78.60986311699997, -6.061377542999935], [-78.60979398699999, -6.06405566799998], [-78.60995954899994, -6.06473983799998], [-78.61016939199999, -6.065606988999946], [-78.61029930899997, -6.065955886999973], [-78.61049049699994, -6.066469330999951], [-78.61138520599997, -6.067276808999964], [-78.61231898399996, -6.067893142999935], [-78.61250091799997, -6.068020621999949], [-78.61437216599995, -6.069331775999956], [-78.61451294699998, -6.069430418999957], [-78.61494386399994, -6.070755342999973], [-78.61549364699994, -6.0717717479999465], [-78.61581549099998, -6.072196219999967], [-78.61617772099999, -6.072673954999971], [-78.61691980499995, -6.07342336399995], [-78.61749038799996, -6.074057225999979], [-78.61821302799996, -6.074883075999935], [-78.61820680199997, -6.076298797999925], [-78.61776192099995, -6.077502136999954], [-78.61749708499997, -6.080963891999943], [-78.61695238599998, -6.08185749699993], [-78.61792640699997, -6.0852768109999715], [-78.61746496699999, -6.08914895099997], [-78.61724488899995, -6.090295881999964], [-78.61746214199997, -6.09195651999994], [-78.61636083499997, -6.098078176999934], [-78.61528763299998, -6.099618715999952], [-78.61702693999996, -6.10071269499997], [-78.61748303099995, -6.101307797999937], [-78.61790098099993, -6.101883599999951], [-78.61814480199996, -6.102936923999948], [-78.61769809999998, -6.104542011999968], [-78.61771247699994, -6.105613451999943], [-78.61782199699996, -6.106780972999957], [-78.61846871599994, -6.107491710999966], [-78.61911619799997, -6.108030267999936], [-78.62010983299996, -6.108092061999969], [-78.62083275699996, -6.108860531999937], [-78.62134780199995, -6.109092392999969], [-78.62236486199998, -6.1081785659999355], [-78.62328407299998, -6.1077808629999595], [-78.62399430299996, -6.107095256999969], [-78.62497076699998, -6.106716933999962], [-78.62673694899996, -6.105505473999926], [-78.62868445399994, -6.1040791729999455], [-78.63048577999996, -6.1019347709999465], [-78.63216933999996, -6.099401221999926], [-78.63342993399993, -6.097971867999945], [-78.63516520199994, -6.097262041999954], [-78.63815293299996, -6.096976214999927], [-78.63987710699996, -6.097628292999957], [-78.64257851499997, -6.097257482999964], [-78.63860621199996, -6.087757773999954], [-78.63038501399996, -6.086001459999977], [-78.62938170699994, -6.085973137999929], [-78.62851053399999, -6.085777990999929], [-78.62744781599997, -6.085677659999931], [-78.62682582099995, -6.085481995999942], [-78.62750832699999, -6.084707589999937], [-78.62790600999995, -6.084280153999941], [-78.62848293099995, -6.083900552999978], [-78.62901046399998, -6.083460445999947], [-78.62988572099994, -6.082722927999953], [-78.63067756799995, -6.081552964999958], [-78.63074080299998, -6.081136340999933], [-78.63118319599994, -6.080658373999938], [-78.63143922799998, -6.079475708999951], [-78.63213220799997, -6.078624915999967], [-78.63233233299997, -6.077771316999929], [-78.63274087499997, -6.077223062999963], [-78.63312536999996, -6.076710576999972], [-78.62920293299999, -6.074397129999966], [-78.62681586399998, -6.073425702999941], [-78.62848351599996, -6.068461891999959], [-78.63221630299995, -6.066487330999962], [-78.63063834399998, -6.0614206929999455], [-78.63512781799994, -6.058237420999944], [-78.63870519099999, -6.055282709999972], [-78.63928302299996, -6.049851722999961], [-78.63981717299998, -6.048467718999973], [-78.64203040799998, -6.042396653999958], [-78.64574075499996, -6.0424104329999295], [-78.65138728899996, -6.042200014999935], [-78.65742705199995, -6.045225470999981], [-78.65845561999998, -6.046033463999947], [-78.65947343599998, -6.046009152999943], [-78.66181685899994, -6.045996112999944], [-78.66522363399997, -6.045172521999973], [-78.66920206799995, -6.04058350899993], [-78.67057779299995, -6.038246043999948], [-78.67030286299996, -6.038028968999981], [-78.67011863199997, -6.037942628999929], [-78.66992880299995, -6.037920291999967], [-78.66980342999994, -6.037908992999974], [-78.66967035799996, -6.037894722999965], [-78.66946719599997, -6.037917767999943], [-78.66930569799996, -6.037960218999956], [-78.66908561999998, -6.038028630999975], [-78.66901151199994, -6.038040270999943], [-78.66881327099998, -6.038029854999934], [-78.66870858799996, -6.037928960999977], [-78.66862784499995, -6.037816211999939], [-78.66853089599994, -6.037596872999927], [-78.66820435399995, -6.037479729999973], [-78.66784776899993, -6.037322198999959], [-78.66740909599997, -6.036998008999944], [-78.66731100099997, -6.036892956999964], [-78.66720134499997, -6.036698172999934], [-78.66707653999998, -6.036554144999968], [-78.66695478599996, -6.036395181999978], [-78.66682993099994, -6.036263110999926], [-78.66671416199995, -6.03610118499995], [-78.66664620899996, -6.0359304949999455], [-78.66659903199997, -6.035789788999978], [-78.66656374899998, -6.035661090999952], [-78.66659141699995, -6.035475864999967], [-78.66655336499997, -6.035296334999941], [-78.66654499499998, -6.035158784999965], [-78.66649818899998, -6.034931385999926], [-78.66643884999996, -6.034841448999941], [-78.66637958799998, -6.034733573999972], [-78.66623986599996, -6.034586492999949], [-78.66602834899999, -6.034468996999976], [-78.66580794999999, -6.034333526999944], [-78.66575746799998, -6.034267542999942], [-78.66570101199994, -6.03420153299993], [-78.66568659399996, -6.03408189299995], [-78.66569906299998, -6.033959379999942], [-78.66572937199999, -6.033854878999932], [-78.66581653299994, -6.033723717999976], [-78.66584854099995, -6.0335565069999575], [-78.66578481099998, -6.03346051099993], [-78.66571350199996, -6.033376500999964], [-78.66554075399995, -6.0332711289999565], [-78.66540978699999, -6.033171915999958], [-78.66528785499997, -6.033054804999949], [-78.66517504699993, -6.03289886999994], [-78.66512457699997, -6.032829895999953], [-78.66508910199997, -6.0327460399999495], [-78.66507474699995, -6.032611453999948], [-78.66509024099997, -6.032479984999952], [-78.66510287599993, -6.032318608999958], [-78.66512808499994, -6.032199443999957], [-78.66506855299997, -6.032105015999946], [-78.66496151399997, -6.031996936999974], [-78.66480442999995, -6.031859944999951], [-78.66464010299995, -6.031740857999978], [-78.66442197899994, -6.031632302999981], [-78.66422164999994, -6.03155252199997], [-78.66390363399995, -6.0313913799999455], [-78.66382028199996, -6.031279597999969], [-78.66358249899997, -6.031020289999958], [-78.66327024499998, -6.030832217999944], [-78.66317321799994, -6.030573166999943], [-78.66312723199997, -6.03022434199994], [-78.66312858299995, -6.029908663999947], [-78.66323488199998, -6.029631699999925], [-78.66340774199995, -6.029431551999949], [-78.66365708699999, -6.029222164999965], [-78.66373927199999, -6.028997711999978], [-78.66399361899994, -6.028735732999962], [-78.66409948799998, -6.028559211999948], [-78.66406191999994, -6.028405991999932], [-78.66401006099994, -6.02824314399993], [-78.66400142599997, -6.028027866999935], [-78.66403089099998, -6.027841452999951], [-78.66406521599998, -6.027635926999949], [-78.66413954599994, -6.027370429999962], [-78.66409545799996, -6.027267757999937], [-78.66403847299995, -6.0271862009999495], [-78.66385250899998, -6.027099307999947], [-78.66362850699994, -6.026969202999965], [-78.66345238499997, -6.026815388999978], [-78.66324298299998, -6.026623166999968], [-78.66308148099995, -6.026402451999957], [-78.66289611199994, -6.026176850999946], [-78.66282530499996, -6.025975656999947], [-78.66279749899996, -6.025774647999981], [-78.66277446999999, -6.025573658999974], [-78.66276606099996, -6.025305769999932], [-78.66275771299996, -6.025023530999931], [-78.66270128099995, -6.024812832999942], [-78.66263957899997, -6.0247169059999806], [-78.66253504299993, -6.0245825309999645], [-78.66245935599994, -6.0244052319999355], [-78.66235018499998, -6.024237355999958], [-78.66227901099995, -6.0241222559999414], [-78.66207379399998, -6.024068761999956], [-78.66184924099997, -6.024067798999965], [-78.66167250599995, -6.02405747399996], [-78.66147249899996, -6.024096666999981], [-78.66099271799999, -6.024117566999962], [-78.66079226699998, -6.024066961999949], [-78.66068759099994, -6.023965110999939], [-78.66112812099993, -6.023477543999945], [-78.66137258199996, -6.023292052999977], [-78.66144935199998, -6.022967553999933], [-78.66133222399998, -6.022674860999928], [-78.66139785899998, -6.022409680999942], [-78.66163496999997, -6.022267204999935], [-78.66201245899998, -6.022192623999956], [-78.66231678099996, -6.02206844899996], [-78.66267258099998, -6.022073155999976], [-78.66304517999998, -6.0220891019999385], [-78.66337478099996, -6.022104863999971], [-78.66360463199999, -6.021983879999937], [-78.66373439699998, -6.021805069999971], [-78.66402978999997, -6.0214404279999485], [-78.66411646399996, -6.021282956999926], [-78.66421659199995, -6.02105140599997], [-78.66451043799998, -6.020948314999941], [-78.66471351899997, -6.020847984999932], [-78.66495192999997, -6.02087518899998], [-78.66519653199998, -6.020936024999969], [-78.66550705699996, -6.020943332999934], [-78.66607591099995, -6.020594209999956], [-78.66667967799998, -6.020180662999962], [-78.66708256699997, -6.019816477999939], [-78.66726215899996, -6.019716800999959], [-78.66759319799996, -6.019395356999951], [-78.66773903899997, -6.018807656999968], [-78.66789804899997, -6.018492650999974], [-78.66818523099994, -6.018371909999928], [-78.66856560799994, -6.018244390999939], [-78.66875245799997, -6.01812321999995], [-78.66904705099995, -6.01794511199995], [-78.66930143099995, -6.017673560999981], [-78.66904606499997, -6.017055447999951], [-78.66899068999999, -6.0165960319999385], [-78.66899490899993, -6.015605943999958], [-78.66902485999998, -6.015304735999962], [-78.66895527299994, -6.014816560999975], [-78.66854297999998, -6.014025585999946], [-78.66782920599996, -6.0133481179999535], [-78.66673040299997, -6.012209825999946], [-78.66588720999994, -6.011632249999934], [-78.66530109199994, -6.0112710109999625], [-78.67105199099996, -6.005299364999928], [-78.67409015499999, -5.999781293999945], [-78.67529991699996, -5.998550716999944], [-78.67708918899996, -5.996708902999956], [-78.67745145099997, -5.995777724999925], [-78.67768576199995, -5.995164083999953], [-78.67796264399993, -5.994651069999975], [-78.67828770599994, -5.994042595999929], [-78.67854095199993, -5.993469690999973], [-78.67868554099994, -5.993171356999937], [-78.67867627699997, -5.992537548999962], [-78.67860784899995, -5.991771954999933], [-78.67888578899993, -5.991007827999965], [-78.67956150699996, -5.98938441599995], [-78.67999354299997, -5.988395190999938], [-78.68157200499996, -5.987626045999946], [-78.68093555299998, -5.985607251999966], [-78.68294655799997, -5.984553886999947], [-78.68437036399996, -5.986798423999971], [-78.68538542799996, -5.987405389999935], [-78.68641303999993, -5.9881840169999805], [-78.68818215199997, -5.988083795999955], [-78.68999299299998, -5.987536125999952], [-78.69017741599998, -5.98454589399995], [-78.68963576299996, -5.982697300999973], [-78.68827314699996, -5.980779323999968], [-78.68806967899997, -5.98088010999993], [-78.68762001499994, -5.980335482999976], [-78.68782360099993, -5.979637995999951], [-78.68798510099998, -5.979689935999943], [-78.68836807299994, -5.977401755999949], [-78.68915104499996, -5.977529413999946], [-78.68890145099994, -5.98008258699997], [-78.68925301199994, -5.980552819999957], [-78.68944491299999, -5.9803622999999675], [-78.69028120299998, -5.981446820999963], [-78.69004230999997, -5.981621597999947], [-78.69042712899994, -5.982136214999969], [-78.69047629799996, -5.982373189999976], [-78.69095345199997, -5.982231701999979], [-78.69118108299995, -5.982634447999942], [-78.69178888499994, -5.982952695999927], [-78.69191852399996, -5.984813457999962], [-78.69369957899994, -5.985358033999944], [-78.69417038099994, -5.984738196999956], [-78.69481784399994, -5.983858774999931], [-78.69497545399997, -5.982730599999968], [-78.69516108599998, -5.981755603999943], [-78.69523765699995, -5.98058403899995], [-78.69545542699996, -5.979920086999925], [-78.69560671999994, -5.97801700399998], [-78.69455254699994, -5.976138397999932], [-78.69496676799997, -5.975336556999935], [-78.69600724199995, -5.974780448999979], [-78.69672061399996, -5.97635795399998], [-78.69838064199996, -5.978260151999962], [-78.70182039999997, -5.978691706999939], [-78.70291056099995, -5.978581832999964], [-78.70415795099996, -5.978286434999973], [-78.70506131099995, -5.978189762999932], [-78.70656687099995, -5.978038204999962], [-78.70812384299995, -5.9780563679999545], [-78.70906113099994, -5.9779481669999655], [-78.70930525999995, -5.977834386999973], [-78.71020592599996, -5.977132316999928], [-78.71112042199996, -5.976760339999942], [-78.71212416399999, -5.976650918999951], [-78.71308130099999, -5.975420172999975], [-78.71450686599997, -5.97439770099993], [-78.71631518299995, -5.973737163999942], [-78.71679728999999, -5.9726868449999415], [-78.71668881499994, -5.9711940099999765], [-78.71634951599998, -5.970063745999937], [-78.71570709099996, -5.969040484999937], [-78.71654687299997, -5.968553048999979], [-78.71678165599997, -5.967233836999981], [-78.71688029299997, -5.966488053999967], [-78.71734414899998, -5.96522719099994], [-78.71951958299996, -5.961352175999934], [-78.71973176299997, -5.96087472499994], [-78.72002172299995, -5.960072331999925], [-78.72015825399995, -5.959403234999968], [-78.72090691699998, -5.958583605999934], [-78.72110029999999, -5.958029542999952], [-78.72117263099994, -5.955909349999956], [-78.72256780999999, -5.955188742999951], [-78.72270571399997, -5.954184817999931], [-78.72328411399997, -5.952943546999961], [-78.72343054599997, -5.952188388999957], [-78.72403163999996, -5.9515554919999545], [-78.72462780399997, -5.950639555999942], [-78.72530103099996, -5.949570868999956], [-78.72564200799997, -5.945649955999954], [-78.72505191699997, -5.94457566899996], [-78.72450931599997, -5.942923189999931], [-78.72427458199996, -5.941917727999964], [-78.72315419799997, -5.94136303099998], [-78.72284731699995, -5.940476854999929], [-78.72244469599997, -5.939638116999959], [-78.72113559099995, -5.938508644999956], [-78.72319504699993, -5.935638276999953], [-78.72530249299996, -5.93430761999997], [-78.72746580799998, -5.936827755999957], [-78.72847915499995, -5.938796053999965], [-78.72859605999997, -5.940802560999941], [-78.73151145099996, -5.944408065999937], [-78.73301921999996, -5.94715834699997], [-78.73954945699995, -5.951123476999953], [-78.75161515599996, -5.944037641999955], [-78.74915109599993, -5.94224991699997], [-78.75121462799996, -5.936908566999932], [-78.75330562799996, -5.933736100999965], [-78.75401702899995, -5.933988961999944], [-78.75531075799995, -5.933037529999979], [-78.75810797499997, -5.931381313999964], [-78.76151670599995, -5.930169356999954], [-78.76193037899998, -5.921229068999935], [-78.76526688999996, -5.919128538999928], [-78.77276404799994, -5.925092598999981], [-78.77337734299994, -5.922437840999976], [-78.77564285699998, -5.918586667999932], [-78.77686792399999, -5.916869524999981], [-78.78060271199996, -5.91473190399995], [-78.78327623199993, -5.90916980399993], [-78.78458542299995, -5.9078324539999585], [-78.78521706799995, -5.90756709599998], [-78.78602199599999, -5.9088845839999635], [-78.78724534499997, -5.908757502999947], [-78.79120487499995, -5.9101604839999595], [-78.79335307999997, -5.90753807599998], [-78.79804796999997, -5.904196253999942], [-78.80542033699999, -5.904823349999958], [-78.81326232899994, -5.912803333999932], [-78.81460728799993, -5.913827605999927], [-78.81317668099996, -5.91496865299996], [-78.81286610999996, -5.922819610999966], [-78.81620660499993, -5.929461882999931], [-78.81889946299998, -5.934941435999974], [-78.82045241099996, -5.94266928299993], [-78.82079911199997, -5.942913216999955], [-78.82112151099994, -5.94293601499993], [-78.82141541499999, -5.942915647999939], [-78.82167354299997, -5.9428807889999575], [-78.82197514899997, -5.942724118999934], [-78.82225500199996, -5.942631940999945], [-78.82253502499998, -5.942496711999979], [-78.82274947799993, -5.942633889999968], [-78.82297061899999, -5.9428930779999405], [-78.82307038299996, -5.943036979999931], [-78.82317748299994, -5.943137857999943], [-78.82333508599999, -5.943152829999974], [-78.82357179999997, -5.943096358999981], [-78.82379406899997, -5.943068532999973], [-78.82413032299996, -5.943213365999952], [-78.82443029399997, -5.9434728639999435], [-78.82494595999998, -5.943553824999981], [-78.82522544699998, -5.943554924999944], [-78.82540511299999, -5.943426473999978], [-78.82576399399994, -5.94328437799993], [-78.82606540199998, -5.943177932999959], [-78.82662479899994, -5.94307250199995], [-78.82701262699999, -5.942858763999936], [-78.82720572399995, -5.942959979999955], [-78.82739182299997, -5.943018114999973], [-78.82770697399997, -5.943062407999946], [-78.82794371599994, -5.942998758999977], [-78.82830928499999, -5.942978669999945], [-78.82841621699998, -5.943122599999981], [-78.82878122299996, -5.943246017999968], [-78.82915406999996, -5.943197254999973], [-78.82948394699997, -5.943141146999949], [-78.82997204699996, -5.942942151999944], [-78.83052444699996, -5.942793635999976], [-78.83103565599998, -5.9427932519999445], [-78.83151917499998, -5.942848965999929], [-78.83190063199999, -5.943041809999954], [-78.83227597699994, -5.943270505999976], [-78.83253192899997, -5.94348677499994], [-78.83293078799994, -5.943811236999977], [-78.83334814799997, -5.943986281999969], [-78.83367259699997, -5.944050774999937], [-78.83366337699994, -5.94431639499993], [-78.83382921299994, -5.94466984099995], [-78.83439381599999, -5.945371665999971], [-78.83479051999996, -5.9454815159999725], [-78.83529262099995, -5.945626255999969], [-78.83635555499995, -5.94519741299996], [-78.83667229299994, -5.945188053999971], [-78.83708076499994, -5.945193241999959], [-78.83768852999998, -5.945243458999926], [-78.83813342499997, -5.944955711999967], [-78.83851344999994, -5.944434659999956], [-78.83867263799993, -5.9440442169999415], [-78.83902184499993, -5.943709565999939], [-78.83968846799996, -5.943081811999946], [-78.83987435999995, -5.942937908999966], [-78.84015993199995, -5.942840995999973], [-78.84038283099994, -5.942721640999935], [-78.84046673099994, -5.942491120999932], [-78.84063464599996, -5.942312388999937], [-78.84099963099999, -5.94219493099996], [-78.84102753699995, -5.937494192999964], [-78.83666334899993, -5.934282812999925], [-78.83798312999994, -5.933197742999937], [-78.83755303899994, -5.932719798999926], [-78.83708932999997, -5.932179822999956], [-78.83693848999997, -5.931043111999941], [-78.83698152499994, -5.930497342999956], [-78.83687201099997, -5.929176621999943], [-78.83775592099994, -5.926904257999979], [-78.83854341999995, -5.926419617999954], [-78.83895550999995, -5.926105502999974], [-78.83929287199999, -5.925350997999942], [-78.83915248799997, -5.924594628999955], [-78.83882970599996, -5.9240575979999335], [-78.83860355299998, -5.9232434899999475], [-78.83826276899998, -5.922222400999942], [-78.83815004999997, -5.9197719399999755], [-78.83802162199999, -5.917418156999929], [-78.83716775799996, -5.9160549489999426], [-78.83361186199994, -5.914837681999927], [-78.83337952999995, -5.914758148999965], [-78.83308108799997, -5.914570440999967], [-78.83316082099998, -5.914330967999945], [-78.83345768599997, -5.914159914999971], [-78.83376399399998, -5.914017599999966], [-78.83422942899995, -5.913844035999944], [-78.83654613799996, -5.911352263999959], [-78.83801069299994, -5.90337724699998], [-78.83803061699996, -5.902795082999944], [-78.83729311099995, -5.902026826999929], [-78.83635257599997, -5.90125778099997], [-78.83611682199995, -5.90045559899994], [-78.83597689199996, -5.899582033999934], [-78.83472570399994, -5.89884765599993], [-78.83374818799996, -5.898377444999937], [-78.83289066099996, -5.897764188999929], [-78.83223923099996, -5.896362430999943], [-78.83232482699998, -5.8949210669999275], [-78.83236761199998, -5.893744452999954], [-78.83228440799996, -5.893026578999979], [-78.83192001299994, -5.892450543999928], [-78.83143207299997, -5.8920061559999795], [-78.83048221399997, -5.89210110099998], [-78.82988944099998, -5.892204031999938], [-78.82966887499998, -5.892413653999938], [-78.82954208499996, -5.892776139999967], [-78.82954918099995, -5.893297298999926], [-78.82840716599998, -5.893242372999964], [-78.82644925399995, -5.894125161999966], [-78.82557522899998, -5.894226321999952], [-78.82482577199994, -5.893927477999966], [-78.82413679699994, -5.893336290999969], [-78.82353129999996, -5.892816732999961], [-78.82216672599998, -5.8912800749999406], [-78.82038512899999, -5.889981528999954], [-78.81775016799998, -5.887014940999961], [-78.81525633899997, -5.884613368999965], [-78.81392537399995, -5.883863142999928], [-78.81224440999995, -5.882774228999949], [-78.81062270199999, -5.882136432999971], [-78.80667830399995, -5.881766957999957], [-78.80401093499995, -5.879785634999962], [-78.80357562799998, -5.87869898699995], [-78.80333917799999, -5.878108740999949], [-78.80288190599998, -5.87777209199993], [-78.80239465999995, -5.8777701749999665], [-78.80187086299998, -5.877827872999944], [-78.80082764299993, -5.878507645999946], [-78.79905510499998, -5.879792223999971], [-78.79737725099994, -5.881292425999959], [-78.79618804799998, -5.88167722999998], [-78.79419282099997, -5.882171735999975], [-78.79412535399996, -5.882188456999927], [-78.79362409199996, -5.882238896999979], [-78.79252442199999, -5.882349549999958], [-78.79012834199995, -5.8825866319999705], [-78.78996772699998, -5.882602523999935], [-78.78810397099994, -5.882786479999936], [-78.78651553299994, -5.882940967999957], [-78.78597739199995, -5.882993304999957], [-78.78533069299993, -5.882694201999925], [-78.78294168299999, -5.881589256999973], [-78.78291911599996, -5.881578819999959], [-78.78236855499995, -5.881324176999954], [-78.77945966999994, -5.882273795999936], [-78.77707502899995, -5.881307602999925], [-78.77573150299997, -5.879553114999965], [-78.77364767099994, -5.878280348999965], [-78.77152423499996, -5.875161160999937], [-78.77028733999998, -5.870422049999945], [-78.77024791099996, -5.862313907999976], [-78.76107708099994, -5.86218164099995], [-78.76104190299998, -5.85698261999994], [-78.75986585999993, -5.8580543389999775], [-78.75741875899996, -5.860806980999939], [-78.75434574099995, -5.864788822999969], [-78.75213194099996, -5.865927954999961], [-78.74767588899994, -5.8663644589999535], [-78.74417145099994, -5.86475986399995], [-78.74133282899999, -5.863887406999936], [-78.73865696799999, -5.864115770999945], [-78.73623887399998, -5.862611195999932], [-78.73376405299996, -5.863330644999962], [-78.73054210399994, -5.862764517999949], [-78.73017747399996, -5.8584341139999765], [-78.72820270399995, -5.8514520039999525], [-78.72880584699999, -5.847579940999935], [-78.72896225899996, -5.844327902999964], [-78.72883585699998, -5.842014047999953], [-78.72963824499999, -5.840543908999962], [-78.72615873499996, -5.839731633999975], [-78.72006425699999, -5.840854938999939]], [[-78.68297511499998, -5.956880547999958], [-78.68211564799998, -5.9555241769999725], [-78.68282422399994, -5.954694636999932], [-78.68288822099998, -5.953566323999951], [-78.68243809899997, -5.952679544999967], [-78.68194010599996, -5.95181648199997], [-78.68120265499994, -5.951095906999967], [-78.68065558899997, -5.950543542999981], [-78.67998809299996, -5.950229829999955], [-78.67932039799996, -5.949963947999947], [-78.67937027599999, -5.9494619259999695], [-78.67971778799995, -5.949457845999973], [-78.68017030999994, -5.948777627999959], [-78.68018750299996, -5.948245654999937], [-78.68126646499996, -5.947269639999945], [-78.68401020799996, -5.948022550999951], [-78.68469828899998, -5.949125569999978], [-78.68519638599997, -5.949964715999954], [-78.68428652399996, -5.950487047999957], [-78.68475783199995, -5.952019643999961], [-78.68520475399998, -5.953671716999963], [-78.68498226699995, -5.955464475999975], [-78.68535178899998, -5.9564365029999635], [-78.68416024999993, -5.9571825399999625], [-78.68297511499998, -5.956880547999958]]]}}, {"type": "Feature", "properties": {"objectid": 20364, "anp_gid": 394, "acr_codi": "ACR34", "acr_nomb": "Medio Putumayo Algodón", "acr_sect": " ", "acr_ubpo": "Loreto", "acr_suleg": 283594.76, "acr_balec": "D.S. Nº 010-2025-MINAM", "acr_felec": 1749186000000, "acr_balem": " ", "acr_felem": null, "acr_obs": " ", "met_link": null, "acr_orden": 34, "acr_id": 34}, "geometry": {"type": "Polygon", "coordinates": [[[-72.04639967599996, -2.5405698129999337], [-71.91791944599998, -2.4691775779999716], [-71.49174863099995, -2.4808134509999604], [-71.49468742799996, -2.501134863999937], [-71.51855426899994, -2.5061680939999746], [-71.54583626199997, -2.5101453499999593], [-71.57769653899999, -2.518275671999959], [-71.60883230099995, -2.5340951189999714], [-71.64717203199996, -2.5401121759999796], [-71.66183003999998, -2.554229540999927], [-71.67215144299996, -2.5692096439999546], [-71.67628176899996, -2.592763833999925], [-71.68206609199996, -2.618788307999978], [-71.69340728099996, -2.63695353199995], [-71.71571118199995, -2.6565023599999336], [-71.75191739599995, -2.6695039509999674], [-71.78386516499995, -2.6758023019999655], [-71.80398757799998, -2.6933250239999325], [-71.82733184899996, -2.6894199399999366], [-71.84672928399993, -2.695268728999963], [-71.86661221199995, -2.706469390999928], [-71.89455322699996, -2.6914312259999633], [-71.92232309799994, -2.683554438999977], [-71.92963632399994, -2.705563470999948], [-71.95061606699994, -2.7280857359999686], [-71.97319693999998, -2.728621172999965], [-71.98135271399997, -2.746689233999973], [-71.99496822499998, -2.7678789649999658], [-72.01408185599996, -2.7771308059999456], [-72.03205134799998, -2.7909925009999483], [-72.05206377899998, -2.799339234999934], [-72.06602685399997, -2.8248340519999715], [-72.13802092299994, -2.81155593699998], [-72.21056552699997, -2.827761048999946], [-72.29796645499994, -2.8427749849999486], [-72.36242190099995, -2.847756901999958], [-72.37036978799995, -2.8259539639999502], [-72.34936354699994, -2.791809690999969], [-72.33875800399994, -2.7413420429999746], [-72.33953607299998, -2.72969261399993], [-72.34166213199995, -2.720845464999968], [-72.34734168699998, -2.718274165999958], [-72.36028424199998, -2.70612790499996], [-72.36046708099997, -2.7273271889999364], [-72.38073192499996, -2.7456076149999262], [-72.40290227199995, -2.7079787579999675], [-72.41692192499994, -2.7090088379999315], [-72.41615469799996, -2.7304973719999452], [-72.45811655099999, -2.7205710499999327], [-72.48819729999997, -2.733013595999978], [-72.48564099399994, -2.7148432199999775], [-72.48397465399995, -2.70249421799997], [-72.49708982999994, -2.7003602759999694], [-72.51008037999998, -2.70704440399993], [-72.52569035899995, -2.69511353799993], [-72.53545032499994, -2.698817144999964], [-72.53999120499998, -2.7098702289999324], [-72.54495243699995, -2.7147520519999375], [-72.55601292099993, -2.7148764209999285], [-72.56556281799993, -2.738812801999927], [-72.58520432199998, -2.7297674659999416], [-72.58725962399996, -2.7281594479999285], [-72.58321947899998, -2.7238515279999547], [-72.57848990399998, -2.72163136599994], [-72.57979467199993, -2.7191656319999424], [-72.58538393499998, -2.7214309009999624], [-72.58917595499997, -2.720382006999955], [-72.58547849799999, -2.717840836999926], [-72.58573963999999, -2.7150608879999254], [-72.58870661399999, -2.7144119309999724], [-72.58696459399994, -2.7097882889999596], [-72.58957169499996, -2.7075866889999247], [-72.59469034599994, -2.7056784089999724], [-72.59849654699997, -2.707586727999967], [-72.59978815199997, -2.7106934079999405], [-72.59687597699997, -2.7117458669999337], [-72.59362215799996, -2.710978157999932], [-72.59308587099997, -2.7128106139999772], [-72.59632511199999, -2.7150669549999407], [-72.59766184599994, -2.7184236129999704], [-72.60270785599994, -2.7191656479999438], [-72.60184847399995, -2.7160229449999633], [-72.60037800399994, -2.7137768189999747], [-72.60321248199995, -2.7109118219999573], [-72.60520251899999, -2.7085048809999535], [-72.60510628499998, -2.701710453999965], [-72.60729723399999, -2.7013552409999306], [-72.60924893299995, -2.701297115999978], [-72.61302889799998, -2.7036062199999265], [-72.61745845799999, -2.7047514069999465], [-72.61852068099995, -2.703071935999958], [-72.61667473899996, -2.699292979999939], [-72.61861786099996, -2.6979213099999697], [-72.62295675499996, -2.700684869999975], [-72.62866964899996, -2.701753177999933], [-72.63354438899995, -2.702241606999962], [-72.63713346799994, -2.7040075979999756], [-72.63669224599994, -2.70065483999997], [-72.63185454599994, -2.69967182299996], [-72.62932971999999, -2.6987998959999686], [-72.63092910999995, -2.695452300999932], [-72.63283911899998, -2.6919144509999455], [-72.63783362199996, -2.69214706799994], [-72.64194558599996, -2.693321768999965], [-72.64566835899996, -2.6883032109999476], [-72.64549327499998, -2.6854474169999776], [-72.64103001999996, -2.6803654509999433], [-72.63985225299996, -2.67751379799995], [-72.64212326099994, -2.6771208749999573], [-72.64734226499996, -2.6808480949999307], [-72.64872523099996, -2.6791575119999607], [-72.64602845599995, -2.6769830309999634], [-72.64334529799999, -2.675018411999929], [-72.64561177499996, -2.6729303529999697], [-72.65487569399994, -2.672973903999946], [-72.65894864499995, -2.6726954009999417], [-72.66847957699997, -2.6783221499999286], [-72.67412447399994, -2.675130344999957], [-72.67266829399995, -2.672522370999957], [-72.66840060099997, -2.6703176339999573], [-72.66629178299996, -2.6671450739999614], [-72.66807878399999, -2.6654946049999353], [-72.67537156099996, -2.6675237999999695], [-72.67766053799994, -2.6696345249999354], [-72.68012979899999, -2.669254680999927], [-72.68120491599996, -2.6663146029999325], [-72.68182136099995, -2.6614828269999293], [-72.68438266799996, -2.659711523999931], [-72.68530655799998, -2.6513314099999548], [-72.68728156299994, -2.647009417999925], [-72.69199477199999, -2.645460931999935], [-72.69368340899996, -2.6472517219999645], [-72.69337201899998, -2.6491954729999634], [-72.69328971799996, -2.6519215149999695], [-72.69764885199999, -2.6514011399999617], [-72.70021407899998, -2.6500289559999715], [-72.70170673799998, -2.6523491319999266], [-72.69996791599993, -2.657832298999949], [-72.70131604499994, -2.6620155979999254], [-72.70488894399995, -2.6613924949999728], [-72.70812647899999, -2.6569794349999256], [-72.70987753699995, -2.655273726999951], [-72.71445502899996, -2.656079768999973], [-72.71267150399996, -2.6522293669999613], [-72.71116533499998, -2.6483885969999506], [-72.71450234499997, -2.6453587129999505], [-72.72284238499998, -2.6450046109999334], [-72.72807167699995, -2.6456913569999756], [-72.72813414499996, -2.6477497889999313], [-72.72505912599996, -2.6483792209999706], [-72.72703179099994, -2.653376770999955], [-72.72765787699996, -2.6506796099999406], [-72.73182565299999, -2.6486513459999514], [-72.73088136599995, -2.64528680199993], [-72.72813054699998, -2.6418420869999295], [-72.72988854199997, -2.638956865999944], [-72.73249810199997, -2.639962599999933], [-72.73469059699994, -2.643048123999961], [-72.73857775699997, -2.63832341899996], [-72.73517198199994, -2.6362268659999586], [-72.73532099599998, -2.6339520229999493], [-72.73709357299998, -2.633909464999931], [-72.74141793099994, -2.6317209469999625], [-72.74495527699997, -2.632274096999936], [-72.74322163499994, -2.629095376999942], [-72.74171208299998, -2.6273782089999713], [-72.74486199099994, -2.6212085989999423], [-72.74755192299995, -2.6185282149999694], [-72.75307601899993, -2.616328123999949], [-72.75974550499996, -2.616462111999965], [-72.76045140899998, -2.6187407079999616], [-72.75607707699999, -2.6210261099999457], [-72.75611483099993, -2.6228837499999713], [-72.75908031999995, -2.6223473739999577], [-72.75980025199993, -2.625408231999927], [-72.76219832599998, -2.6273138199999266], [-72.76121921699996, -2.6320330219999732], [-72.76238512199996, -2.635531440999955], [-72.76539775199996, -2.637287899999933], [-72.76430298499997, -2.6350255349999543], [-72.76427680299997, -2.631870760999959], [-72.76716142199996, -2.6297233709999546], [-72.77105408299997, -2.631148509999946], [-72.77003425199996, -2.627912419999973], [-72.76654399299997, -2.627428724999959], [-72.76643897099996, -2.6195391659999245], [-72.77011364199996, -2.6227465029999735], [-72.77310135199997, -2.623058475999926], [-72.78562085399994, -2.610654108999938], [-72.78378813199998, -2.6068400009999664], [-72.78605454599995, -2.606638635999957], [-72.78857146699994, -2.610526325999956], [-72.79223437999997, -2.6098588999999492], [-72.79283748199998, -2.60744294899996], [-72.78833669299996, -2.6068605469999397], [-72.78809422699999, -2.6038837949999447], [-72.79072756099998, -2.598467970999934], [-72.79476120099997, -2.5987324959999683], [-72.79851421199999, -2.6017256599999428], [-72.80122388499996, -2.5996126929999264], [-72.80117039599997, -2.6023367699999653], [-72.80367987599993, -2.6045501079999553], [-72.80808578399996, -2.605700820999971], [-72.80691361999999, -2.600723463999941], [-72.81007908699996, -2.5993165639999347], [-72.81500587899995, -2.602669864999939], [-72.82066979999996, -2.60324770699998], [-72.82245345599995, -2.608896396999967], [-72.82818983199996, -2.6108074299999657], [-72.82913041299997, -2.606194233999929], [-72.82738511799994, -2.604396440999949], [-72.82767106299997, -2.6039288219999435], [-72.83038231999996, -2.6060383849999766], [-72.83554934599994, -2.604401164999956], [-72.83531765499998, -2.59965125399998], [-72.83635166299996, -2.5974224469999285], [-72.83834890899993, -2.6001525619999484], [-72.84116432099995, -2.601421918999961], [-72.84433409999997, -2.600877126999933], [-72.84686115399995, -2.597285486999965], [-72.84801225399997, -2.5926687959999413], [-72.84984062899997, -2.590390298999978], [-72.85233679299995, -2.5913897029999475], [-72.85049750099995, -2.5935858489999646], [-72.85168399199995, -2.5960347789999787], [-72.85587725199997, -2.598009207999951], [-72.85680436699994, -2.600476955999966], [-72.85260688599993, -2.602203031999977], [-72.85205516299999, -2.6048463069999457], [-72.86563594299997, -2.6105168649999655], [-72.86995369599998, -2.603373531999978], [-72.87560475599997, -2.600409982999963], [-72.88006713899995, -2.597727152999937], [-72.88806816699997, -2.59374748099998], [-72.89064621999995, -2.5977880439999694], [-72.89448769399996, -2.590851137999948], [-72.89721364299999, -2.5935695849999547], [-72.89850013599994, -2.5904852809999284], [-72.89731432299999, -2.5880211449999706], [-72.90140693499995, -2.5865948049999474], [-72.90098657899995, -2.5818577179999807], [-72.90510471099998, -2.579879089999963], [-72.90411400399995, -2.5733930519999717], [-72.91086947599996, -2.5659058699999377], [-72.90889640299997, -2.545532972999979], [-72.90023149299998, -2.5124106539999502], [-72.90109019999994, -2.5080338379999603], [-72.88942575899995, -2.508014970999966], [-72.27397172899998, -2.583329141999968], [-72.04639967599996, -2.5405698129999337]]]}}, {"type": "Feature", "properties": {"objectid": 20764, "anp_gid": 395, "acr_codi": "ACR35", "acr_nomb": "Velo de la Novia", "acr_sect": " ", "acr_ubpo": "Ucayali", "acr_suleg": 14399.75, "acr_balec": "D.S. Nº 011-2025-MINAM", "acr_felec": 1750395600000, "acr_balem": " ", "acr_felem": null, "acr_obs": " ", "met_link": null, "acr_orden": 35, "acr_id": 35}, "geometry": {"type": "Polygon", "coordinates": [[[-75.67773552999995, -9.074585455999966], [-75.67389082399995, -9.077325866999956], [-75.66839408599998, -9.078975945999957], [-75.66479921099994, -9.077375899999936], [-75.66370244799998, -9.081061792999947], [-75.66383049699994, -9.081596642999955], [-75.66383765099994, -9.082488643999966], [-75.66383789799994, -9.08262309099996], [-75.66431065399996, -9.08280764899996], [-75.66485457199997, -9.083310060999963], [-75.66480353699995, -9.084061257999963], [-75.66422730499994, -9.084613179999963], [-75.66380697599999, -9.084848873999931], [-75.66351901399997, -9.085157224999932], [-75.66325704599996, -9.085688700999981], [-75.66302243999996, -9.08591602699994], [-75.66291337699994, -9.085817590999966], [-75.66208618999997, -9.085442717999967], [-75.66188877499997, -9.085686967999948], [-75.66154222399996, -9.086400611999977], [-75.66138152799994, -9.086598244999948], [-75.66103676399996, -9.086814846999971], [-75.66047155599995, -9.086472354999955], [-75.65895946099994, -9.08635602399994], [-75.65812160399997, -9.086405841999976], [-75.65763796999994, -9.086568242999931], [-75.65740287499995, -9.086374830999944], [-75.65687925999998, -9.086397310999928], [-75.65644558399998, -9.086229382999932], [-75.65584142899996, -9.085652553999978], [-75.65536817799995, -9.085567254999944], [-75.65481171599998, -9.085399545999962], [-75.65436737099998, -9.085321372999942], [-75.65337430199997, -9.08535904699994], [-75.65291545199995, -9.08524859199997], [-75.65227864399998, -9.085139850999951], [-75.65143754099995, -9.084781002999932], [-75.65110517599999, -9.084716983999954], [-75.65084624399998, -9.08532048799998], [-75.65053482199994, -9.085877980999953], [-75.64963411499997, -9.086045341999977], [-75.64915798599998, -9.086366853999948], [-75.64830737199998, -9.08618669499998], [-75.64782456799998, -9.086292868999976], [-75.64764792999995, -9.086626623999962], [-75.64735538299993, -9.086962472999971], [-75.64703115099996, -9.087234382999952], [-75.64689932699997, -9.087310730999945], [-75.64615932299995, -9.087442804999966], [-75.64573861099996, -9.087523962999967], [-75.64562703799999, -9.08777953899994], [-75.64548951999996, -9.087870227999929], [-75.64524043499995, -9.087948444999938], [-75.64398832399996, -9.08710122399998], [-75.64283314599999, -9.086561753999945], [-75.64261073399996, -9.083997417999967], [-75.64090412199994, -9.087208640999961], [-75.63957944599997, -9.089107921999926], [-75.63921878399998, -9.089381357999969], [-75.63868439199996, -9.089439725999966], [-75.63803587999996, -9.090316710999957], [-75.63929429799998, -9.091233431999967], [-75.63808038299999, -9.091743727999926], [-75.63477751499994, -9.09337482799998], [-75.63444779399998, -9.09355484699995], [-75.63306802399995, -9.095218043999978], [-75.63289874399999, -9.095422094999947], [-75.63218763099997, -9.095041973999969], [-75.63106234599996, -9.094804618999945], [-75.63027613699995, -9.094608792999963], [-75.62956274599998, -9.094414951999966], [-75.62901764599997, -9.09458785299995], [-75.62824896999996, -9.094919416999971], [-75.62795596799998, -9.094650704999935], [-75.62776355199998, -9.09409623099998], [-75.62782069799994, -9.093730476999951], [-75.62768262199995, -9.093226122999965], [-75.62727783499997, -9.093054520999942], [-75.62667904499995, -9.093468348999977], [-75.62624590799999, -9.093609085999958], [-75.62541077799995, -9.09354700299997], [-75.62521208799996, -9.09337504499996], [-75.62491342999994, -9.092580992999956], [-75.62437067499997, -9.092442244999972], [-75.62414331899998, -9.09240051699993], [-75.62362854599996, -9.092091598999957], [-75.62330353099998, -9.09210292299997], [-75.62283147899996, -9.09231852399995], [-75.62259303999997, -9.09255057699994], [-75.62233110299996, -9.09309435199998], [-75.62229760499997, -9.093133596999962], [-75.62223822299995, -9.093880002999981], [-75.62207484899994, -9.095416610999962], [-75.62211437799994, -9.09734140699993], [-75.62171856099997, -9.09849360499993], [-75.62135595099994, -9.099036893999937], [-75.62112108199995, -9.099388788999931], [-75.62928794499999, -9.170262755999943], [-75.65702340899998, -9.170213736999926], [-75.71460506099999, -9.17010517999995], [-75.71700430799996, -9.169407208999928], [-75.71699945899996, -9.166990905999967], [-75.71808577699994, -9.162272191999932], [-75.71656238199995, -9.158750267999949], [-75.71543886899997, -9.156205575999934], [-75.71583879699995, -9.15496064599995], [-75.71692275499998, -9.15026265399996], [-75.71716434499996, -9.149634323999976], [-75.71716065299995, -9.147790937999957], [-75.71739490599998, -9.147138895999944], [-75.71867263399997, -9.14702822199996], [-75.71867096399995, -9.146196145999966], [-75.71950693399998, -9.145536486999958], [-75.71760397199995, -9.143793459999927], [-75.71078905799999, -9.139471734999972], [-75.70595833799996, -9.132410186999948], [-75.72030721299996, -9.127110983999955], [-75.72196988199994, -9.12122722099997], [-75.72363146999999, -9.114831300999981], [-75.72601357399998, -9.112376859999927], [-75.72622786899996, -9.111731974999941], [-75.72672698499997, -9.107447326999932], [-75.72183971999993, -9.106140265999954], [-75.71893658399995, -9.106142396999928], [-75.71715770399999, -9.106143689999953], [-75.71420459299998, -9.106149492999975], [-75.70754602899996, -9.10616343199996], [-75.70640752999998, -9.10134519199994], [-75.70698311699994, -9.100195436999968], [-75.70600542999995, -9.097822587999929], [-75.70272614299995, -9.095347120999975], [-75.69950057599993, -9.09392089299996], [-75.69904418699997, -9.093198215999962], [-75.69661009199996, -9.088042451999968], [-75.69489187799996, -9.079549087999965], [-75.69454546799994, -9.078115132999926], [-75.69398415699999, -9.076475711999933], [-75.69183236899994, -9.071844919999933], [-75.69243410299998, -9.065490342999965], [-75.69271749399996, -9.062618193999981], [-75.69292962199995, -9.060248713999954], [-75.69435151199997, -9.056045951999977], [-75.69465512499994, -9.052412229999959], [-75.70060211699996, -9.036848541999973], [-75.70959448899998, -8.982564730999968], [-75.72046835099997, -8.980841415999976], [-75.72186671799994, -8.97783366899995], [-75.72250376499994, -8.974933723999982], [-75.72570865199998, -8.966829286999939], [-75.72222298699995, -8.966184626999961], [-75.72627827899998, -8.96156386399997], [-75.72387290799998, -8.95984852099997], [-75.72131958599994, -8.958552887999929], [-75.71785356499998, -8.958754720999934], [-75.71464953499998, -8.959151109999937], [-75.71223290199998, -8.958144537999942], [-75.71165330499997, -8.957126228999925], [-75.71055769499998, -8.954912914999966], [-75.71016797799996, -8.95252064899995], [-75.70922849899995, -8.951958270999967], [-75.70884465399996, -8.95195900699997], [-75.70826832999995, -8.951673857999936], [-75.70788429999999, -8.951579177999974], [-75.70778723299998, -8.951006864999954], [-75.70759494199996, -8.95081640099994], [-75.70740228299996, -8.95043510499994], [-75.70701770099998, -8.950054172999955], [-75.70663348899996, -8.949864073999947], [-75.70615331699997, -8.949674157999937], [-75.70576910499994, -8.94948405699995], [-75.70519297399994, -8.949294320999968], [-75.70500050099997, -8.949008437999964], [-75.70499939899997, -8.948435943999925], [-75.70499866499995, -8.948054279999951], [-75.70461408799997, -8.947673345999931], [-75.70422969799995, -8.947387826999943], [-75.70384512199996, -8.947006891999933], [-75.70355669399999, -8.946721191999927], [-75.70317175299994, -8.94614942499993], [-75.70278754699996, -8.945959320999975], [-75.70221123999994, -8.945674162999978], [-75.70201876999994, -8.945388279999975], [-75.70192171299993, -8.944815964999975], [-75.70153714299994, -8.94443502699994], [-75.70115330599998, -8.944435753999926], [-75.70057754799996, -8.944436843999938], [-75.70019370899996, -8.944437567999955], [-75.69961795199998, -8.944438654999942], [-75.69923411299999, -8.944439379999949], [-75.69827433799998, -8.944345770999973], [-75.69789013599996, -8.944155662999947], [-75.69731383099997, -8.943870498999956], [-75.69692963099999, -8.94368038999994], [-75.69549023799993, -8.943683091999958], [-75.69510603799995, -8.943492978999927], [-75.69460437299995, -8.94349392199996], [-75.69489226799999, -8.942564179999977], [-75.69461942499998, -8.940619803999937], [-75.69349056199997, -8.93950154199996], [-75.68839998099998, -8.941393969999979], [-75.68295569299994, -8.941690192999943], [-75.68227976599997, -8.944043481999927], [-75.68082477899998, -8.945536489999938], [-75.68017408299994, -8.94734658599998], [-75.67967107299995, -8.949705187999939], [-75.67783262599994, -8.955049800999973], [-75.67636685899998, -8.95981362799995], [-75.67586780899995, -8.963260504999937], [-75.67473692799996, -8.967748093999944], [-75.67439214899997, -8.968725078999967], [-75.67307311899998, -8.974008552999976], [-75.67293068899994, -8.976346683999964], [-75.67247195899995, -8.976879968999981], [-75.67081494999996, -8.977691418999939], [-75.66884253299997, -8.977749486999926], [-75.66813156199999, -8.97723627199997], [-75.66755580499995, -8.977216454999962], [-75.66825512199995, -8.978828312999951], [-75.66899970499998, -8.979293604999953], [-75.66850830299995, -8.979855071999964], [-75.66716052199996, -8.980438409999977], [-75.66638149299996, -8.98123021999993], [-75.66628268599999, -8.981379230999949], [-75.66592376599993, -8.981697589999953], [-75.66512661599995, -8.981719958999975], [-75.66390586999995, -8.980840842999953], [-75.66298777699996, -8.980804295999974], [-75.66363541399994, -8.983554683999955], [-75.66382700999998, -8.98436834599994], [-75.66440180499995, -8.98680933199995], [-75.66466463399996, -8.987577640999973], [-75.66602919899998, -8.987575179999965], [-75.66710430899997, -8.987573236999935], [-75.67248813099997, -8.987563461999969], [-75.67303395499994, -8.987562466999975], [-75.67448948899994, -8.987559807999958], [-75.67595541899993, -8.988258032999966], [-75.67597265699999, -8.997551255999952], [-75.67597584499998, -8.999268602999962], [-75.67602132699994, -9.023734942999965], [-75.68118902399993, -9.042791651999948], [-75.68168933199996, -9.047015665999936], [-75.68375932499998, -9.048573990999955], [-75.68353254199997, -9.049361448999946], [-75.68343907299999, -9.04961747699997], [-75.68261842499999, -9.052291393999951], [-75.67950628199998, -9.06243135099993], [-75.67820774599994, -9.066691548999927], [-75.67662261299995, -9.06766315699997], [-75.67773552999995, -9.074585455999966]]]}}, {"type": "Feature", "properties": {"objectid": 20779, "anp_gid": 410, "acr_codi": "ACR36", "acr_nomb": "San Pedro de Chonta", "acr_sect": " ", "acr_ubpo": "Huánuco", "acr_suleg": 51888.92, "acr_balec": "D.S. Nº 016-2025-MINAM", "acr_felec": 1754974800000, "acr_balem": " ", "acr_felem": null, "acr_obs": " ", "met_link": null, "acr_orden": 36, "acr_id": 36}, "geometry": {"type": "Polygon", "coordinates": [[[-77.11750585999994, -8.479107648999957], [-77.10940156299995, -8.479859971999929], [-77.10332630699997, -8.48337317499994], [-77.10166413099995, -8.487920147999944], [-77.09745727299997, -8.486175818999925], [-77.08679683499997, -8.484618143999967], [-77.07986743599997, -8.495136694999928], [-77.08516202399994, -8.508541436999963], [-77.09158258099995, -8.51458189899995], [-77.07795885599995, -8.526230097999928], [-77.07312050999997, -8.535951120999925], [-77.06068663299999, -8.538565120999976], [-77.05489542499998, -8.55065035399997], [-77.03703726299995, -8.552662102999932], [-77.02439167999995, -8.543077067999945], [-77.01126217699994, -8.539726921999943], [-76.99045533199995, -8.556579133999946], [-76.96614613399998, -8.558462962999954], [-76.95220165299997, -8.545739800999968], [-76.94050735499997, -8.553394370999968], [-76.93669965799995, -8.566621663999967], [-76.90835890799997, -8.56807291299998], [-76.89624878799998, -8.56278122499998], [-76.88571682899999, -8.556420301999935], [-76.87232845499994, -8.562030535999952], [-76.86315937699999, -8.558148099999926], [-76.84723975499998, -8.546511115999976], [-76.84293188299995, -8.529760489999944], [-76.83156700699999, -8.516688558999931], [-76.80668078299993, -8.511223837999978], [-76.78901219999995, -8.524155078999968], [-76.77395222199993, -8.522735326999964], [-76.76308800799995, -8.52511190499996], [-76.73980115399996, -8.52334916999996], [-76.73181253999996, -8.516115490999937], [-76.71260539999997, -8.527281241999958], [-76.69308952199998, -8.532019945999934], [-76.68537218299997, -8.529478767999933], [-76.67930438799993, -8.525382700999955], [-76.67667397099996, -8.52173308099998], [-76.67191497499994, -8.522377982999956], [-76.66935979299996, -8.523994873999925], [-76.66720682899995, -8.52627199799997], [-76.66279033599994, -8.525314180999942], [-76.65742784199995, -8.523552844999926], [-76.65530082199996, -8.522745146999966], [-76.65224182499998, -8.521128484999963], [-76.64917682999999, -8.52240422999995], [-76.64648355199995, -8.523795535999966], [-76.64421911099998, -8.524284310999974], [-76.64193350599999, -8.523453808999932], [-76.63920811999998, -8.520026151999957], [-76.63707785299994, -8.516780165999933], [-76.63390676799997, -8.516047102999948], [-76.63123830199999, -8.515535641999975], [-76.62884875499998, -8.513992705999954], [-76.62590006699998, -8.513625021999928], [-76.62415623399994, -8.512684953999951], [-76.62123498399995, -8.51291245799996], [-76.61518006799997, -8.513716082999963], [-76.61416511199997, -8.511484029999963], [-76.61018310699995, -8.512946388999978], [-76.60473783199996, -8.512510821999967], [-76.60119586499997, -8.512554086999955], [-76.59755596899998, -8.511319059999948], [-76.59451767599995, -8.509351334999963], [-76.59086553299994, -8.508978059999947], [-76.58804252399995, -8.508767098999954], [-76.58437896699996, -8.510616996999943], [-76.57812777199996, -8.507429533999925], [-76.57198109799998, -8.508340828999962], [-76.56814662999994, -8.508431433999931], [-76.56390591399997, -8.506870730999935], [-76.56247994999995, -8.508422201999963], [-76.56092082299995, -8.518338944999925], [-76.55630419799996, -8.524874353999962], [-76.55106801399995, -8.527995863999934], [-76.55262363099996, -8.534607440999935], [-76.55207689099996, -8.544372719999956], [-76.55199492299994, -8.547875516999966], [-76.55483041999997, -8.551046664999944], [-76.55185703799998, -8.555613490999974], [-76.55370651799996, -8.55697769699998], [-76.55431407499998, -8.55862600699993], [-76.56178780199997, -8.558016850999934], [-76.56300530999994, -8.557911945999933], [-76.56482490999997, -8.557363908999946], [-76.56700750499994, -8.557198883999945], [-76.56821097299996, -8.558915454999976], [-76.57024091899996, -8.559551961999944], [-76.57462107399994, -8.558323749999943], [-76.57488275499998, -8.561174390999952], [-76.57574373199998, -8.564807284999972], [-76.57642860599998, -8.567694471999971], [-76.58579559399999, -8.569867730999931], [-76.59109300999995, -8.572264779999955], [-76.58969702699994, -8.575999983999964], [-76.58673271799995, -8.578434443999981], [-76.58345096099998, -8.580028132999928], [-76.58302778799998, -8.583413808999978], [-76.58552844999997, -8.58507818399994], [-76.58995434799994, -8.58479043799997], [-76.59245236699996, -8.589816454999948], [-76.59814839799998, -8.590720920999956], [-76.60182886599995, -8.58672195899993], [-76.60504946699996, -8.586053765999964], [-76.60625798699994, -8.586255631999961], [-76.60718949999995, -8.586030612999934], [-76.60861388299998, -8.585922109999956], [-76.61020131199996, -8.586100508999948], [-76.61140747199994, -8.586206080999943], [-76.61147867199998, -8.586807312999952], [-76.61170887799994, -8.587281248999943], [-76.61039622299995, -8.58949365799998], [-76.61013123999999, -8.592204076999963], [-76.60968133999995, -8.595238232999975], [-76.61055808599997, -8.597376932999964], [-76.61498953399996, -8.597299756999973], [-76.62045897599995, -8.597388399999943], [-76.62174507999998, -8.59346437399995], [-76.62671251699999, -8.59043868599997], [-76.62927447099997, -8.58695838899996], [-76.63165573099997, -8.589045170999952], [-76.63754192599998, -8.59011587499998], [-76.64097382399996, -8.58973405699993], [-76.64376802999999, -8.588903983999955], [-76.64843725299994, -8.589218582999933], [-76.64880381499995, -8.584268379999969], [-76.64965902499995, -8.58193702999995], [-76.64941268399997, -8.579993155999944], [-76.64890875399993, -8.578509700999973], [-76.64784693899998, -8.576404241999967], [-76.66052737299998, -8.571495069999969], [-76.67240386399999, -8.578384841999934], [-76.67274256399998, -8.589866204999964], [-76.67710274699994, -8.59550193399997], [-76.69184398499993, -8.588880934999963], [-76.70944471199994, -8.586546803999966], [-76.70543267499994, -8.59165700899996], [-76.72254439899996, -8.599599229999967], [-76.72830326399998, -8.602779230999943], [-76.73527311299995, -8.604516874999945], [-76.74288146399994, -8.60768898699996], [-76.74412032799995, -8.605286416999945], [-76.74488703999998, -8.602656338999964], [-76.74572806299994, -8.600509140999975], [-76.74661602299994, -8.59916549999997], [-76.74798998599994, -8.596881920999977], [-76.74868516299995, -8.594907619999958], [-76.74706872999997, -8.594627897999942], [-76.74752931599994, -8.592860389999942], [-76.74999677799997, -8.59176850199998], [-76.75038325899999, -8.590460051999969], [-76.75114660199995, -8.589203089999955], [-76.79210207099999, -8.604011594999974], [-76.79579389799994, -8.604328202999966], [-76.80300689299997, -8.603767407999953], [-76.80550251699998, -8.603430378999974], [-76.81091219099994, -8.60508419499996], [-76.81420213099994, -8.605499265999981], [-76.82716512699994, -8.616917796999928], [-76.82547541299994, -8.620418246999975], [-76.82401469699994, -8.624061130999962], [-76.82241436599998, -8.626161792999937], [-76.82093385099995, -8.628190120999932], [-76.82317490199995, -8.629375510999978], [-76.82544715899996, -8.630799941999953], [-76.82851958499998, -8.629924164999977], [-76.83258360199994, -8.629073529999971], [-76.83569640199994, -8.62910050599993], [-76.83667759399998, -8.63047105399994], [-76.84183250199999, -8.634016456999973], [-76.85446931999996, -8.63200483999998], [-76.86507289599996, -8.634723362999978], [-76.87462831899995, -8.63536665199996], [-76.89025209499994, -8.63280944099995], [-76.89917532799996, -8.630930757999977], [-76.91533169699994, -8.602192935999938], [-76.91347317099996, -8.62562304499994], [-76.91792041499997, -8.627609852999967], [-76.91882593099996, -8.627617691999944], [-76.91989858999995, -8.627072233999968], [-76.92139677299997, -8.62877629999997], [-76.92944753299997, -8.633328389999974], [-76.93899280199997, -8.631565036999973], [-76.93671305799995, -8.637988285999938], [-76.93502130199994, -8.644606665999959], [-76.93512789699997, -8.64649663199998], [-76.93665932699997, -8.646016789999976], [-76.93800381899996, -8.645486157999926], [-76.93954961799994, -8.645126561999973], [-76.94083949999998, -8.644027022999978], [-76.94194451599998, -8.64264052599998], [-76.94497819999998, -8.642566388999967], [-76.94586098799994, -8.653468982999925], [-76.94560231899999, -8.655877317999966], [-76.94841016899994, -8.655023466999978], [-76.95075555599993, -8.655384646999948], [-76.95334361299996, -8.65479499099996], [-76.95555065999997, -8.654898522999929], [-76.95797430599998, -8.654125502999932], [-76.96156917099995, -8.655340696999929], [-76.96488400399994, -8.652490334999982], [-76.97601707899997, -8.650255370999957], [-76.97762694199997, -8.650193042999945], [-76.97844728799998, -8.649259503999929], [-76.97978222199998, -8.648146167999926], [-76.98053507899994, -8.647321175999934], [-76.98202804299996, -8.64590033199994], [-76.98357409499994, -8.644635405999963], [-76.98584647699994, -8.643829105999941], [-76.98755310099995, -8.641762221999954], [-76.99044268399996, -8.64443571299995], [-76.99514740199999, -8.649559587999931], [-77.00418291699998, -8.642595440999969], [-77.00419251099999, -8.638133102999973], [-77.00928378399993, -8.634417654999936], [-77.01397367499999, -8.633131155999934], [-77.01665533799996, -8.628794759999948], [-77.02298992199997, -8.623828186999958], [-77.02632180599994, -8.623273814999948], [-77.03427844299995, -8.625001631999965], [-77.03728127399995, -8.62230931399995], [-77.04556265599996, -8.616776166999955], [-77.04622019799996, -8.615259871999967], [-77.05078324499993, -8.613255390999939], [-77.05384253799997, -8.606906244999948], [-77.04732058499997, -8.589686983999968], [-77.05226683499995, -8.581554988999926], [-77.05565569199996, -8.575192802999936], [-77.06301418999999, -8.57330830199993], [-77.06905810499995, -8.571445873999949], [-77.08053787699998, -8.543426179999926], [-77.09139908499998, -8.537115713999981], [-77.11668332699998, -8.527886971999976], [-77.12243925899998, -8.519575740999926], [-77.13429491899996, -8.513911063999956], [-77.14999451099999, -8.51093200799994], [-77.16740132799998, -8.506846309999958], [-77.16896691999995, -8.502443020999976], [-77.16868968099999, -8.49415701199996], [-77.16092573599997, -8.46466210099993], [-77.15570184899997, -8.459801009999978], [-77.14994136499996, -8.456116373999976], [-77.14524321199997, -8.452917044999936], [-77.13168081699996, -8.455273688999966], [-77.13535438699995, -8.463366879999967], [-77.14262900399996, -8.475809260999938], [-77.12098271399998, -8.483162411999956], [-77.11750585999994, -8.479107648999957]]]}}, {"type": "Feature", "properties": {"objectid": 21580, "anp_gid": 414, "acr_codi": "ACR37", "acr_nomb": "Bosques Montanos de Huamantanga y Chorro Blanco", "acr_sect": " ", "acr_ubpo": "Cajamarca", "acr_suleg": 14022.65, "acr_balec": "D.S. Nº 004-2026-MINAM", "acr_felec": 1773464400000, "acr_balem": " ", "acr_felem": null, "acr_obs": " ", "met_link": null, "acr_orden": 37, "acr_id": 37}, "geometry": {"type": "Polygon", "coordinates": [[[-78.94332641599993, -5.670805307999956], [-78.94352204799998, -5.671628704999932], [-78.94723807599996, -5.677364662999935], [-78.94812671399995, -5.677609674999928], [-78.94930680499994, -5.677123807999976], [-78.94944355599995, -5.677279774999931], [-78.94972519999999, -5.677821969999968], [-78.95039232799996, -5.678758422999977], [-78.95046640499999, -5.679061133999937], [-78.95054196099994, -5.680016003999981], [-78.95014251499998, -5.680204751999952], [-78.94968026599997, -5.680596599999944], [-78.94954814999994, -5.680817392999927], [-78.94914763299994, -5.681308727999976], [-78.94867320399999, -5.681441483999947], [-78.94839248899996, -5.6823126089999505], [-78.94843476699998, -5.683692624999935], [-78.94821669399994, -5.684617525999954], [-78.94745379299997, -5.684744268999964], [-78.94618099999997, -5.688240127999961], [-78.94591060199997, -5.688533383999925], [-78.94472146899994, -5.689325688999929], [-78.94429106499996, -5.689595888999975], [-78.94305162399996, -5.690029685999946], [-78.94273919499994, -5.690323267999929], [-78.94283309999997, -5.6913138969999295], [-78.94377364199994, -5.692518040999971], [-78.94391651499996, -5.692855827999949], [-78.94426644699996, -5.693835410999952], [-78.94444203299997, -5.6943859259999385], [-78.94515876799994, -5.6942870609999545], [-78.94607229399998, -5.6941812419999565], [-78.94625221199993, -5.694084287999942], [-78.94725465999994, -5.693684086999951], [-78.94759537099998, -5.693495852999945], [-78.94808720199995, -5.693250746999979], [-78.94906069899997, -5.692798770999957], [-78.94938391499994, -5.692560718999971], [-78.95009641299998, -5.6923096989999635], [-78.95046177199998, -5.692308605999926], [-78.95082612299996, -5.692592159999947], [-78.95098058299999, -5.692805599999929], [-78.95166791199995, -5.693592627999976], [-78.95212251399994, -5.694015239999942], [-78.95221760799996, -5.6941351799999325], [-78.95273414299999, -5.695275620999951], [-78.95280970099998, -5.695517483999936], [-78.95322807999997, -5.696054784999944], [-78.95414377699996, -5.696416842999952], [-78.95431730399997, -5.696776263999936], [-78.95378781099998, -5.697405878999973], [-78.95358411499996, -5.697743865999939], [-78.95352549599994, -5.698112986999945], [-78.95362576899998, -5.698388905999934], [-78.95315264999994, -5.698743157999957], [-78.95253399099994, -5.699196399999948], [-78.95236704399997, -5.699406304999968], [-78.95181117099997, -5.6993928459999665], [-78.95133890599999, -5.699505982999938], [-78.95131836099995, -5.699777643999937], [-78.95135956399997, -5.700548979999951], [-78.95086923599996, -5.7009069949999684], [-78.95032452699996, -5.701515499999971], [-78.95026043199994, -5.701811882999948], [-78.95037776199996, -5.702663861999952], [-78.95049653899997, -5.703108244999953], [-78.95081986899999, -5.7040508979999345], [-78.95098508799998, -5.704866687999925], [-78.95076251999996, -5.705137629999967], [-78.95016199399998, -5.70569342899995], [-78.95025678999997, -5.705897088999961], [-78.95129447099998, -5.706770415999927], [-78.95135057099998, -5.70904914099998], [-78.94685996499999, -5.711601924999968], [-78.94640783399996, -5.71266772499996], [-78.94618445899994, -5.71302931699995], [-78.94589509899998, -5.713814059999947], [-78.94569954199994, -5.714008692999926], [-78.94520192499994, -5.714932622999925], [-78.94499953199994, -5.716206603999979], [-78.94478329899994, -5.716573601999926], [-78.94452103199995, -5.7172932569999375], [-78.94415715499997, -5.718045437999933], [-78.94297728899994, -5.7190966859999435], [-78.94262057299994, -5.718679794999957], [-78.94145180299995, -5.717461657999934], [-78.93984487999995, -5.715824393999981], [-78.93978063399999, -5.716122503999941], [-78.93882014799993, -5.717176810999945], [-78.93785263999996, -5.717670569999939], [-78.93479960299999, -5.720967912999981], [-78.93458405199993, -5.728549527999974], [-78.92563229299998, -5.733444919999954], [-78.92414123099996, -5.733419666999964], [-78.92394492799997, -5.733552905999943], [-78.92315610099996, -5.733227810999949], [-78.92045728199997, -5.735707943999955], [-78.91966731599996, -5.737005739999972], [-78.91743190199998, -5.741445702999954], [-78.91804423799994, -5.744322816999954], [-78.92593442399993, -5.749807946999965], [-78.92485909899995, -5.7515347079999515], [-78.94683995599996, -5.769073413999934], [-78.94609980499996, -5.7881350359999715], [-78.94828909599994, -5.8253465629999255], [-78.95343432399994, -5.836958141999958], [-78.97074272199995, -5.832537897999941], [-78.96622438499998, -5.823619436999934], [-78.97067890399995, -5.806676741999979], [-78.97832409499995, -5.79721886599998], [-78.98153381299994, -5.785366046999968], [-78.98112949699998, -5.781233568999937], [-78.98168012399998, -5.771908843999938], [-78.98204272299995, -5.771476169999971], [-78.98380907599994, -5.769737546999977], [-78.98414447799996, -5.769071589999953], [-78.98567451799994, -5.768053511999938], [-78.98592978199997, -5.767340184999966], [-78.98582308999994, -5.766878722999934], [-78.98693574599997, -5.766204592999941], [-78.98786602099995, -5.766054186999952], [-78.99014179199997, -5.765754837999964], [-78.99112412699998, -5.7662013099999285], [-78.99181116299997, -5.7659144249999486], [-78.99273377899993, -5.765375224999957], [-78.99309468199993, -5.765421701999969], [-78.98906245199998, -5.756153343999927], [-78.98002547999994, -5.746208741999965], [-78.97320993699998, -5.737727403999941], [-78.97975898099997, -5.717272137999942], [-78.98447483399997, -5.716666300999975], [-78.98736884099998, -5.719980011999951], [-78.99914969199995, -5.722844234999968], [-78.99856087999996, -5.713608697999973], [-78.99844751299997, -5.71114769899998], [-78.99793464799995, -5.710294326999929], [-78.99437387199998, -5.7094081999999275], [-78.99346511899995, -5.708804613999973], [-78.99248385199996, -5.708440018999966], [-78.99227059399999, -5.7082586359999254], [-78.99260766699996, -5.707616520999977], [-78.99277847299999, -5.70670716799998], [-78.99285663899997, -5.70647923599995], [-78.99301986099994, -5.706102333999979], [-78.99319489999993, -5.705623570999933], [-78.99342503799994, -5.7049569809999525], [-78.99347474099994, -5.70426105699994], [-78.99326783599997, -5.703602989999979], [-78.99307943199994, -5.70298086899993], [-78.99292321399997, -5.702579887999946], [-78.99257397599996, -5.701854824999941], [-78.99241535999994, -5.701525598999979], [-78.99233270799994, -5.701153288999933], [-78.99222249599995, -5.700744148999945], [-78.99209327099999, -5.700615960999926], [-78.99194126099997, -5.700241547999951], [-78.99193594899998, -5.700120967999965], [-78.99190598199993, -5.699879740999961], [-78.99200165499997, -5.699341376999939], [-78.99215939999993, -5.698890301999938], [-78.99249169799998, -5.698099200999934], [-78.99270326399994, -5.697809503999963], [-78.99254148099999, -5.69735663199998], [-78.99241120599999, -5.697152581999944], [-78.99237962699993, -5.696619035999959], [-78.99234396099996, -5.69602940599998], [-78.99224426299998, -5.695856827999933], [-78.99199979299993, -5.6954950109999345], [-78.99191207699994, -5.695379166999942], [-78.99163194799996, -5.694744096999955], [-78.99161414499997, -5.694507217999956], [-78.99139293899998, -5.694047883999929], [-78.99130314899998, -5.693635701999938], [-78.99096633399995, -5.693253468999956], [-78.99086907499998, -5.69255117299997], [-78.99085561399994, -5.6923013919999335], [-78.99068360399997, -5.6919104049999305], [-78.99047113099994, -5.691618307999931], [-78.99033988399998, -5.6914542319999555], [-78.99022376199997, -5.691060568999944], [-78.99004375499999, -5.6909092399999395], [-78.99003422899995, -5.690351850999946], [-78.99018778099997, -5.690144274999966], [-78.99108425199995, -5.690084024999976], [-78.99171965799997, -5.68975134599998], [-78.99193920699997, -5.689243073999933], [-78.99207769399999, -5.688386978999972], [-78.99127324099999, -5.682157398999948], [-78.98655335199999, -5.663842152999962], [-78.99155118699997, -5.646940699999959], [-79.00278917599996, -5.640669356999979], [-79.01595527199999, -5.6457535689999645], [-79.01594754399997, -5.645217706999972], [-79.01774742899994, -5.640313197999944], [-79.01974774899998, -5.636598382999978], [-79.04214055799997, -5.642065082999977], [-79.04257859099994, -5.6402888499999335], [-79.04283710299995, -5.640103131999979], [-79.04348821399998, -5.639622104999944], [-79.04359917599999, -5.639287574999969], [-79.04427502899995, -5.638548275999938], [-79.04523206699997, -5.6379821569999535], [-79.04574004799997, -5.637457585999925], [-79.04661347399997, -5.63618788499997], [-79.04705211199996, -5.635423754999977], [-79.04314981299996, -5.604698515999928], [-79.03237171799998, -5.594474415999969], [-79.01015217899999, -5.560616578999941], [-78.99977667199994, -5.565073016999975], [-78.99133241699997, -5.58722398499998], [-78.99140961699999, -5.62429582599998], [-78.98560068699999, -5.628723926999953], [-78.96639871499997, -5.63944780199995], [-78.96206178499995, -5.638747074999969], [-78.96201312899996, -5.639005245999954], [-78.96153404999995, -5.639443703999973], [-78.96128536099997, -5.639548081999976], [-78.96078848199994, -5.639613317999931], [-78.96064471799997, -5.6397563369999375], [-78.96027116499994, -5.640061208999953], [-78.95231697699995, -5.636837507999928], [-78.95003779099994, -5.635873707999963], [-78.94941747399997, -5.64284803299995], [-78.94941251799997, -5.6432391119999465], [-78.94956327099999, -5.644165358999942], [-78.94937722799995, -5.647164304999933], [-78.94942363399997, -5.648226528999942], [-78.94968289499997, -5.648851762999925], [-78.94973178799995, -5.649207151999974], [-78.94996560999994, -5.650308783999947], [-78.95000632199998, -5.650920812999971], [-78.95047939499995, -5.651601021999966], [-78.95147175899996, -5.652210903999958], [-78.95179628699998, -5.65261032199993], [-78.95252245699999, -5.653751969999973], [-78.95280393699994, -5.654103155999962], [-78.95360314899995, -5.655796424999949], [-78.95400183499999, -5.656497500999933], [-78.95367794699996, -5.656934100999933], [-78.95275165699996, -5.657562327999926], [-78.95228142399998, -5.657854887999974], [-78.95175474599995, -5.658105912999929], [-78.95178141099996, -5.658806751999975], [-78.95169334999997, -5.660329669999953], [-78.95136301599996, -5.661499296999978], [-78.95131255299998, -5.6622675579999395], [-78.95078717399997, -5.663235009999937], [-78.95035844799997, -5.664282396999965], [-78.94895147599993, -5.66497593899993], [-78.94332641599993, -5.670805307999956]]]}}, {"type": "Feature", "properties": {"objectid": 21581, "anp_gid": 415, "acr_codi": "ACR38", "acr_nomb": "Aguas Calientes Maquia", "acr_sect": "Zona Norte", "acr_ubpo": "Loreto", "acr_suleg": 18486.38, "acr_balec": "D.S. N° 007-2026-MINAM", "acr_felec": 1781154000000, "acr_balem": " ", "acr_felem": null, "acr_obs": "", "met_link": null, "acr_orden": 38, "acr_id": 38}, "geometry": {"type": "Polygon", "coordinates": [[[-74.89380683999997, -6.743526146999955], [-74.88619996699998, -6.75495862899993], [-74.87894638499995, -6.760067890999949], [-74.87926342899993, -6.763174325999955], [-74.87984895999995, -6.76613800399997], [-74.87728720399997, -6.770398044999979], [-74.87125250399998, -6.768849613999976], [-74.86274158899994, -6.770746950999978], [-74.85843219099996, -6.779486530999975], [-74.85836589199994, -6.779819524999937], [-74.85556967299993, -6.788701221999929], [-74.85114642799994, -6.798487669999929], [-74.85184663599995, -6.800383297999929], [-74.85484337099996, -6.803988767999954], [-74.85080864499997, -6.808917613999938], [-74.85319778199994, -6.812952864999943], [-74.85258734699994, -6.81390513499997], [-74.85005656599998, -6.815133672999934], [-74.84691041699995, -6.815528725999968], [-74.84388606399995, -6.817925246999948], [-74.84361212299996, -6.82106411999996], [-74.84121977199999, -6.82316052699997], [-74.83937575099998, -6.822316776999969], [-74.83621695299996, -6.823794498999973], [-74.83585775399996, -6.824978460999944], [-74.83470554499996, -6.829030672999977], [-74.83450140799994, -6.833779747999927], [-74.83290882299997, -6.837750387999961], [-74.83077074199997, -6.838165755999967], [-74.83084092099995, -6.842887785999949], [-74.83243122299996, -6.847370330999979], [-74.83550095599998, -6.848588372999927], [-74.83394247299998, -6.854632894999952], [-74.83372670099999, -6.857069561999936], [-74.83602490299995, -6.860628755999926], [-74.83594369899998, -6.864011924999943], [-74.83386748799995, -6.870141727999965], [-74.83163072299999, -6.873146865999956], [-74.83177838699999, -6.877127146999953], [-74.82812270299996, -6.885131531999946], [-74.82806728799994, -6.889772092999976], [-74.82530599799998, -6.892023536999943], [-74.82362211899994, -6.897332897999945], [-74.81911357599995, -6.8981037369999285], [-74.81618770899996, -6.899001142999964], [-74.81187541899999, -6.902448424999932], [-74.80736192599994, -6.904936999999961], [-74.80364299899998, -6.90818995099994], [-74.80018666599995, -6.911151540999981], [-74.79850926799998, -6.912321138999971], [-74.79653934199996, -6.91113980199998], [-74.79298495399996, -6.909516402999941], [-74.78828297699994, -6.911303501999953], [-74.78665491599997, -6.911549664999939], [-74.78062403299998, -6.914348572999927], [-74.77814722099998, -6.914679121999939], [-74.77554640499994, -6.917156224999928], [-74.77286404699998, -6.915973054999938], [-74.78176445599996, -6.925876967999955], [-74.78927237999994, -6.929348648999962], [-74.79520322199994, -6.928969178999978], [-74.81310597399994, -6.930985014999976], [-74.82557926599998, -6.93146810099995], [-74.82899749499995, -6.931138837999981], [-74.82922117199996, -6.93117454399993], [-74.83398222099999, -6.93444372099998], [-74.83528128599994, -6.9356154729999275], [-74.83888345799994, -6.935094124999978], [-74.83995926999995, -6.935061063999967], [-74.84288124699998, -6.935373183999957], [-74.84359186699999, -6.9355954739999675], [-74.84807288599995, -6.9369563289999405], [-74.85192837799997, -6.936788263999972], [-74.85328959299994, -6.9371911769999315], [-74.85828112599995, -6.9375808569999435], [-74.85946847499997, -6.937717775999943], [-74.86142036899997, -6.9377324419999695], [-74.86216018799996, -6.937660853999944], [-74.86282463899994, -6.93797535799996], [-74.86449634899998, -6.938397521999946], [-74.86682780899997, -6.938705302999949], [-74.86914153599997, -6.938426292999964], [-74.86981628699994, -6.938421296999934], [-74.87119495399998, -6.9387007189999395], [-74.87207346999998, -6.939268754999944], [-74.87394063999994, -6.940680751999935], [-74.87436196499993, -6.941656553999962], [-74.87658243799996, -6.941800678999925], [-74.87720450499995, -6.942000904999929], [-74.87861014999999, -6.941991157999951], [-74.87916582599996, -6.941966585999978], [-74.87999116699996, -6.942175826999971], [-74.88089011199997, -6.942616206999958], [-74.88238924999996, -6.942469292999931], [-74.88384090799997, -6.942749008999954], [-74.88443427399994, -6.943294942999955], [-74.88572417499995, -6.942793945999938], [-74.88627966499996, -6.942541879999965], [-74.88698316399996, -6.942665070999965], [-74.88759357099997, -6.943087340999966], [-74.88896961099994, -6.942212960999939], [-74.88914785999998, -6.942116380999948], [-74.89159685699997, -6.942068044999928], [-74.89268877899997, -6.942329498999925], [-74.89422693799997, -6.941175137999949], [-74.89470664699996, -6.94084742299998], [-74.89624635399997, -6.939495292999936], [-74.89663569999993, -6.938877579999939], [-74.89735442299997, -6.93849966099998], [-74.89772986799994, -6.9359449559999575], [-74.89703322599996, -6.934513279999976], [-74.89590978799998, -6.9317190949999485], [-74.89532135399998, -6.930658996999966], [-74.89565285799995, -6.929756061999967], [-74.89613406999996, -6.927287154999931], [-74.89600837699999, -6.926319392999972], [-74.89657344599993, -6.925745587999927], [-74.89671483599994, -6.925486646999957], [-74.89677686599998, -6.923426492999965], [-74.85658880299997, -6.915478247999943], [-74.85188062299994, -6.912400436999974], [-74.85323691099995, -6.906355622999968], [-74.87199771699994, -6.873059845999933], [-74.88633358299995, -6.8601457759999676], [-74.88742701799998, -6.839855848999946], [-74.94054892299994, -6.85285530699997], [-74.95363095099998, -6.852150758999926], [-74.96744416199994, -6.851703290999978], [-74.98934427999995, -6.8511111499999515], [-74.98937624099995, -6.84909780199996], [-74.98942604099994, -6.84819682899996], [-74.98915047299994, -6.846252510999932], [-74.99019802499998, -6.841186283999946], [-74.99034818399997, -6.838132323999957], [-74.99008119999996, -6.837911473999952], [-74.98985866499999, -6.837475501999961], [-74.98963552199996, -6.836659776999966], [-74.98944046499997, -6.836332666999965], [-74.98910908299996, -6.836450512999932], [-74.98868143599998, -6.836750314999961], [-74.98846461899996, -6.836538189999942], [-74.98826321099995, -6.835855271999947], [-74.98802154299995, -6.834815469999967], [-74.98776254099994, -6.83225243499993], [-74.98751547599994, -6.8304388529999756], [-74.98677254099994, -6.826394145999927], [-74.98493732099996, -6.825117599999942], [-74.97881441999994, -6.820866096999964], [-74.97670921299994, -6.822707047999927], [-74.97394079699995, -6.824113744999977], [-74.97105781799996, -6.826480383999979], [-74.96784513299997, -6.827008196999941], [-74.96743818699997, -6.823497586999963], [-74.96438882399997, -6.821111299999927], [-74.96287328099999, -6.818321479999952], [-74.95945456299995, -6.817801600999928], [-74.95655853899996, -6.814921183999957], [-74.95711122899996, -6.811971230999973], [-74.95619986699995, -6.809041048999973], [-74.95629867699995, -6.804231732999938], [-74.95679014999996, -6.799572796999939], [-74.95466929399998, -6.797581388999959], [-74.95375789099995, -6.795751687999939], [-74.95515215399996, -6.795618859999934], [-74.95564416499997, -6.795460814999956], [-74.95606401999999, -6.795223211999939], [-74.95623492499993, -6.79494417199993], [-74.95582992799996, -6.794449760999953], [-74.95544796099995, -6.793868758999963], [-74.95489746699997, -6.7930019749999815], [-74.95494307399997, -6.792665668999973], [-74.95555500299997, -6.792332510999927], [-74.95594721099997, -6.792028537999954], [-74.95618380699995, -6.791517510999938], [-74.95643600799997, -6.79072757199998], [-74.95642741199998, -6.79031202799996], [-74.95604934199997, -6.789913937999927], [-74.95505400999997, -6.789297269999963], [-74.95466947299997, -6.788974204999931], [-74.95447290399994, -6.788597160999927], [-74.95456110699996, -6.788148609999951], [-74.95476079099996, -6.787593825999977], [-74.95457098299994, -6.787229482999976], [-74.95358764099996, -6.786421709999956], [-74.95271212299997, -6.785659617999954], [-74.95154055399996, -6.784498389999953], [-74.95095351799995, -6.783860455999957], [-74.95073694099995, -6.78343659799998], [-74.95054581299996, -6.7827635429999305], [-74.95036425199999, -6.782421950999947], [-74.95005991899995, -6.78214412799997], [-74.94895871999995, -6.781309836999981], [-74.94872417599998, -6.780980303999968], [-74.94825087899994, -6.779945787999964], [-74.94792984099996, -6.779297432999954], [-74.94731010899994, -6.778454612999951], [-74.94703300599997, -6.7780196329999285], [-74.94679344399998, -6.77724128899996], [-74.94662645599993, -6.77676503999993], [-74.94621885499998, -6.775952661999952], [-74.94578745399997, -6.775362403999964], [-74.94506300399996, -6.774461388999953], [-74.94482863499996, -6.773991593999938], [-74.94448719799993, -6.772969845999967], [-74.94417358399994, -6.772423855999932], [-74.94293598299998, -6.770713205999925], [-74.94206505599993, -6.769910908999975], [-74.94170001099997, -6.769532495999954], [-74.94150837199999, -6.7690641339999615], [-74.94133182199994, -6.768130663999955], [-74.94115164899995, -6.767682039999954], [-74.94075696599998, -6.767424929999947], [-74.93940373699996, -6.766904647999979], [-74.93848712699997, -6.766458531999945], [-74.93799312499993, -6.766295112999956], [-74.93704957399996, -6.766089506999947], [-74.93630765099994, -6.765796044999945], [-74.93549580499996, -6.7654727079999475], [-74.93508745199995, -6.765188211999941], [-74.93481911499998, -6.764828727999941], [-74.93461063199999, -6.764264882999953], [-74.93414672299997, -6.764100540999948], [-74.93388250399994, -6.763708935999944], [-74.93356205199996, -6.76291589899995], [-74.93326280199994, -6.762590381999928], [-74.93278251299995, -6.762578218999977], [-74.93107811299996, -6.762798640999961], [-74.93037119199994, -6.762894864999964], [-74.92946388999997, -6.763411545999929], [-74.92900687299993, -6.763636365999957], [-74.92851013299997, -6.763646664999953], [-74.92621812399994, -6.7631252909999375], [-74.92562997999994, -6.7629301449999275], [-74.92526971299998, -6.7625786629999425], [-74.92458581799997, -6.761477099999979], [-74.92418765199994, -6.761039697999934], [-74.92370524299997, -6.760973031999981], [-74.92122228099998, -6.761179328999958], [-74.92023183099997, -6.76151439399996], [-74.91632503699998, -6.7603990799999565], [-74.91417063699998, -6.757825759999946], [-74.91263702699996, -6.7549376709999365], [-74.91296643799996, -6.750765058999946], [-74.91387825399994, -6.747503577999964], [-74.91203310799995, -6.745802771999934], [-74.90974661699994, -6.743835471999944], [-74.90756170399999, -6.739318912999977], [-74.90484619399996, -6.736274666999975], [-74.90212307299998, -6.73345963099996], [-74.89380683999997, -6.743526146999955]]]}}, {"type": "Feature", "properties": {"objectid": 21582, "anp_gid": 416, "acr_codi": "ACR38", "acr_nomb": "Aguas Calientes Maquia", "acr_sect": "Zona Sur", "acr_ubpo": "Loreto", "acr_suleg": 79675.46, "acr_balec": "D.S. N° 007-2026-MINAM", "acr_felec": 1781154000000, "acr_balem": " ", "acr_felem": null, "acr_obs": "", "met_link": null, "acr_orden": 38, "acr_id": 38}, "geometry": {"type": "Polygon", "coordinates": [[[-74.76670245199995, -6.920221806999962], [-74.76226633799996, -6.929220298999951], [-74.76280382899995, -6.935270439999954], [-74.76552081299997, -6.940062857999976], [-74.76725986499997, -6.945595718999925], [-74.76489892399997, -6.95192684899996], [-74.76572503999995, -6.963635541999963], [-74.76808937599998, -6.969927343999927], [-74.76850741599998, -6.971443461999968], [-74.77103509699998, -6.973938548999968], [-74.77309958199999, -6.976734729999976], [-74.77348788099994, -6.978797381999925], [-74.77588607799998, -6.980752442999972], [-74.77614098799995, -6.984913678999931], [-74.77417579299998, -6.98734608999996], [-74.77494026099998, -6.989680297999939], [-74.77642556599994, -6.992141489999938], [-74.77552683099998, -6.998418915999935], [-74.77716418099999, -7.004878463999944], [-74.78100919799994, -7.009177071999943], [-74.78221788299999, -7.011081725999929], [-74.78281997799996, -7.0140626959999395], [-74.78226814099997, -7.017952174999948], [-74.78302223899993, -7.02025922699994], [-74.78214722399997, -7.022429835999958], [-74.78156056699999, -7.025713221999979], [-74.78162590199997, -7.028797900999962], [-74.77966618899995, -7.034260698999958], [-74.78164142799994, -7.037355316999935], [-74.78063746399994, -7.04069386499998], [-74.78064642899994, -7.043582490999938], [-74.78138617199994, -7.04515962499994], [-74.77964719099998, -7.048517725999943], [-74.78095023599997, -7.050853169999925], [-74.78386025199995, -7.05336122999995], [-74.78396086799995, -7.057229475999975], [-74.78557984899999, -7.060427035999965], [-74.78549246999995, -7.061802059999934], [-74.78405716599997, -7.062795087999973], [-74.78060684999997, -7.065532386999962], [-74.78291080799994, -7.072116329999972], [-74.78069113799995, -7.0740099479999685], [-74.77983315599994, -7.07689019999998], [-74.77801804299997, -7.0785868859999255], [-74.77631169399996, -7.081927159999964], [-74.77633639299995, -7.084979155999974], [-74.77589080799999, -7.086418318999961], [-74.77723777299997, -7.0894862379999495], [-74.77902778399994, -7.092867440999953], [-74.78010423999996, -7.097010052999963], [-74.77896099999998, -7.100363985999934], [-74.77949139599997, -7.101683486999946], [-74.78038759599997, -7.103685689999963], [-74.77837049899995, -7.104483731999949], [-74.77700513999997, -7.105659942999978], [-74.77357961299998, -7.108545726999978], [-74.77131250599996, -7.108177452999939], [-74.77082273699995, -7.109921775999965], [-74.76981706199996, -7.111423883999976], [-74.76793815699995, -7.1121460219999335], [-74.76847219299998, -7.113137174999963], [-74.76711450199997, -7.1146374179999725], [-74.76704013799997, -7.117769333999945], [-74.76508711699995, -7.119378326999936], [-74.76415761999993, -7.1216540589999795], [-74.76558696999996, -7.123381093999967], [-74.76418131299994, -7.1245578769999724], [-74.76290064799997, -7.125685961999977], [-74.76209767699999, -7.127894814999934], [-74.76167122499999, -7.130515807999927], [-74.76077716099996, -7.133541720999972], [-74.75831721699996, -7.135919856999976], [-74.75501523599996, -7.139218939999978], [-74.75273230099998, -7.141232137999964], [-74.75028855499994, -7.145150649999948], [-74.75200721599998, -7.147328001999938], [-74.75126144699993, -7.151439921999952], [-74.74853581399998, -7.156797367999957], [-74.74681621599996, -7.158916402999978], [-74.74745303799995, -7.1613166979999505], [-74.74685330699998, -7.163427209999952], [-74.74844936599999, -7.1676234439999575], [-74.74742005499996, -7.170227892999947], [-74.74712103299998, -7.1722883639999395], [-74.75155238099995, -7.1731273389999615], [-74.75583769999997, -7.174392250999972], [-74.75701794099996, -7.1788151959999595], [-74.75630571299996, -7.1830132519999665], [-74.75754525999997, -7.185979397999972], [-74.75756588999997, -7.194045830999926], [-74.75986054199996, -7.1979621569999495], [-74.76325517799995, -7.201911063999944], [-74.76458983999999, -7.205392308999933], [-74.76530698599998, -7.209704633999934], [-74.76471494199996, -7.217471963999969], [-74.76669667899995, -7.225180911999928], [-74.76838856299997, -7.230858105999971], [-74.77115668999994, -7.2356762129999765], [-74.76942823599995, -7.241983248999929], [-74.76538550799995, -7.248343271999943], [-74.76695028599994, -7.252577326999926], [-74.76234340399998, -7.257076849999976], [-74.75726968799995, -7.259604543999956], [-74.75569291799997, -7.266139546999966], [-74.75470556899995, -7.270342858999925], [-74.75737939599998, -7.271924594999973], [-74.76256328699998, -7.274800551999931], [-74.76865126099995, -7.283334055999944], [-74.77251279299998, -7.287267671999928], [-74.78461407399999, -7.314582535999932], [-74.79306614199999, -7.335667045999969], [-74.84598228399994, -7.308964918999948], [-74.85912778699998, -7.31865398399998], [-74.87510856999995, -7.3236345979999555], [-74.88465779999996, -7.292972692999967], [-74.89499132099996, -7.276153267999973], [-74.89640061999995, -7.273859283999968], [-74.89919585999996, -7.269309285999952], [-74.90787155099997, -7.254971872999931], [-74.91948417999998, -7.237962510999978], [-74.92607938299994, -7.232680133999963], [-74.93486420499994, -7.225643697999942], [-74.93615636199996, -7.224608672999977], [-74.93772450499995, -7.223352572999943], [-74.93503677899997, -7.21981402199998], [-74.92945892599994, -7.214675147999969], [-74.94081026499998, -7.21376817099997], [-74.94696267999996, -7.21500118199998], [-74.94818908499997, -7.214970006999977], [-74.94906129999998, -7.21427130099994], [-74.94965475199996, -7.213795902999948], [-74.95049620099996, -7.213121835999971], [-74.95100690299995, -7.212701716999959], [-74.95094937799996, -7.211595938999949], [-74.95094600799996, -7.2114721759999725], [-74.95094198899994, -7.211299204999932], [-74.95157846899997, -7.206471962999956], [-74.95169998299997, -7.206349996999961], [-74.95218836799995, -7.2058597939999345], [-74.95297258199997, -7.205483467999954], [-74.95384240299995, -7.205538413999932], [-74.95390915399997, -7.2055426309999575], [-74.95429959299997, -7.20556729499998], [-74.95851635999998, -7.205833638999934], [-74.97015832499994, -7.203815299999974], [-74.98288612899995, -7.196695320999936], [-74.99418882599997, -7.187109666999959], [-74.98637030099997, -7.161231123999926], [-74.98056925999998, -7.1398419519999266], [-74.97727846599997, -7.13658527399997], [-74.97925592899998, -7.1308140749999325], [-74.97963260199998, -7.124201527999958], [-74.97743296599998, -7.119995074999963], [-74.98097586799997, -7.114196799999945], [-74.98226175299999, -7.1088868959999445], [-74.98186658999998, -7.103323637999949], [-74.97765811499994, -7.099089961999937], [-74.97579732599996, -7.0960413909999716], [-74.97538306499996, -7.090261021999936], [-74.97610938399998, -7.08724876499997], [-74.97522324799996, -7.083241370999929], [-74.97726178199997, -7.079903526999942], [-74.97777242099994, -7.075932385999977], [-74.97744723199997, -7.072482340999954], [-74.97494263499993, -7.067856391999953], [-74.96923392699995, -7.063875113999927], [-74.96889559099998, -7.059086803999946], [-74.96416816499999, -7.053577392999955], [-74.95864263199996, -7.051650061999965], [-74.95209032199995, -7.045450614999936], [-74.95029520699995, -7.0389148179999665], [-74.94656412699999, -7.037310059999925], [-74.90969985399994, -7.047857258999954], [-74.90767139099995, -7.047926611999969], [-74.90766524599997, -7.046036009999966], [-74.90979394899995, -7.043662045999952], [-74.90981799399998, -7.0418119779999415], [-74.91041007799998, -7.04084417699994], [-74.91136562999998, -7.039175290999935], [-74.91313856899995, -7.038453947999926], [-74.91326479399999, -7.035684896999953], [-74.91170223699999, -7.032757363999963], [-74.91304348499995, -7.030498482999974], [-74.91386785999998, -7.028424748999953], [-74.91189164299993, -7.025185356999941], [-74.91087269499997, -7.0223096229999555], [-74.91105666599998, -7.0201608739999415], [-74.91113091199998, -7.017967125999974], [-74.90983653099994, -7.016692448999947], [-74.91073361999997, -7.015569058999972], [-74.90917352599996, -7.013633741999968], [-74.90932774599997, -7.012699831999953], [-74.90931076899994, -7.0111683399999265], [-74.90997994899999, -7.00855007399997], [-74.91119638899994, -7.007085013999927], [-74.91354070599994, -7.004000628999961], [-74.91549056899999, -7.001844695999978], [-74.91454212699995, -6.998652751999941], [-74.91257148199998, -6.9991843829999425], [-74.90964151799994, -6.995345449999945], [-74.90948615699995, -6.99204862199997], [-74.90877437499995, -6.9901122879999775], [-74.90809349299997, -6.987589508999974], [-74.90581756099994, -6.982891583999958], [-74.90579807499995, -6.979830517999972], [-74.90511722799994, -6.9767955359999405], [-74.90600195699994, -6.974384527999973], [-74.90565053699999, -6.973339377999935], [-74.90597427299997, -6.969294991999959], [-74.90548261599997, -6.966476080999939], [-74.90315734999996, -6.967211318999944], [-74.89989881399998, -6.96568340999994], [-74.90259513999996, -6.963746779999951], [-74.90564185999995, -6.960132628999929], [-74.90590698399996, -6.956233869999949], [-74.90503813399994, -6.952377308999928], [-74.90103332299998, -6.95154869199996], [-74.90171633099999, -6.94819739299993], [-74.89898445099993, -6.942782080999962], [-74.89869782499994, -6.940338340999972], [-74.89703112599994, -6.939380184999948], [-74.89502683599994, -6.941394603999981], [-74.89358357699996, -6.9428337759999295], [-74.89142564699995, -6.942682500999979], [-74.88830013299997, -6.943691704999935], [-74.88727067499997, -6.943635534999942], [-74.88558418399998, -6.943715209999937], [-74.88405481799998, -6.943806429999938], [-74.88133163099997, -6.943269322999981], [-74.87946776399997, -6.942661338999926], [-74.87763451299998, -6.942908875999933], [-74.87526111499994, -6.9427885209999545], [-74.87382961999998, -6.942008999999928], [-74.87097363799995, -6.939300249999974], [-74.86800383899998, -6.939620169999955], [-74.86541819699994, -6.93912383199995], [-74.86295905199995, -6.938849679999976], [-74.85991994999995, -6.938642234999975], [-74.85672433899998, -6.93826058999997], [-74.85189827099998, -6.9374221639999405], [-74.84563852399998, -6.937076857999955], [-74.84054356299998, -6.9358319329999745], [-74.83654983199995, -6.936817928999972], [-74.83482060699998, -6.936051937999935], [-74.82724148499994, -6.932187331999955], [-74.81306229899997, -6.931617022999944], [-74.78938180299997, -6.9299727979999375], [-74.78469224999998, -6.929413678999936], [-74.77249617799998, -6.917307038999979], [-74.76670245199995, -6.920221806999962]]]}}, {"type": "Feature", "properties": {"objectid": 21583, "anp_gid": 417, "acr_codi": "ACR39", "acr_nomb": "Chontabamba Huancabamba", "acr_sect": " ", "acr_ubpo": "Pasco", "acr_suleg": 13734.05, "acr_balec": "D.S. N° 008-2026-MINAM", "acr_felec": 1781154000000, "acr_balem": " ", "acr_felem": null, "acr_obs": " ", "met_link": null, "acr_orden": 39, "acr_id": 39}, "geometry": {"type": "Polygon", "coordinates": [[[-75.53194730699994, -10.671501416999945], [-75.52884985399999, -10.681976326999973], [-75.52988985799993, -10.682340602999943], [-75.53047860899994, -10.682592975999967], [-75.53199273499996, -10.682803350999961], [-75.53485260899998, -10.681078853999963], [-75.53527323499998, -10.680490101999965], [-75.53628260899995, -10.679564852999931], [-75.53674523499996, -10.679270351999946], [-75.53884823399994, -10.678849851999928], [-75.54179223399996, -10.67649460299998], [-75.54301198299999, -10.676242225999943], [-75.54435785899994, -10.675653352999973], [-75.54599810999997, -10.674601976999952], [-75.54696548499999, -10.673971101999939], [-75.54851685899996, -10.673149603999946], [-75.54822723499996, -10.672057476999953], [-75.54557748399998, -10.67029097699998], [-75.54418960899994, -10.669197477999944], [-75.54357718499995, -10.668462618999968], [-75.54242310899997, -10.666968352999959], [-75.54232398899995, -10.666716041999962], [-75.54196048499995, -10.665790727999934], [-75.54090910899998, -10.664108478999935], [-75.54032023399998, -10.66314110299993], [-75.53842760799995, -10.65973435099994], [-75.53783885999997, -10.656790352999963], [-75.53783885699994, -10.655949102999955], [-75.53769510899997, -10.653335726999956], [-75.53758548399998, -10.652495602999977], [-75.53791423499996, -10.64719922699993], [-75.53886398399999, -10.64508060299994], [-75.53904660899997, -10.644423102999951], [-75.53915623399996, -10.642962100999966], [-75.53915623499995, -10.642304600999978], [-75.53916828099995, -10.642208837999931], [-75.53926273399998, -10.641457976999959], [-75.53929009999996, -10.641416161999928], [-75.53933568999997, -10.641346497999962], [-75.53938128099998, -10.641276834999928], [-75.53939305199998, -10.64125884799995], [-75.54015746299996, -10.640744611999935], [-75.54017898299998, -10.640733851999926], [-75.54157360499994, -10.640203636999956], [-75.54175635399997, -10.640145832999963], [-75.54179632899996, -10.640124225999955], [-75.54213204399997, -10.639942768999958], [-75.54221304499998, -10.639898986999981], [-75.54310111099994, -10.639418976999934], [-75.54518310799995, -10.63890760399994], [-75.54536546699995, -10.638913297999977], [-75.54635198499994, -10.638944103999961], [-75.54777660999997, -10.637775227999953], [-75.54801020399998, -10.637716816999955], [-75.54815172899998, -10.63768142899994], [-75.54836098399994, -10.637629103999927], [-75.54905498299996, -10.638213476999965], [-75.55197710999994, -10.637994352999954], [-75.55208352099999, -10.637980163999941], [-75.55304324899998, -10.637852190999979], [-75.55308322299999, -10.637843572999941], [-75.55387660799994, -10.637482976999934], [-75.55497235899998, -10.637482976999934], [-75.55536355899994, -10.637342134999926], [-75.55683591399998, -10.637051099999951], [-75.55713660899994, -10.637601101999962], [-75.55740173299995, -10.637836852999953], [-75.55760425299997, -10.639056485999959], [-75.55778485899998, -10.639693226999952], [-75.55781435899996, -10.640223727999967], [-75.55916985799996, -10.641137103999938], [-75.55958235899999, -10.64131397899996], [-75.56054660899997, -10.64244267099997], [-75.56120298399998, -10.643759728999953], [-75.56202810799994, -10.64464372699996], [-75.56323623299994, -10.64487947799995], [-75.56482735999998, -10.644820477999929], [-75.56606498299993, -10.645174102999931], [-75.56915898399996, -10.645350852999968], [-75.57051448299995, -10.645409851999943], [-75.57384423299999, -10.645468725999933], [-75.57581848299998, -10.64703047699993], [-75.57620160799996, -10.64779660299996], [-75.57802848399996, -10.648857476999979], [-75.57903035899994, -10.649004726999976], [-75.58118148499995, -10.649152102999949], [-75.58356823399998, -10.647325226999953], [-75.58430498399997, -10.646028601999944], [-75.58529107499999, -10.644469749999928], [-75.58633332899996, -10.64286143299995], [-75.58664715699996, -10.64239493499997], [-75.58722210899998, -10.641284476999942], [-75.58787048299996, -10.64075410299995], [-75.58899010799996, -10.64096035199998], [-75.58952775799997, -10.641090144999964], [-75.58957349099995, -10.641101185999958], [-75.59016002499999, -10.64076046599996], [-75.59019835799995, -10.640724602999967], [-75.59063166099997, -10.639855201999978], [-75.59103275899997, -10.639266943999928], [-75.59106386399998, -10.639221324999937], [-75.59143432199994, -10.63867799999997], [-75.59178948499994, -10.637100226999962], [-75.59193685899999, -10.636009975999968], [-75.59234935799998, -10.633711477999952], [-75.59255007399997, -10.633294854999974], [-75.59265909799996, -10.633068554999966], [-75.59331323899994, -10.631710753999926], [-75.59332198299995, -10.631692603999966], [-75.59353092099997, -10.630983819999926], [-75.59362848399996, -10.630652851999969], [-75.59375734199995, -10.629879891999963], [-75.59377641699996, -10.62976546799996], [-75.59389060999996, -10.629080478999981], [-75.59402967299997, -10.628879621999943], [-75.59436235899994, -10.628399102999936], [-75.59535823299996, -10.627822475999949], [-75.59622208599995, -10.628004917999931], [-75.59693986199994, -10.628156506999971], [-75.59818966299997, -10.62904617099997], [-75.59869302499999, -10.62932582999997], [-75.59873487899995, -10.629349082999966], [-75.59892179699995, -10.629438139999934], [-75.60033760799996, -10.63002397799994], [-75.60083373399993, -10.630740851999974], [-75.60201485799996, -10.631229476999977], [-75.60264373399997, -10.630128728999978], [-75.60404135799996, -10.62942099399993], [-75.60463504399996, -10.629140581999934], [-75.60469955199994, -10.629111558999966], [-75.60480048899996, -10.629066145999957], [-75.60486339499994, -10.629037842999935], [-75.60499673399994, -10.628977851999935], [-75.60527461699996, -10.628950054999962], [-75.60538660899994, -10.628938852999966], [-75.60643948399996, -10.628080978999947], [-75.60718035999997, -10.626326226999936], [-75.60776523399994, -10.624922476999927], [-75.60908996999996, -10.62313420099997], [-75.60965937499998, -10.622444900999938], [-75.61074475899994, -10.621339140999964], [-75.61107040199994, -10.621153411999956], [-75.61138403399997, -10.621008660999962], [-75.61218028499997, -10.620641164999938], [-75.61243454299995, -10.620604227999934], [-75.61254765899997, -10.620685667999965], [-75.61352179699998, -10.621497703999978], [-75.61380923199994, -10.621880975999943], [-75.61439410899999, -10.623089852999954], [-75.61439410999998, -10.623635727999954], [-75.61466710799994, -10.624181602999954], [-75.61471791299994, -10.624344143999963], [-75.61486210899994, -10.624805476999938], [-75.61529098299997, -10.625507351999943], [-75.61642185799997, -10.626755227999979], [-75.61700673399997, -10.627418102999968], [-75.61793382099995, -10.627653975999976], [-75.61898565999996, -10.627903600999957], [-75.61900848899995, -10.627907991999962], [-75.61950235799998, -10.628002977999927], [-75.62033298399996, -10.628270352999948], [-75.62159360899994, -10.62723060299993], [-75.62199907099995, -10.62619050099994], [-75.62200169499994, -10.626183769999955], [-75.62244787999998, -10.625032286999954], [-75.62249233599994, -10.624916713999937], [-75.62267335999996, -10.624446103999958], [-75.62300825899996, -10.622926033999931], [-75.62304273399997, -10.622769726999934], [-75.62235394399994, -10.621132760999956], [-75.62046724699997, -10.619429493999974], [-75.62043428399994, -10.617477013999974], [-75.62173214599994, -10.610991088999981], [-75.62256303899994, -10.609594262999963], [-75.62439960099994, -10.607028270999933], [-75.62494385999997, -10.60467264999994], [-75.62580959199994, -10.60349443299998], [-75.62662751499994, -10.601238787999932], [-75.62731639699996, -10.595087854999974], [-75.62820707499998, -10.593028248999929], [-75.62970227799997, -10.590919576999966], [-75.62996474899995, -10.589172289999965], [-75.63073358799994, -10.58668221299996], [-75.62941657399995, -10.583947033999948], [-75.62992350399998, -10.578265131999956], [-75.62442774599998, -10.570119042999977], [-75.61724493799994, -10.570189796999955], [-75.61626162199997, -10.568622570999935], [-75.62183250099997, -10.562294079999958], [-75.62411952599996, -10.55759556199996], [-75.62763667399997, -10.548902191999957], [-75.63308467599995, -10.539748773999975], [-75.63030128099996, -10.538587254999982], [-75.62697607299998, -10.53566535899995], [-75.62532427999997, -10.536770660999935], [-75.61849457399995, -10.530659856999932], [-75.61711184099994, -10.52442425199996], [-75.61632188199997, -10.505117000999974], [-75.62111313699995, -10.499183978999952], [-75.62020707399995, -10.493317956999931], [-75.60983502399995, -10.484419181999954], [-75.58030726299995, -10.502236564999976], [-75.56188638099997, -10.50343634799998], [-75.55956680099996, -10.519547602999978], [-75.56268319199995, -10.53173124899996], [-75.54023104599997, -10.54514809899996], [-75.52973002499994, -10.53674611599996], [-75.52761250699996, -10.559874926999953], [-75.51991964099994, -10.561759768999934], [-75.50996266099997, -10.57087418499998], [-75.50183666099997, -10.570832945999939], [-75.52088023399995, -10.578543675999981], [-75.54913850499997, -10.560389923999935], [-75.54104054499999, -10.55529409999997], [-75.56430452499995, -10.546725067999944], [-75.55732457599998, -10.553366596999979], [-75.56615075399998, -10.570940604999976], [-75.54596995499998, -10.601640238999948], [-75.54175670299998, -10.604717497999957], [-75.54243896199995, -10.60552295399998], [-75.54354304999998, -10.60618147699995], [-75.54376095999999, -10.606310314999973], [-75.54496740099995, -10.607399370999929], [-75.54504095299995, -10.607959171999937], [-75.54502793999995, -10.608806265999931], [-75.54573123299997, -10.609365545999935], [-75.54663992499997, -10.60943518299996], [-75.54749704499994, -10.609936191999964], [-75.54817545099996, -10.610615622999944], [-75.54855777499995, -10.610680914999932], [-75.54913885799994, -10.611010114999942], [-75.54957451099995, -10.61116728199994], [-75.55040335599995, -10.611594723999929], [-75.55182426799996, -10.612927836999972], [-75.55255056099998, -10.61329984699995], [-75.55345679899995, -10.613977962999968], [-75.55366990699997, -10.614345947999936], [-75.55497259399993, -10.61479899099993], [-75.55618215599998, -10.615217296999958], [-75.55693672999996, -10.61517288999994], [-75.55791725899996, -10.615685135999968], [-75.55874640499997, -10.616746088999946], [-75.55910971699996, -10.61701822799995], [-75.56021064699996, -10.617636081999933], [-75.55948826799994, -10.622566251999956], [-75.53984447499994, -10.613502503999939], [-75.53125705499997, -10.622172107999972], [-75.52699556599998, -10.632073273999936], [-75.51853582599995, -10.62482512899993], [-75.53194730699994, -10.671501416999945]]]}}]}